tree
version=v4
num_class=1
num_tree_per_iteration=1
label_index=0
max_feature_idx=21
objective=regression
feature_names=Column_0 Column_1 Column_2 Column_3 Column_4 Column_5 Column_6 Column_7 Column_8 Column_9 Column_10 Column_11 Column_12 Column_13 Column_14 Column_15 Column_16 Column_17 Column_18 Column_19 Column_20 Column_21
feature_infos=[-16.660495971370423:20.00000850071838] [-14.97712899693202:19.652405269415961] [-28.342857360839847:109.03742544256096] [-43.885312656736851:125.07181573408661] [0:31.135942240511628] [0:15.747525482780244] [0:16.614124123169312] [0:96.612748536365089] [-22.56988837366934:36.263156647142665] [-0.56213228931234571:1.5621322893124017] [6.5709284979604279:100] [-33.189003895250195:75.378996974626361] [-43.043800004068558:100.51466540538365] [-3.2620779262169552:3.8183073090219954] [9.1499996185302717:27.889999389648441] [-26.73999789209779:106.16176335839081] [-44.128163837283324:122.12552154569522] none none none none none
tree_sizes=877 831 842 812 765 849 845 802 764 834 814 807 849 846 811 845 838 829 842 841 817 837 846 843 808 841 846 805 851 834 843 855 662 805 726 752 837 747 727 788 703 816 798 813 833 803 847 806 730 846 817 837 850 723 822 723 856 708 818 802 827 861 845 707 805 817 816 735 654 824 843 822 772 808 709 836 643 709 794 843 810 834 817 809 803 832 713 818 762 709 796 821 834 700 832 713 809 817 761 828 832 807 827 788 822 859 794 793 839 737 812 798 836 816 823 731 722 829 821 725 804 816 811 797 787 841 714 825 763 720 734 670 801 797 758 792 825 810 816 810 723 825 795 780 818 823 789 809 792 711 704 738 816 825 843 797 714 815 807 800 715 794 818 652 718 795 810 826 797 835 722 835 720 754 844 816 824 716 832 839 792 810 797 815 731 819 860 796 787 841 827 797 832 709 824 803 805 645 816 839 643 840 822 841 796 874 719 641 820 790 811 644 810 720 862 832 828 814 711 800 834 850 856 711 715 792 817 829 807 645 821 821 720 777 744 773 795 831 819 829 822 719 798 795 841 854 839 803 805 731 790 846 846 830 828 852 748 795 816 813 648 852 825 645 817 738 841 858 826 827 720 715 645 833 644 815 806 731 831 840 846 838 791 838 844 833 805 760 836 776 818 856 791 821 806 823 805 646 816 853 714 819 792 817 831 836 643 788 800 647 729 709 789 824 778 830 821 864 799 731 799 711 836 710 734 804 736 832 808 650 851 840 723 865 804 830 813 723 782 644 850 735 854 798 733 791 850 809 816 807 832 731 721 829 797 807 790 803 814 837 822 803 808 824 825 728 808 810 804 833 826 718 797 807 806 719 823 835 839 724 833 829 813 812 837 838 809 812 798 834 721 828 750 830 819 827 845 833 810 853 735 796 845 826 847 816 820 818 812 713 777 849 838 818 848 820 850 864 832 795 817 843 800 817 818 814 822 863 844 795 803 806 828 817 820 808 845 860 714 764 828 827 841 794 816 831 826 838 833 829 828 857 741 842 812 821 799 815 863 821 792 815 834 806 839 807 806 827 829 807 744 854 816 843 799 827 739 830 818 808 547 625 805 829 810 781 804 806 872 821 797 809 809 689 838 792 805 777 812 809 806 781 688 837 805 797 831 797 803 704 811 796 842 793 811 720 826 800 819 845 771 689 811 782 828 835 855 784 810 816 709 707 690 785 546 791

Tree=0
num_leaves=8
num_cat=0
split_feature=13 14 14 5 14 12 3
split_gain=0.0310689 0.0224526 0.0350581 0.0148934 0.0141983 0.00294072 0.000552803
threshold=-0.38075793360717308 24.689999580383304 22.804999351501468 5.3100174358345633 27.344999313354496 5.9703077672334537 -1.7756055895923215
decision_type=2 2 2 2 2 2 2
left_child=3 2 -2 5 -5 -1 -3
right_child=1 6 -4 4 -6 -7 -8
leaf_value=-0.005087323414523926 -0.0049433198883127288 -0.0041657624935363818 -0.0059154081535784516 -0.0054272945029000012 -0.004793846130731522 -0.0049490317452667749 -0.0050037846787115954
leaf_weight=1478 5826 98 89 688 22 200 32
leaf_count=1478 5826 98 89 688 22 200 32
internal_value=-0.00500378 -0.00494346 -0.00496416 -0.0051564 -0.00535797 -0.00504996 -0.00428159
internal_weight=8433 6045 5915 2388 710 1678 130
internal_count=8433 6045 5915 2388 710 1678 130
is_linear=0
shrinkage=1


Tree=1
num_leaves=8
num_cat=0
split_feature=1 14 5 5 9 14 12
split_gain=0.0171537 0.0129009 0.0124181 0.00856717 0.00535697 0.00435715 0.00279639
threshold=0.97956396839986082 24.689999580383304 5.0963715582441678 3.2118188383298087 -0.040460372621391578 25.494999885559086 -7.9438309891264529
decision_type=2 2 2 2 2 2 2
left_child=3 2 -2 6 -5 -3 -1
right_child=1 5 -4 4 -6 -7 -8
leaf_value=0 -1.9696662323482113e-05 0.00063887619033553892 -0.00030633717562906799 0.00024873256535143954 -1.9181265235808633e-05 0 0.00013245105456098462
leaf_weight=242 1193 55 875 193 3608 20 2247
leaf_count=242 1193 55 875 193 3608 20 2247
internal_value=0 -0.000121832 -0.000158065 4.18993e-05 0 0.00040085 0.00011416
internal_weight=8433 2143 2068 6290 3801 75 2489
internal_count=8433 2143 2068 6290 3801 75 2489
is_linear=0
shrinkage=0.05


Tree=2
num_leaves=8
num_cat=0
split_feature=13 5 2 1 13 13 12
split_gain=0.0278585 0.0123401 0.01186 0.0108791 0.0104905 0.00300672 0.00280515
threshold=-0.38075793360717308 5.3100174358345633 -12.503961665627299 0.97956396839986082 0.9783833177216984 1.6673540696553359 5.9703077672334537
decision_type=2 2 2 2 2 2 2
left_child=1 6 -3 5 -5 -2 -1
right_child=3 2 -4 4 -6 -7 -8
leaf_value=-8.1663309520136688e-05 0.00010933569382154264 0 -0.0004049536403811215 -0.00010437920765129993 0.00025149125394748203 0 5.1409006100044239e-05
leaf_weight=1478 4361 60 650 1429 204 51 200
leaf_count=1478 4361 60 650 1429 204 51 200
internal_value=0 -0.000144365 -0.000329431 5.72734e-05 -3.82627e-05 0.000100565 -4.49268e-05
internal_weight=8433 2388 710 6045 1633 4412 1678
internal_count=8433 2388 710 6045 1633 4412 1678
is_linear=0
shrinkage=0.05


Tree=3
num_leaves=8
num_cat=0
split_feature=13 14 14 14 12 7 3
split_gain=0.0249599 0.0192653 0.0315674 0.00970487 0.00738595 0.00210712 0.000255036
threshold=-0.34746401527293019 24.689999580383304 22.804999351501468 27.344999313354496 4.6531682634767035 36.048489399907098 -1.7756055895923215
decision_type=2 2 2 2 2 2 2
left_child=3 2 -2 4 -1 -5 -3
right_child=1 6 -4 5 -6 -7 -8
leaf_value=-0.00019338763989506963 5.6560323739666768e-05 0.00077405627698171888 -0.00086569931930580927 0.00074174814098417613 0 0 0
leaf_weight=2098 5705 98 89 22 369 20 32
leaf_count=2098 5705 98 89 22 369 20 32
internal_value=0 5.61034e-05 3.60613e-05 -0.000131993 -0.000155983 0.000424713 0.000670135
internal_weight=8433 5924 5794 2509 2467 42 130
internal_count=8433 5924 5794 2509 2467 42 130
is_linear=0
shrinkage=0.05


Tree=4
num_leaves=7
num_cat=0
split_feature=13 14 14 1 2 4
split_gain=0.0223033 0.01778 0.0284499 0.0118767 0.00622966 0.00331747
threshold=-0.38075793360717308 24.689999580383304 22.804999351501468 2.9844034100010384 -12.503961665627299 1.6543317348646454
decision_type=2 2 2 2 2 2
left_child=3 2 -2 4 -1 -5
right_child=1 -3 -4 5 -6 -7
leaf_value=0.00025372871625665077 5.1901216979628306e-05 0.00064140132771695578 -0.00082336565999027635 0 -0.00010839956662127154 -0.00068814764655356238
leaf_weight=72 5826 130 89 21 2164 131
leaf_count=72 5826 130 89 21 2164 131
internal_value=0 5.1632e-05 3.25425e-05 -0.000128782 -8.08836e-05 -0.000595917
internal_weight=8433 6045 5915 2388 2236 152
internal_count=8433 6045 5915 2388 2236 152
is_linear=0
shrinkage=0.05


Tree=5
num_leaves=8
num_cat=0
split_feature=1 4 5 11 15 12 12
split_gain=0.0141376 0.00988318 0.00604788 0.00735412 0.00370344 0.00116583 0.000926428
threshold=0.97956396839986082 2.7482393910907015 5.1250269626885698 -12.633167530101215 -8.3619150191687908 -6.5625382839789168 -2.7618188781087016
decision_type=2 2 2 2 2 2 2
left_child=1 5 6 -4 -3 -1 -2
right_child=2 4 3 -5 -6 -7 -8
leaf_value=0 8.9990069835795744e-07 0.00015316103438919372 0 -0.00026539628964422716 -2.8766902178015696e-05 0.00013268968171471646 -5.5399938517126667e-05
leaf_weight=513 460 277 73 844 3416 2084 766
leaf_count=513 460 277 73 844 3416 2084 766
internal_value=0 3.82789e-05 -0.00011036 -0.000211742 -5.5733e-06 0.000114061 -5.80733e-06
internal_weight=8433 6290 2143 917 3693 2597 1226
internal_count=8433 6290 2143 917 3693 2597 1226
is_linear=0
shrinkage=0.05


Tree=6
num_leaves=8
num_cat=0
split_feature=13 14 14 4 14 3 4
split_gain=0.0202201 0.0160525 0.025749 0.00868631 0.0117078 0.000241694 0.000113701
threshold=-0.34746401527293019 24.689999580383304 22.804999351501468 2.8282301867033826 27.344999313354496 -1.7756055895923215 1.630434691144256
decision_type=2 2 2 2 2 2 2
left_child=3 2 -2 6 -5 -3 -1
right_child=1 5 -4 4 -6 -7 -8
leaf_value=1.9121705502216562e-05 5.1364637487857273e-05 0.0007084554519155063 -0.00077996338592071709 -0.00023069499474971905 0.00040757252176071675 0 -1.5460920774639946e-05
leaf_weight=391 5705 98 89 1496 36 32 586
leaf_count=391 5705 98 89 1496 36 32 586
internal_value=0 5.11416e-05 3.22915e-05 -0.000118148 -0.000192369 0.000612908 0
internal_weight=8433 5924 5794 2509 1532 130 977
internal_count=8433 5924 5794 2509 1532 130 977
is_linear=0
shrinkage=0.05


Tree=7
num_leaves=8
num_cat=0
split_feature=5 3 1 4 12 14 4
split_gain=0.0128193 0.0130794 0.00974247 0.00592026 0.00553591 0.00511804 0.00055786
threshold=8.4696078493396119 -19.152539894192106 0.57327505705730053 2.6751095800764459 5.1574973956688064 12.309999942779543 8.9998882646988001
decision_type=2 2 2 2 2 2 2
left_child=2 6 3 -1 -3 -4 -2
right_child=1 4 5 -5 -6 -7 -8
leaf_value=0.00011775635526064934 0 -0.00069072287474194094 -0.0001128190536533343 0 0 2.6939503847112057e-06 0.00018672503619745844
leaf_weight=2234 39 160 1745 3219 51 947 38
leaf_count=2234 39 160 1745 3219 51 947 38
internal_value=0 -0.000325638 1.26157e-05 5.45038e-05 -0.000545791 -5.92199e-05 0
internal_weight=8433 288 8145 5453 211 2692 77
internal_count=8433 288 8145 5453 211 2692 77
is_linear=0
shrinkage=0.05


Tree=8
num_leaves=7
num_cat=0
split_feature=13 14 14 1 2 6
split_gain=0.018182 0.014816 0.0231474 0.00994467 0.00546279 0.0018638
threshold=-0.38075793360717308 24.689999580383304 22.804999351501468 2.9844034100010384 -12.503961665627299 0.2795448465625614
decision_type=2 2 2 2 2 2
left_child=3 2 -2 4 -1 -5
right_child=1 -3 -4 5 -6 -7
leaf_value=0.0002416444739493592 4.737767327975411e-05 0.00058702326157717007 -0.00074042040368162772 0 -9.7007317940469337e-05 -0.00061779822040654503
leaf_weight=72 5826 130 89 22 2164 130
leaf_count=72 5826 130 89 22 2164 130
internal_value=0 4.73335e-05 2.93627e-05 -0.000115543 -7.02574e-05 -0.000544879
internal_weight=8433 6045 5915 2388 2236 152
internal_count=8433 6045 5915 2388 2236 152
is_linear=0
shrinkage=0.05


Tree=9
num_leaves=8
num_cat=0
split_feature=5 14 15 14 4 12 8
split_gain=0.0119059 0.0144286 0.0122392 0.00772522 0.00272797 0.00261088 0.00135871
threshold=4.8240300377050991 24.689999580383304 0.19304507696703557 26.125000000000004 2.5222997351945615 -9.4545639254795102 -0.0069546521949818965
decision_type=2 2 2 2 2 2 2
left_child=4 2 -2 -3 5 -1 -6
right_child=1 3 -4 -5 6 -7 -8
leaf_value=0 -1.593379048815705e-05 0.000648422305615007 -0.00026350650926975012 0 3.8655010795313199e-05 0.00010166966750187004 -2.5482351391056072e-05
leaf_weight=224 1727 84 984 81 1702 2323 1308
leaf_count=224 1727 84 984 81 1702 2323 1308
internal_value=0 -8.142e-05 -0.000118823 0.000317605 4.38434e-05 8.28714e-05 0
internal_weight=8433 2876 2711 165 5557 2547 3010
internal_count=8433 2876 2711 165 5557 2547 3010
is_linear=0
shrinkage=0.05


Tree=10
num_leaves=8
num_cat=0
split_feature=1 4 0 8 9 1 3
split_gain=0.0115342 0.00664323 0.00582583 0.00557238 0.00298102 0.00220334 0.000544796
threshold=2.035343980403963 2.7482393910907015 3.2239874934343544 -0.30891049155850919 0.0057884954060174959 0.76130300101810644 -2.5605734882812867
decision_type=2 2 2 2 2 2 2
left_child=1 5 3 -2 -3 -1 -4
right_child=2 4 6 -5 -6 -7 -8
leaf_value=0.00010216162086399424 0 0.00011285079871667944 0.00011335328473920392 -0.00026982586037149682 -2.7514321358070547e-05 0 0
leaf_weight=2468 83 363 104 731 4100 432 152
leaf_count=2468 83 363 104 731 4100 432 152
internal_value=0 2.32001e-05 -0.000152318 -0.000219837 -8.21348e-06 8.35774e-05 0
internal_weight=8433 7363 1070 814 4463 2900 256
internal_count=8433 7363 1070 814 4463 2900 256
is_linear=0
shrinkage=0.05


Tree=11
num_leaves=8
num_cat=0
split_feature=5 16 1 12 2 0 0
split_gain=0.0109917 0.0142335 0.00767706 0.00712552 0.0043066 0.00319921 0.000361815
threshold=8.4696078493396119 -9.7865058465731831 0.57327505705730053 5.1574973956688064 -9.4037292902315759 0.57462751116647903 -0.8675422741864407
decision_type=2 2 2 2 2 2 2
left_child=2 6 4 -3 -1 -4 -2
right_child=1 3 5 -5 -6 -7 -8
leaf_value=0.0002621706745541841 0.00012488186858184962 -0.0007773415451458387 -0.00010063331841540533 0 3.1102083613085166e-05 0 0
leaf_weight=274 56 130 1488 51 5179 1204 51
leaf_count=274 56 130 1488 51 5179 1204 51
internal_value=0 -0.000301518 1.16953e-05 -0.000581822 4.92207e-05 -5.13055e-05 0
internal_weight=8433 288 8145 181 5453 2692 107
internal_count=8433 288 8145 181 5453 2692 107
is_linear=0
shrinkage=0.05


Tree=12
num_leaves=8
num_cat=0
split_feature=13 1 13 13 2 13 6
split_gain=0.0163898 0.00950444 0.00766796 0.0177183 0.00473008 0.00454647 0.00190878
threshold=-0.34746401527293019 2.9844034100010384 0.66690935701482223 0.52555861591733211 -12.503961665627299 1.6673540696553359 0.38873706617515985
decision_type=2 2 2 2 2 2 2
left_child=1 4 3 -2 -1 -4 -3
right_child=2 6 5 -5 -6 -7 -8
leaf_value=0.00022163281283487659 5.6578058156569146e-05 0 0.00020155350733089546 -0.00021476426642857272 -8.8009192481171549e-05 0 -0.0006077252696559299
leaf_weight=72 4049 29 1052 687 2282 136 126
leaf_count=72 4049 29 1052 687 2282 136 126
internal_value=0 -0.000106053 4.63527e-05 9.75625e-06 -6.35026e-05 0.000162572 -0.000520303
internal_weight=8433 2509 5924 4736 2354 1188 155
internal_count=8433 2509 5924 4736 2354 1188 155
is_linear=0
shrinkage=0.05


Tree=13
num_leaves=8
num_cat=0
split_feature=13 1 1 13 12 13 6
split_gain=0.0147781 0.00857492 0.0073885 0.0083096 0.00506348 0.0022813 0.00164948
threshold=-0.34746401527293019 2.9844034100010384 0.97956396839986082 0.67494438532680345 4.6531682634767035 1.6673540696553359 0.38873706617515985
decision_type=2 2 2 2 2 2 2
left_child=1 4 5 -4 -1 -2 -3
right_child=2 6 3 -5 -6 -7 -8
leaf_value=-9.816696436639789e-05 8.9101577984530584e-05 0 -0.00011549689503280001 0.00012507418006383133 6.7837480456067517e-05 0 -0.00057781379407970243
leaf_weight=2018 4259 29 1206 408 336 51 126
leaf_count=2018 4259 29 1206 408 336 51 126
internal_value=0 -0.000100847 4.38757e-05 -3.29454e-05 -5.9579e-05 8.07623e-05 -0.000495917
internal_weight=8433 2509 5924 1614 2354 4310 155
internal_count=8433 2509 5924 1614 2354 4310 155
is_linear=0
shrinkage=0.05


Tree=14
num_leaves=8
num_cat=0
split_feature=13 14 14 14 4 7 12
split_gain=0.013317 0.0122512 0.0204398 0.00755125 0.00919714 0.00163077 0.000542186
threshold=-0.38075793360717308 24.689999580383304 22.804999351501468 27.344999313354496 2.6582814504539538 36.048489399907098 -8.4974822496067706
decision_type=2 2 2 2 2 2 2
left_child=3 2 -2 4 -1 -5 -3
right_child=1 6 -4 5 -6 -7 -8
leaf_value=0 4.0475105119891017e-05 0.00073638902206523565 -0.0007010831875383732 0.00067112839960221525 -0.00019516980261356182 0 0
leaf_weight=806 5826 69 89 22 1540 20 61
leaf_count=806 5826 69 89 22 1540 20 61
internal_value=0 4.00386e-05 2.31689e-05 -9.93677e-05 -0.000123382 0.000391181 0.000530477
internal_weight=8433 6045 5915 2388 2346 42 130
internal_count=8433 6045 5915 2388 2346 42 130
is_linear=0
shrinkage=0.05


Tree=15
num_leaves=8
num_cat=0
split_feature=13 5 13 13 13 5 12
split_gain=0.0119035 0.00829915 0.00763644 0.00659095 0.015925 0.00524814 0.0022064
threshold=-0.34746401527293019 5.0709175925305301 -2.1295115427365112 0.66690935701482223 0.52555861591733211 6.2617405635686447 5.7205774558771951
decision_type=2 2 2 2 2 2 2
left_child=1 6 -3 4 -2 -5 -1
right_child=3 2 -4 5 -6 -7 -8
leaf_value=-4.4111390758269395e-05 5.0126024991654228e-05 0 -0.00028276365374793009 0.00019914154120077005 -0.00020784469922758647 0 0.00011458684882064961
leaf_weight=1487 4049 70 752 975 687 213 200
leaf_count=1487 4049 70 752 975 687 213 200
internal_value=0 -9.03132e-05 -0.000223594 3.9568e-05 5.246e-06 0.000146743 -4.46141e-06
internal_weight=8433 2509 822 5924 4736 1188 1687
internal_count=8433 2509 822 5924 4736 1188 1687
is_linear=0
shrinkage=0.05


Tree=16
num_leaves=8
num_cat=0
split_feature=1 2 12 14 0 4 0
split_gain=0.00863334 0.00608843 0.00731607 0.00579735 0.00533947 0.00516433 0.00126805
threshold=2.035343980403963 -9.1323548298673991 -9.8985610512600264 24.689999580383304 -2.163886260030417 5.0784253949193019 1.6599838459432532
decision_type=2 2 2 2 2 2 2
left_child=1 4 -3 5 -1 -2 -5
right_child=3 2 -4 6 -6 -7 -8
leaf_value=0.00035915114402057242 -1.6682556488976909e-05 -0.00010481158489001073 3.1483505676880608e-05 0 0 -0.00033097409134726189 0.00032225693626161157
leaf_weight=242 604 1149 5800 21 172 411 34
leaf_count=242 604 1149 5800 21 172 411 34
internal_value=0 2.02121e-05 3.88853e-06 -0.000131632 0.000208732 -0.000178763 9.98653e-05
internal_weight=8433 7363 6949 1070 414 1015 55
internal_count=8433 7363 6949 1070 414 1015 55
is_linear=0
shrinkage=0.05


Tree=17
num_leaves=8
num_cat=0
split_feature=5 16 6 1 14 15 11
split_gain=0.00914573 0.0128081 0.00726797 0.0060483 0.00448874 0.00290383 1.51117e-05
threshold=8.4696078493396119 -9.7865058465731831 0.2795448465625614 0.57327505705730053 12.309999942779543 -8.3619150191687908 -12.193582025855099
decision_type=2 2 2 2 2 2 2
left_child=3 6 -3 5 -5 -1 -2
right_child=1 2 -4 4 -6 -7 -8
leaf_value=0.00021659935801665903 2.4886414481204833e-05 0 -0.00072296338772213095 -9.6735192973006079e-05 1.4861697118373732e-05 2.7483482430289891e-05 0
leaf_weight=298 59 45 136 1745 947 5155 48
leaf_count=298 59 45 136 1745 947 5155 48
internal_value=0 -0.000275049 -0.00054301 1.06566e-05 -4.45036e-05 4.43102e-05 0
internal_weight=8433 288 181 8145 2692 5453 107
internal_count=8433 288 181 8145 2692 5453 107
is_linear=0
shrinkage=0.05


Tree=18
num_leaves=8
num_cat=0
split_feature=13 13 13 13 13 6 12
split_gain=0.010805 0.00640703 0.0136376 0.00584936 0.00381597 0.00287755 0.00247775
threshold=-0.42021305351745969 0.66690935701482223 0.52555861591733211 -1.2448797960925293 1.6673540696553359 0.16158304118924602 -8.3935593089884346
decision_type=2 2 2 2 2 2 2
left_child=3 2 -2 6 -3 -5 -1
right_child=1 4 -4 5 -6 -7 -8
leaf_value=-5.568456165366189e-05 4.0806559905646873e-05 0.00017606170421504688 -0.00019674630030927745 0 0 -0.00017280653766155239 0.00013240124189918141
leaf_weight=294 4473 1052 687 98 136 1394 299
leaf_count=294 4473 1052 687 98 136 1394 299
internal_value=0 3.35375e-05 2.33459e-06 -9.75753e-05 0.000139422 -0.000151948 0
internal_weight=8433 6348 5160 2085 1188 1492 593
internal_count=8433 6348 5160 2085 1188 1492 593
is_linear=0
shrinkage=0.05


Tree=19
num_leaves=8
num_cat=0
split_feature=13 14 14 1 12 5 12
split_gain=0.00972475 0.0109557 0.0184745 0.00722665 0.0041374 0.000790293 0.000381202
threshold=-0.34746401527293019 24.689999580383304 22.804999351501468 2.9844034100010384 4.6531682634767035 5.0709175925305301 -8.4974822496067706
decision_type=2 2 2 2 2 2 2
left_child=3 2 -2 4 -1 -5 -3
right_child=1 6 -4 5 -6 -7 -8
leaf_value=-7.9443501735207937e-05 3.6462449678697339e-05 0.00069028600948923408 -0.00066934434159090844 0 7.4351965323174606e-05 -0.00055566564931844678 0
leaf_weight=2018 5705 69 89 52 336 103 61
leaf_count=2018 5705 69 89 52 336 103 61
internal_value=0 3.59532e-05 1.93549e-05 -8.14341e-05 -4.25912e-05 -0.000440357 0.000499076
internal_weight=8433 5924 5794 2509 2354 155 130
internal_count=8433 5924 5794 2509 2354 155 130
is_linear=0
shrinkage=0.05


Tree=20
num_leaves=8
num_cat=0
split_feature=13 1 4 13 13 4 9
split_gain=0.00919843 0.0129962 0.00550688 0.00342676 0.00560407 0.00291466 0.00114007
threshold=0.66690935701482223 2.035343980403963 1.9259060901067619 1.6673540696553359 1.7382694693840908 1.7286987577213864 1.0828418893924077
decision_type=2 2 2 2 2 2 2
left_child=1 2 -1 6 -5 -3 -2
right_child=3 5 -4 4 -6 -7 -8
leaf_value=8.9141507075466027e-05 0.00017504758971577774 0 -2.0828911319157247e-05 -0.00053815525989367875 6.545491486547457e-05 -0.00023994973796382724 0
leaf_weight=1461 1025 109 4935 45 91 740 27
leaf_count=1461 1025 109 4935 45 91 740 27
internal_value=0 -2.01559e-05 0 0.000129809 0 -0.000204056 0.00016478
internal_weight=8433 7245 6396 1188 136 849 1052
internal_count=8433 7245 6396 1188 136 849 1052
is_linear=0
shrinkage=0.05


Tree=21
num_leaves=8
num_cat=0
split_feature=1 2 12 14 4 0 0
split_gain=0.0065852 0.00597105 0.00721439 0.00540459 0.00721726 0.0053292 0.00528898
threshold=0.97956396839986082 -12.503961665627299 -9.8985610512600264 24.689999580383304 5.0010110635714158 -4.3261575207167171 1.3740934682837482
decision_type=2 2 2 2 2 2 2
left_child=1 5 -3 4 -2 -1 -5
right_child=3 2 -4 6 -6 -7 -8
leaf_value=0.00060045927091364744 -3.6374397202653561e-06 -9.3863874391757397e-05 4.3106276291405557e-05 0 -0.00023076135567249949 0 0.00059429886645981855
leaf_weight=86 1323 1098 5034 29 745 72 46
leaf_count=86 1323 1098 5034 29 745 72 46
internal_value=0 2.67164e-05 1.28518e-05 -7.47084e-05 -0.000102511 0.000339167 0.000220116
internal_weight=8433 6290 6132 2143 2068 158 75
internal_count=8433 6290 6132 2143 2068 158 75
is_linear=0
shrinkage=0.05


Tree=22
num_leaves=8
num_cat=0
split_feature=13 13 13 13 4 13 12
split_gain=0.00866558 0.00517528 0.00490457 0.0123061 0.00384718 0.00310035 0.00220635
threshold=-0.42021305351745969 -1.2448797960925293 0.66690935701482223 0.52555861591733211 1.4813253058913174 1.6673540696553359 -8.3935593089884346
decision_type=2 2 2 2 2 2 2
left_child=1 6 3 -2 -3 -4 -1
right_child=2 4 5 -5 -6 -7 -8
leaf_value=-4.4861251012170647e-05 3.8578913469276378e-05 0 0.00015605191651779529 -0.00018710110885923129 -0.00017287002122538415 0 0.00012785167419567258
leaf_weight=294 4473 204 1052 687 1288 136 299
leaf_count=294 4473 204 1052 687 1288 136 299
internal_value=0 -8.75429e-05 2.98808e-05 1.69081e-06 -0.000139161 0.000122702 0
internal_weight=8433 2085 6348 5160 1492 1188 593
internal_count=8433 2085 6348 5160 1492 1188 593
is_linear=0
shrinkage=0.05


Tree=23
num_leaves=8
num_cat=0
split_feature=13 14 14 1 12 6 12
split_gain=0.00780219 0.00956473 0.0158403 0.00608183 0.00365149 0.00165796 0.000236706
threshold=-0.34746401527293019 24.689999580383304 22.804999351501468 2.9844034100010384 4.6531682634767035 0.38873706617515985 -9.3151151512519021
decision_type=2 2 2 2 2 2 2
left_child=3 2 -2 4 -1 -5 -3
right_child=1 6 -4 5 -6 -7 -8
leaf_value=-7.1749802128610692e-05 3.2455135254221567e-05 0.00067409972954010308 -0.00062109648693956768 0 7.3189218112676744e-05 -0.00048153874227409689 0
leaf_weight=2018 5705 62 89 29 336 126 68
leaf_count=2018 5705 62 89 29 336 126 68
internal_value=0 3.20666e-05 1.61666e-05 -7.30841e-05 -3.61616e-05 -0.000403296 0.000464583
internal_weight=8433 5924 5794 2509 2354 155 130
internal_count=8433 5924 5794 2509 2354 155 130
is_linear=0
shrinkage=0.05


Tree=24
num_leaves=8
num_cat=0
split_feature=5 16 13 1 6 6 0
split_gain=0.00765828 0.0117214 0.00837677 0.00715724 0.00648264 0.00234351 0.000444234
threshold=8.4696078493396119 -9.7865058465731831 0.66690935701482223 0.57327505705730053 0.2795448465625614 1.8857306117806398 -0.8675422741864407
decision_type=2 2 2 2 2 2 2
left_child=2 6 3 -1 -3 -4 -2
right_child=1 4 5 -5 -6 -7 -8
leaf_value=2.2816600407007376e-05 0.00013837637759620683 0 0.00016559102790191958 -8.4074978761411784e-05 -0.00068032099795464491 0 0
leaf_weight=4795 56 45 995 2211 136 144 51
leaf_count=4795 56 45 995 2211 136 144 51
internal_value=0 -0.000251624 9.81262e-06 -5.93703e-06 -0.000510356 0.000137204 0
internal_weight=8433 288 8145 7006 181 1139 107
internal_count=8433 288 8145 7006 181 1139 107
is_linear=0
shrinkage=0.05


Tree=25
num_leaves=8
num_cat=0
split_feature=5 14 0 0 13 13 1
split_gain=0.00717756 0.00976736 0.011066 0.00989276 0.00312456 0.00240032 0.00181602
threshold=4.8240300377050991 24.689999580383304 -1.5657351269726134 -1.7363571250931595 0.7059614949185834 0.52555861591733211 0.77584318880570013
decision_type=2 2 2 2 2 2 2
left_child=4 2 -2 -3 5 -1 -6
right_child=1 3 -4 -5 6 -7 -8
leaf_value=3.1291809930003852e-05 8.7175374799532679e-06 0 -0.00017307739931726057 0.00062003927693430965 0.00021011215934522537 -6.5790383257539615e-05 0
leaf_weight=4361 960 74 1751 91 405 583 208
leaf_count=4361 960 74 1751 91 405 583 208
internal_value=0 -6.32786e-05 -9.58417e-05 0.000256903 3.39833e-05 1.27454e-05 0.000147763
internal_weight=8433 2876 2711 165 5557 4944 613
internal_count=8433 2876 2711 165 5557 4944 613
is_linear=0
shrinkage=0.05


Tree=26
num_leaves=8
num_cat=0
split_feature=13 3 1 5 13 10 2
split_gain=0.00694881 0.00571052 0.00554535 0.00492505 0.00717905 0.00330573 0.00120918
threshold=-0.42021305351745969 -25.669739137863107 0.97956396839986082 5.3100174358345633 -2.1295115427365112 70.603625364944307 -4.3153787034214011
decision_type=2 2 2 2 2 2 2
left_child=3 5 -3 6 -5 -2 -1
right_child=1 2 -4 4 -6 -7 -8
leaf_value=4.0661749877566003e-05 0.00052778473591134055 4.7424839575323189e-05 -5.4276017950394203e-05 0 -0.00027868349991819473 0 -4.6759642489328047e-05
leaf_weight=347 91 4555 1670 67 551 32 1120
leaf_count=347 91 4555 1670 67 551 32 1120
internal_value=0 2.71378e-05 1.45119e-05 -7.79945e-05 -0.000200808 0.000375675 -2.2283e-06
internal_weight=8433 6348 6225 2085 618 123 1467
internal_count=8433 6348 6225 2085 618 123 1467
is_linear=0
shrinkage=0.05


Tree=27
num_leaves=8
num_cat=0
split_feature=5 3 13 6 13 14 4
split_gain=0.00654811 0.00879368 0.00703794 0.00619583 0.00595033 0.00227706 0.000520124
threshold=8.4696078493396119 -20.403721702655343 0.66690935701482223 0.2795448465625614 0.52555861591733211 18.590000152587894 8.9998882646988001
decision_type=2 2 2 2 2 2 2
left_child=2 6 4 -3 -1 -4 -2
right_child=1 3 5 -5 -6 -7 -8
leaf_value=5.2449369232875649e-06 0 0 0.00016764965317873061 -0.00057076675370635547 -0.00014905494969137505 0 0.00019850269161080102
leaf_weight=6340 36 60 848 161 666 291 31
leaf_count=6340 36 60 848 161 666 291 31
internal_value=0 -0.000232138 9.54839e-06 -0.000410685 -4.46708e-06 0.000126289 0
internal_weight=8433 288 8145 221 7006 1139 67
internal_count=8433 288 8145 221 7006 1139 67
is_linear=0
shrinkage=0.05


Tree=28
num_leaves=8
num_cat=0
split_feature=13 1 1 7 0 13 4
split_gain=0.00614564 0.0050384 0.00385639 0.00650038 0.00331743 0.00300731 0.00135739
threshold=-0.34746401527293019 2.9844034100010384 0.97956396839986082 51.600094201289693 0.43865234902892419 -1.2448797960925293 1.6543317348646454
decision_type=2 2 2 2 2 2 2
left_child=1 5 4 -4 -2 -1 -3
right_child=2 6 3 -5 -6 -7 -8
leaf_value=3.8240382972711771e-05 8.6324770071712501e-05 0 3.1689535955485661e-05 -0.00015734637323207669 0 -6.9601316873680235e-05 -0.00042611197308822254
leaf_weight=556 2964 23 965 649 1346 1798 132
leaf_count=556 2964 23 965 649 1346 1798 132
internal_value=0 -6.42285e-05 2.90631e-05 -2.27653e-05 5.65902e-05 -2.92633e-05 -0.000365181
internal_weight=8433 2509 5924 1614 4310 2354 155
internal_count=8433 2509 5924 1614 4310 2354 155
is_linear=0
shrinkage=0.05


Tree=29
num_leaves=8
num_cat=0
split_feature=5 14 0 0 14 3 14
split_gain=0.00571912 0.00851556 0.0100435 0.00899042 0.00291393 0.00244048 0.00151486
threshold=4.8240300377050991 24.689999580383304 -1.5657351269726134 -1.7363571250931595 11.899999618530275 -5.2904244805097909 11.504999637603762
decision_type=2 2 2 2 2 2 2
left_child=4 2 -2 -3 6 -6 -1
right_child=1 3 -4 -5 5 -7 -8
leaf_value=1.6170993472196134e-05 1.1644221924962232e-05 0 -0.00016128365497471495 0.00058824095874242439 0 0.00010604994368084117 -6.9504774923286161e-05
leaf_weight=2380 960 74 1751 91 868 1656 653
leaf_count=2380 960 74 1751 91 868 1656 653
internal_value=0 -5.60358e-05 -8.71834e-05 0.000241062 3.0763e-05 7.04742e-05 0
internal_weight=8433 2876 2711 165 5557 2524 3033
internal_count=8433 2876 2711 165 5557 2524 3033
is_linear=0
shrinkage=0.05


Tree=30
num_leaves=8
num_cat=0
split_feature=13 13 1 13 0 4 12
split_gain=0.00567196 0.00417296 0.00382907 0.00513047 0.00327145 0.00320398 0.00200536
threshold=-0.42021305351745969 -1.2448797960925293 0.97956396839986082 0.9783833177216984 0.43865234902892419 2.6256155792393385 -8.3935593089884346
decision_type=2 2 2 2 2 2 2
left_child=1 6 4 -4 -2 -3 -1
right_child=2 5 3 -5 -6 -7 -8
leaf_value=-2.8205965210037078e-05 7.968645008711311e-05 0 -7.6015971039450965e-05 0.0001616825587856493 0 -0.0001722906602692363 0.00012599005440351661
leaf_weight=294 3222 528 1498 204 1424 964 299
leaf_count=294 3222 528 1498 204 1424 964 299
internal_value=0 -7.00211e-05 2.49328e-05 -2.68294e-05 5.14287e-05 -0.000117609 0
internal_weight=8433 2085 6348 1702 4646 1492 593
internal_count=8433 2085 6348 1702 4646 1492 593
is_linear=0
shrinkage=0.05


Tree=31
num_leaves=8
num_cat=0
split_feature=2 13 14 3 12 6 6
split_gain=0.00513231 0.00569401 0.00614882 0.00545432 0.00528909 0.00225407 0.00065328
threshold=-10.371876540145069 -0.38075793360717308 24.689999580383304 -20.934741247009644 -8.3935593089884346 2.3605174521343941 0.82769449692634944
decision_type=2 2 2 2 2 2 2
left_child=3 4 -3 5 -2 -1 -5
right_child=1 2 -4 6 -6 -7 -8
leaf_value=0.00055244655044659277 -0.00020947549538655552 6.8514238904392791e-07 0.00036290734781586155 0.00011114963684072297 -7.3887189282461293e-06 0 -5.2367188886273676e-05
leaf_weight=102 602 5723 124 108 1654 22 98
leaf_count=102 602 5723 124 108 1654 22 98
internal_value=0 -6.67614e-06 1.44723e-05 0.000193801 -7.69526e-05 0.000455176 0
internal_weight=8433 8103 5847 330 2256 124 206
internal_count=8433 8103 5847 330 2256 124 206
is_linear=0
shrinkage=0.05


Tree=32
num_leaves=6
num_cat=0
split_feature=4 13 13 8 3
split_gain=0.00488637 0.00604589 0.00959133 0.00325861 0.000559307
threshold=0.91497239675910857 0.66690935701482223 0.52555861591733211 -0.26757422836211114 41.355345615276605
decision_type=2 2 2 2 2
left_child=4 2 -2 -3 -1
right_child=1 3 -4 -5 -6
leaf_value=0.00014548039992090799 -5.9598659266530893e-06 0.00025737344284697646 -0.00021819004576372603 0 0
leaf_weight=608 6052 260 636 850 27
leaf_count=608 6052 260 636 850 27
internal_value=0 -9.49915e-06 -3.14329e-05 9.10009e-05 0.000134434
internal_weight=8433 7798 6688 1110 635
internal_count=8433 7798 6688 1110 635
is_linear=0
shrinkage=0.05


Tree=33
num_leaves=8
num_cat=0
split_feature=5 16 3 13 4 13 4
split_gain=0.00557593 0.00961313 0.00607705 0.00543392 0.00498681 0.00176479 6.817e-05
threshold=8.4696078493396119 -9.7865058465731831 8.1618749549383889 0.66690935701482223 2.222787542418978 1.6673540696553359 8.1695847651040179
decision_type=2 2 2 2 2 2 2
left_child=3 6 -3 4 -1 -5 -2
right_child=1 2 -4 5 -6 -7 -8
leaf_value=5.8161568831773853e-05 0 -0.00063296009473394216 0 0.00013542331799035453 -3.384261785516527e-05 0 5.0815324321967781e-05
leaf_weight=2002 43 129 52 1014 5004 125 64
leaf_count=2002 43 129 52 1014 5004 125 64
internal_value=0 -0.000213817 -0.000451416 9.14709e-06 -2.54857e-06 0.00011164 0
internal_weight=8433 288 181 8145 7006 1139 107
internal_count=8433 288 181 8145 7006 1139 107
is_linear=0
shrinkage=0.05


Tree=34
num_leaves=7
num_cat=0
split_feature=5 11 13 13 6 6
split_gain=0.00489659 0.00854928 0.00486225 0.00487518 0.00418931 0.00191429
threshold=8.4696078493396119 -12.633167530101215 0.66690935701482223 0.52555861591733211 0.2795448465625614 1.8857306117806398
decision_type=2 2 2 2 2 2
left_child=2 -2 3 -1 -3 -4
right_child=1 4 5 -5 -6 -7
leaf_value=6.1866918546156725e-06 0 0 0.00013254301084421146 -0.00013390854405394593 -0.00051179655520961636 0
leaf_weight=6340 65 59 995 666 164 144
leaf_count=6340 65 59 995 666 164 144
internal_value=0 -0.0002003 8.62904e-06 -2.17108e-06 -0.000383018 0.000105623
internal_weight=8433 288 8145 7006 223 1139
internal_count=8433 288 8145 7006 223 1139
is_linear=0
shrinkage=0.05


Tree=35
num_leaves=7
num_cat=0
split_feature=2 13 14 12 8 7
split_gain=0.00479504 0.0051157 0.00535665 0.00448245 0.00376501 0.00363718
threshold=-10.371876540145069 -0.38075793360717308 24.689999580383304 -8.3935593089884346 -0.4030685990779645 7.3534451817729272
decision_type=2 2 2 2 2 2
left_child=4 3 -3 -2 5 -1
right_child=1 2 -4 -5 -6 -7
leaf_value=0 -0.00019572086832718525 3.5174907080827407e-07 0.00033897118586104458 -6.9233842314787241e-06 0 0.00043847713846508287
leaf_weight=21 602 5723 124 1654 154 155
leaf_count=21 602 5723 124 1654 154 155
internal_value=0 -6.16365e-06 1.36304e-05 -7.2932e-05 0.000187563 0.000344232
internal_weight=8433 8103 5847 2256 330 176
internal_count=8433 8103 5847 2256 330 176
is_linear=0
shrinkage=0.05


Tree=36
num_leaves=8
num_cat=0
split_feature=5 14 8 4 14 3 14
split_gain=0.00458297 0.00667635 0.00655035 0.00401797 0.00253233 0.0019965 0.00133509
threshold=4.8240300377050991 24.689999580383304 -0.66081900591423659 5.2600310623663562 11.899999618530275 -5.2904244805097909 11.504999637603762
decision_type=2 2 2 2 2 2 2
left_child=4 2 -2 -3 6 -6 -1
right_child=1 3 -4 -5 5 -7 -8
leaf_value=1.4524043228813158e-05 0.00012554328502393193 0 -0.00010888757690283991 0.00038673068250785081 0 9.7300653753386706e-05 -6.5792354323655969e-05
leaf_weight=2380 204 52 2507 113 868 1656 653
leaf_count=2380 204 52 2507 113 868 1656 653
internal_value=0 -4.96077e-05 -7.82665e-05 0.000206982 2.80534e-05 6.51015e-05 0
internal_weight=8433 2876 2711 165 5557 2524 3033
internal_count=8433 2876 2711 165 5557 2524 3033
is_linear=0
shrinkage=0.05


Tree=37
num_leaves=7
num_cat=0
split_feature=13 14 14 14 4 7
split_gain=0.00439456 0.00560247 0.00731704 0.00498919 0.0036296 0.00134566
threshold=-0.42021305351745969 24.875000000000004 22.804999351501468 27.344999313354496 1.8894339979075614 36.048489399907098
decision_type=2 2 2 2 2 2
left_child=3 2 -2 4 -1 -5
right_child=1 -3 -4 5 -6 -7
leaf_value=0 2.4494439307251465e-05 0.00042992757178294958 -0.00033890955823750774 0.00058739364215095228 -0.00012163063823692789 0
leaf_weight=396 6129 87 132 22 1647 20
leaf_count=396 6129 87 132 22 1647 20
internal_value=0 2.25236e-05 1.11387e-05 -6.09969e-05 -8.65568e-05 0.000334276
internal_weight=8433 6348 6261 2085 2043 42
internal_count=8433 6348 6261 2085 2043 42
is_linear=0
shrinkage=0.05


Tree=38
num_leaves=7
num_cat=0
split_feature=2 13 12 10 6 13
split_gain=0.00426641 0.00423631 0.0039396 0.0032089 0.00405494 0.00157202
threshold=-10.371876540145069 -0.38075793360717308 -8.3935593089884346 23.613442947496761 2.58983456699452 0.66690935701482223
decision_type=2 2 2 2 2 2
left_child=3 2 -2 -1 -5 -3
right_child=1 5 -4 4 -6 -7
leaf_value=0 -0.00018064443282869041 0 -3.1606659610482963e-06 0.00034823106119609421 0 6.4972709509939422e-05
leaf_weight=71 602 4700 1654 234 25 1147
leaf_count=71 602 4700 1654 234 25 1147
internal_value=0 -5.05513e-06 -6.61396e-05 0.00017749 0.0002661 1.25443e-05
internal_weight=8433 8103 2256 330 259 5847
internal_count=8433 8103 2256 330 259 5847
is_linear=0
shrinkage=0.05


Tree=39
num_leaves=8
num_cat=0
split_feature=5 11 2 3 5 8 4
split_gain=0.00425827 0.00763064 0.0040028 0.00399124 0.00349972 0.00245591 1.51401e-05
threshold=8.4696078493396119 -12.633167530101215 -9.4037292902315759 8.1618749549383889 3.2118188383298087 -0.4030685990779645 8.2923030597453948
decision_type=2 2 2 2 2 2 2
left_child=2 6 5 -3 -4 -1 -2
right_child=1 3 4 -5 -6 -7 -8
leaf_value=0.0002930418393777636 0 -0.00047541779062851687 4.4283021028465559e-05 0 -2.4875141917333013e-05 0 3.1560420236354263e-05
leaf_weight=193 29 171 2923 52 4868 161 36
leaf_count=193 29 171 2923 52 4868 161 36
internal_value=0 -0.000186132 8.57145e-06 -0.000359776 0 0.0001726 0
internal_weight=8433 288 8145 223 7791 354 65
internal_count=8433 288 8145 223 7791 354 65
is_linear=0
shrinkage=0.05


Tree=40
num_leaves=7
num_cat=0
split_feature=4 15 10 14 8 10
split_gain=0.00371294 0.00438181 0.00408556 0.00256911 0.000480739 0.000490503
threshold=0.86727167627783774 3.777759855313906 46.889255960734197 27.344999313354496 1.0065488311234827 16.769840725763057
decision_type=2 2 2 2 2 2
left_child=4 3 -3 -2 5 -1
right_child=1 2 -4 -5 -6 -7
leaf_value=0 0 -0.00016008391603888244 0 0.00043637580060235733 0 0.00014360265661317651
leaf_weight=22 6724 838 236 32 35 546
leaf_count=22 6724 838 236 32 35 546
internal_value=0 -7.23316e-06 -0.000102536 2.76393e-06 0.000121101 0.000132945
internal_weight=8433 7830 1074 6756 603 568
internal_count=8433 7830 1074 6756 603 568
is_linear=0
shrinkage=0.05


Tree=41
num_leaves=8
num_cat=0
split_feature=1 13 15 5 3 0 7
split_gain=0.0037774 0.00618263 0.00297477 0.00411542 0.0027338 0.00239135 0.000690213
threshold=2.035343980403963 0.99327539973204104 -8.3619150191687908 3.2118188383298087 -20.934741247009644 -1.7957982615572343 52.884250759304926
decision_type=2 2 2 2 2 2 2
left_child=2 5 4 -4 -1 -2 -3
right_child=1 6 3 -5 -6 -7 -8
leaf_value=0.00034698873170506861 0 0.00019724664145676226 5.3847149943995115e-05 -2.3686257431774428e-05 0 -0.00018300377495124713 0
leaf_weight=130 135 93 2742 4200 291 812 30
leaf_count=130 135 93 2742 4200 291 812 30
internal_value=0 -8.52825e-05 1.49529e-05 1.9048e-06 0.000146338 -0.000149755 0.000125557
internal_weight=8433 1070 7363 6942 421 947 123
internal_count=8433 1070 7363 6942 421 947 123
is_linear=0
shrinkage=0.05


Tree=42
num_leaves=8
num_cat=0
split_feature=5 15 16 6 4 15 6
split_gain=0.00374827 0.00951646 0.00312491 0.00301787 0.00203721 0.00123689 0.00109626
threshold=7.4865567663670181 -5.6626504776811126 -11.932738324230639 0.38873706617515985 2.222787542418978 -0.71372200723398549 0.66183129311861721
decision_type=2 2 2 2 2 2 2
left_child=3 6 -3 5 -5 -1 -2
right_child=1 2 -4 4 -6 -7 -8
leaf_value=0.00011932785789049152 0.00016984969237206606 0 -0.00042488617349574254 4.1577517395431103e-05 -2.1480034222598013e-05 0 0
leaf_weight=808 93 73 220 1690 4697 758 94
leaf_count=808 93 73 220 1690 4697 758 94
internal_value=0 -0.000132592 -0.000330716 1.06176e-05 0 7.3373e-05 0
internal_weight=8433 480 293 7953 6387 1566 187
internal_count=8433 480 293 7953 6387 1566 187
is_linear=0
shrinkage=0.05


Tree=43
num_leaves=8
num_cat=0
split_feature=13 14 14 14 5 3 12
split_gain=0.00352499 0.00521132 0.0129717 0.00416759 0.00604276 0.00109252 0.00106305
threshold=-0.42021305351745969 24.689999580383304 22.804999351501468 27.344999313354496 5.3100174358345633 -14.210189440025976 -11.669513010174482
decision_type=2 2 2 2 2 2 2
left_child=3 2 -2 4 -1 -5 -3
right_child=1 6 -4 5 -6 -7 -8
leaf_value=0 2.285854604539933e-05 0.00058877402973638927 -0.00057110275691989198 0.00052540343216151103 -0.00021502808350619016 0 0
leaf_weight=1447 6129 50 89 22 596 20 80
leaf_count=1447 6129 50 89 22 596 20 80
internal_value=0 2.09789e-05 8.5491e-06 -5.36978e-05 -7.83162e-05 0.000297485 0.000341215
internal_weight=8433 6348 6218 2085 2043 42 130
internal_count=8433 6348 6218 2085 2043 42 130
is_linear=0
shrinkage=0.05


Tree=44
num_leaves=8
num_cat=0
split_feature=13 14 14 14 11 7 16
split_gain=0.00321382 0.00475813 0.0118916 0.00355313 0.00374629 0.00101116 0.000432711
threshold=-0.34746401527293019 24.689999580383304 22.804999351501468 27.344999313354496 -6.9841472098726429 36.048489399907098 3.5974799371626736
decision_type=2 2 2 2 2 2 2
left_child=3 2 -2 4 -1 -5 -3
right_child=1 6 -4 5 -6 -7 -8
leaf_value=-0.00019903607673559684 2.440696477258837e-05 0.00040995919391602722 -0.0005431752071956078 0.00050354992408150202 -1.4003543147214136e-05 0 0
leaf_weight=486 5705 90 89 22 1981 20 40
leaf_count=486 5705 90 89 22 1981 20 40
internal_value=0 2.2516e-05 9.46543e-06 -4.4758e-05 -6.47625e-05 0.00028435 0.000330064
internal_weight=8433 5924 5794 2509 2467 42 130
internal_count=8433 5924 5794 2509 2467 42 130
is_linear=0
shrinkage=0.05


Tree=45
num_leaves=8
num_cat=0
split_feature=5 11 6 6 4 15 0
split_gain=0.00321616 0.00644273 0.00362073 0.00360887 0.00245976 0.00185412 4.19822e-06
threshold=8.4696078493396119 -12.633167530101215 0.2795448465625614 0.38240518487887115 2.222787542418978 -1.233815243446462 -1.1458878128574088
decision_type=2 2 2 2 2 2 2
left_child=3 6 -3 5 -5 -1 -2
right_child=1 2 -4 4 -6 -7 -8
leaf_value=0.000136835319794551 1.5808045642361806e-05 0 -0.00044348835726543855 4.1251207095627067e-05 -2.6184667128219314e-05 0 0
leaf_weight=753 40 59 164 1702 4841 849 25
leaf_count=753 40 59 164 1702 4841 849 25
internal_value=0 -0.000160715 -0.000323847 8.21532e-06 -3.28805e-06 7.69641e-05 0
internal_weight=8433 288 223 8145 6543 1602 65
internal_count=8433 288 223 8145 6543 1602 65
is_linear=0
shrinkage=0.05


Tree=46
num_leaves=8
num_cat=0
split_feature=8 4 10 12 15 8 9
split_gain=0.00326837 0.00420115 0.00558239 0.002672 0.00245619 0.00139433 0.000938128
threshold=-0.32838130158148321 5.0010110635714158 18.00320631989916 -7.6434836261446284 -9.1850674408870212 -3.5854505946634601 0.17072908159672642
decision_type=2 2 2 2 2 2 2
left_child=4 3 -3 -2 5 -1 -6
right_child=1 2 -4 -5 6 -7 -8
leaf_value=0 -5.8982210963828646e-05 6.2200752145616684e-05 -0.00012264801675234072 2.9040995317609594e-05 0 0.00027952490387745695 6.3627172538703871e-05
leaf_weight=30 955 268 1604 4178 588 213 597
leaf_count=30 955 268 1604 4178 588 213 597
internal_value=0 -1.14504e-05 -7.74699e-05 5.83162e-06 7.12143e-05 0.000233107 8.19316e-06
internal_weight=8433 7005 1872 5133 1428 243 1185
internal_count=8433 7005 1872 5133 1428 243 1185
is_linear=0
shrinkage=0.05


Tree=47
num_leaves=8
num_cat=0
split_feature=1 7 6 5 0 14 0
split_gain=0.00305131 0.00368743 0.00390396 0.00206282 0.00268909 0.00229158 0.000339545
threshold=2.035343980403963 51.600094201289693 0.56357114502457784 9.5920470366637094 -4.8274457184879367 11.899999618530275 4.9654907863434525
decision_type=2 2 2 2 2 2 2
left_child=3 6 -3 5 -5 -1 -2
right_child=1 2 -4 4 -6 -7 -8
leaf_value=0 -1.0958121105673161e-05 0 -0.00027075302506650734 0 -0.00034185164015541566 5.1110541583911171e-05 0.00010349099163910097
leaf_weight=3762 556 102 341 22 83 3496 71
leaf_count=3762 556 102 341 22 83 3496 71
internal_value=0 -7.58404e-05 -0.000185935 1.40911e-05 -0.000173221 2.16688e-05 0
internal_weight=8433 1070 443 7363 105 7258 627
internal_count=8433 1070 443 7363 105 7258 627
is_linear=0
shrinkage=0.05


Tree=48
num_leaves=7
num_cat=0
split_feature=2 3 0 13 14 3
split_gain=0.00301774 0.00379966 0.00508301 0.00318205 0.00370686 0.00295735
threshold=-10.371876540145069 -20.934741247009644 -1.3730299404817981 -0.38075793360717308 24.689999580383304 -15.090283186622548
decision_type=2 2 2 2 2 2
left_child=1 2 -1 5 -5 -2
right_child=3 -3 -4 4 -6 -7
leaf_value=0.00055564202671727495 -0.00023677975861351064 0 0 0 0.00028121251618012184 -1.6990238831505159e-05
leaf_weight=94 251 206 30 5723 124 2005
leaf_count=94 251 206 30 5723 124 2005
internal_value=0 0.00014962 0.000366573 -3.72064e-06 1.09162e-05 -5.71323e-05
internal_weight=8433 330 124 8103 5847 2256
internal_count=8433 330 124 8103 5847 2256
is_linear=0
shrinkage=0.05


Tree=49
num_leaves=8
num_cat=0
split_feature=6 5 12 15 12 14 6
split_gain=0.00280808 0.00494857 0.00412104 0.00289597 0.00296464 0.00195285 0.001076
threshold=0.38240518487887115 5.036084833629114 -28.979869847934072 -4.8595012754198796 -15.30730152658602 11.899999618530275 0.11417524045379542
decision_type=2 2 2 2 2 2 2
left_child=3 5 -3 4 -1 -2 -5
right_child=1 2 -4 6 -6 -7 -8
leaf_value=0 -1.1456085771414219e-05 0.00014149663713396878 -0.00011067464095095323 8.3614114793274539e-05 0.00027520587811183188 4.654430375079823e-05 0
leaf_weight=46 2621 60 1803 383 271 2239 1010
leaf_count=46 2621 60 1803 383 271 2239 1010
internal_value=0 -1.21544e-05 -8.36434e-05 5.93319e-05 0.000203919 8.07414e-06 1.09395e-06
internal_weight=8433 6723 1863 1710 317 4860 1393
internal_count=8433 6723 1863 1710 317 4860 1393
is_linear=0
shrinkage=0.05


Tree=50
num_leaves=8
num_cat=0
split_feature=8 5 0 5 15 14 14
split_gain=0.0027588 0.00598324 0.00415861 0.00234273 0.00364191 0.00108301 0.000157087
threshold=-0.32838130158148321 3.5351747929126538 4.9415213587062725 3.4222543180874716 -0.88374361327674944 11.039999961853029 10.315000057220461
decision_type=2 2 2 2 2 2 2
left_child=3 5 -3 6 -5 -2 -1
right_child=1 2 -4 4 -6 -7 -8
leaf_value=0 0 -7.6187107242060238e-05 6.8885177379399582e-05 0.0001559737690418389 0 5.6008208909211344e-05 -3.6120769918769519e-05
leaf_weight=62 1038 3587 320 865 202 2060 299
leaf_count=62 1038 3587 320 865 202 2060 299
internal_value=0 -1.04581e-05 -5.53222e-05 6.54763e-05 0.000105895 3.48305e-05 0
internal_weight=8433 7005 3907 1428 1067 3098 361
internal_count=8433 7005 3907 1428 1067 3098 361
is_linear=0
shrinkage=0.05


Tree=51
num_leaves=8
num_cat=0
split_feature=13 14 14 14 12 7 12
split_gain=0.00272369 0.00426988 0.00558765 0.00347173 0.00449767 0.000827817 0.000462047
threshold=-0.42021305351745969 24.875000000000004 22.804999351501468 27.344999313354496 -10.170022152154109 36.048489399907098 -8.4974822496067706
decision_type=2 2 2 2 2 2 2
left_child=3 2 -2 4 -1 -5 -3
right_child=1 6 -4 5 -6 -7 -8
leaf_value=-0.00021096422407401077 2.0426544470002941e-05 0.0005568889358123257 -0.00029696550195382518 0.0004624345620201591 -5.0955927441164491e-06 0 0
leaf_weight=479 6129 42 132 22 1564 20 45
leaf_count=479 6129 42 132 22 1564 20 45
internal_value=0 1.8706e-05 8.05393e-06 -4.6883e-05 -7.06374e-05 0.000263833 0.000374622
internal_weight=8433 6348 6261 2085 2043 42 87
internal_count=8433 6348 6261 2085 2043 42 87
is_linear=0
shrinkage=0.05


Tree=52
num_leaves=8
num_cat=0
split_feature=13 13 16 13 16 5 8
split_gain=0.00267756 0.00662969 0.00698269 0.00353591 0.00250211 0.00323238 0.00158524
threshold=0.66690935701482223 0.52555861591733211 -5.5407778434637169 -0.34746401527293019 -12.886022838621296 6.2333961134200928 0.049608488940378941
decision_type=2 2 2 2 2 2 2
left_child=1 3 -3 -1 6 -6 -2
right_child=4 2 -4 -5 5 -7 -8
leaf_value=-3.9197780738897656e-05 0.00034614313278271932 -0.00037427388959987754 0 3.510933463887567e-05 7.2395924738730645e-05 -0.00015179060560567093 0
leaf_weight=2509 134 245 442 4049 883 149 22
leaf_count=2509 134 245 442 4049 883 149 22
internal_value=0 -8.95259e-06 -0.000157738 1.34181e-06 7.1673e-05 5.94779e-06 0.000279373
internal_weight=8433 7245 687 6558 1188 1032 156
internal_count=8433 7245 687 6558 1188 1032 156
is_linear=0
shrinkage=0.05


Tree=53
num_leaves=7
num_cat=0
split_feature=2 5 1 14 3 0
split_gain=0.0026138 0.00734894 0.00708238 0.00327809 0.00323439 0.00465619
threshold=-10.371876540145069 7.4865567663670181 -0.42656247806369751 11.899999618530275 -20.934741247009644 -1.3730299404817981
decision_type=2 2 2 2 2 2
left_child=4 3 -3 -2 5 -1
right_child=1 2 -4 -5 -6 -7
leaf_value=0.00052207027667767157 -2.3741027242224666e-05 0 -0.00035114045055902369 4.0034011356687377e-05 0 0
leaf_weight=94 4012 71 291 3729 206 30
leaf_count=94 4012 71 291 3729 206 30
internal_value=0 -3.4318e-06 -0.000224959 2.46292e-06 0.000139265 0.000339526
internal_weight=8433 8103 362 7741 330 124
internal_count=8433 8103 362 7741 330 124
is_linear=0
shrinkage=0.05


Tree=54
num_leaves=8
num_cat=0
split_feature=6 1 12 15 12 14 14
split_gain=0.00257013 0.0037075 0.00361395 0.00259513 0.00200859 0.00177907 0.000638596
threshold=0.38240518487887115 2.035343980403963 -12.44890018951506 -3.2118867322070526 -15.30730152658602 9.865000247955324 11.775000095367433
decision_type=2 2 2 2 2 2 2
left_child=3 5 -3 4 -1 -2 -5
right_child=1 2 -4 6 -6 -7 -8
leaf_value=0 0.00011155713403147405 0 -0.00016118066285975688 -1.6288104167430114e-05 0.00019401231539077786 -4.0926782884058226e-06 4.9433685312439066e-05
leaf_weight=58 348 151 738 618 450 5486 584
leaf_count=58 348 151 738 618 450 5486 584
internal_value=0 -1.17026e-05 -0.000106941 5.67023e-05 0.000153343 0 0
internal_weight=8433 6723 889 1710 508 5834 1202
internal_count=8433 6723 889 1710 508 5834 1202
is_linear=0
shrinkage=0.05


Tree=55
num_leaves=7
num_cat=0
split_feature=2 6 10 6 8 7
split_gain=0.00231555 0.00219787 0.00329152 0.00206534 0.00187448 0.000961408
threshold=-9.1323548298673991 2.3605174521343941 24.5086017982653 0.1035004782198453 -0.0030703785513425948 36.048489399907098
decision_type=2 2 2 2 2 2
left_child=1 2 -1 5 -5 -2
right_child=3 -3 -4 4 -6 -7
leaf_value=0 0 0 0.00024530152759110911 1.5484720356857934e-06 -4.1761091779596098e-05 0.00013774749729528687
leaf_weight=92 65 50 320 4042 3539 325
leaf_count=92 65 50 320 4042 3539 325
internal_value=0 0.000110369 0.000164088 -4.14061e-06 -1.40596e-05 9.84717e-05
internal_weight=8433 462 412 7971 7581 390
internal_count=8433 462 412 7971 7581 390
is_linear=0
shrinkage=0.05


Tree=56
num_leaves=8
num_cat=0
split_feature=13 13 14 13 14 14 14
split_gain=0.00240197 0.00608547 0.0155325 0.0032774 0.00254074 0.00261536 0.0020392
threshold=0.66690935701482223 0.52555861591733211 10.315000057220461 -0.34746401527293019 16.090000152587894 12.184999942779543 24.689999580383304
decision_type=2 2 2 2 2 2 2
left_child=1 3 -3 -1 5 -2 -6
right_child=4 2 -4 -5 6 -7 -8
leaf_value=-3.7676705665764961e-05 0 0.00019655035672487298 -0.00029791095274402769 3.3834664287695172e-05 -0.00010707961732323544 0.00022877592574858092 0.00014260172682083473
leaf_weight=2509 468 133 554 4049 283 349 88
leaf_count=2509 468 133 554 4049 283 349 88
internal_value=0 -8.50644e-06 -0.000151095 1.13689e-06 6.78638e-05 0.000120197 0
internal_weight=8433 7245 687 6558 1188 817 371
internal_count=8433 7245 687 6558 1188 817 371
is_linear=0
shrinkage=0.05


Tree=57
num_leaves=7
num_cat=0
split_feature=4 13 13 13 10 3
split_gain=0.00239814 0.00307829 0.00741473 0.00174309 0.000426602 0.000480346
threshold=0.91497239675910857 0.66690935701482223 0.52555861591733211 1.6673540696553359 16.769840725763057 41.355345615276605
decision_type=2 2 2 2 2 2
left_child=4 2 -2 -3 -1 -6
right_child=1 3 -4 -5 5 -7
leaf_value=0 0 9.5837059785427298e-05 -0.00018470456685657305 0 0.00011726784997701432 0
leaf_weight=24 6052 981 636 129 584 27
leaf_count=24 6052 981 636 129 584 27
internal_value=0 -5.11637e-06 -2.19697e-05 6.48107e-05 9.53483e-05 0.000105769
internal_weight=8433 7798 6688 1110 635 611
internal_count=8433 7798 6688 1110 635 611
is_linear=0
shrinkage=0.05


Tree=58
num_leaves=8
num_cat=0
split_feature=1 13 6 15 12 6 12
split_gain=0.0021575 0.00447756 0.00297489 0.00176448 0.0027908 0.00250183 0.000644144
threshold=2.035343980403963 0.99327539973204104 0.64059772101454049 -8.3619150191687908 -9.8985610512600264 2.3605174521343941 0.92250754129638979
decision_type=2 2 2 2 2 2 2
left_child=3 2 -2 5 -5 -1 -3
right_child=1 6 -4 4 -6 -7 -8
leaf_value=0.00017609791996506222 0 0.00017114721843099689 -0.00019400109632076437 -6.3837054779494287e-05 1.9631957359749848e-05 0 0
leaf_weight=375 373 98 574 1164 5778 46 25
leaf_count=375 373 98 574 1164 5778 46 25
internal_value=0 -6.38199e-05 -0.000122502 1.18116e-05 5.81611e-07 0.000113366 0.000102714
internal_weight=8433 1070 947 7363 6942 421 123
internal_count=8433 1070 947 7363 6942 421 123
is_linear=0
shrinkage=0.05


Tree=59
num_leaves=8
num_cat=0
split_feature=5 15 13 13 16 14 14
split_gain=0.00225798 0.00687417 0.00312308 0.00460908 0.00280646 0.00148381 0.000537831
threshold=7.4865567663670181 -5.6626504776811126 0.66690935701482223 0.52555861591733211 -11.932738324230639 16.090000152587894 13.405000209808351
decision_type=2 2 2 2 2 2 2
left_child=2 6 3 -1 -3 -4 -2
right_child=1 4 5 -5 -6 -7 -8
leaf_value=9.0500608125689865e-06 0.00011425471944640929 0 0.00012433908000780309 -0.00012968085342136173 -0.00036313130796442825 0 0
leaf_weight=6194 101 73 780 653 220 326 86
leaf_count=6194 101 73 780 653 220 326 86
internal_value=0 -0.000102584 8.48449e-06 0 -0.000274681 8.69683e-05 0
internal_weight=8433 480 7953 6847 293 1106 187
internal_count=8433 480 7953 6847 293 1106 187
is_linear=0
shrinkage=0.05


Tree=60
num_leaves=8
num_cat=0
split_feature=14 14 0 1 15 14 13
split_gain=0.00211737 0.00690617 0.00486437 0.00453714 0.00353831 0.00222583 0.00132747
threshold=24.689999580383304 21.284999847412113 -1.1694796935287635 -1.3104991022491801 -0.054198473267125229 27.344999313354496 1.7720080047240796
decision_type=2 2 2 2 2 2 2
left_child=1 4 5 -3 -1 -2 -4
right_child=2 3 6 -5 -6 -7 -8
leaf_value=3.468762904335636e-05 -0.0002243410028875753 0 0.00042640594852855435 -0.00033360609447777545 -3.2132730268656449e-05 0.00019139821384610962 0
leaf_weight=4600 86 63 112 255 3252 29 36
leaf_count=4600 86 63 112 255 3252 29 36
internal_value=0 -2.35493e-06 0.000140727 -0.000232241 2.55571e-06 0 0.000340676
internal_weight=8433 8170 263 318 7852 115 148
internal_count=8433 8170 263 318 7852 115 148
is_linear=0
shrinkage=0.05


Tree=61
num_leaves=8
num_cat=0
split_feature=5 11 5 9 14 12 14
split_gain=0.00213673 0.00418842 0.0035546 0.0023301 0.00188995 0.00140221 0.00118614
threshold=4.8240300377050991 -13.066680098271762 7.4865567663670181 0.072729385788749698 11.899999618530275 5.7205774558771951 11.504999637603762
decision_type=2 2 2 2 2 2 2
left_child=4 3 -3 -2 6 -6 -1
right_child=1 2 -4 -5 5 -7 -8
leaf_value=9.1506820661969812e-06 0.00027186866016535959 -1.8644653121544918e-05 -0.00021474618603253118 0 1.8014939569374296e-05 0.00016694299229399166 -6.4982665581881882e-05
leaf_weight=2380 129 2250 384 113 2175 349 653
leaf_count=2380 129 2250 384 113 2175 349 653
internal_value=0 -3.27315e-05 -6.06524e-05 0.000125732 2.01563e-05 5.25794e-05 0
internal_weight=8433 2876 2634 242 5557 2524 3033
internal_count=8433 2876 2634 242 5557 2524 3033
is_linear=0
shrinkage=0.05


Tree=62
num_leaves=8
num_cat=0
split_feature=13 14 14 13 10 15 12
split_gain=0.00203549 0.00351429 0.00920905 0.0033108 0.00333862 0.00296637 0.00116547
threshold=-0.42021305351745969 24.689999580383304 22.804999351501468 -1.2448797960925293 40.07561815881558 -2.4626864317876804 -11.669513010174482
decision_type=2 2 2 2 2 2 2
left_child=3 2 -2 4 -1 -5 -3
right_child=1 6 -4 5 -6 -7 -8
leaf_value=0.00014368252508426609 1.7942955516733951e-05 0.00050408497315052405 -0.00048271282949656952 0 -4.8114078701828712e-05 -0.00013516858990580949 0
leaf_weight=390 6129 50 89 460 203 1032 80
leaf_count=390 6129 50 89 460 203 1032 80
internal_value=0 1.62131e-05 4.99701e-06 -4.04783e-05 1.92608e-05 -8.76428e-05 0.000279334
internal_weight=8433 6348 6218 2085 593 1492 130
internal_count=8433 6348 6218 2085 593 1492 130
is_linear=0
shrinkage=0.05


Tree=63
num_leaves=7
num_cat=0
split_feature=4 13 13 8 3 13
split_gain=0.00204561 0.00237121 0.00602839 0.0024109 0.000398913 9.47246e-05
threshold=0.86727167627783774 0.66690935701482223 0.52555861591733211 -0.26757422836211114 41.355345615276605 0.73574375614918763
decision_type=2 2 2 2 2 2
left_child=4 2 -2 -3 5 -1
right_child=1 3 -4 -5 -6 -7
leaf_value=0.0001087119595916543 0 0.00019023495826540066 -0.00016609764889158625 0 0 0
leaf_weight=521 6078 260 640 852 27 55
leaf_count=521 6078 260 640 852 27 55
internal_value=0 -4.61968e-06 -1.98236e-05 5.56855e-05 9.04248e-05 0.00010141
internal_weight=8433 7830 6718 1112 603 576
internal_count=8433 7830 6718 1112 603 576
is_linear=0
shrinkage=0.05


Tree=64
num_leaves=8
num_cat=0
split_feature=6 0 15 15 12 6 15
split_gain=0.00197652 0.00244473 0.00226602 0.00192877 0.0030747 0.000847743 0.000676547
threshold=0.38240518487887115 0.98490694424109859 -1.2040544053831534 3.777759855313906 4.952529958705413 0.43476660372560111 2.0065412485649028
decision_type=2 2 2 2 2 2 2
left_child=1 2 -1 5 -5 -2 -3
right_child=3 6 -4 4 -6 -7 -8
leaf_value=0.00015067334317521246 -7.9276583192813355e-05 -9.061194324371598e-05 0 -0.00015352871686536026 0 6.033003865406262e-06 0
leaf_weight=705 304 204 690 557 473 5389 111
leaf_count=705 304 204 690 557 473 5389 111
internal_value=0 4.99636e-05 8.62218e-05 -9.96309e-06 -7.29332e-05 0 0
internal_weight=8433 1710 1395 6723 1030 5693 315
internal_count=8433 1710 1395 6723 1030 5693 315
is_linear=0
shrinkage=0.05


Tree=65
num_leaves=8
num_cat=0
split_feature=13 14 14 14 12 3 12
split_gain=0.00187704 0.0031787 0.00449846 0.0024814 0.00394966 0.000749393 0.00037368
threshold=-0.34746401527293019 24.875000000000004 22.804999351501468 27.344999313354496 -8.3935593089884346 -14.210189440025976 -8.4974822496067706
decision_type=2 2 2 2 2 2 2
left_child=3 2 -2 4 -1 -5 -3
right_child=1 6 -4 5 -6 -7 -8
leaf_value=-0.00015506728031252465 1.9220013878418565e-05 0.00048656149111180155 -0.00026487163253260585 0.00041377308324930115 0 0 0
leaf_weight=694 5705 42 132 22 1773 20 45
leaf_count=694 5705 42 132 22 1773 20 45
internal_value=0 1.74226e-05 6.71276e-06 -3.39476e-05 -5.27178e-05 0.000225404 0.000326411
internal_weight=8433 5924 5837 2509 2467 42 87
internal_count=8433 5924 5837 2509 2467 42 87
is_linear=0
shrinkage=0.05


Tree=66
num_leaves=8
num_cat=0
split_feature=8 12 1 2 2 13 8
split_gain=0.00183563 0.0026008 0.00617541 0.00288257 0.00125144 0.00128628 0.000823239
threshold=-0.32838130158148321 -9.8985610512600264 2.8813483080345903 -1.0455608276583925 -12.503961665627299 0.7059614949185834 -0.41386927718545613
decision_type=2 2 2 2 2 2 2
left_child=4 3 -3 -2 6 -6 -1
right_child=1 2 -4 -5 5 -7 -8
leaf_value=0.00028415933503869419 -0.00013329102202241276 2.0169239856845993e-05 -0.00016465832248826941 0 0 0.00013143133389286905 0
leaf_weight=112 797 5425 486 297 1105 189 22
leaf_count=112 797 5425 486 297 1105 189 22
internal_value=0 -8.3368e-06 0 -7.9855e-05 5.35591e-05 8.03448e-06 0.000229241
internal_weight=8433 7005 5911 1094 1428 1294 134
internal_count=8433 7005 5911 1094 1428 1294 134
is_linear=0
shrinkage=0.05


Tree=67
num_leaves=7
num_cat=0
split_feature=4 15 13 13 10 3
split_gain=0.00177166 0.00229299 0.00292017 0.00197928 0.000371871 0.000415564
threshold=0.91497239675910857 -0.054198473267125229 0.13093769085575915 -0.89704472932619062 16.769840725763057 41.355345615276605
decision_type=2 2 2 2 2 2
left_child=4 3 -3 -2 -1 -6
right_child=1 2 -4 -5 5 -7
leaf_value=0 -5.9246424285893753e-05 -8.0310661536047996e-05 0 3.060569664388497e-05 0.00010333508469100974 0
leaf_weight=24 528 1923 1244 4103 584 27
leaf_count=24 528 1923 1244 4103 584 27
internal_value=0 -4.2418e-06 -4.01773e-05 1.27856e-05 8.20537e-05 9.2266e-05
internal_weight=8433 7798 3167 4631 635 611
internal_count=8433 7798 3167 4631 635 611
is_linear=0
shrinkage=0.05


Tree=68
num_leaves=6
num_cat=0
split_feature=14 14 1 4 1
split_gain=0.00172181 0.00538001 0.00394106 0.00379678 0.00255301
threshold=24.689999580383304 21.284999847412113 -1.3104991022491801 5.3674611470081954 2.4360456043047773
decision_type=2 2 2 2 2
left_child=1 4 -3 -2 -1
right_child=3 2 -4 -5 -6
leaf_value=1.5944255504836427e-05 0 0 -0.00030107110446484436 0.00032546696461772983 -7.5513037545320673e-05
leaf_weight=7043 135 63 255 128 809
leaf_count=7043 135 63 255 128 809
internal_value=0 -1.77449e-06 -0.00020496 0.000127068 2.04815e-06
internal_weight=8433 8170 318 263 7852
internal_count=8433 8170 318 263 7852
is_linear=0
shrinkage=0.05


Tree=69
num_leaves=8
num_cat=0
split_feature=6 2 1 7 12 12 7
split_gain=0.00164918 0.00276735 0.00237843 0.00303527 0.00209597 0.0015576 0.000203909
threshold=0.38240518487887115 -4.641107863388398 2.035343980403963 51.600094201289693 -15.30730152658602 -5.6422521604908598 34.807193715830316
decision_type=2 2 2 2 2 2 2
left_child=1 4 5 -4 -1 -2 -3
right_child=2 6 3 -5 -6 -7 -8
leaf_value=0 -3.0515056187012184e-05 -1.5681340434618278e-05 0 -0.00019042552737231482 0.00022393322681715281 2.2571350664924667e-05 2.0342655331193085e-05
leaf_weight=48 2179 299 503 386 312 3655 1051
leaf_count=48 2179 299 503 386 312 3655 1051
internal_value=0 4.57771e-05 -8.92239e-06 -8.52897e-05 0.000170358 0 0
internal_weight=8433 1710 6723 889 360 5834 1350
internal_count=8433 1710 6723 889 360 5834 1350
is_linear=0
shrinkage=0.05


Tree=70
num_leaves=8
num_cat=0
split_feature=5 1 14 14 5 14 6
split_gain=0.00184765 0.00390371 0.00319062 0.0022025 0.00168166 0.00120359 0.000827973
threshold=5.036084833629114 -1.4683906540780034 24.689999580383304 11.899999618530275 9.5920470366637094 11.504999637603762 1.735355353818594
decision_type=2 2 2 2 2 2 2
left_child=3 4 -3 5 -2 -1 -5
right_child=1 2 -4 6 -6 -7 -8
leaf_value=3.3722954070025045e-06 0.00013121324177516134 -9.2388534144197376e-05 5.6928248126582284e-05 6.342112203804715e-05 0 -6.6024425476365799e-05 0
leaf_weight=2484 375 2089 125 2331 23 682 324
leaf_count=2484 375 2089 125 2331 23 682 324
internal_value=0 -3.27893e-05 -6.81203e-05 1.76242e-05 7.5608e-05 -5.60979e-07 5.24663e-05
internal_weight=8433 2612 2214 5821 398 3166 2655
internal_count=8433 2612 2214 5821 398 3166 2655
is_linear=0
shrinkage=0.05


Tree=71
num_leaves=8
num_cat=0
split_feature=8 3 0 1 3 8 3
split_gain=0.00160158 0.00218371 0.00416522 0.00337558 0.00208408 0.00194465 0.000451448
threshold=-0.32838130158148321 -14.210189440025976 0.75860308569850776 2.8813483080345903 -15.090283186622548 -4.2184096721296189 -10.219593995602786
decision_type=2 2 2 2 2 2 2
left_child=4 2 -2 -3 5 -1 -6
right_child=1 3 -4 -5 6 -7 -8
leaf_value=0 -0.00019618711669509078 1.156264952779488e-05 0 -0.00012036465004271261 -4.4764985223048171e-05 0.00018438465253518249 2.8789400834298487e-05
leaf_weight=46 421 5903 155 526 263 400 719
leaf_count=46 421 5903 155 526 263 400 719
internal_value=0 -7.63711e-06 -0.000100758 0 5.01416e-05 0.000140196 0
internal_weight=8433 7005 576 6429 1428 446 982
internal_count=8433 7005 576 6429 1428 446 982
is_linear=0
shrinkage=0.05


Tree=72
num_leaves=7
num_cat=0
split_feature=13 14 14 1 14 12
split_gain=0.00153516 0.00281198 0.00739974 0.00263784 0.0023844 0.000950195
threshold=-0.34746401527293019 24.689999580383304 22.804999351501468 2.9844034100010384 11.97499990463257 -11.669513010174482
decision_type=2 2 2 2 2 2
left_child=3 2 -2 4 -1 -3
right_child=1 5 -4 -5 -6 -7
leaf_value=-7.4765871009337701e-05 1.7573446866773849e-05 0.00045559371569722247 -0.00043036753400663884 -0.00023835420120521568 2.2191697444946527e-05 0
leaf_weight=941 5705 50 89 155 1413 80
leaf_count=941 5705 50 89 155 1413 80
internal_value=0 1.59403e-05 4.50797e-06 -3.04757e-05 -1.7415e-06 0.000252531
internal_weight=8433 5924 5794 2509 2354 130
internal_count=8433 5924 5794 2509 2354 130
is_linear=0
shrinkage=0.05


Tree=73
num_leaves=8
num_cat=0
split_feature=5 11 1 13 13 3 4
split_gain=0.00160472 0.00563545 0.00595385 0.00241632 0.00397139 0.000812312 0.000566727
threshold=7.4865567663670181 -12.633167530101215 -0.42656247806369751 0.66690935701482223 0.52555861591733211 -17.71597148938632 3.3756389537231191
decision_type=2 2 2 2 2 2 2
left_child=3 5 -3 4 -1 -2 -5
right_child=1 2 -4 6 -6 -7 -8
leaf_value=8.5629302608902146e-06 0.00016668085325768014 0 -0.00033445620078615247 0 -0.00012026784546977777 0 0.00011567973137407227
leaf_weight=6194 79 90 287 518 653 24 588
leaf_count=6194 79 90 287 518 653 24 588
internal_value=0 -8.6112e-05 -0.000214533 7.41725e-06 0 4.57324e-05 7.64655e-05
internal_weight=8433 480 377 7953 6847 103 1106
internal_count=8433 480 377 7953 6847 103 1106
is_linear=0
shrinkage=0.05


Tree=74
num_leaves=7
num_cat=0
split_feature=2 3 13 14 14 8
split_gain=0.00144589 0.00248607 0.00158008 0.00270567 0.00205899 0.00019676
threshold=-10.371876540145069 -20.934741247009644 -0.38075793360717308 11.97499990463257 24.689999580383304 -1.4546956572218026
decision_type=2 2 2 2 2 2
left_child=1 5 3 -2 -4 -1
right_child=2 -3 4 -5 -6 -7
leaf_value=0 -0.00011141094787683496 0 0 0 0.00020775353803083633 0.00031163062501225389
leaf_weight=20 840 206 5723 1416 124 104
leaf_count=20 840 206 5723 1416 124 104
internal_value=0 0.000103943 -1.8502e-06 -4.04091e-05 7.05211e-06 0.000278917
internal_weight=8433 330 8103 2256 5847 124
internal_count=8433 330 8103 2256 5847 124
is_linear=0
shrinkage=0.05


Tree=75
num_leaves=8
num_cat=0
split_feature=5 2 13 4 12 1 7
split_gain=0.00153688 0.00521836 0.00530858 0.00169426 0.00105565 0.0022551 0.000982795
threshold=4.8240300377050991 2.2414534390936551 0.57361875596588796 8.2923030597453948 5.1574973956688064 0.07750999902347401 55.214345319278245
decision_type=2 2 2 2 2 2 2
left_child=4 3 -3 -2 6 -6 -1
right_child=1 2 -4 -5 5 -7 -8
leaf_value=1.9778715784578086e-05 -7.3271418423857046e-06 -0.00022245156509610693 0 0.00010662272896577355 0.00017980703839983166 0 -3.0601478784754695e-05
leaf_weight=3759 1815 572 127 362 308 429 1061
leaf_count=3759 1815 572 127 362 308 429 1061
internal_value=0 -2.69278e-05 -0.000146926 0 1.77698e-05 7.7028e-05 1.42231e-06
internal_weight=8433 2876 699 2177 5557 737 4820
internal_count=8433 2876 699 2177 5557 737 4820
is_linear=0
shrinkage=0.05


Tree=76
num_leaves=6
num_cat=0
split_feature=5 16 2 10 5
split_gain=0.00146852 0.00484178 0.00266764 0.00296867 0.00150088
threshold=9.5920470366637094 -10.573988647490117 -10.371876540145069 21.669909224078769 4.8240300377050991
decision_type=2 2 2 2 2
left_child=2 -2 3 -1 -4
right_child=1 -3 4 -5 -6
leaf_value=0 0 -0.00042495156921917404 1.4626605963258334e-05 0.00024339454544636941 -3.2170263853384324e-05
leaf_weight=46 76 84 5501 240 2486
leaf_count=46 76 84 5501 240 2486
internal_value=0 -0.000145419 5.44723e-06 0.000154949 0
internal_weight=8433 160 8273 286 7987
internal_count=8433 160 8273 286 7987
is_linear=0
shrinkage=0.05


Tree=77
num_leaves=7
num_cat=0
split_feature=4 13 13 14 12 10
split_gain=0.00142382 0.00173597 0.00535134 0.00187934 0.000305835 0.000317144
threshold=0.86727167627783774 0.66690935701482223 0.52555861591733211 16.125000000000004 33.786945859394571 16.769840725763057
decision_type=2 2 2 2 2 2
left_child=4 2 -2 -3 5 -1
right_child=1 3 -4 -5 -6 -7
leaf_value=0 0 9.7261099322848194e-05 -0.00015433186960408959 0 0 9.5669367936806235e-05
leaf_weight=22 6078 760 640 352 33 548
leaf_count=22 6078 760 640 352 33 548
internal_value=0 -3.25635e-06 -1.68723e-05 4.74669e-05 7.58042e-05 8.61074e-05
internal_weight=8433 7830 6718 1112 603 570
internal_count=8433 7830 6718 1112 603 570
is_linear=0
shrinkage=0.05


Tree=78
num_leaves=8
num_cat=0
split_feature=6 5 13 2 12 13 5
split_gain=0.00151571 0.00272572 0.00295753 0.00243189 0.00197461 0.000992127 0.000142317
threshold=0.38240518487887115 5.2821027916884846 -0.32979896608439913 -4.641107863388398 -15.30730152658602 0.7059614949185834 4.6640689580483361
decision_type=2 2 2 2 2 2 2
left_child=3 5 -3 4 -1 -2 -5
right_child=1 2 -4 6 -6 -7 -8
leaf_value=0 0 -0.00016187327085488075 0 2.1594151217406293e-05 0.00021364995280778699 6.6345282172155585e-05 0
leaf_weight=48 4513 556 1079 761 312 575 589
leaf_count=48 4513 556 1079 761 312 575 589
internal_value=0 -8.38283e-06 -6.64458e-05 4.4015e-05 0.000161112 3.41793e-06 0
internal_weight=8433 6723 1635 1710 360 5088 1350
internal_count=8433 6723 1635 1710 360 5088 1350
is_linear=0
shrinkage=0.05


Tree=79
num_leaves=8
num_cat=0
split_feature=0 14 4 13 2 14 12
split_gain=0.00153692 0.00478148 0.00671169 0.00357225 0.00587442 0.00309378 0.00143237
threshold=-1.7363571250931595 24.689999580383304 5.0010110635714158 -0.89704472932619062 -4.5492382497597283 27.344999313354496 -11.669513010174482
decision_type=2 2 2 2 2 2 2
left_child=3 2 -2 5 -5 -1 -3
right_child=1 6 -4 4 -6 -7 -8
leaf_value=-0.0001222007502704596 1.0463040525404186e-07 0.00049112157000292265 -0.0001150659235931434 0.00020967203381111132 0 0.00022374036844537073 0
leaf_weight=449 4970 53 1478 601 749 26 107
leaf_count=449 4970 53 1478 601 749 26 107
internal_value=0 -9.10241e-06 -2.08957e-05 4.24653e-05 9.35147e-05 -2.9031e-05 0.000244509
internal_weight=8433 6608 6448 1825 1350 475 160
internal_count=8433 6608 6448 1825 1350 475 160
is_linear=0
shrinkage=0.05


Tree=80
num_leaves=8
num_cat=0
split_feature=0 5 14 8 11 0 7
split_gain=0.00136029 0.00458446 0.00490385 0.00249301 0.00590041 0.0016323 0.00123394
threshold=-1.7363571250931595 6.8719105309563426 24.689999580383304 0.13698912279874972 -6.3455008864243174 3.6775626271185007 64.792554550122105
decision_type=2 2 2 2 2 2 2
left_child=3 5 -3 4 -1 -2 -5
right_child=1 2 -4 6 -6 -7 -8
leaf_value=0 -4.5581190261669729e-06 -0.00024150095602467646 0 -0.00010204955247032884 0.00018219058968528166 8.6888409819151839e-05 0
leaf_weight=694 5640 412 33 300 718 523 113
leaf_count=694 5640 412 33 300 718 523 113
internal_value=0 -8.0168e-06 -0.000163066 4.03591e-05 8.04348e-05 0 -1.20452e-05
internal_weight=8433 6608 445 1825 1412 6163 413
internal_count=8433 6608 445 1825 1412 6163 413
is_linear=0
shrinkage=0.05


Tree=81
num_leaves=8
num_cat=0
split_feature=6 5 15 15 12 14 14
split_gain=0.00139901 0.0023862 0.0030417 0.00154764 0.00153195 0.00121083 0.000437785
threshold=0.38240518487887115 5.036084833629114 3.777759855313906 -3.2118867322070526 -15.30730152658602 11.899999618530275 11.775000095367433
decision_type=2 2 2 2 2 2 2
left_child=3 5 -3 4 -1 -2 -5
right_child=1 2 -4 6 -6 -7 -8
leaf_value=0 -9.4750234119670044e-06 0 -0.00018390174415681984 -1.6462790348903646e-05 0.00015443498226913897 3.5834007735569349e-05 3.976098882887074e-05
leaf_weight=58 2621 1454 409 618 450 2239 584
leaf_count=58 2621 1454 409 618 450 2239 584
internal_value=0 -7.86723e-06 -5.81009e-05 4.24243e-05 0.00011674 4.2063e-06 0
internal_weight=8433 6723 1863 1710 508 4860 1202
internal_count=8433 6723 1863 1710 508 4860 1202
is_linear=0
shrinkage=0.05


Tree=82
num_leaves=8
num_cat=0
split_feature=6 5 8 2 4 13 9
split_gain=0.00125674 0.00221892 0.00385986 0.00195158 0.00132315 0.000816541 0.000127889
threshold=0.38240518487887115 5.3100174358345633 0.26167713621898842 -3.1368845030855517 2.4782662752311646 0.7059614949185834 0.77779605875983127
decision_type=2 2 2 2 2 2 2
left_child=3 5 -3 4 -1 -2 -5
right_child=1 2 -4 6 -6 -7 -8
leaf_value=0 0 0 -0.00022450940260819227 -3.7580090923863921e-06 0.00016054064226670161 5.950182448806495e-05 4.1564368323217775e-05
leaf_weight=128 4533 1302 307 985 422 581 175
leaf_count=128 4533 1302 307 985 422 581 175
internal_value=0 -7.71989e-06 -6.06469e-05 4.00136e-05 0.000117492 2.10827e-06 0
internal_weight=8433 6723 1609 1710 550 5114 1160
internal_count=8433 6723 1609 1710 550 5114 1160
is_linear=0
shrinkage=0.05


Tree=83
num_leaves=8
num_cat=0
split_feature=0 14 5 15 5 13 3
split_gain=0.00117586 0.00439422 0.00774086 0.00328522 0.00293442 0.00255269 0.00175873
threshold=-1.7363571250931595 24.689999580383304 6.8719105309563426 -5.3327789501911962 4.9530462600530365 -0.93968043077759511 -5.2904244805097909
decision_type=2 2 2 2 2 2 2
left_child=3 2 -2 5 -3 -1 -5
right_child=1 4 -4 6 -6 -7 -8
leaf_value=0 0 0 -0.0002295637287558796 -7.6978325751108969e-05 0.00042771502730359451 0.00018280006194000721 4.221700390392704e-05
leaf_weight=126 6036 73 412 546 87 510 643
leaf_count=126 6036 73 412 546 87 510 643
internal_value=0 -8.02349e-06 -1.95509e-05 3.70958e-05 0.000234989 0.000129668 0
internal_weight=8433 6608 6448 1825 160 636 1189
internal_count=8433 6608 6448 1825 160 636 1189
is_linear=0
shrinkage=0.05


Tree=84
num_leaves=8
num_cat=0
split_feature=10 10 13 13 14 7 13
split_gain=0.00121037 0.00221558 0.00255015 0.00142955 0.00300029 0.00137729 0.000319764
threshold=46.279332838704079 42.933765317857329 -1.2448797960925293 -0.89704472932619062 11.899999618530275 21.359368258784404 -2.1295115427365112
decision_type=2 2 2 2 2 2 2
left_child=1 2 -1 6 -5 -3 -2
right_child=3 5 -4 4 -6 -7 -8
leaf_value=0.00011886914401429751 0 0 -9.2907010048235952e-06 0 0.00013661884438961888 -0.0001595038139719377 -6.538289333295258e-05
leaf_weight=414 60 60 5760 856 729 369 185
leaf_count=414 60 60 5760 856 729 369 185
internal_value=0 -8.31451e-06 0 3.74494e-05 6.22169e-05 -0.000117944 0
internal_weight=8433 6603 6174 1830 1585 429 245
internal_count=8433 6603 6174 1830 1585 429 245
is_linear=0
shrinkage=0.05


Tree=85
num_leaves=8
num_cat=0
split_feature=6 2 0 6 2 10 0
split_gain=0.00115823 0.0026064 0.00113708 0.00477781 0.00174589 0.000887197 0.000197515
threshold=0.32835871134837574 -4.7347197622521255 3.8525887751308807 1.4454461541859669 4.0916168486195401 29.763917708896326 0.98490694424109859
decision_type=2 2 2 2 2 2 2
left_child=1 5 4 -4 -2 -1 -3
right_child=2 6 3 -5 -6 -7 -8
leaf_value=0 -1.3711578112577501e-06 1.7630703209018372e-05 0.00025026034877401063 0 -9.3366084984525927e-05 0.00023539485836087862 -3.0638748016427974e-05
leaf_weight=87 5791 898 210 311 708 202 226
leaf_count=87 5791 898 210 311 708 202 226
internal_value=0 4.26159e-05 -6.81124e-06 5.04867e-05 -1.68025e-05 0.000176699 0
internal_weight=8433 1413 7020 521 6499 289 1124
internal_count=8433 1413 7020 521 6499 289 1124
is_linear=0
shrinkage=0.05


Tree=86
num_leaves=7
num_cat=0
split_feature=4 6 14 0 3 14
split_gain=0.00108012 0.00161355 0.00378481 0.00373562 0.000223734 0.000151682
threshold=1.3211389294000782 2.2912357187302717 11.650000095367433 4.9654907863434525 41.355345615276605 9.4649996757507342
decision_type=2 2 2 2 2 2
left_child=4 3 -3 -2 5 -1
right_child=1 2 -4 -5 -6 -7
leaf_value=0 -5.0188576901382967e-06 0 -0.00021152758409751938 0.00021097820310882247 0 6.1749428151195929e-05
leaf_weight=28 6732 237 304 204 27 901
leaf_count=28 6732 237 304 204 27 901
internal_value=0 -5.11554e-06 -8.82571e-05 0 5.11312e-05 5.73673e-05
internal_weight=8433 7477 541 6936 956 929
internal_count=8433 7477 541 6936 956 929
is_linear=0
shrinkage=0.05


Tree=87
num_leaves=8
num_cat=0
split_feature=0 15 6 1 0 12 12
split_gain=0.00106799 0.00345556 0.001564 0.00131643 0.00354853 0.0012461 0.000957796
threshold=-2.163886260030417 -5.3327789501911962 2.4204367114876728 2.035343980403963 1.1220020814436402 -10.170022152154109 2.5222095238819677
decision_type=2 2 2 2 2 2 2
left_child=1 2 -1 6 -5 -3 -2
right_child=3 5 -4 4 -6 -7 -8
leaf_value=0.00018149736608870978 -8.5953658686901601e-06 -0.00011601975527615393 0 -0.00016060751077724789 0 1.2695194375806466e-05 3.8276295758098267e-05
leaf_weight=451 4745 222 53 481 469 619 1393
leaf_count=451 4745 222 53 481 469 619 1393
internal_value=0 4.1977e-05 0.000147525 -6.46653e-06 -6.13875e-05 0 0
internal_weight=8433 1345 504 7088 950 841 6138
internal_count=8433 1345 504 7088 950 841 6138
is_linear=0
shrinkage=0.05


Tree=88
num_leaves=7
num_cat=0
split_feature=13 13 0 8 5 13
split_gain=0.00109934 0.00321118 0.00170413 0.00279701 0.00279421 0.000717341
threshold=-0.42021305351745969 -0.45653670583505329 -1.7363571250931595 0.13698912279874972 6.8251279552749464 -1.2448797960925293
decision_type=2 2 2 2 2 2
left_child=1 5 3 -2 -4 -1
right_child=2 -3 4 -5 -6 -7
leaf_value=2.1914128455572606e-05 0.00012069968435673357 -0.00033204418481586301 9.7555369356584079e-06 0 -0.00013346445564562463 -3.2745572403166362e-05
leaf_weight=593 829 88 4895 260 364 1404
leaf_count=593 829 88 4895 260 364 1404
internal_value=0 -3.01319e-05 1.15935e-05 6.84637e-05 0 0
internal_weight=8433 2085 6348 1089 5259 1997
internal_count=8433 2085 6348 1089 5259 1997
is_linear=0
shrinkage=0.05


Tree=89
num_leaves=7
num_cat=0
split_feature=5 3 6 2 3 0
split_gain=0.00102999 0.00204489 0.00238589 0.00188215 0.00297723 0.00115415
threshold=9.5920470366637094 -19.556592866399772 0.2795448465625614 -10.371876540145069 -20.934741247009644 4.9415213587062725
decision_type=2 2 2 2 2 2
left_child=3 -2 -3 4 -1 -5
right_child=1 2 -4 5 -6 -7
leaf_value=0.0003367793351019457 0 0 -0.00041681036241173462 -5.3542709412347993e-06 0 8.2387427165710352e-05
leaf_weight=106 54 30 76 7596 180 391
leaf_count=106 54 30 76 7596 180 391
internal_value=0 -0.000123579 -0.000265034 3.49264e-06 0.000129184 0
internal_weight=8433 160 106 8273 286 7987
internal_count=8433 160 106 8273 286 7987
is_linear=0
shrinkage=0.05


Tree=90
num_leaves=8
num_cat=0
split_feature=6 0 8 13 13 16 1
split_gain=0.00102652 0.00174446 0.00166483 0.00162567 0.00657276 0.00167063 0.000780253
threshold=0.38240518487887115 0.98490694424109859 -0.011990187381141533 0.66690935701482223 0.52555861591733211 -12.886022838621296 1.5026181141738906
decision_type=2 2 2 2 2 2 2
left_child=1 2 -1 4 -2 -5 -3
right_child=3 6 -4 5 -6 -7 -8
leaf_value=0.00011281270119843612 0 -0.00010268380734064645 0 0.00020804510540539117 -0.00018783455111720244 0 0
leaf_weight=838 5216 183 557 133 543 831 132
leaf_count=838 5216 183 557 133 543 831 132
internal_value=0 3.55792e-05 6.83602e-05 -7.7038e-06 -2.2033e-05 4.15361e-05 0
internal_weight=8433 1710 1395 6723 5759 964 315
internal_count=8433 1710 1395 6723 5759 964 315
is_linear=0
shrinkage=0.05


Tree=91
num_leaves=8
num_cat=0
split_feature=13 1 0 6 0 14 5
split_gain=0.00100105 0.00218753 0.00218586 0.00384287 0.002376 0.00174129 0.000742964
threshold=-0.32979896608439913 2.9844034100010384 4.9654907863434525 1.8857306117806398 0.43865234902892419 11.97499990463257 5.0709175925305301
decision_type=2 2 2 2 2 2 2
left_child=1 5 4 -4 -2 -1 -3
right_child=2 6 3 -5 -6 -7 -8
leaf_value=-6.334605928792277e-05 2.8632013915590868e-05 0 0.00030226379688995495 0 -3.9406117351911874e-05 1.9506455540020272e-05 -0.00028995900917337013
leaf_weight=941 3641 54 173 126 1900 1494 104
leaf_count=941 3641 54 173 126 1900 1494 104
internal_value=0 -2.47208e-05 1.2527e-05 0.000145605 0 0 -0.00020998
internal_weight=8433 2593 5840 299 5541 2435 158
internal_count=8433 2593 5840 299 5541 2435 158
is_linear=0
shrinkage=0.05


Tree=92
num_leaves=8
num_cat=0
split_feature=13 13 3 1 10 4 1
split_gain=0.000919989 0.00288355 0.00198965 0.00174748 0.00144914 0.00134685 0.000258947
threshold=-0.42021305351745969 -0.45653670583505329 -25.669739137863107 0.33679879903686183 70.603625364944307 5.0010110635714158 0.3460242040763658
decision_type=2 2 2 2 2 2 2
left_child=1 3 4 -1 -2 -4 -3
right_child=2 6 5 -5 -6 -7 -8
leaf_value=1.7524268398658178e-05 0.00031588909309795531 -0.00037046715944281624 1.9615392448536838e-05 -7.5351856717361784e-05 0 -3.1378811605683522e-05 0
leaf_weight=1300 91 67 4604 697 32 1621 21
leaf_count=1300 91 67 4604 697 32 1621 21
internal_value=0 -2.78069e-05 1.03958e-05 0 0.000212739 7.09922e-07 -0.000313096
internal_weight=8433 2085 6348 1997 123 6225 88
internal_count=8433 2085 6348 1997 123 6225 88
is_linear=0
shrinkage=0.05


Tree=93
num_leaves=7
num_cat=0
split_feature=6 7 0 16 1 0
split_gain=0.00089991 0.00142227 0.00118304 0.00257696 0.00176587 0.000814013
threshold=0.11417524045379542 35.830820737921727 4.5454537914315978 18.284907607010826 0.9918777766388972 1.2683015861433125
decision_type=2 2 2 2 2 2
left_child=1 -1 4 -4 -2 -3
right_child=2 5 3 -5 -6 -7
leaf_value=0 0 0.00015318039733039812 0.00015093625849784269 0 -5.5668283823180896e-05 0
leaf_weight=84 5745 329 367 98 1767 43
leaf_count=84 5745 329 367 98 1767 43
internal_value=0 6.89274e-05 -3.04175e-06 6.48514e-05 -1.19185e-05 0.000123795
internal_weight=8433 456 7977 465 7512 372
internal_count=8433 456 7977 465 7512 372
is_linear=0
shrinkage=0.05


Tree=94
num_leaves=8
num_cat=0
split_feature=5 2 13 4 14 13 14
split_gain=0.000922253 0.00355012 0.00440419 0.00169094 0.00109886 0.00165758 0.000959637
threshold=4.8240300377050991 2.2414534390936551 0.57361875596588796 8.2923030597453948 11.899999618530275 0.30853621784847635 11.504999637603762
decision_type=2 2 2 2 2 2 2
left_child=4 3 -3 -2 6 -6 -1
right_child=1 2 -4 -5 5 -7 -8
leaf_value=5.7319808987442043e-06 -9.4834125593879708e-06 -0.00019261034538386611 0 0.00010566301109105514 6.8207347782177452e-05 0 -5.9525235979678821e-05
leaf_weight=2380 1815 572 127 362 1672 852 653
leaf_count=2380 1815 572 127 362 1672 852 653
internal_value=0 -2.21255e-05 -0.000121123 0 1.27009e-05 3.7981e-05 0
internal_weight=8433 2876 699 2177 5557 2524 3033
internal_count=8433 2876 699 2177 5557 2524 3033
is_linear=0
shrinkage=0.05


Tree=95
num_leaves=7
num_cat=0
split_feature=5 3 15 2 3 5
split_gain=0.000884091 0.00182973 0.00223526 0.00159517 0.00254692 0.0010251
threshold=9.5920470366637094 -19.556592866399772 -5.3327789501911962 -10.371876540145069 -20.934741247009644 3.2118188383298087
decision_type=2 2 2 2 2 2
left_child=3 -2 -3 4 -1 -5
right_child=1 2 -4 5 -6 -7
leaf_value=0.00031082252440480971 0 0 -0.00043159268898638071 2.2309677737351208e-05 0 -1.4744159713847345e-05
leaf_weight=106 54 42 64 2943 180 5044
leaf_count=106 54 42 64 2943 180 5044
internal_value=0 -0.000114705 -0.00024918 3.08468e-06 0.000118829 0
internal_weight=8433 160 106 8273 286 7987
internal_count=8433 160 106 8273 286 7987
is_linear=0
shrinkage=0.05


Tree=96
num_leaves=8
num_cat=0
split_feature=3 7 4 7 3 10 8
split_gain=0.000893752 0.00232962 0.00644373 0.00248949 0.00227095 0.00312858 5.25625e-05
threshold=12.093784070328295 51.925570790297002 4.281938387565309 43.279145448641451 27.877051758455089 26.778851189697537 0.85253972053859983
decision_type=2 2 2 2 2 2 2
left_child=1 3 -3 -1 5 -2 -6
right_child=4 2 -4 -5 6 -7 -8
leaf_value=-4.8020420464635915e-06 0 0 -0.00017799321359289051 6.4692059730147474e-05 -3.1916333100525682e-05 0.00019466526028122865 0
leaf_weight=3884 70 1634 681 1563 127 410 64
leaf_count=3884 70 1634 681 1563 127 410 64
internal_value=0 -3.94177e-06 -4.88504e-05 8.73231e-06 5.60427e-05 0.000127138 0
internal_weight=8433 7762 2315 5447 671 480 191
internal_count=8433 7762 2315 5447 671 480 191
is_linear=0
shrinkage=0.05


Tree=97
num_leaves=8
num_cat=0
split_feature=6 5 8 4 0 0 5
split_gain=0.000834352 0.00193587 0.00307159 0.00162019 0.00594873 0.000652195 0.000201087
threshold=0.38240518487887115 5.3100174358345633 0.26167713621898842 6.5549914244317202 0.98490694424109859 -1.7363571250931595 5.9041705922774517
decision_type=2 2 2 2 2 2 2
left_child=3 5 -3 6 -5 -2 -1
right_child=1 2 -4 4 -6 -7 -8
leaf_value=1.8734764113927988e-05 4.3429431435961522e-05 0 -0.0002040601096649671 0.00033409393135602967 0 0 -1.7848781740870875e-05
leaf_weight=1148 868 1302 307 183 70 4246 309
leaf_count=1148 868 1302 307 183 70 4246 309
internal_value=0 -7.30338e-06 -5.67479e-05 3.17626e-05 0.000150524 1.42802e-06 0
internal_weight=8433 6723 1609 1710 253 5114 1457
internal_count=8433 6723 1609 1710 253 5114 1457
is_linear=0
shrinkage=0.05


Tree=98
num_leaves=7
num_cat=0
split_feature=13 13 14 14 14 0
split_gain=0.000863924 0.00255678 0.00189522 0.00384316 0.000826687 0.000304778
threshold=-0.42021305351745969 -0.45653670583505329 24.875000000000004 18.230000495910648 27.344999313354496 3.8525887751308807
decision_type=2 2 2 2 2 2
left_child=1 4 3 -2 -1 -4
right_child=2 -3 5 -5 -6 -7
leaf_value=-1.9612373619949663e-05 1.5221754767919268e-05 -0.00029777795900008647 0 -0.00015868339596202474 0.00017280872946933172 0.00040501413295813217
leaf_weight=1955 5936 88 52 325 42 35
leaf_count=1955 5936 88 52 325 42 35
internal_value=0 -2.75888e-05 9.48522e-06 5.58408e-07 0 0.0002442
internal_weight=8433 2085 6348 6261 1997 87
internal_count=8433 2085 6348 6261 1997 87
is_linear=0
shrinkage=0.05


Tree=99
num_leaves=8
num_cat=0
split_feature=0 2 12 6 14 14 0
split_gain=0.000801062 0.00250814 0.00336039 0.00221557 0.00178064 0.00372636 0.00217834
threshold=-2.163886260030417 -9.1323548298673991 -12.89834483989233 2.4204367114876728 24.689999580383304 21.284999847412113 0.69064025136230511
decision_type=2 2 2 2 2 2 2
left_child=1 3 -3 -1 5 -2 -6
right_child=4 2 -4 -5 6 -7 -8
leaf_value=0.00024092028228403172 -2.9014652920030582e-06 -0.00017717016556252499 4.5075629885354187e-05 0 0 -0.00022061070658244654 0.00030480727033879891
leaf_weight=231 6701 209 873 32 76 220 91
leaf_count=231 6701 209 873 32 76 220 91
internal_value=0 3.56782e-05 0 0.000173586 -6.3736e-06 -1.49392e-05 0.000137487
internal_weight=8433 1345 1082 263 7088 6921 167
internal_count=8433 1345 1082 263 7088 6921 167
is_linear=0
shrinkage=0.05


Tree=100
num_leaves=8
num_cat=0
split_feature=5 14 11 0 14 14 6
split_gain=0.000846699 0.00402605 0.0066114 0.00160932 0.00152293 0.00327998 0.0024464
threshold=7.4865567663670181 13.480000019073488 -12.633167530101215 -1.1020331390817335 11.899999618530275 11.75500011444092 2.2269980668234908
decision_type=2 2 2 2 2 2 2
left_child=4 3 -3 -2 5 -1 -6
right_child=1 2 -4 -5 6 -7 -8
leaf_value=0 0.00016714238714590415 0 -0.00044392036849967559 -3.3584972037800961e-05 4.77624058230427e-05 -0.00016497880894651948 -6.7720259783785733e-05
leaf_weight=3770 136 54 143 147 3563 319 301
leaf_count=3770 136 54 143 147 3563 319 301
internal_value=0 -6.41062e-05 -0.000246033 0 4.13352e-06 -1.14572e-05 2.96828e-05
internal_weight=8433 480 197 283 7953 4089 3864
internal_count=8433 480 197 283 7953 4089 3864
is_linear=0
shrinkage=0.05


Tree=101
num_leaves=8
num_cat=0
split_feature=10 10 13 13 14 14 13
split_gain=0.000809048 0.00204826 0.00225661 0.0011524 0.00243848 0.000751879 0.000307837
threshold=46.279332838704079 42.933765317857329 -1.2448797960925293 -0.89704472932619062 11.899999618530275 10.300000190734865 -2.1295115427365112
decision_type=2 2 2 2 2 2 2
left_child=1 2 -1 6 -5 -3 -2
right_child=3 5 -4 4 -6 -7 -8
leaf_value=0.00011155445476281156 0 0 -8.9800562028627208e-06 0 0.00012015181224594655 -0.00014342973515667033 -6.415193783583738e-05
leaf_weight=414 60 69 5760 856 729 360 185
leaf_count=414 60 69 5760 856 729 360 185
internal_value=0 -8.22432e-06 0 2.93289e-05 5.29939e-05 -0.000113655 0
internal_weight=8433 6603 6174 1830 1585 429 245
internal_count=8433 6603 6174 1830 1585 429 245
is_linear=0
shrinkage=0.05


Tree=102
num_leaves=8
num_cat=0
split_feature=13 0 5 0 5 13 15
split_gain=0.000807555 0.00185271 0.00311408 0.00195061 0.00176366 0.00288542 0.00023194
threshold=-0.32979896608439913 4.9654907863434525 6.6856599889612971 0.43865234902892419 5.3100174358345633 -2.1295115427365112 -1.1078416397405253
decision_type=2 2 2 2 2 2 2
left_child=4 3 -3 -2 6 -6 -1
right_child=1 2 -4 -5 5 -7 -8
leaf_value=2.4580793264754365e-05 2.479232887389883e-05 0.00022909668918556794 0 -3.7237100805524961e-05 0 -0.00013788385479324928 -1.1131847023045235e-05
leaf_weight=729 3641 246 53 1900 67 684 1113
leaf_count=729 3641 246 53 1900 67 684 1113
internal_value=0 1.01291e-05 0.00013183 0 -2.33883e-05 -8.79805e-05 0
internal_weight=8433 5840 299 5541 2593 751 1842
internal_count=8433 5840 299 5541 2593 751 1842
is_linear=0
shrinkage=0.05


Tree=103
num_leaves=8
num_cat=0
split_feature=3 11 13 0 3 8 8
split_gain=0.00073056 0.00213025 0.00304006 0.00225271 0.00204299 0.00244173 5.09432e-05
threshold=12.093784070328295 2.2598389433769186 0.56784825743932965 3.8525887751308807 27.877051758455089 -0.11061484281958602 0.85253972053859983
decision_type=2 2 2 2 2 2 2
left_child=1 3 -3 -1 5 -2 -6
right_child=4 2 -4 -5 6 -7 -8
leaf_value=0 0 -0.00012105176822891564 0 0.00014643188024062785 -3.1420864214350907e-05 0.00018015846902573769 0
leaf_weight=6432 85 890 179 261 127 395 64
leaf_count=6432 85 890 179 261 127 395 64
internal_value=0 -4.43517e-06 -7.14712e-05 1.06214e-06 4.98687e-05 0.000118612 0
internal_weight=8433 7762 1069 6693 671 480 191
internal_count=8433 7762 1069 6693 671 480 191
is_linear=0
shrinkage=0.05


Tree=104
num_leaves=8
num_cat=0
split_feature=5 0 14 15 0 0 14
split_gain=0.000758699 0.00217903 0.00505135 0.00282799 0.00082868 0.000786904 0.000306098
threshold=3.2118188383298087 -1.5657351269726134 24.875000000000004 -5.3327789501911962 -0.56069475921523992 1.4763042190381688 11.039999961853029
decision_type=2 2 2 2 2 2 2
left_child=4 3 -3 -2 6 -6 -1
right_child=1 2 -4 -5 5 -7 -8
leaf_value=-5.0931815415285624e-05 0.00011690501601783245 -5.3962819347030045e-05 0.00026262250319123272 0 5.5684037051243473e-05 0 0
leaf_weight=293 594 3699 98 1095 1695 337 622
leaf_count=293 594 3699 98 1095 1695 337 622
internal_value=0 -1.10805e-05 -3.64449e-05 2.52185e-05 2.03642e-05 4.02466e-05 0
internal_weight=8433 5486 3797 1689 2947 2032 915
internal_count=8433 5486 3797 1689 2947 2032 915
is_linear=0
shrinkage=0.05


Tree=105
num_leaves=8
num_cat=0
split_feature=5 1 16 10 16 10 5
split_gain=0.000712542 0.00362213 0.00321119 0.000767255 0.00187449 0.000882093 0.000153267
threshold=7.4865567663670181 2.4360456043047773 -11.932738324230639 23.226551091822888 -5.157780569751357 46.279332838704079 9.5920470366637094
decision_type=2 2 2 2 2 2 2
left_child=3 6 -3 4 -1 -5 -2
right_child=1 2 -4 5 -6 -7 -8
leaf_value=-1.0238716730356691e-06 3.8150583669238808e-05 0 -0.00046704836639840984 -1.8306338964053634e-05 6.6063928970763237e-05 2.2032391528561022e-05 -1.422228006158239e-05
leaf_weight=611 245 36 84 4089 1535 1718 115
leaf_count=611 245 36 84 4089 1535 1718 115
internal_value=0 -5.89718e-05 -0.000296587 3.63509e-06 3.06856e-05 -3.43522e-07 0
internal_weight=8433 480 120 7953 2146 5807 360
internal_count=8433 480 120 7953 2146 5807 360
is_linear=0
shrinkage=0.05


Tree=106
num_leaves=8
num_cat=0
split_feature=6 4 1 13 13 14 12
split_gain=0.000708271 0.00148497 0.00205072 0.00144869 0.0060322 0.00207667 7.11032e-05
threshold=0.38240518487887115 6.5549914244317202 3.7415617783094812 0.66690935701482223 0.52555861591733211 18.590000152587894 6.1570122401855913
decision_type=2 2 2 2 2 2 2
left_child=1 6 -3 4 -2 -5 -1
right_child=3 2 -4 5 -6 -7 -8
leaf_value=0 0 0.00021620902580881903 0 9.7404221476964092e-05 -0.00018002547981627644 0 2.6454387151265065e-05
leaf_weight=1205 5216 217 36 694 543 270 252
leaf_count=1205 5216 217 36 694 543 270 252
internal_value=0 2.85785e-05 0.000141569 -7.44187e-06 -2.11725e-05 3.82277e-05 0
internal_weight=8433 1710 253 6723 5759 964 1457
internal_count=8433 1710 253 6723 5759 964 1457
is_linear=0
shrinkage=0.05


Tree=107
num_leaves=8
num_cat=0
split_feature=14 2 1 14 5 5 5
split_gain=0.00066695 0.00323301 0.0032207 0.00277291 0.00295954 0.00111045 0.000152698
threshold=10.300000190734865 -1.430926151588324 0.7005735788796893 10.84500026702881 7.1127317069614771 6.6538109716669451 3.0668158214331078
decision_type=2 2 2 2 2 2 2
left_child=1 2 -1 5 -5 -2 -3
right_child=3 6 -4 4 -6 -7 -8
leaf_value=0.00025112774361123034 -0.00011480816661356816 0 0 1.5021644552962209e-05 -0.00010828459577337826 0 -2.8319389715104369e-05
leaf_weight=276 755 396 98 5870 516 48 474
leaf_count=276 755 396 98 5870 516 48 474
internal_value=0 3.34942e-05 0.000158788 -6.1223e-06 0 -9.45852e-05 0
internal_weight=8433 1244 374 7189 6386 803 870
internal_count=8433 1244 374 7189 6386 803 870
is_linear=0
shrinkage=0.05


Tree=108
num_leaves=8
num_cat=0
split_feature=13 13 13 10 0 5 0
split_gain=0.000695118 0.00164551 0.00351465 0.00299946 0.00154282 0.00286395 0.00171796
threshold=-0.32979896608439913 -1.2448797960925293 -0.89704472932619062 40.07561815881558 4.9654907863434525 6.6856599889612971 0.43865234902892419
decision_type=2 2 2 2 2 2 2
left_child=1 3 -3 -1 6 -6 -2
right_child=4 2 -4 -5 5 -7 -8
leaf_value=0.0001367195473847933 2.3218689965507539e-05 -0.00017692348450830777 0 -4.104925268372272e-05 0.00021552945621373688 0 -3.5007393652895199e-05
leaf_weight=390 3641 444 1556 203 246 53 1900
leaf_count=390 3641 444 1556 203 246 53 1900
internal_value=0 -2.18101e-05 -5.08372e-05 1.71075e-05 9.28279e-06 0.00012036 0
internal_weight=8433 2593 2000 593 5840 299 5541
internal_count=8433 2593 2000 593 5840 299 5541
is_linear=0
shrinkage=0.05


Tree=109
num_leaves=7
num_cat=0
split_feature=5 8 3 3 12 12
split_gain=0.000661119 0.00211974 0.00247844 0.00196824 0.00049378 0.00168206
threshold=3.2118188383298087 -0.32838130158148321 12.093784070328295 -17.71597148938632 -8.0434130010647742 -2.6889328592530384
decision_type=2 2 2 2 2 2
left_child=4 3 -3 -2 -1 -6
right_child=1 2 -4 -5 5 -7
leaf_value=0 0.00014844847250048164 -5.0046813024214726e-05 4.1258388217621756e-05 0 9.1636544554387031e-05 0
leaf_weight=262 295 3850 502 839 767 1918
leaf_count=262 295 3850 502 839 767 1918
internal_value=0 -1.0756e-05 -3.14621e-05 3.78142e-05 1.85785e-05 2.89522e-05
internal_weight=8433 5486 4352 1134 2947 2685
internal_count=8433 5486 4352 1134 2947 2685
is_linear=0
shrinkage=0.05


Tree=110
num_leaves=8
num_cat=0
split_feature=6 5 15 2 12 12 15
split_gain=0.000656415 0.00162919 0.00193153 0.0014122 0.00163821 0.000415662 0.00011626
threshold=0.38240518487887115 5.036084833629114 3.777759855313906 -3.1368845030855517 -15.30730152658602 7.495598049008942 2.3723352080708642
decision_type=2 2 2 2 2 2 2
left_child=3 5 -3 4 -1 -2 -5
right_child=1 2 -4 6 -6 -7 -8
leaf_value=0 0 0 -0.00014993150056398009 -1.2791609073399402e-05 0.00013477621642853124 4.9591203007392953e-05 2.2484993698818316e-05
leaf_weight=61 4435 1454 409 869 489 425 291
leaf_count=61 4435 1454 409 869 489 425 291
internal_value=0 -7.19587e-06 -4.86286e-05 2.748e-05 9.34766e-05 1.50145e-06 0
internal_weight=8433 6723 1863 1710 550 4860 1160
internal_count=8433 6723 1863 1710 550 4860 1160
is_linear=0
shrinkage=0.05


Tree=111
num_leaves=8
num_cat=0
split_feature=0 15 5 4 7 0 7
split_gain=0.000621159 0.00218757 0.00208247 0.00149325 0.00100592 0.000830702 0.000495514
threshold=-2.163886260030417 -5.3327789501911962 6.8719105309563426 8.2923030597453948 7.3534451817729272 3.6775626271185007 25.575317106953438
decision_type=2 2 2 2 2 2 2
left_child=1 4 5 -4 -1 -2 -3
right_child=2 6 3 -5 -6 -7 -8
leaf_value=0 -4.0218735356466773e-06 -0.0001007669579151104 -0.00016887487118289555 0 0.0001393633895408648 6.1386998827774299e-05 0
leaf_weight=29 6079 120 321 165 475 523 721
leaf_count=29 6079 120 321 165 475 523 721
internal_value=0 3.08341e-05 -6.19668e-06 -0.000105954 0.000115495 0 0
internal_weight=8433 1345 7088 486 504 6602 841
internal_count=8433 1345 7088 486 504 6602 841
is_linear=0
shrinkage=0.05


Tree=112
num_leaves=8
num_cat=0
split_feature=13 13 13 10 14 14 0
split_gain=0.000644339 0.0014871 0.00312359 0.00274289 0.00139025 0.00324653 0.000172357
threshold=-0.32979896608439913 -1.2448797960925293 -0.89704472932619062 40.07561815881558 24.875000000000004 22.804999351501468 3.8525887751308807
decision_type=2 2 2 2 2 2 2
left_child=1 3 -3 -1 5 -2 -6
right_child=4 2 -4 -5 6 -7 -8
leaf_value=0.00013022468896048051 1.1484971659873137e-05 -0.00016787982726647915 0 -3.931041314486416e-05 0 -0.00023459425728499661 0.00034354699618258599
leaf_weight=390 5621 444 1556 203 52 132 35
leaf_count=390 5621 444 1556 203 52 132 35
internal_value=0 -2.10556e-05 -4.87657e-05 1.34276e-05 8.87724e-06 0 0.000210297
internal_weight=8433 2593 2000 593 5840 5753 87
internal_count=8433 2593 2000 593 5840 5753 87
is_linear=0
shrinkage=0.05


Tree=113
num_leaves=8
num_cat=0
split_feature=10 5 10 5 6 7 7
split_gain=0.000612669 0.00247733 0.00293406 0.00109067 0.00240127 0.000599937 0.000164604
threshold=46.279332838704079 3.9684466171918391 40.562115969501725 3.6070741651783993 2.2912357187302717 67.093337022237293 58.916287286081818
decision_type=2 2 2 2 2 2 2
left_child=1 5 -3 6 -5 -1 -2
right_child=3 2 -4 4 -6 -7 -8
leaf_value=2.7214867893388166e-05 -3.0007660765779846e-05 -9.9368509443251095e-06 -0.00017487405855622402 0.00010356739991780724 0 0 0
leaf_weight=3078 455 2784 418 920 97 323 358
leaf_count=3078 455 2784 418 920 97 323 358
internal_value=0 -7.50433e-06 -4.24879e-05 2.51601e-05 6.17569e-05 1.51528e-05 0
internal_weight=8433 6603 3202 1830 1017 3401 813
internal_count=8433 6603 3202 1830 1017 3401 813
is_linear=0
shrinkage=0.05


Tree=114
num_leaves=8
num_cat=0
split_feature=6 15 13 11 4 4 4
split_gain=0.000624828 0.00189725 0.00123321 0.00226464 0.00122444 0.000973003 7.83828e-05
threshold=0.32835871134837574 -2.2881244806195018 -0.34746401527293019 -6.9841472098726429 2.4782662752311646 5.0784253949193019 2.9600667076592528
decision_type=2 2 2 2 2 2 2
left_child=1 4 3 -2 -1 -4 -3
right_child=2 6 5 -5 -6 -7 -8
leaf_value=0 -0.00014234294656327102 0 2.0090406003899258e-05 0 0.00015257845022901653 -2.7740008572107215e-05 -2.1297982230416224e-05
leaf_weight=125 446 472 3606 1700 386 1268 430
leaf_count=125 446 472 3606 1700 386 1268 430
internal_value=0 2.94652e-05 -6.8923e-06 -3.98762e-05 0.000107891 4.62751e-07 0
internal_weight=8433 1413 7020 2146 511 4874 902
internal_count=8433 1413 7020 2146 511 4874 902
is_linear=0
shrinkage=0.05


Tree=115
num_leaves=7
num_cat=0
split_feature=6 7 8 11 13 8
split_gain=0.000575895 0.00116704 0.000982127 0.00298567 0.000769901 0.000307703
threshold=0.11417524045379542 35.830820737921727 -0.32838130158148321 -7.6171644095591793 0.7059614949185834 1.0065488311234827
decision_type=2 2 2 2 2 2
left_child=1 -1 4 -4 -2 -3
right_child=2 5 3 -5 -6 -7
leaf_value=0 0 0.00011879038094058948 -0.0001412474084562356 -6.9104741632462028e-07 0.00012001057783461297 0
leaf_weight=84 1148 352 453 6177 199 20
leaf_count=84 1148 352 453 6177 199 20
internal_value=0 5.34505e-05 -4.05577e-06 -1.56118e-05 2.68173e-05 0.0001063
internal_weight=8433 456 7977 6630 1347 372
internal_count=8433 456 7977 6630 1347 372
is_linear=0
shrinkage=0.05


Tree=116
num_leaves=7
num_cat=0
split_feature=9 16 10 11 1 1
split_gain=0.000621356 0.00187172 0.00161614 0.00160389 0.0032218 0.00112936
threshold=-0.032735728860482309 -9.7865058465731831 21.669909224078769 -7.6171644095591793 0.48447441085676962 0.10893534603785478
decision_type=2 2 2 2 2 2
left_child=1 2 -1 4 -2 -5
right_child=3 -3 -4 5 -6 -7
leaf_value=0 -0.00014068062724674466 0 0.0002957452788783046 2.4292675578183311e-05 0 -1.4689840680451422e-05
leaf_weight=39 614 255 114 3440 302 3669
leaf_count=39 614 255 114 3440 302 3669
internal_value=0 5.89819e-05 0.000198472 -3.9785e-06 -6.71289e-05 0
internal_weight=8433 408 153 8025 916 7109
internal_count=8433 408 153 8025 916 7109
is_linear=0
shrinkage=0.05


Tree=117
num_leaves=8
num_cat=0
split_feature=0 15 5 12 1 12 15
split_gain=0.000633559 0.00197673 0.0018759 0.00313848 0.00172828 0.000835222 0.000610174
threshold=-2.163886260030417 -5.3327789501911962 8.4696078493396119 -16.159840115309994 -0.051517496489714369 -10.170022152154109 -3.4212240271359602
decision_type=2 2 2 2 2 2 2
left_child=1 4 6 -4 -1 -3 -2
right_child=2 5 3 -5 -6 -7 -8
leaf_value=0 -3.2046752632309636e-05 -9.4978012257342938e-05 0 -0.00034346486380379312 0.00019562376404011792 1.041734942614931e-05 4.7005321758968119e-06
leaf_weight=231 1364 222 72 107 273 619 5545
leaf_count=231 1364 222 72 107 273 619 5545
internal_value=0 3.06007e-05 -6.74503e-06 -0.00016641 0.000110721 0 0
internal_weight=8433 1345 7088 179 504 841 6909
internal_count=8433 1345 7088 179 504 841 6909
is_linear=0
shrinkage=0.05


Tree=118
num_leaves=8
num_cat=0
split_feature=0 2 9 0 5 16 13
split_gain=0.000572961 0.00176084 0.00211586 0.0018564 0.001653 0.00128852 0.00119148
threshold=-2.163886260030417 -9.1323548298673991 -0.14697859898924118 -3.3181671108034387 8.4696078493396119 -15.078641216109615 0.7059614949185834
decision_type=2 2 2 2 2 2 2
left_child=1 2 -1 -3 6 -6 -2
right_child=4 3 -4 -5 5 -7 -8
leaf_value=0 -1.0336977934743499e-05 -7.1360269347193266e-05 0.00021659741839542645 6.0023158707004757e-05 0 -0.00023702654440378815 5.1333317367886594e-05
leaf_weight=34 6025 487 229 595 45 134 884
leaf_count=34 6025 487 229 595 45 134 884
internal_value=0 2.91616e-05 0.000144687 0 -6.36141e-06 -0.000156258 0
internal_weight=8433 1345 263 1082 7088 179 6909
internal_count=8433 1345 263 1082 7088 179 6909
is_linear=0
shrinkage=0.05


Tree=119
num_leaves=7
num_cat=0
split_feature=10 15 7 0 0 7
split_gain=0.000539926 0.00166766 0.00314807 0.000685091 0.000777426 0.000609427
threshold=46.279332838704079 3.777759855313906 59.700587782990787 -5.8029146349177294 -1.7078649697640558 51.600094201289693
decision_type=2 2 2 2 2 2
left_child=1 5 -3 -2 -5 -1
right_child=3 2 -4 4 -6 -7
leaf_value=1.2580110917799213e-05 0 -0.0001669043143745185 0 0.00010558783530399637 0 -2.330453077470341e-05
leaf_weight=4124 29 443 435 415 1386 1601
leaf_count=4124 29 443 435 415 1386 1601
internal_value=0 -7.35248e-06 -7.17176e-05 2.32787e-05 3.87369e-05 0
internal_weight=8433 6603 878 1830 1801 5725
internal_count=8433 6603 878 1830 1801 5725
is_linear=0
shrinkage=0.05


Tree=120
num_leaves=8
num_cat=0
split_feature=14 13 1 14 14 9 8
split_gain=0.000562535 0.00332736 0.0029251 0.002517 0.00314492 0.00161409 0.00065686
threshold=10.300000190734865 -0.013045006246314992 1.0698748287963005 11.039999961853029 11.204999923706056 0.95070873131085853 -0.088828072159669633
decision_type=2 2 2 2 2 2 2
left_child=1 6 -3 5 -5 -2 -1
right_child=3 2 -4 4 -6 -7 -8
leaf_value=0 -0.0001014817613526258 0.00015904552958990445 0 0.00019405461786328146 0 0 -7.7095667189086401e-05
leaf_weight=82 1025 645 173 207 5880 77 344
leaf_count=82 1025 645 173 207 5880 77 344
internal_value=0 3.03724e-05 0.000105075 -5.97735e-06 1.14918e-06 -7.69751e-05 -3.11158e-05
internal_weight=8433 1244 818 7189 6087 1102 426
internal_count=8433 1244 818 7189 6087 1102 426
is_linear=0
shrinkage=0.05


Tree=121
num_leaves=8
num_cat=0
split_feature=4 14 4 2 14 14 13
split_gain=0.000594047 0.00257173 0.00249474 0.00242621 0.00223406 0.00115172 0.000858807
threshold=8.2923030597453948 12.329999923706056 7.370180703513534 7.9810358626910221 21.284999847412113 11.534999847412111 1.2204103201609919
decision_type=2 2 2 2 2 2 2
left_child=2 5 4 -3 -1 -2 -4
right_child=1 3 6 -5 -6 -7 -8
leaf_value=7.9815005708113456e-06 2.210312368289763e-06 0.00023240689850695165 -0.00018085071654035299 0 -0.00010553358434057425 -0.00014995516880162544 0
leaf_weight=7075 205 254 259 35 459 126 20
leaf_count=7075 205 254 259 35 459 126 20
internal_value=0 4.62843e-05 -4.41953e-06 0.000163318 0 0 -0.000150793
internal_weight=8433 620 7813 289 7534 331 279
internal_count=8433 620 7813 289 7534 331 279
is_linear=0
shrinkage=0.05


Tree=122
num_leaves=8
num_cat=0
split_feature=3 3 9 7 1 7 8
split_gain=0.000536731 0.00181836 0.002677 0.00178651 0.00371853 0.00230103 5.96693e-05
threshold=12.093784070328295 27.877051758455089 0.86629480067394449 51.925570790297002 0.47684768122890231 43.279145448641451 0.85253972053859983
decision_type=2 2 2 2 2 2 2
left_child=3 2 -2 5 -5 -1 -3
right_child=1 6 -4 4 -6 -7 -8
leaf_value=-7.1264695554621878e-06 0.00020492216616669278 -3.4005605073532027e-05 0 0 -0.00012044446054443118 6.0586001981318381e-05 0
leaf_weight=3884 294 127 186 1371 944 1563 64
leaf_count=3884 294 127 186 1371 944 1563 64
internal_value=0 4.20775e-05 0.000109103 -4.3994e-06 -4.37119e-05 5.89533e-06 0
internal_weight=8433 671 480 7762 2315 5447 191
internal_count=8433 671 480 7762 2315 5447 191
is_linear=0
shrinkage=0.05


Tree=123
num_leaves=8
num_cat=0
split_feature=4 4 1 6 1 13 6
split_gain=0.000514018 0.00222722 0.00219561 0.00280823 0.0019869 0.00155634 0.000524817
threshold=8.2923030597453948 7.370180703513534 2.4360456043047773 0.92995277613289695 -0.37543341595778285 -0.89704472932619062 0.53551024053025487
decision_type=2 2 2 2 2 2 2
left_child=1 5 3 -2 -3 -1 -4
right_child=2 4 6 -5 -6 -7 -8
leaf_value=-6.1144839667845951e-05 0 0 0 0.00023902992603211241 -0.00022027487917611408 9.235746576760007e-06 -0.00011232009128994275
leaf_weight=887 246 61 35 237 218 6647 102
leaf_count=887 246 61 35 237 218 6647 102
internal_value=0 -4.22219e-06 4.29186e-05 0.000116961 -0.000142517 0 0
internal_weight=8433 7813 620 483 279 7534 137
internal_count=8433 7813 620 483 279 7534 137
is_linear=0
shrinkage=0.05


Tree=124
num_leaves=8
num_cat=0
split_feature=6 5 13 0 15 5 13
split_gain=0.000506556 0.00132271 0.00181426 0.00116961 0.00112225 0.000840112 0.000477233
threshold=0.38240518487887115 5.2821027916884846 -0.32979896608439913 0.98490694424109859 -1.2040544053831534 6.8719105309563426 0.7059614949185834
decision_type=2 2 2 2 2 2 2
left_child=3 6 -3 4 -1 -5 -2
right_child=1 2 -4 5 -6 -7 -8
leaf_value=9.714429369560377e-05 0 -0.00012097638481701507 0 0 0 -0.00017079389076873975 4.547236486370941e-05
leaf_weight=705 4513 556 1079 245 690 70 575
leaf_count=705 4513 556 1079 245 690 70 575
internal_value=0 -6.94171e-06 -4.70955e-05 2.34612e-05 5.2608e-05 0 0
internal_weight=8433 6723 1635 1710 1395 315 5088
internal_count=8433 6723 1635 1710 1395 315 5088
is_linear=0
shrinkage=0.05


Tree=125
num_leaves=8
num_cat=0
split_feature=10 5 10 5 13 7 7
split_gain=0.000483487 0.00203925 0.0025892 0.000970011 0.00287205 0.000513929 0.000164579
threshold=46.279332838704079 3.9684466171918391 40.562115969501725 3.6070741651783993 -0.65292674960414898 67.093337022237293 58.916287286081818
decision_type=2 2 2 2 2 2 2
left_child=1 5 -3 6 -5 -1 -2
right_child=3 2 -4 4 -6 -7 -8
leaf_value=2.4359268683441146e-05 -3.0005383224695648e-05 -7.7638256522111361e-06 -0.00016328609828414778 -2.131488429565971e-06 0.0001122070921066482 0 0
leaf_weight=3078 455 2784 418 187 830 323 358
leaf_count=3078 455 2784 418 187 830 323 358
internal_value=0 -7.15109e-06 -3.90793e-05 2.18039e-05 5.68729e-05 1.26292e-05 0
internal_weight=8433 6603 3202 1830 1017 3401 813
internal_count=8433 6603 3202 1830 1017 3401 813
is_linear=0
shrinkage=0.05


Tree=126
num_leaves=7
num_cat=0
split_feature=14 14 12 4 14 2
split_gain=0.000531612 0.00314209 0.00278088 0.00270081 0.00112262 0.000633476
threshold=24.689999580383304 21.284999847412113 -2.628576855047283 5.3674611470081954 19.425000190734867 -5.6342595132605249
decision_type=2 2 2 2 2 2
left_child=1 4 -3 -2 -1 -5
right_child=3 2 -4 5 -6 -7
leaf_value=-1.4654695531407676e-07 0 -0.00024666867938652346 0 0 0.00012185500028651584 0.00034153593812001555
leaf_weight=7665 135 243 75 48 187 80
leaf_count=7665 135 243 75 48 187 80
internal_value=0 -3.49324e-06 -0.000157668 6.81095e-05 0 0.00024778
internal_weight=8433 8170 318 263 7852 128
internal_count=8433 8170 318 263 7852 128
is_linear=0
shrinkage=0.05


Tree=127
num_leaves=8
num_cat=0
split_feature=0 2 9 0 2 6 3
split_gain=0.000523029 0.00151119 0.00195375 0.00164337 0.00120294 0.00302205 0.00100234
threshold=-2.163886260030417 -9.1323548298673991 -0.14697859898924118 -3.3181671108034387 -6.2144185301226331 0.3602425018839488 -2.8822819139506843
decision_type=2 2 2 2 2 2 2
left_child=1 2 -1 -3 5 -2 -6
right_child=4 3 -4 -5 6 -7 -8
leaf_value=0 0 -6.6914236783615274e-05 0.00020452492407516674 5.6694471557061387e-05 2.306218857466799e-05 -0.0001527258907937854 -1.6819957911788976e-05
leaf_weight=34 136 487 229 595 2686 464 3802
leaf_count=34 136 487 229 595 2686 464 3802
internal_value=0 2.72535e-05 0.000134283 0 -6.58118e-06 -7.42003e-05 0
internal_weight=8433 1345 263 1082 7088 600 6488
internal_count=8433 1345 263 1082 7088 600 6488
is_linear=0
shrinkage=0.05


Tree=128
num_leaves=7
num_cat=0
split_feature=6 14 14 14 12 1
split_gain=0.000462971 0.00271756 0.00191092 0.00408444 0.00339723 1.3083e-05
threshold=2.2912357187302717 14.159999847412109 11.899999618530275 10.300000190734865 5.7205774558771951 1.0964009342174559
decision_type=2 2 2 2 2 2
left_child=2 5 3 -1 -4 -2
right_child=1 -3 4 -5 -6 -7
leaf_value=4.7063832200083632e-05 9.8957876917246711e-06 -0.00025781215740218092 2.247967804282754e-06 -5.6328487647365468e-05 0.00015804981776265745 0
leaf_weight=1153 332 117 3390 2766 485 190
leaf_count=1153 332 117 3390 2766 485 190
internal_value=0 -4.172e-05 2.3136e-06 -1.69749e-05 3.08474e-05 0
internal_weight=8433 639 7794 3919 3875 522
internal_count=8433 639 7794 3919 3875 522
is_linear=0
shrinkage=0.05


Tree=129
num_leaves=7
num_cat=0
split_feature=4 6 14 14 10 3
split_gain=0.000482672 0.00116995 0.00318821 0.00145625 0.000319683 0.000269219
threshold=1.3211389294000782 2.2912357187302717 11.650000095367433 11.899999618530275 27.205810051354153 41.355345615276605
decision_type=2 2 2 2 2 2
left_child=4 3 -3 -2 -1 -6
right_child=1 2 -4 -5 5 -7
leaf_value=0 -2.2484908610132673e-05 0 -0.00019033417363424355 2.3312502001286023e-05 6.2118163201404069e-05 0
leaf_weight=286 3456 237 304 3480 643 27
leaf_count=286 3456 237 304 3480 643 27
internal_value=0 -5.04154e-06 -7.57403e-05 0 3.25754e-05 5.19815e-05
internal_weight=8433 7477 541 6936 956 670
internal_count=8433 7477 541 6936 956 670
is_linear=0
shrinkage=0.05


Tree=130
num_leaves=7
num_cat=0
split_feature=9 7 14 0 0 14
split_gain=0.000488931 0.00110879 0.00222058 0.00104265 0.00077343 0.000230712
threshold=-0.032735728860482309 30.399046496603109 11.204999923706056 -1.9748992909275396 -1.5944658115235881 10.704999923706056
decision_type=2 2 2 2 2 2
left_child=4 2 -2 -3 5 -1
right_child=1 3 -4 -5 -6 -7
leaf_value=0 0 5.2384918513873073e-05 -8.3767978522747286e-05 -1.8455790802315558e-06 0 0.00011741989892691367
leaf_weight=28 347 942 1197 5539 118 262
leaf_count=28 347 942 1197 5539 118 262
internal_value=0 -3.4002e-06 -4.30261e-05 6.51706e-07 5.24875e-05 0.000102421
internal_weight=8433 8025 1544 6481 408 290
internal_count=8433 8025 1544 6481 408 290
is_linear=0
shrinkage=0.05


Tree=131
num_leaves=6
num_cat=0
split_feature=5 16 13 10 13
split_gain=0.000463019 0.00310614 0.000585115 0.00414948 0.00315477
threshold=9.5920470366637094 -10.573988647490117 -1.2448797960925293 40.07561815881558 -0.89704472932619062
decision_type=2 2 2 2 2
left_child=2 -2 3 -1 -4
right_child=1 -3 4 -5 -6
leaf_value=0.00017925467642063942 0 -0.00032191801069677965 -0.00013371650869301575 -1.0618230139447069e-05 5.219925454939246e-06
leaf_weight=366 76 84 428 197 7282
leaf_count=366 76 84 428 197 7282
internal_value=0 -8.41413e-05 1.13312e-06 5.10667e-05 0
internal_weight=8433 160 8273 563 7710
internal_count=8433 160 8273 563 7710
is_linear=0
shrinkage=0.05


Tree=132
num_leaves=8
num_cat=0
split_feature=8 5 7 5 15 1 15
split_gain=0.000478837 0.00213972 0.00202782 0.00134461 0.00187512 0.000574078 0.000437331
threshold=-0.32838130158148321 3.441436951155433 40.798321750950628 3.441436951155433 -0.88374361327674944 0.50234068512002283 -0.78521096751090746
decision_type=2 2 2 2 2 2 2
left_child=3 5 -3 6 -5 -2 -1
right_child=1 2 -4 4 -6 -7 -8
leaf_value=-6.7494670381014062e-05 3.462151180238968e-05 -8.3130841756287976e-05 0 0.0001020972447153651 0 0 0
leaf_weight=238 2123 1381 2646 861 201 855 128
leaf_count=238 2123 1381 2646 861 201 855 128
internal_value=0 -5.98064e-06 -3.33755e-05 2.57267e-05 6.36307e-05 1.93166e-05 0
internal_weight=8433 7005 4027 1428 1062 2978 366
internal_count=8433 7005 4027 1428 1062 2978 366
is_linear=0
shrinkage=0.05


Tree=133
num_leaves=8
num_cat=0
split_feature=4 5 15 1 7 13 6
split_gain=0.000492055 0.00377753 0.00299371 0.00204957 0.00334856 0.000697848 0.000423232
threshold=8.2923030597453948 7.392105859785973 -12.088639283877692 2.4360456043047773 71.623090708410132 0.19340332375729077 0.53551024053025487
decision_type=2 2 2 2 2 2 2
left_child=1 5 -3 4 -2 -1 -5
right_child=3 2 -4 6 -6 -7 -8
leaf_value=-8.8199919272547946e-06 0.00018106101423611844 0 -0.00025768412042573161 0 0 2.2061423200711499e-05 -0.00010086551744069978
leaf_weight=4675 443 48 255 35 40 2835 102
leaf_count=4675 443 48 255 35 40 2835 102
internal_value=0 -4.18679e-06 -0.000177236 4.19222e-05 0.00011322 0 0
internal_weight=8433 7813 303 620 483 7510 137
internal_count=8433 7813 303 620 483 7510 137
is_linear=0
shrinkage=0.05


Tree=134
num_leaves=7
num_cat=0
split_feature=10 8 8 5 0 0
split_gain=0.000435285 0.00174195 0.00122052 0.0011635 0.00236375 0.000915801
threshold=61.428908706396236 -0.025594801037132537 -4.2184096721296189 3.5351747929126538 -1.5657351269726134 -0.56069475921523992
decision_type=2 2 2 2 2 2
left_child=3 2 -2 5 -5 -1
right_child=1 -3 -4 4 -6 -7
leaf_value=-1.0659376166950449e-06 0 0 0.0001740130146962643 1.184046287927737e-05 -5.1307557951830803e-05 3.6570264600887666e-05
leaf_weight=1097 20 348 274 1476 3127 2091
leaf_count=1097 20 348 274 1476 3127 2091
internal_value=0 3.84329e-05 0.000133888 -4.19236e-06 -2.34617e-05 1.26552e-05
internal_weight=8433 642 294 7791 4603 3188
internal_count=8433 642 294 7791 4603 3188
is_linear=0
shrinkage=0.05


Tree=135
num_leaves=8
num_cat=0
split_feature=6 2 13 13 14 7 0
split_gain=0.000437958 0.00164522 0.000950819 0.00505668 0.00169648 0.000578652 0.000149734
threshold=0.32835871134837574 -3.1368845030855517 0.66690935701482223 0.52555861591733211 17.210000038146976 17.964986023213786 0.31427760005252436
decision_type=2 2 2 2 2 2 2
left_child=1 5 3 -2 -4 -1 -3
right_child=2 6 4 -5 -6 -7 -8
leaf_value=0 0 0 8.6052720914411659e-05 -0.0001577774467409615 0 0.00012456612317947359 -3.3578475760931325e-05
leaf_weight=32 5449 640 679 579 313 411 330
leaf_count=32 5449 640 679 579 313 411 330
internal_value=0 2.4491e-05 -5.9208e-06 -1.73805e-05 2.83989e-05 0.000105594 0
internal_weight=8433 1413 7020 6028 992 443 970
internal_count=8433 1413 7020 6028 992 443 970
is_linear=0
shrinkage=0.05


Tree=136
num_leaves=8
num_cat=0
split_feature=6 4 0 5 15 6 0
split_gain=0.000395607 0.00159096 0.00585831 0.00107775 0.00165175 0.000356814 0.000115011
threshold=0.38240518487887115 5.983303852963096 0.98490694424109859 5.036084833629114 3.777759855313906 0.88074072987626117 -0.18555488703788328
decision_type=2 2 2 2 2 2 2
left_child=1 6 -3 5 -5 -2 -1
right_child=3 2 -4 4 -6 -7 -8
leaf_value=-1.78362636714356e-05 -5.0008566966733907e-06 0.0002881386108840918 0 0 -0.00013135445011795813 1.870279624084966e-05 1.041132351010539e-05
leaf_weight=650 2490 231 92 1454 409 2370 737
leaf_count=650 2490 231 92 1454 409 2370 737
internal_value=0 2.05274e-05 0.000120241 -6.30835e-06 -3.98523e-05 0 0
internal_weight=8433 1710 323 6723 1863 4860 1387
internal_count=8433 1710 323 6723 1863 4860 1387
is_linear=0
shrinkage=0.05


Tree=137
num_leaves=8
num_cat=0
split_feature=3 16 10 7 5 7 7
split_gain=0.000398421 0.00190488 0.00252307 0.00167573 0.0050113 0.00197681 2.16729e-05
threshold=12.093784070328295 29.677608274251046 26.778851189697537 51.925570790297002 5.9396736052758419 43.279145448641451 85.101987027769283
decision_type=2 2 2 2 2 2 2
left_child=3 2 -2 5 -5 -1 -3
right_child=1 6 -4 4 -6 -7 -8
leaf_value=-5.9708578974389019e-06 0 -2.1994781210586183e-05 0.00016405719026617888 0 -0.00024866594604423478 5.6344321502205536e-05 0
leaf_weight=3884 70 110 441 2047 268 1563 50
leaf_count=3884 70 110 441 2047 268 1563 50
internal_value=0 3.56089e-05 0.000104626 -4.28708e-06 -4.24087e-05 5.50121e-06 0
internal_weight=8433 671 511 7762 2315 5447 160
internal_count=8433 671 511 7762 2315 5447 160
is_linear=0
shrinkage=0.05


Tree=138
num_leaves=8
num_cat=0
split_feature=14 14 0 12 14 14 14
split_gain=0.000435951 0.00268705 0.00248577 0.00245214 0.00158306 0.00095148 0.000849576
threshold=24.689999580383304 21.284999847412113 -1.1694796935287635 -2.628576855047283 27.344999313354496 19.425000190734867 24.875000000000004
decision_type=2 2 2 2 2 2 2
left_child=1 5 4 -3 -2 -1 -4
right_child=2 3 6 -5 -6 -7 -8
leaf_value=-4.4174512167154109e-07 -0.00020943598928914242 -0.00022990878812338548 0 0 5.6133546693731286e-05 0.00011215079812457412 0.00028601929961025651
leaf_weight=7665 86 243 36 75 29 187 112
leaf_count=7665 86 243 36 75 29 187 112
internal_value=0 -3.53722e-06 6.10484e-05 -0.000145987 0 0 0.00021912
internal_weight=8433 8170 263 318 115 7852 148
internal_count=8433 8170 263 318 115 7852 148
is_linear=0
shrinkage=0.05


Tree=139
num_leaves=8
num_cat=0
split_feature=0 12 14 3 14 4 0
split_gain=0.000405313 0.00135577 0.00244118 0.00226015 0.00113246 0.00283979 0.00180228
threshold=-2.163886260030417 -10.002563261250453 11.899999618530275 -20.403721702655343 24.689999580383304 5.0010110635714158 0.69064025136230511
decision_type=2 2 2 2 2 2 2
left_child=1 3 -3 -1 5 -2 -6
right_child=4 2 -4 -5 6 -7 -8
leaf_value=7.792009133762415e-05 0 0 0.00015450256869295193 -0.00011400317568980817 0 -7.2776544914214251e-05 0.00025985969349451527
leaf_weight=173 5333 394 427 351 76 1588 91
leaf_count=173 5333 394 427 351 76 1588 91
internal_value=0 2.35696e-05 7.09056e-05 0 -6.11353e-06 -1.38179e-05 0.000102464
internal_weight=8433 1345 821 524 7088 6921 167
internal_count=8433 1345 821 524 7088 6921 167
is_linear=0
shrinkage=0.05


Tree=140
num_leaves=7
num_cat=0
split_feature=9 11 1 1 1 1
split_gain=0.000415399 0.00124393 0.00295485 0.00113812 0.00133883 0.000773578
threshold=-0.032735728860482309 -7.6171644095591793 0.48447441085676962 0.7005735788796893 -0.4889385957146179 0.10893534603785478
decision_type=2 2 2 2 2 2
left_child=3 2 -2 4 -1 -3
right_child=1 5 -4 -5 -6 -7
leaf_value=0 -0.00013117002978103078 2.023083921472937e-05 0 0 0.00018513487348627679 -1.1960847627423904e-05
leaf_weight=108 614 3440 302 94 206 3669
leaf_count=108 614 3440 302 94 206 3669
internal_value=0 -3.55933e-06 -5.91471e-05 4.78005e-05 0.000109402 0
internal_weight=8433 8025 916 408 314 7109
internal_count=8433 8025 916 408 314 7109
is_linear=0
shrinkage=0.05


Tree=141
num_leaves=8
num_cat=0
split_feature=8 11 12 3 8 0 3
split_gain=0.000430523 0.0023167 0.00321521 0.00128977 0.00172085 0.000720425 7.92313e-05
threshold=-0.32838130158148321 -7.6171644095591793 -28.979869847934072 -17.71597148938632 -4.2184096721296189 -2.1233157325056742 -8.7018322416755485
decision_type=2 2 2 2 2 2 2
left_child=3 2 -2 4 -1 -3 -5
right_child=1 5 -4 6 -6 -7 -8
leaf_value=0 0 4.5930808853840828e-05 -0.0001809927164779998 -1.6972102927672017e-05 0.00017023791757992516 -4.5606228037155174e-06 9.8212938795606721e-06
leaf_weight=32 30 795 428 471 286 5752 639
leaf_count=32 30 795 428 471 286 5752 639
internal_value=0 -6.04834e-06 -0.000114665 2.3946e-05 0.000112422 0 0
internal_weight=8433 7005 458 1428 318 6547 1110
internal_count=8433 7005 458 1428 318 6547 1110
is_linear=0
shrinkage=0.05


Tree=142
num_leaves=8
num_cat=0
split_feature=4 5 15 14 1 14 14
split_gain=0.000412347 0.00328317 0.0027456 0.00214946 0.00371304 0.00108257 0.000533119
threshold=8.2923030597453948 7.392105859785973 -14.277860170129246 12.329999923706056 2.4360456043047773 11.534999847412111 11.899999618530275
decision_type=2 2 2 2 2 2 2
left_child=1 6 -3 5 -5 -2 -1
right_child=3 2 -4 4 -6 -7 -8
leaf_value=-1.001599718441456e-05 0 0 -0.0002354844303892048 0.00026782061954833521 0 -0.00014540985575195011 1.6125828382257859e-05
leaf_weight=3887 205 31 272 215 74 126 3623
leaf_count=3887 205 31 272 215 74 126 3623
internal_value=0 -3.9541e-06 -0.000165263 3.82217e-05 0.000146931 0 0
internal_weight=8433 7813 303 620 289 331 7510
internal_count=8433 7813 303 620 289 331 7510
is_linear=0
shrinkage=0.05


Tree=143
num_leaves=8
num_cat=0
split_feature=14 14 8 1 9 8 8
split_gain=0.000379533 0.00216221 0.00166649 0.00105322 0.00102722 0.000964422 7.94838e-06
threshold=10.300000190734865 10.799999713897707 -0.031592740945798684 2.2026293226196056 0.95070873131085853 1.1322426636976959 0.13698912279874972
decision_type=2 2 2 2 2 2 2
left_child=2 4 3 -1 -2 -3 -4
right_child=1 5 6 -5 -6 -7 -8
leaf_value=0.00013987920803800952 -0.00011042064438703138 0 -6.7743161548973345e-06 0 0 0.0001006503062794267 0
leaf_weight=384 668 6233 431 39 52 236 390
leaf_count=384 668 6233 431 39 52 236 390
internal_value=0 -5.21469e-06 2.45879e-05 0.000107589 -8.80779e-05 0 0
internal_weight=8433 7189 1244 423 720 6469 821
internal_count=8433 7189 1244 423 720 6469 821
is_linear=0
shrinkage=0.05


Tree=144
num_leaves=8
num_cat=0
split_feature=10 5 10 5 6 12 7
split_gain=0.000372688 0.00160021 0.0022873 0.000925088 0.00209243 0.000456308 0.000152806
threshold=46.279332838704079 3.9684466171918391 40.562115969501725 3.6070741651783993 2.2912357187302717 -2.8462640322948212 58.916287286081818
decision_type=2 2 2 2 2 2 2
left_child=1 5 -3 6 -5 -1 -2
right_child=3 2 -4 4 -6 -7 -8
leaf_value=3.288518946203993e-05 -2.8912285889131274e-05 -4.8461478243011608e-06 -0.00015085655580527861 9.4366217073335622e-05 0 0 0
leaf_weight=1386 455 2784 418 920 97 2015 358
leaf_count=1386 455 2784 418 920 97 2015 358
internal_value=0 -6.33568e-06 -3.4913e-05 1.90751e-05 5.40718e-05 1.02891e-05 0
internal_weight=8433 6603 3202 1830 1017 3401 813
internal_count=8433 6603 3202 1830 1017 3401 813
is_linear=0
shrinkage=0.05


Tree=145
num_leaves=8
num_cat=0
split_feature=13 1 14 14 14 6 5
split_gain=0.000364495 0.00128389 0.00101093 0.00100145 0.00453585 0.000546093 0.000335527
threshold=-0.32979896608439913 2.9844034100010384 11.97499990463257 24.689999580383304 22.804999351501468 0.38873706617515985 5.5965047548765527
decision_type=2 2 2 2 2 2 2
left_child=1 2 -1 4 -2 -3 -5
right_child=3 5 -4 6 -6 -7 -8
leaf_value=-4.6837319042421611e-05 8.3012806606753226e-06 0 1.7509113978333449e-05 0 -0.00034691963588037267 -0.00020247320315616509 0.00022817086476339577
leaf_weight=941 5621 31 1494 64 89 127 66
leaf_count=941 5621 31 1494 64 89 127 66
internal_value=0 -1.65811e-05 0 5.81853e-06 0 -0.000156588 0.000143056
internal_weight=8433 2593 2435 5840 5710 158 130
internal_count=8433 2593 2435 5840 5710 158 130
is_linear=0
shrinkage=0.05


Tree=146
num_leaves=8
num_cat=0
split_feature=6 15 13 13 14 7 10
split_gain=0.000335932 0.00143975 0.000815892 0.00176076 0.00064538 0.000518124 6.91786e-05
threshold=0.32835871134837574 -2.2881244806195018 -0.34746401527293019 -1.2448797960925293 9.865000247955324 24.494564566750537 18.473174074565513
decision_type=2 2 2 2 2 2 2
left_child=1 5 3 -2 -4 -1 -3
right_child=2 6 4 -5 -6 -7 -8
leaf_value=0 0 0 6.9296000234490279e-05 -6.3952972236346471e-05 0 0.0001129677123263061 -1.4749335404086204e-05
leaf_weight=80 522 109 334 1624 4540 431 793
leaf_count=80 522 109 334 1624 4540 431 793
internal_value=0 2.11195e-05 -5.45159e-06 -3.23536e-05 0 9.08108e-05 0
internal_weight=8433 1413 7020 2146 4874 511 902
internal_count=8433 1413 7020 2146 4874 511 902
is_linear=0
shrinkage=0.05


Tree=147
num_leaves=8
num_cat=0
split_feature=8 11 16 5 15 9 14
split_gain=0.000344136 0.00205418 0.00272407 0.00117815 0.00170004 0.000498828 0.000456219
threshold=-0.32838130158148321 -7.6171644095591793 -27.476679334852182 3.441436951155433 -0.88374361327674944 0.30687922597473699 10.315000057220461
decision_type=2 2 2 2 2 2 2
left_child=3 2 -2 6 -5 -3 -1
right_child=1 5 -4 4 -6 -7 -8
leaf_value=0 0 2.2175359622309478e-05 -0.00016982191539641344 9.543477250190238e-05 0 -7.3067789923718611e-06 -6.1151451014696074e-05
leaf_weight=63 39 2045 419 861 201 4502 303
leaf_count=63 39 2045 419 861 201 4502 303
internal_value=0 -5.28588e-06 -0.000107655 2.15575e-05 5.82477e-05 0 0
internal_weight=8433 7005 458 1428 1062 6547 366
internal_count=8433 7005 458 1428 1062 6547 366
is_linear=0
shrinkage=0.05


Tree=148
num_leaves=8
num_cat=0
split_feature=0 16 14 0 14 4 8
split_gain=0.000392213 0.00205121 0.00165518 0.00124453 0.00105572 0.000816948 2.49634e-05
threshold=4.5454537914315978 18.284907607010826 9.995000362396242 2.6836458364518996 9.9200000762939471 1.630434691144256 0.94486658456439987
decision_type=2 2 2 2 2 2 2
left_child=3 2 -2 4 -1 -5 -3
right_child=1 6 -4 5 -6 -7 -8
leaf_value=7.1163020682870411e-05 0 -3.1227085347609355e-05 0.00016912382399859269 0 -3.8932206901076712e-06 -0.00011972395411514618 0
leaf_weight=498 26 62 353 20 7072 364 38
leaf_count=498 26 62 353 20 7072 364 38
internal_value=0 4.29681e-05 0.000125659 -3.40943e-06 0 -9.11045e-05 0
internal_weight=8433 479 379 7954 7570 384 100
internal_count=8433 479 379 7954 7570 384 100
is_linear=0
shrinkage=0.05


Tree=149
num_leaves=7
num_cat=0
split_feature=4 7 4 4 6 13
split_gain=0.00034961 0.00171212 0.00277985 0.00169596 0.00170924 0.00117412
threshold=8.2923030597453948 72.102297328704722 17.876241828708817 7.370180703513534 0.75723280386425984 -0.89704472932619062
decision_type=2 2 2 2 2 2
left_child=3 2 -2 5 -5 -1
right_child=1 -3 -4 4 -6 -7
leaf_value=-5.3184711738576154e-05 0.00014930848310776461 0 0 0 -0.00023511134521751775 7.95399425648114e-06
leaf_weight=887 536 55 29 125 154 6647
leaf_count=887 536 55 29 125 154 6647
internal_value=0 3.50411e-05 9.43186e-05 -3.75661e-06 -0.000124423 0
internal_weight=8433 620 565 7813 279 7534
internal_count=8433 620 565 7813 279 7534
is_linear=0
shrinkage=0.05


Tree=150
num_leaves=7
num_cat=0
split_feature=9 16 3 3 15 13
split_gain=0.000351279 0.00136192 0.00155225 0.00104137 0.00219731 0.000868345
threshold=-0.032735728860482309 -9.7865058465731831 -12.258604097440339 -11.078153275867885 -4.654878971717773 -1.2448797960925293
decision_type=2 2 2 2 2 2
left_child=1 2 -1 4 -2 -5
right_child=3 -3 -4 5 -6 -7
leaf_value=0.00025301997088097289 -0.00012085492093481894 0 0 8.1728661713938134e-05 0 0
leaf_weight=124 559 255 29 323 870 6273
leaf_count=124 559 255 29 323 870 6273
internal_value=0 4.36448e-05 0.000164332 -3.47984e-06 -4.34424e-05 0
internal_weight=8433 408 153 8025 1429 6596
internal_count=8433 408 153 8025 1429 6596
is_linear=0
shrinkage=0.05


Tree=151
num_leaves=7
num_cat=0
split_feature=10 3 16 3 13 13
split_gain=0.000346763 0.00101495 0.0029368 0.00144654 0.00053188 0.000974243
threshold=61.428908706396236 -8.7018322416755485 -9.6545743970893536 -2.8822819139506843 0.35435901513232176 -0.94771753313193641
decision_type=2 2 2 2 2 2
left_child=1 2 -1 -3 5 -2
right_child=4 3 -4 -5 -6 -7
leaf_value=0 0 4.2034415709839637e-05 -0.00013883779835414527 -9.450549092768005e-06 0 0.00011005627045167502
leaf_weight=1293 72 1836 517 4145 200 370
leaf_count=1293 72 1836 517 4145 200 370
internal_value=0 -4.02754e-06 -3.83303e-05 5.12758e-07 3.39093e-05 6.82833e-05
internal_weight=8433 7791 1810 5981 642 442
internal_count=8433 7791 1810 5981 642 442
is_linear=0
shrinkage=0.05


Tree=152
num_leaves=8
num_cat=0
split_feature=6 10 4 3 3 11 1
split_gain=0.000320146 0.00117906 0.00270306 0.00114945 0.00203829 0.00114902 0.000226675
threshold=2.2912357187302717 40.07561815881558 2.3809552747184015 12.093784070328295 27.877051758455089 3.9052753600671157 0.7005735788796893
decision_type=2 2 2 2 2 2 2
left_child=3 6 -3 5 -5 -1 -2
right_child=1 2 -4 4 -6 -7 -8
leaf_value=1.2689611271072864e-06 4.6226290273146801e-05 0 -0.00026179037235671157 0.00013858217505134719 0 -7.786419758319381e-05 -1.9629667681302741e-05
leaf_weight=6755 232 85 151 414 155 470 171
leaf_count=6755 232 85 151 414 155 470 171
internal_value=0 -3.48927e-05 -0.000125157 1.59954e-06 7.11866e-05 0 0
internal_weight=8433 639 236 7794 569 7225 403
internal_count=8433 639 236 7794 569 7225 403
is_linear=0
shrinkage=0.05


Tree=153
num_leaves=8
num_cat=0
split_feature=10 10 4 14 6 2 1
split_gain=0.000326004 0.00131057 0.00166118 0.000778647 0.00211926 0.000416904 0.000326068
threshold=46.279332838704079 42.933765317857329 3.538997772752166 11.899999618530275 1.3664347605464635 -7.9035395737439549 0.50234068512002283
decision_type=2 2 2 2 2 2 2
left_child=1 6 -3 5 -5 -2 -1
right_child=3 2 -4 4 -6 -7 -8
leaf_value=8.189561262247291e-06 7.2316606289595165e-05 0 -0.00018447775900594694 0.00010342489526273087 0 -2.7886302027947506e-05 -1.5733306390542735e-05
leaf_weight=3955 77 205 224 727 219 807 2219
leaf_count=3955 77 205 224 727 219 807 2219
internal_value=0 -6.29657e-06 -9.06062e-05 1.73763e-05 5.13505e-05 0 0
internal_weight=8433 6603 429 1830 946 884 6174
internal_count=8433 6603 429 1830 946 884 6174
is_linear=0
shrinkage=0.05


Tree=154
num_leaves=8
num_cat=0
split_feature=0 14 5 5 13 8 14
split_gain=0.000332738 0.00216844 0.00361381 0.00226379 0.00157493 0.00307155 0.00214353
threshold=-1.7363571250931595 24.689999580383304 6.8719105309563426 4.9530462600530365 -0.89704472932619062 0.13698912279874972 27.344999313354496
decision_type=2 2 2 2 2 2 2
left_child=4 2 -2 -3 6 -6 -1
right_child=1 3 -4 -5 5 -7 -8
leaf_value=-0.00010628075675046105 -2.5713931802332972e-07 0 -0.00016061841482051814 0.00033024916000235199 0.00010869051478854815 0 0.00012666088079900622
leaf_weight=449 6036 73 412 87 1013 337 26
leaf_count=449 6036 73 412 87 1013 337 26
internal_value=0 -6.421e-06 -1.59765e-05 0.000158061 1.74969e-05 5.64741e-05 -1.96774e-05
internal_weight=8433 6608 6448 160 1825 1350 475
internal_count=8433 6608 6448 160 1825 1350 475
is_linear=0
shrinkage=0.05


Tree=155
num_leaves=8
num_cat=0
split_feature=0 7 0 14 9 10 7
split_gain=0.000327271 0.00190663 0.00157044 0.000949324 0.000915481 0.000421198 0.000117314
threshold=3.8525887751308807 53.242429725129952 2.6836458364518996 9.9200000762939471 0.15253430247669147 15.997354977121788 73.295056094394383
decision_type=2 2 2 2 2 2 2
left_child=2 4 3 -1 -2 -4 -3
right_child=1 6 5 -5 -6 -7 -8
leaf_value=6.6904871515071151e-05 0 -3.8103951216663255e-05 0 -4.3714317366080664e-06 0.00017292744712033232 -0.00013830766489236374 0
leaf_weight=498 24 200 23 7072 257 265 94
leaf_count=498 24 200 23 7072 257 265 94
internal_value=0 3.45769e-05 -4.04082e-06 0 0.000138855 -0.000118241 0
internal_weight=8433 575 7858 7570 281 288 294
internal_count=8433 575 7858 7570 281 288 294
is_linear=0
shrinkage=0.05


Tree=156
num_leaves=7
num_cat=0
split_feature=8 8 5 10 3 6
split_gain=0.00029947 0.00110397 0.00163707 0.00121106 0.000940741 0.000462792
threshold=1.1322426636976959 -0.0030703785513425948 3.5351747929126538 61.428908706396236 -1.4795672270316305 2.1337270879112578
decision_type=2 2 2 2 2 2
left_child=1 3 -3 -1 -2 -6
right_child=4 2 -4 -5 5 -7
leaf_value=0 0 0 -5.9483607254108576e-05 9.5154970806010319e-05 0.00014048737766401788 0
leaf_weight=4308 112 1507 1898 357 209 42
leaf_count=4308 112 1507 1898 357 209 42
internal_value=0 -3.39544e-06 -2.77843e-05 6.91085e-06 4.23816e-05 0.000109029
internal_weight=8433 8070 3405 4665 363 251
internal_count=8433 8070 3405 4665 363 251
is_linear=0
shrinkage=0.05


Tree=157
num_leaves=8
num_cat=0
split_feature=12 8 5 14 12 5 5
split_gain=0.0002937 0.00219551 0.00140529 0.00452465 0.0012263 0.00114673 0.000511382
threshold=4.6531682634767035 0.85253972053859983 7.1127317069614771 13.50500011444092 13.499841310898431 6.1961532708851257 3.192620191813861
decision_type=2 2 2 2 2 2 2
left_child=2 4 5 -4 -2 -1 -3
right_child=1 6 3 -5 -6 -7 -8
leaf_value=-5.3315933143948283e-06 2.7908209932820684e-05 0 0 -0.00026242750375464252 -8.29501109286687e-05 6.8953054502437504e-05 0.00020619852929887079
leaf_weight=6014 798 22 295 216 353 565 170
leaf_count=6014 798 22 295 216 353 565 170
internal_value=0 2.0145e-05 -5.15445e-06 -8.49451e-05 0 0 0.00017637
internal_weight=8433 1343 7090 511 1151 6579 192
internal_count=8433 1343 7090 511 1151 6579 192
is_linear=0
shrinkage=0.05


Tree=158
num_leaves=8
num_cat=0
split_feature=0 15 1 5 12 13 12
split_gain=0.000309077 0.00127408 0.00166594 0.000946093 0.00249823 0.000752329 0.00040161
threshold=-2.163886260030417 -5.3327789501911962 -0.051517496489714369 8.4696078493396119 -16.159840115309994 0.7059614949185834 -10.170022152154109
decision_type=2 2 2 2 2 2 2
left_child=1 2 -1 5 -5 -2 -3
right_child=3 6 -4 4 -6 -7 -8
leaf_value=0 -8.4330967257085961e-06 -6.6949674370074986e-05 0.00016986984568092425 0 -0.00028410825077625879 4.0485200863533911e-05 0
leaf_weight=231 6025 222 273 72 107 884 619
leaf_count=231 6025 222 273 72 107 884 619
internal_value=0 2.0845e-05 8.63223e-05 -5.14121e-06 -0.000118756 0 0
internal_weight=8433 1345 504 7088 179 6909 841
internal_count=8433 1345 504 7088 179 6909 841
is_linear=0
shrinkage=0.05


Tree=159
num_leaves=8
num_cat=0
split_feature=0 16 8 15 13 6 8
split_gain=0.000282726 0.00180652 0.00122837 0.00105605 0.00223859 0.000726694 1.0814e-05
threshold=4.5454537914315978 18.284907607010826 -0.088828072159669633 4.7319161163365822 0.56784825743932965 0.1035004782198453 0.94486658456439987
decision_type=2 2 2 2 2 2 2
left_child=3 2 -2 5 -5 -1 -3
right_child=1 6 -4 4 -6 -7 -8
leaf_value=7.0532628322945426e-05 0 -2.0552939938625094e-05 0.00017913797240925791 -0.0001155313738524089 0 -9.2572621669892723e-07 0
leaf_weight=362 125 62 254 621 101 6870 38
leaf_count=362 125 62 254 621 101 6870 38
internal_value=0 3.61305e-05 0.000116198 -3.14936e-06 -6.12826e-05 0 0
internal_weight=8433 479 379 7954 722 7232 100
internal_count=8433 479 379 7954 722 7232 100
is_linear=0
shrinkage=0.05


Tree=160
num_leaves=7
num_cat=0
split_feature=4 7 1 4 1 13
split_gain=0.000306262 0.00162778 0.00274743 0.00143048 0.00164284 0.000935654
threshold=8.2923030597453948 72.102297328704722 2.4360456043047773 7.370180703513534 -0.37543341595778285 -0.89704472932619062
decision_type=2 2 2 2 2 2
left_child=3 2 -2 5 -5 -1
right_child=1 -3 -4 4 -6 -7
leaf_value=-4.7552590664735515e-05 0.00016131392838923453 0 0 0 -0.00018806512693961188 7.0330552771469576e-06
leaf_weight=887 444 55 121 61 218 6647
leaf_count=887 444 55 121 61 218 6647
internal_value=0 3.27684e-05 9.1406e-05 -3.53708e-06 -0.000114344 0
internal_weight=8433 620 565 7813 279 7534
internal_count=8433 620 565 7813 279 7534
is_linear=0
shrinkage=0.05


Tree=161
num_leaves=8
num_cat=0
split_feature=6 0 13 0 10 4 7
split_gain=0.000284701 0.00152372 0.00217353 0.00107955 0.00103432 0.00248653 8.3728e-05
threshold=2.2912357187302717 3.8525887751308807 -0.32272805747614591 2.6836458364518996 40.07561815881558 2.3809552747184015 53.400585138723876
decision_type=2 2 2 2 2 2 2
left_child=1 3 -3 -1 6 -6 -2
right_child=4 2 -4 -5 5 -7 -8
leaf_value=1.3463236511897673e-08 3.1129957741945382e-05 0 0.00017369113874577893 -0.00010369436007604817 0 -0.00024911904666273022 0
leaf_weight=7170 214 70 305 249 85 151 189
leaf_count=7170 214 70 305 249 85 151 189
internal_value=0 1.54668e-06 0.000100766 0 -3.28829e-05 -0.000117375 0
internal_weight=8433 7794 375 7419 639 236 403
internal_count=8433 7794 375 7419 639 236 403
is_linear=0
shrinkage=0.05


Tree=162
num_leaves=8
num_cat=0
split_feature=12 1 8 7 4 7 15
split_gain=0.000282441 0.00209011 0.00265792 0.00162211 0.00347478 0.00132856 0.000367937
threshold=4.6531682634767035 0.011983946574578736 -0.12438875026209556 51.925570790297002 4.281938387565309 43.279145448641451 -2.9085626860554488
decision_type=2 2 2 2 2 2 2
left_child=3 2 -2 5 -5 -1 -3
right_child=1 6 -4 4 -6 -7 -8
leaf_value=-4.883281094928452e-06 0 0 0.00016941167477629851 0 -0.00015778607540890352 4.7034851198779448e-05 -3.6198323619274426e-05
leaf_weight=3823 123 90 430 1272 515 1480 700
leaf_count=3823 123 90 430 1272 515 1480 700
internal_value=0 1.98217e-05 0.000101819 -5.00495e-06 -4.83635e-05 3.02113e-06 0
internal_weight=8433 1343 553 7090 1787 5303 790
internal_count=8433 1343 553 7090 1787 5303 790
is_linear=0
shrinkage=0.05


Tree=163
num_leaves=6
num_cat=0
split_feature=16 16 8 16 10
split_gain=0.000284504 0.00112669 0.00284975 0.00123139 0.000171174
threshold=-27.476679334852182 -16.248698534877665 -0.32838130158148321 -9.6545743970893536 70.603625364944307
decision_type=2 2 2 2 2
left_child=4 2 -2 -3 -1
right_child=1 3 -4 -5 -6
leaf_value=0.00011875816268655355 0 5.2266446584729406e-05 -0.00019940375607915037 -5.336091646390633e-06 0
leaf_weight=76 227 1054 249 6801 26
leaf_count=76 227 1054 249 6801 26
internal_value=0 -2.16672e-06 -7.72953e-05 0 8.0392e-05
internal_weight=8433 8331 476 7855 102
internal_count=8433 8331 476 7855 102
is_linear=0
shrinkage=0.05


Tree=164
num_leaves=7
num_cat=0
split_feature=3 5 14 14 7 9
split_gain=0.000294497 0.00204549 0.00587719 0.00128224 0.00113258 0.00232885
threshold=-20.403721702655343 7.4865567663670181 13.50500011444092 11.899999618530275 5.2730033624599892 0.059426162777481216
decision_type=2 2 2 2 2 2
left_child=4 3 -3 -2 -1 -6
right_child=1 2 -4 -5 5 -7
leaf_value=0 -1.6961552140813284e-05 0 -0.00037031654781734193 2.3688521894219275e-05 0.00030067933780973037 0
leaf_weight=25 3986 232 143 3666 101 280
leaf_count=25 3986 232 143 3666 101 280
internal_value=0 -3.1129e-06 -0.000117348 0 4.01725e-05 9.54568e-05
internal_weight=8433 8027 375 7652 406 381
internal_count=8433 8027 375 7652 406 381
is_linear=0
shrinkage=0.05


Tree=165
num_leaves=8
num_cat=0
split_feature=10 14 13 13 6 7 6
split_gain=0.000248924 0.00113123 0.00252267 0.00156213 0.000930943 0.00157828 3.99353e-06
threshold=18.00320631989916 10.154999732971193 0.52555861591733211 -0.013045006246314992 0.44853147447203506 37.593974611020819 1.5983264754701503
decision_type=2 2 2 2 2 2 2
left_child=4 3 -3 -2 5 -1 -6
right_child=1 2 -4 -5 6 -7 -8
leaf_value=0 0 0 -7.4308219813817397e-05 9.518137544235068e-05 -3.7446250960942228e-06 0.00018199989497820663 0
leaf_weight=47 328 4971 1433 578 710 202 164
leaf_count=47 328 4971 1433 578 710 202 164
internal_value=0 -4.34565e-06 -1.58876e-05 3.85472e-05 2.07466e-05 0.000105837 0
internal_weight=8433 7310 6404 906 1123 249 874
internal_count=8433 7310 6404 906 1123 249 874
is_linear=0
shrinkage=0.05


Tree=166
num_leaves=8
num_cat=0
split_feature=8 11 3 5 15 13 15
split_gain=0.000255632 0.00163406 0.0027527 0.0010223 0.00153538 0.000726395 0.000416636
threshold=-0.32838130158148321 -7.6171644095591793 -25.669739137863107 3.441436951155433 -0.88374361327674944 -1.2448797960925293 -0.78521096751090746
decision_type=2 2 2 2 2 2 2
left_child=3 2 -2 6 -5 -3 -1
right_child=1 5 -4 4 -6 -7 -8
leaf_value=-6.5878328841942387e-05 0 7.1045500097984761e-05 -0.00016849310258215398 8.9230718756565277e-05 0 -2.3501891306522519e-06 0
leaf_weight=238 68 351 390 861 201 6196 128
leaf_count=238 68 351 390 861 201 6196 128
internal_value=0 -4.80772e-06 -9.60876e-05 1.82661e-05 5.33894e-05 0 0
internal_weight=8433 7005 458 1428 1062 6547 366
internal_count=8433 7005 458 1428 1062 6547 366
is_linear=0
shrinkage=0.05


Tree=167
num_leaves=8
num_cat=0
split_feature=0 0 4 2 2 8 3
split_gain=0.000278682 0.00119742 0.0021284 0.000955879 0.000936181 0.000944132 0.000548358
threshold=-2.163886260030417 -3.3181671108034387 4.6822494905757379 -12.503961665627299 -7.2930848743477314 -0.5779635379961946 -3.6305201673082816
decision_type=2 2 2 2 2 2 2
left_child=1 3 -3 -1 5 -2 -6
right_child=4 2 -4 -5 6 -7 -8
leaf_value=8.0032500956834997e-05 0 0 0.000181988796964484 -5.3121604831487257e-05 1.7846501922980885e-05 -0.0001373761438648139 -1.1623369406156442e-05
leaf_weight=116 145 387 265 577 2544 256 4143
leaf_count=116 145 387 265 577 2544 256 4143
internal_value=0 1.98071e-05 7.33849e-05 0 -4.87137e-06 -7.88991e-05 0
internal_weight=8433 1345 652 693 7088 401 6687
internal_count=8433 1345 652 693 7088 401 6687
is_linear=0
shrinkage=0.05


Tree=168
num_leaves=8
num_cat=0
split_feature=4 5 14 14 6 14 14
split_gain=0.000252275 0.00226469 0.00237197 0.00185166 0.00318463 0.00106274 0.000451208
threshold=8.2923030597453948 7.392105859785973 11.394999980926515 12.329999923706056 2.0475804560900879 11.534999847412111 11.899999618530275
decision_type=2 2 2 2 2 2 2
left_child=1 6 -3 5 -5 -2 -1
right_child=3 2 -4 4 -6 -7 -8
leaf_value=-9.499273238475955e-06 0 0 -0.00022630113391195459 0.00023155787466355238 0 -0.00014407181236492764 1.4641379383758274e-05
leaf_weight=3887 205 77 226 243 46 126 3623
leaf_count=3887 205 77 226 243 46 126 3623
internal_value=0 -3.29271e-06 -0.000137262 2.96268e-05 0.000133356 0 0
internal_weight=8433 7813 303 620 289 331 7510
internal_count=8433 7813 303 620 289 331 7510
is_linear=0
shrinkage=0.05


Tree=169
num_leaves=8
num_cat=0
split_feature=12 8 7 4 7 4 12
split_gain=0.000253222 0.00198441 0.00143501 0.00312098 0.00122343 0.00117799 0.00105876
threshold=4.6531682634767035 0.85253972053859983 51.925570790297002 4.281938387565309 43.279145448641451 2.3161818742721665 13.499841310898431
decision_type=2 2 2 2 2 2 2
left_child=2 6 4 -4 -1 -3 -2
right_child=1 5 3 -5 -6 -7 -8
leaf_value=-4.7617664179936183e-06 2.5509350269135219e-05 0 0 -0.00014919446645318755 4.5039992304100082e-05 0.00023336300469964049 -7.7392827000872331e-05
leaf_weight=3823 798 40 1272 515 1480 152 353
leaf_count=3823 798 40 1272 515 1480 152 353
internal_value=0 1.89027e-05 -4.6367e-06 -4.55109e-05 2.55146e-06 0.00016748 0
internal_weight=8433 1343 7090 1787 5303 192 1151
internal_count=8433 1343 7090 1787 5303 192 1151
is_linear=0
shrinkage=0.05


Tree=170
num_leaves=7
num_cat=0
split_feature=3 16 7 1 8 16
split_gain=0.000257169 0.0018176 0.00109527 0.0020752 0.000826775 0.000705447
threshold=-20.403721702655343 -16.996585371563885 5.2730033624599892 -0.051517496489714369 -0.76299429935318097 -9.6545743970893536
decision_type=2 2 2 2 2 2
left_child=2 4 -1 -4 -2 -3
right_child=1 5 3 -5 -6 -7
leaf_value=0 0 3.9475174513467856e-05 0 0.00019572250882078694 -0.0002036288086412061 -4.8517296424895887e-06
leaf_weight=25 40 1027 161 220 159 6801
leaf_count=25 40 1027 161 220 159 6801
internal_value=0 -2.84256e-06 3.76401e-05 9.30513e-05 -0.000151426 0
internal_weight=8433 8027 406 381 199 7828
internal_count=8433 8027 406 381 199 7828
is_linear=0
shrinkage=0.05


Tree=171
num_leaves=8
num_cat=0
split_feature=0 0 4 5 0 0 15
split_gain=0.00024934 0.00108192 0.0019342 0.000903656 0.00180099 0.000605254 0.00039066
threshold=-2.163886260030417 -3.3181671108034387 4.6822494905757379 3.5351747929126538 4.7708619709945417 -0.56069475921523992 -6.1020894227488682
decision_type=2 2 2 2 2 2 2
left_child=1 6 -3 5 -5 -2 -1
right_child=3 2 -4 4 -6 -7 -8
leaf_value=0 -4.0862645462786282e-06 0 0.00017316259883614721 -4.2582749636658907e-05 3.982282464373081e-05 2.6600003711104218e-05 -4.941279300473981e-05
leaf_weight=295 966 387 265 3364 406 2352 398
leaf_count=295 966 387 265 3364 406 2352 398
internal_value=0 1.85953e-05 6.96273e-05 -4.71437e-06 -2.4413e-05 7.12678e-06 0
internal_weight=8433 1345 652 7088 3770 3318 693
internal_count=8433 1345 652 7088 3770 3318 693
is_linear=0
shrinkage=0.05


Tree=172
num_leaves=7
num_cat=0
split_feature=6 0 13 12 1 16
split_gain=0.000239258 0.00133006 0.00202847 0.00128842 0.000714614 0.000617513
threshold=2.2912357187302717 3.8525887751308807 -0.32272805747614591 6.1570122401855913 0.098591422616217325 4.1031107442990109
decision_type=2 2 2 2 2 2
left_child=1 3 -3 -1 -2 -6
right_child=4 2 -4 -5 5 -7
leaf_value=-1.034625809507744e-05 0 0 0.00016558922670822568 5.5081761874166643e-05 0 -0.00016085283489225571
leaf_weight=6592 278 70 305 827 212 149
leaf_count=6592 278 70 305 827 212 149
internal_value=0 1.6624e-06 9.42188e-05 0 -2.99922e-05 -8.06847e-05
internal_weight=8433 7794 375 7419 639 361
internal_count=8433 7794 375 7419 639 361
is_linear=0
shrinkage=0.05


Tree=173
num_leaves=7
num_cat=0
split_feature=9 1 1 3 1 1
split_gain=0.000236321 0.000945874 0.00114357 0.000889014 0.00318003 0.000959336
threshold=-0.032735728860482309 0.7005735788796893 -0.4889385957146179 -11.078153275867885 0.52493930792520815 2.8813483080345903
decision_type=2 2 2 2 2 2
left_child=1 2 -1 4 -2 -5
right_child=3 -3 -4 5 -6 -7
leaf_value=0 -0.00010634701187293603 0 0.00016638241525940276 1.0718547059020594e-05 7.1954561037115853e-06 -5.7714393875143936e-05
leaf_weight=108 900 94 206 6088 529 508
leaf_count=108 900 94 206 6088 529 508
internal_value=0 3.61056e-05 9.5784e-05 -2.64889e-06 -3.99051e-05 1.27555e-07
internal_weight=8433 408 314 8025 1429 6596
internal_count=8433 408 314 8025 1429 6596
is_linear=0
shrinkage=0.05


Tree=174
num_leaves=8
num_cat=0
split_feature=16 3 7 9 3 16 3
split_gain=0.000240662 0.00425249 0.00377905 0.000981106 0.00131324 0.00122201 0.000953425
threshold=-9.6545743970893536 -8.7018322416755485 40.619556525596849 -0.040460372621391578 -12.258604097440339 -12.277089123403188 -2.8822819139506843
decision_type=2 2 2 2 2 2 2
left_child=3 2 -2 4 -1 -5 -3
right_child=1 6 -4 5 -6 -7 -8
leaf_value=0.00023289036967821236 -0.0002129205333832714 3.5772715460137846e-05 0 -2.6404506404419534e-05 0 7.0129791078315083e-05 -4.5257670225990742e-06
leaf_weight=112 444 1800 100 1015 30 475 4457
leaf_count=112 444 1800 100 1015 30 475 4457
internal_value=0 -4.76385e-06 -0.000140459 1.65446e-05 0.000141912 0 1.48299e-06
internal_weight=8433 6801 544 1632 142 1490 6257
internal_count=8433 6801 544 1632 142 1490 6257
is_linear=0
shrinkage=0.05


Tree=175
num_leaves=8
num_cat=0
split_feature=10 5 10 5 6 7 7
split_gain=0.000240082 0.00126949 0.00179202 0.000806977 0.00179647 0.000401993 0.000135066
threshold=46.279332838704079 3.9684466171918391 40.562115969501725 3.6070741651783993 2.2912357187302717 67.093337022237293 58.916287286081818
decision_type=2 2 2 2 2 2 2
left_child=1 5 -3 6 -5 -1 -2
right_child=3 2 -4 4 -6 -7 -8
leaf_value=2.0458757895660821e-05 -2.7182269110493379e-05 -2.7735197067040063e-06 -0.00013372848616078652 8.6796422692383808e-05 0 0 0
leaf_weight=3078 455 2784 418 920 97 323 358
leaf_count=3078 455 2784 418 920 97 323 358
internal_value=0 -4.96519e-06 -3.08655e-05 1.54512e-05 4.9082e-05 9.13839e-06 0
internal_weight=8433 6603 3202 1830 1017 3401 813
internal_count=8433 6603 3202 1830 1017 3401 813
is_linear=0
shrinkage=0.05


Tree=176
num_leaves=8
num_cat=0
split_feature=14 14 10 6 15 12 10
split_gain=0.000245637 0.00328378 0.00364042 0.00317944 0.0028502 0.00182336 0.000704175
threshold=11.899999618530275 11.504999637603762 19.059543452209173 2.2269980668234908 -10.61869979915827 5.7205774558771951 14.944671152056157
decision_type=2 2 2 2 2 2 2
left_child=1 4 -3 5 -1 -2 -5
right_child=3 2 -4 6 -6 -7 -8
leaf_value=0.00034064021471309509 3.8202268721207059e-06 0 -0.00014791788957893389 0 0 0.00012509283503145318 -0.00014939033626738352
leaf_weight=60 3378 142 803 21 3241 480 308
leaf_count=60 3378 142 803 21 3241 480 308
internal_value=0 -9.34981e-06 -9.48077e-05 7.61226e-06 4.56097e-06 2.80329e-05 -0.000124832
internal_weight=8433 4246 945 4187 3301 3858 329
internal_count=8433 4246 945 4187 3301 3858 329
is_linear=0
shrinkage=0.05


Tree=177
num_leaves=7
num_cat=0
split_feature=14 4 14 1 14 9
split_gain=0.000228429 0.00198843 0.00168457 0.00240817 0.000945538 0.000679606
threshold=24.689999580383304 5.3674611470081954 21.284999847412113 -1.3104991022491801 19.425000190734867 0.093225768541411097
decision_type=2 2 2 2 2 2
left_child=2 -2 4 -4 -1 -3
right_child=1 5 3 -5 -6 -7
leaf_value=-6.4819001383926044e-08 0 0 0 -0.00019984424578557963 0.00011183446650864514 0.00028621784206321041
leaf_weight=7665 135 42 63 255 187 86
leaf_count=7665 135 42 63 255 187 86
internal_value=0 4.5096e-05 -1.98367e-06 -0.000115157 0 0.000205875
internal_weight=8433 263 8170 318 7852 128
internal_count=8433 263 8170 318 7852 128
is_linear=0
shrinkage=0.05


Tree=178
num_leaves=8
num_cat=0
split_feature=13 13 14 1 1 3 4
split_gain=0.000223218 0.00364143 0.00223277 0.00195405 0.00156445 0.00110057 0.000802717
threshold=0.19340332375729077 0.36317388633246855 10.315000057220461 -0.37543341595778285 0.10893534603785478 12.093784070328295 5.8871004520063552
decision_type=2 2 2 2 2 2 2
left_child=4 3 -3 -2 6 -6 -1
right_child=1 2 -4 -5 5 -7 -8
leaf_value=0 0 7.4312856435784002e-05 -3.5465817510598516e-05 0.00018152029462539698 -5.5438199909597475e-05 0 6.5409383144495755e-05
leaf_weight=2325 84 517 2160 432 2167 225 523
leaf_count=2325 84 517 2160 432 2167 225 523
internal_value=0 9.93008e-06 -1.1604e-06 0.000134817 -6.80852e-06 -4.04381e-05 9.16438e-06
internal_weight=8433 3193 2677 516 5240 2392 2848
internal_count=8433 3193 2677 516 5240 2392 2848
is_linear=0
shrinkage=0.05


Tree=179
num_leaves=8
num_cat=0
split_feature=13 13 4 16 13 4 5
split_gain=0.000222097 0.00257801 0.00698305 0.00179996 0.00169571 0.00089876 0.000652517
threshold=0.66690935701482223 0.52555861591733211 5.5080322567315632 -12.886022838621296 0.19340332375729077 2.6751095800764459 6.2333961134200928
decision_type=2 2 2 2 2 2 2
left_child=1 4 -3 5 -1 -2 -5
right_child=3 2 -4 6 -6 -7 -8
leaf_value=-5.988933523772639e-06 0 0 -0.00040255630789623551 1.2014261492974284e-05 5.5447867267129388e-05 0.00022863803790312598 -9.9786164860444669e-05
leaf_weight=5240 20 541 146 883 1318 136 149
leaf_count=5240 20 541 146 883 1318 136 149
internal_value=0 -3.48532e-06 -9.73227e-05 1.98145e-05 1.03616e-06 0.000177306 0
internal_weight=8433 7245 687 1188 6558 156 1032
internal_count=8433 7245 687 1188 6558 156 1032
is_linear=0
shrinkage=0.05


Tree=180
num_leaves=8
num_cat=0
split_feature=0 14 4 16 14 12 16
split_gain=0.000229855 0.00171563 0.00262656 0.00166823 0.00238975 0.00150693 0.00115803
threshold=-1.7363571250931595 24.689999580383304 6.4795066980260163 -4.2083381567144524 11.97499990463257 -11.669513010174482 -9.7865058465731831
decision_type=2 2 2 2 2 2 2
left_child=3 2 -2 6 -5 -3 -1
right_child=1 5 -4 4 -6 -7 -8
leaf_value=0 0 0.00035648543468083855 -9.9761315282875364e-05 0 0.00015454083489398226 0 -8.5828849169649018e-05
leaf_weight=594 5669 53 779 399 441 107 391
leaf_count=594 5669 53 779 399 441 107 391
internal_value=0 -4.59356e-06 -1.36761e-05 1.54332e-05 7.39594e-05 0.000141032 0
internal_weight=8433 6608 6448 1825 840 160 985
internal_count=8433 6608 6448 1825 840 160 985
is_linear=0
shrinkage=0.05


Tree=181
num_leaves=8
num_cat=0
split_feature=6 0 5 6 1 12 7
split_gain=0.000208852 0.000837162 0.00129714 0.000802569 0.000586195 0.000527021 0.000484554
threshold=0.38240518487887115 0.98490694424109859 6.5627669445607486 0.43476660372560111 1.5026181141738906 1.7043627108000525 51.925570790297002
decision_type=2 2 2 2 2 2 2
left_child=1 2 -1 5 -3 -2 -5
right_child=3 4 -4 6 -6 -7 -8
leaf_value=0 -0.00011608032203751947 -8.9003116831992067e-05 0.00015040388376864869 9.5833042343692675e-06 0 0 -1.9607879576738461e-05
leaf_weight=1143 253 183 252 4263 132 77 2130
leaf_count=1143 253 183 252 4263 132 77 2130
internal_value=0 1.54767e-05 4.23283e-05 -4.08203e-06 0 -7.9881e-05 0
internal_weight=8433 1710 1395 6723 315 330 6393
internal_count=8433 1710 1395 6723 315 330 6393
is_linear=0
shrinkage=0.05


Tree=182
num_leaves=8
num_cat=0
split_feature=4 14 6 4 6 14 14
split_gain=0.000219376 0.00154752 0.00287546 0.00110153 0.00150213 0.00117849 0.000876354
threshold=8.2923030597453948 12.329999923706056 2.0475804560900879 7.370180703513534 0.75723280386425984 21.284999847412113 11.534999847412111
decision_type=2 2 2 2 2 2 2
left_child=3 6 -3 5 -5 -1 -2
right_child=1 2 -4 4 -6 -7 -8
leaf_value=6.3314739331752109e-06 0 0.00021724816014020876 0 0 -0.00020493612706606003 -7.5996982765492245e-05 -0.0001308292098360653
leaf_weight=7075 205 243 46 125 154 459 126
leaf_count=7075 205 243 46 125 154 459 126
internal_value=0 2.85158e-05 0.000122609 -2.33642e-06 -9.97593e-05 0 0
internal_weight=8433 620 289 7813 279 7534 331
internal_count=8433 620 289 7813 279 7534 331
is_linear=0
shrinkage=0.05


Tree=183
num_leaves=8
num_cat=0
split_feature=10 5 1 5 6 7 7
split_gain=0.000191072 0.00114724 0.00168131 0.000695881 0.00164311 0.000395433 0.000109308
threshold=46.279332838704079 3.9684466171918391 -0.37543341595778285 3.6070741651783993 2.2912357187302717 67.093337022237293 58.916287286081818
decision_type=2 2 2 2 2 2 2
left_child=1 5 -3 6 -5 -1 -2
right_child=3 2 -4 4 -6 -7 -8
leaf_value=2.0293103110909097e-05 -2.4453362129742088e-05 1.9815286665219959e-06 -5.3265727029395521e-05 8.2092589034193138e-05 0 0 0
leaf_weight=3078 455 772 2430 920 97 323 358
leaf_count=3078 455 772 2430 920 97 323 358
internal_value=0 -4.1108e-06 -2.90289e-05 1.41357e-05 4.54588e-05 9.0675e-06 0
internal_weight=8433 6603 3202 1830 1017 3401 813
internal_count=8433 6603 3202 1830 1017 3401 813
is_linear=0
shrinkage=0.05


Tree=184
num_leaves=7
num_cat=0
split_feature=4 7 7 7 3 10
split_gain=0.000197483 0.000617668 0.00208173 0.00186714 0.000147915 0.000177464
threshold=0.91497239675910857 51.925570790297002 59.99999015160131 43.279145448641451 41.355345615276605 16.769840725763057
decision_type=2 2 2 2 2 2
left_child=4 3 -3 -2 5 -1
right_child=1 2 -4 -5 -6 -7
leaf_value=0 -9.878010832799453e-06 -7.6953256305194794e-05 0 5.288526914082692e-05 0 4.6459464851807109e-05
leaf_weight=24 3775 1142 1340 1541 27 584
leaf_count=24 3775 1142 1340 1541 27 584
internal_value=0 -2.32828e-06 -2.51422e-05 1.74741e-06 2.66209e-05 3.66913e-05
internal_weight=8433 7798 2482 5316 635 608
internal_count=8433 7798 2482 5316 635 608
is_linear=0
shrinkage=0.05


Tree=185
num_leaves=8
num_cat=0
split_feature=8 3 3 3 10 3 8
split_gain=0.000193728 0.00118461 0.00178372 0.00159103 0.00096343 0.000997812 0.000779169
threshold=-0.0030703785513425948 12.093784070328295 5.6852668720302155 20.141945096721351 61.428908706396236 -8.1553821351745963 -4.2184096721296189
decision_type=2 2 2 2 2 2 2
left_child=4 2 -2 -3 5 -1 -6
right_child=1 3 -4 -5 6 -7 -8
leaf_value=-3.148321574977894e-05 0 0.00014141032677972247 -0.00011847630712479452 0 0 1.8460575881802144e-05 0.00011610799361498621
leaf_weight=1574 2755 239 486 288 20 2734 337
leaf_count=1574 2755 239 486 288 20 2734 337
internal_value=0 -8.47428e-06 -2.71505e-05 3.98884e-05 6.76497e-06 0 8.54638e-05
internal_weight=8433 3768 3241 527 4665 4308 357
internal_count=8433 3768 3241 527 4665 4308 357
is_linear=0
shrinkage=0.05


Tree=186
num_leaves=8
num_cat=0
split_feature=13 13 14 13 8 8 11
split_gain=0.000196677 0.00235481 0.0111494 0.00155094 0.000936104 0.0013648 0.00114223
threshold=0.66690935701482223 0.52555861591733211 10.315000057220461 0.19340332375729077 -0.26757422836211114 0.3037241965300333 -3.9789767982046587
decision_type=2 2 2 2 2 2 2
left_child=1 3 -3 -1 6 -6 -2
right_child=4 2 -4 -5 5 -7 -8
leaf_value=-5.6109776959188285e-06 0.00016193530324941417 0.00019865634367063954 -0.00022641946155541883 5.3066186023822116e-05 -3.1732472784806917e-05 0.00013707677926660318 0
leaf_weight=5240 212 133 554 1318 774 138 64
leaf_count=5240 212 133 554 1318 774 138 64
internal_value=0 -3.23389e-06 -9.29907e-05 8.58936e-07 1.86949e-05 0 9.95704e-05
internal_weight=8433 7245 687 6558 1188 912 276
internal_count=8433 7245 687 6558 1188 912 276
is_linear=0
shrinkage=0.05


Tree=187
num_leaves=8
num_cat=0
split_feature=10 9 7 5 13 12 12
split_gain=0.000198338 0.000796692 0.00122827 0.000717375 0.00178939 0.00040112 5.57079e-05
threshold=18.00320631989916 0.50000027173429684 30.851912413714114 4.8240300377050991 -0.20017109158461663 6.1570122401855913 2.983362863678432
decision_type=2 2 2 2 2 2 2
left_child=1 2 -1 5 -5 -2 -3
right_child=3 6 -4 4 -6 -7 -8
leaf_value=0 0 -2.2463319886731421e-05 9.4822577563514451e-05 -8.1148667862508938e-05 0 4.0872592433823933e-05 0
leaf_weight=93 4234 274 609 956 1508 612 147
leaf_count=93 4234 274 609 956 1508 612 147
internal_value=0 1.95797e-05 5.86667e-05 -2.97139e-06 -2.72791e-05 2.17479e-06 0
internal_weight=8433 1123 702 7310 2464 4846 421
internal_count=8433 1123 702 7310 2464 4846 421
is_linear=0
shrinkage=0.05


Tree=188
num_leaves=8
num_cat=0
split_feature=0 14 5 5 16 6 13
split_gain=0.000210412 0.00157147 0.00261182 0.0018348 0.00149801 0.00216856 0.00113637
threshold=-1.7363571250931595 24.689999580383304 6.8719105309563426 4.9530462600530365 -4.2083381567144524 1.194470475872573 -0.95134095569688315
decision_type=2 2 2 2 2 2 2
left_child=4 2 -2 -3 6 -6 -1
right_child=1 3 -4 -5 5 -7 -8
leaf_value=-0.00011686856391813415 0 0 -0.00013570204607278735 0.00029093100552007644 0.00012273612634267341 0 0
leaf_weight=206 6036 73 412 87 634 206 779
leaf_count=206 6036 73 412 87 634 206 779
internal_value=0 -4.10983e-06 -1.30252e-05 0.000134853 1.50602e-05 7.02845e-05 0
internal_weight=8433 6608 6448 160 1825 840 985
internal_count=8433 6608 6448 160 1825 840 985
is_linear=0
shrinkage=0.05


Tree=189
num_leaves=8
num_cat=0
split_feature=16 3 7 1 10 1 9
split_gain=0.000230202 0.00355602 0.00335889 0.00152048 0.00215562 0.00140491 0.000663606
threshold=-9.6545743970893536 -8.7018322416755485 40.619556525596849 0.50770568785054115 21.009978982730214 0.12814581631859337 -0.040460372621391578
decision_type=2 2 2 2 2 2 2
left_child=3 2 -2 6 -5 -3 -1
right_child=1 5 -4 4 -6 -7 -8
leaf_value=8.0859788325212271e-05 -0.00019749787326020651 2.9494646733035983e-05 0 0 0.00013701216765258972 -1.5997798355109014e-05 -3.1984682048107368e-05
leaf_weight=102 444 3121 100 63 512 3136 955
leaf_count=102 444 3121 100 63 512 3136 955
internal_value=0 -4.14319e-06 -0.000128382 1.67552e-05 8.59236e-05 1.10412e-06 0
internal_weight=8433 6801 544 1632 575 6257 1057
internal_count=8433 6801 544 1632 575 6257 1057
is_linear=0
shrinkage=0.05


Tree=190
num_leaves=8
num_cat=0
split_feature=14 14 2 6 2 6 4
split_gain=0.000213638 0.00278341 0.00293803 0.00277865 0.00215065 0.00120761 0.00110523
threshold=11.899999618530275 11.504999637603762 -3.7797863236815994 2.2269980668234908 -1.6007918781686834 0.24450021686479875 0.37553317868809094
decision_type=2 2 2 2 2 2 2
left_child=1 2 -1 4 -2 -3 -5
right_child=3 5 -4 6 -6 -7 -8
leaf_value=0.0001036258914953586 0 0 -8.1004584580561512e-06 0 6.5362738179858767e-05 -0.00011003904538421118 -0.00015452969772093491
leaf_weight=671 1922 105 2630 35 1936 840 294
leaf_count=671 1922 105 2630 35 1936 840 294
internal_value=0 -8.00811e-06 4.06292e-06 7.90356e-06 2.74242e-05 -8.7052e-05 -0.000114047
internal_weight=8433 4246 3301 4187 3858 945 329
internal_count=8433 4246 3301 4187 3858 945 329
is_linear=0
shrinkage=0.05


Tree=191
num_leaves=8
num_cat=0
split_feature=4 14 1 4 6 14 14
split_gain=0.000210502 0.00137736 0.00290218 0.000934603 0.00136288 0.00100265 0.00074151
threshold=8.2923030597453948 12.329999923706056 2.4360456043047773 7.370180703513534 0.75723280386425984 21.284999847412113 11.534999847412111
decision_type=2 2 2 2 2 2 2
left_child=3 6 -3 5 -5 -1 -2
right_child=1 2 -4 4 -6 -7 -8
leaf_value=5.4392434980580323e-06 0 0.00022692260134714112 0 0 -0.00019273053172163114 -7.0591549141082002e-05 -0.00012034378395028969
leaf_weight=7075 205 215 74 125 154 459 126
leaf_count=7075 205 215 74 125 154 459 126
internal_value=0 2.7644e-05 0.000116045 -2.55283e-06 -9.21749e-05 0 0
internal_weight=8433 620 289 7813 279 7534 331
internal_count=8433 620 289 7813 279 7534 331
is_linear=0
shrinkage=0.05


Tree=192
num_leaves=8
num_cat=0
split_feature=0 15 1 5 12 14 15
split_gain=0.000186337 0.00094369 0.00148065 0.000651563 0.00207147 0.000541828 0.000511668
threshold=-2.163886260030417 -5.3327789501911962 -0.051517496489714369 8.4696078493396119 -16.159840115309994 11.039999961853029 -3.4212240271359602
decision_type=2 2 2 2 2 2 2
left_child=1 2 -1 6 -5 -3 -2
right_child=3 5 -4 4 -6 -7 -8
leaf_value=0 -2.8471344989194221e-05 -8.0717621467556473e-05 0.00015295579484663906 0 -0.00025160964486806511 3.0396699679453111e-06 5.5663096155279559e-06
leaf_weight=231 1364 205 273 72 107 636 5545
leaf_count=231 1364 205 273 72 107 636 5545
internal_value=0 1.66386e-05 7.34811e-05 -3.62049e-06 -9.75343e-05 0 0
internal_weight=8433 1345 504 7088 179 841 6909
internal_count=8433 1345 504 7088 179 841 6909
is_linear=0
shrinkage=0.05


Tree=193
num_leaves=7
num_cat=0
split_feature=4 5 7 7 4 1
split_gain=0.000181808 0.00176695 0.00217792 0.00139013 0.00247652 0.000535819
threshold=8.2923030597453948 7.392105859785973 21.359368258784404 72.102297328704722 17.876241828708817 3.1804157459118607
decision_type=2 2 2 2 2 2
left_child=1 5 -3 4 -2 -1
right_child=3 2 -4 -5 -6 -7
leaf_value=-4.3218886753480647e-07 0.00013685136485802176 0 -0.00019299295319769887 0 0 6.3203207668300197e-05
leaf_weight=7177 536 39 264 55 29 333
leaf_count=7177 536 39 264 55 29 333
internal_value=0 -2.40858e-06 -0.000120962 2.56486e-05 8.27707e-05 0
internal_weight=8433 7813 303 620 565 7510
internal_count=8433 7813 303 620 565 7510
is_linear=0
shrinkage=0.05


Tree=194
num_leaves=8
num_cat=0
split_feature=8 3 16 3 8 14 14
split_gain=0.000198346 0.00108558 0.00172765 0.00156983 0.000847711 0.00121825 0.000841048
threshold=-0.0030703785513425948 12.093784070328295 28.131827457811085 5.6852668720302155 -0.077571796835436344 10.889999866485597 10.300000190734865
decision_type=2 2 2 2 2 2 2
left_child=4 3 -3 -2 6 -6 -1
right_child=1 2 -4 -5 5 -7 -8
leaf_value=6.6276406229603504e-05 0 0.00011682900978025378 0 -0.00011362634034300799 0 7.4417196742511933e-05 -1.5393788663552647e-05
leaf_weight=313 2755 362 165 486 356 964 3032
leaf_count=313 2755 362 165 486 356 964 3032
internal_value=0 -9.08459e-06 3.50296e-05 -2.70674e-05 6.2914e-06 4.17471e-05 0
internal_weight=8433 3768 527 3241 4665 1320 3345
internal_count=8433 3768 527 3241 4665 1320 3345
is_linear=0
shrinkage=0.05


Tree=195
num_leaves=8
num_cat=0
split_feature=8 5 7 5 15 15 1
split_gain=0.000194963 0.00108558 0.00141449 0.000926102 0.00143204 0.000379024 0.000365708
threshold=-0.32838130158148321 3.441436951155433 40.798321750950628 3.441436951155433 -0.88374361327674944 -0.78521096751090746 1.3541501473242934
decision_type=2 2 2 2 2 2 2
left_child=3 6 -3 5 -5 -1 -2
right_child=1 2 -4 4 -6 -7 -8
leaf_value=-6.2834459862945861e-05 2.2394679380106164e-05 -6.5701410924361636e-05 0 8.5167422183751805e-05 0 0 0
leaf_weight=238 2625 1381 2646 861 201 128 353
leaf_count=238 2625 1381 2646 861 201 128 353
internal_value=0 -4.18985e-06 -2.45775e-05 1.59632e-05 5.01844e-05 0 1.16323e-05
internal_weight=8433 7005 4027 1428 1062 366 2978
internal_count=8433 7005 4027 1428 1062 366 2978
is_linear=0
shrinkage=0.05


Tree=196
num_leaves=8
num_cat=0
split_feature=16 3 6 3 6 6 16
split_gain=0.000194901 0.00305821 0.00277511 0.000888977 0.000851438 0.0013418 0.000123178
threshold=-9.6545743970893536 -8.7018322416755485 0.3602425018839488 -2.8822819139506843 0.88074072987626117 2.4204367114876728 -12.657196750006499
decision_type=2 2 2 2 2 2 2
left_child=4 2 -2 -3 6 -6 -1
right_child=1 3 -4 -5 5 -7 -8
leaf_value=-2.3042123743427262e-05 0 3.3788140528615318e-05 -0.00017355276491705582 -6.0869407430695662e-06 9.6615060448488509e-05 0 0
leaf_weight=578 57 1800 487 4457 622 98 334
leaf_count=578 57 1800 487 4457 622 98 334
internal_value=0 -4.62708e-06 -0.000119455 0 1.44589e-05 5.84921e-05 0
internal_weight=8433 6801 544 6257 1632 720 912
internal_count=8433 6801 544 6257 1632 720 912
is_linear=0
shrinkage=0.05


Tree=197
num_leaves=6
num_cat=0
split_feature=13 13 13 15 16
split_gain=0.000193119 0.00337648 0.00130839 0.000680653 5.85257e-06
threshold=-2.1295115427365112 -1.964541388946228 -1.2448797960925293 -2.8600961543495171 1.4517502120536101
decision_type=2 2 2 2 2
left_child=4 3 -3 -2 -1
right_child=1 2 -4 -5 -6
leaf_value=7.2550970323258254e-05 -0.00056379860317974824 9.3140489516962277e-05 -2.7928202102860473e-06 0 0
leaf_weight=87 30 368 7840 61 47
leaf_count=87 30 368 7840 61 47
internal_value=0 -1.86794e-06 0 -0.00030179 5.77668e-05
internal_weight=8433 8299 8208 91 134
internal_count=8433 8299 8208 91 134
is_linear=0
shrinkage=0.05


Tree=198
num_leaves=8
num_cat=0
split_feature=14 0 14 5 14 14 14
split_gain=0.000186205 0.00144589 0.00115681 0.0020663 0.00101125 0.000789449 0.000615408
threshold=24.689999580383304 -1.1694796935287635 21.284999847412113 3.4089636279564348 27.344999313354496 19.425000190734867 24.875000000000004
decision_type=2 2 2 2 2 2 2
left_child=2 4 5 -4 -2 -1 -3
right_child=1 6 3 -5 -6 -7 -8
leaf_value=-9.1145214800394043e-07 -0.00016873328957651461 0 0 -0.00017548352280966301 2.7051133651947374e-05 0.00010202326727464363 0.00022119263333335865
leaf_weight=7665 86 36 57 261 29 187 112
leaf_count=7665 86 36 57 261 29 187 112
internal_value=0 4.00161e-05 -2.24457e-06 -9.57405e-05 0 0 0.000164095
internal_weight=8433 263 8170 318 115 7852 148
internal_count=8433 263 8170 318 115 7852 148
is_linear=0
shrinkage=0.05


Tree=199
num_leaves=8
num_cat=0
split_feature=8 12 8 10 10 5 10
split_gain=0.000184595 0.000785614 0.00150787 0.00115704 0.000773725 0.000827529 0.000771846
threshold=-0.0030703785513425948 -5.3988353602188539 0.75835936211680577 22.237785367912071 61.428908706396236 3.6070741651783993 33.407492470134223
decision_type=2 2 2 2 2 2 2
left_child=4 3 -3 -2 6 -6 -1
right_child=1 2 -4 -5 5 -7 -8
leaf_value=1.6900259365417497e-05 0 -9.7851007334470171e-06 9.6712731407582183e-05 -8.4186927654097957e-05 0 0.00014838806701677476 -2.6450562190425278e-05
leaf_weight=2624 223 2443 376 726 170 187 1684
leaf_count=2624 223 2443 376 726 170 187 1684
internal_value=0 -8.96543e-06 0 -4.88249e-05 5.82695e-06 7.63508e-05 0
internal_weight=8433 3768 2819 949 4665 357 4308
internal_count=8433 3768 2819 949 4665 357 4308
is_linear=0
shrinkage=0.05


Tree=200
num_leaves=6
num_cat=0
split_feature=13 13 5 13 16
split_gain=0.000194749 0.00306031 0.00188152 0.00115848 7.98459e-06
threshold=-2.1295115427365112 -1.964541388946228 3.6396680590522235 -1.2448797960925293 1.4517502120536101
decision_type=2 2 2 2 2
left_child=4 2 -2 -3 -1
right_child=1 3 -4 -5 -6
leaf_value=7.3810766413127718e-05 0 8.7748232823828048e-05 -0.00041460357263632539 -2.4554555607849825e-06 0
leaf_weight=87 21 368 70 7840 47
leaf_count=87 21 368 70 7840 47
internal_value=0 -1.62649e-06 -0.000287232 0 5.84678e-05
internal_weight=8433 8299 91 8208 134
internal_count=8433 8299 91 8208 134
is_linear=0
shrinkage=0.05


Tree=201
num_leaves=8
num_cat=0
split_feature=14 14 15 13 13 14 10
split_gain=0.000183054 0.00255231 0.00251403 0.00178844 0.00458323 0.00454009 0.00141935
threshold=11.899999618530275 11.75500011444092 -10.61869979915827 0.30853621784847635 0.55772823085510359 12.244999885559084 16.986368544247419
decision_type=2 2 2 2 2 2 2
left_child=1 2 -1 5 -5 -2 -3
right_child=3 6 -4 4 -6 -7 -8
leaf_value=0.00030147101027292941 0.00013787671284266054 0 -1.9083352398016329e-06 -0.00014606772533742442 1.2948508708723241e-05 0 -0.00018162889015980958
leaf_weight=67 791 23 3849 572 898 1926 307
leaf_count=67 791 23 3849 572 898 1926 307
internal_value=0 -7.89029e-06 0 6.79067e-06 -2.52644e-05 3.70119e-05 -0.000141477
internal_weight=8433 4246 3916 4187 1470 2717 330
internal_count=8433 4246 3916 4187 1470 2717 330
is_linear=0
shrinkage=0.05


Tree=202
num_leaves=8
num_cat=0
split_feature=13 13 1 1 5 0 4
split_gain=0.000206247 0.00297342 0.00164553 0.00127336 0.00346821 0.000852263 0.000732799
threshold=0.19340332375729077 0.30853621784847635 -0.071244688795541453 0.10893534603785478 5.0963715582441678 1.7987804992727912 5.7984278563561995
decision_type=2 2 2 2 2 2 2
left_child=3 2 -2 5 -5 -1 -3
right_child=1 6 -4 4 -6 -7 -8
leaf_value=0 0 2.847307213110584e-06 0.00019891748879441204 0 -0.00012756769143581031 9.8816706108290216e-05 -5.7846276955602815e-05
leaf_weight=2619 93 2263 297 1659 733 229 540
leaf_count=2619 93 2263 297 1659 733 229 540
internal_value=0 9.42012e-06 0.000140308 -6.65407e-06 -3.70739e-05 6.62258e-06 0
internal_weight=8433 3193 390 5240 2392 2848 2803
internal_count=8433 3193 390 5240 2392 2848 2803
is_linear=0
shrinkage=0.05


Tree=203
num_leaves=8
num_cat=0
split_feature=0 2 6 11 11 8 9
split_gain=0.000185423 0.00128131 0.00364144 0.00223443 0.00118511 0.00379464 0.00163702
threshold=-1.7363571250931595 -6.2144185301226331 0.32835871134837574 -6.1664722645523957 -6.3455008864243174 0.13157443609747677 -0.040460372621391578
decision_type=2 2 2 2 2 2 2
left_child=4 2 -2 -3 6 -6 -1
right_child=1 3 -4 -5 5 -7 -8
leaf_value=4.9849872935178274e-05 0 9.8591481234522316e-05 -0.00017691644783934078 -7.4243620752431927e-06 0.00013404762902655931 0 -8.1880420894637755e-05
leaf_weight=180 87 541 395 5585 710 394 541
leaf_count=180 87 541 395 5585 710 394 541
internal_value=0 -4.24271e-06 -8.28504e-05 0 1.37332e-05 5.46826e-05 -5.37195e-07
internal_weight=8433 6608 482 6126 1825 1104 721
internal_count=8433 6608 482 6126 1825 1104 721
is_linear=0
shrinkage=0.05


Tree=204
num_leaves=8
num_cat=0
split_feature=3 5 12 13 8 13 13
split_gain=0.000190343 0.00134786 0.00363 0.000794896 0.0017763 0.000784308 3.50827e-05
threshold=-20.403721702655343 7.4865567663670181 4.3135397887059819 -0.95134095569688315 0.023742197121651733 -1.2448797960925293 -2.1295115427365112
decision_type=2 2 2 2 2 2 2
left_child=3 5 -3 6 -5 -2 -1
right_child=1 2 -4 4 -6 -7 -8
leaf_value=0 6.5247133447196646e-05 -0.00020924642670791386 0 0.00016349834218988991 0 -1.4547710743091858e-06 -3.8233229094961078e-05
leaf_weight=39 455 283 92 255 54 7197 58
leaf_count=39 455 283 92 255 54 7197 58
internal_value=0 -2.05199e-06 -9.50145e-05 3.29159e-05 8.83811e-05 0 0
internal_weight=8433 8027 375 406 309 7652 97
internal_count=8433 8027 375 406 309 7652 97
is_linear=0
shrinkage=0.05


Tree=205
num_leaves=8
num_cat=0
split_feature=13 13 5 8 3 13 13
split_gain=0.000188695 0.00267966 0.00136466 0.000852816 0.00156774 0.00087388 0.000596246
threshold=0.19340332375729077 0.30853621784847635 2.2547876145273853 -0.0030703785513425948 12.093784070328295 -0.011353615510945046 0.66690935701482223
decision_type=2 2 2 2 2 2 2
left_child=3 2 -2 5 -5 -1 -3
right_child=1 6 -4 4 -6 -7 -8
leaf_value=2.5742122516528266e-05 0 -2.6634259879500511e-05 0.00017372254636960187 -5.5321148006432977e-05 9.5905738907914914e-06 -3.4533868136083755e-05 1.6990880482815924e-05
leaf_weight=2340 48 1615 342 2026 333 541 1188
leaf_count=2340 48 1615 342 2026 333 541 1188
internal_value=0 9.20901e-06 0.000133345 -6.18891e-06 -3.13335e-05 2.26714e-06 0
internal_weight=8433 3193 390 5240 2359 2881 2803
internal_count=8433 3193 390 5240 2359 2881 2803
is_linear=0
shrinkage=0.05


Tree=206
num_leaves=7
num_cat=0
split_feature=14 14 5 15 6 5
split_gain=0.000176805 0.00092405 0.00183887 0.000656546 0.000452185 0.00118792
threshold=24.689999580383304 21.284999847412113 3.4089636279564348 -0.054198473267125229 2.2912357187302717 5.731802192711446
decision_type=2 2 2 2 2 2
left_child=1 3 -3 -1 5 -2
right_child=4 2 -4 -5 -6 -7
leaf_value=1.3981080627524956e-05 0 0 -0.00016226958026206511 -1.5098610614175361e-05 0 0.00020189209399128186
leaf_weight=4600 121 57 261 3252 33 109
leaf_count=4600 121 57 261 3252 33 109
internal_value=0 -1.47869e-06 -8.52935e-05 0 4.00069e-05 8.1859e-05
internal_weight=8433 8170 318 7852 263 230
internal_count=8433 8170 318 7852 263 230
is_linear=0
shrinkage=0.05


Tree=207
num_leaves=6
num_cat=0
split_feature=13 13 5 13 16
split_gain=0.00017067 0.00269622 0.00169937 0.00103416 5.27293e-06
threshold=-2.1295115427365112 -1.964541388946228 3.6396680590522235 -1.2448797960925293 1.4517502120536101
decision_type=2 2 2 2 2
left_child=4 2 -2 -3 -1
right_child=1 3 -4 -5 -6
leaf_value=6.9558261803762087e-05 0 8.3158751533365168e-05 -0.00039083648246661249 -1.845724129615929e-06 0
leaf_weight=87 21 368 70 7840 47
leaf_count=87 21 368 70 7840 47
internal_value=0 -1.05529e-06 -0.000269404 0 5.54017e-05
internal_weight=8433 8299 91 8208 134
internal_count=8433 8299 91 8208 134
is_linear=0
shrinkage=0.05


Tree=208
num_leaves=8
num_cat=0
split_feature=13 13 1 14 1 5 4
split_gain=0.000162193 0.00243005 0.00164451 0.00163388 0.00109389 0.00308143 0.000750296
threshold=0.19340332375729077 0.36317388633246855 -0.37543341595778285 10.315000057220461 0.10893534603785478 5.0963715582441678 5.8871004520063552
decision_type=2 2 2 2 2 2 2
left_child=4 2 -2 -3 6 -6 -1
right_child=1 3 -4 -5 5 -7 -8
leaf_value=0 0 6.5600108317712325e-05 0.00015503685268413394 -2.926197973672787e-05 0 -0.00011945807848846957 6.1497158965184573e-05
leaf_weight=2325 84 517 432 2160 1659 733 523
leaf_count=2325 84 517 432 2160 1659 733 523
internal_value=0 8.76407e-06 0.000110462 0 -5.5261e-06 -3.41079e-05 6.20578e-06
internal_weight=8433 3193 516 2677 5240 2392 2848
internal_count=8433 3193 516 2677 5240 2392 2848
is_linear=0
shrinkage=0.05


Tree=209
num_leaves=8
num_cat=0
split_feature=0 3 5 0 4 15 7
split_gain=0.000160184 0.00155652 0.000979525 0.000720875 0.000636307 0.000599244 7.72391e-05
threshold=4.5454537914315978 18.809009193595596 3.192620191813861 2.6836458364518996 1.630434691144256 4.7319161163365822 81.375625353702972
decision_type=2 2 2 2 2 2 2
left_child=3 2 -2 5 -5 -1 -3
right_child=1 6 -4 4 -6 -7 -8
leaf_value=5.8684600753779223e-06 0 -5.5362837650584064e-05 0.00013679063788905882 0 -9.6609807251446864e-05 -4.5199518783322553e-05 0
leaf_weight=6956 28 61 357 20 364 614 33
leaf_count=6956 28 61 357 20 364 614 33
internal_value=0 2.80099e-05 0.000105025 -1.70358e-06 -6.87655e-05 0 0
internal_weight=8433 479 385 7954 384 7570 94
internal_count=8433 479 385 7954 384 7570 94
is_linear=0
shrinkage=0.05


Tree=210
num_leaves=8
num_cat=0
split_feature=6 6 7 8 10 10 7
split_gain=0.000146746 0.000735413 0.000733147 0.000561854 0.000542526 0.000530735 0.000345135
threshold=0.38240518487887115 0.43476660372560111 35.830820737921727 -0.15397080176442141 19.246560401349338 22.237785367912071 51.925570790297002
decision_type=2 2 2 2 2 2 2
left_child=2 4 3 -1 -2 -4 -3
right_child=1 6 5 -5 -6 -7 -8
leaf_value=0 0 8.5026970207411832e-06 0.00010956673728484045 -9.6448032680393177e-05 -0.00010894789630939437 0 -1.6127054020988241e-05
leaf_weight=307 56 4263 285 149 274 969 2130
leaf_count=307 56 4263 285 149 274 969 2130
internal_value=0 -3.47428e-06 1.2918e-05 0 -7.60411e-05 4.10701e-05 0
internal_weight=8433 6723 1710 456 330 1254 6393
internal_count=8433 6723 1710 456 330 1254 6393
is_linear=0
shrinkage=0.05


Tree=211
num_leaves=6
num_cat=0
split_feature=13 13 5 13 4
split_gain=0.000153348 0.00239387 0.00156651 0.00094088 5.59429e-05
threshold=-2.1295115427365112 -1.964541388946228 3.6396680590522235 -1.2448797960925293 2.8451551619812308
decision_type=2 2 2 2 2
left_child=4 2 -2 -3 -1
right_child=1 3 -4 -5 -6
leaf_value=0 0 7.9332444288878411e-05 -0.00037096645279638732 -1.7330982493946814e-06 7.0766499273445659e-05
leaf_weight=33 21 368 70 7840 101
leaf_count=33 21 368 70 7840 101
internal_value=0 -9.44995e-07 -0.000253833 0 5.25774e-05
internal_weight=8433 8299 91 8208 134
internal_count=8433 8299 91 8208 134
is_linear=0
shrinkage=0.05


Tree=212
num_leaves=8
num_cat=0
split_feature=0 2 11 4 2 15 3
split_gain=0.000151963 0.00095674 0.00223569 0.000782111 0.000737871 0.000838059 0.000580835
threshold=-2.163886260030417 0.09206146797706706 -7.6171644095591793 6.8277521689669509 -7.2930848743477314 -10.61869979915827 -3.6305201673082816
decision_type=2 2 2 2 2 2 2
left_child=1 2 -1 -3 5 -2 -6
right_child=4 3 -4 -5 6 -7 -8
leaf_value=0 0 -0.00011020244110136306 0.00011644008455319411 0 1.9733480313747348e-05 -0.00011437702757343777 -1.0541999400167843e-05
leaf_weight=463 97 159 610 113 2544 304 4143
leaf_count=463 97 159 610 113 2544 304 4143
internal_value=0 1.53313e-05 5.01946e-05 0 -2.98793e-06 -6.88072e-05 0
internal_weight=8433 1345 1073 272 7088 401 6687
internal_count=8433 1345 1073 272 7088 401 6687
is_linear=0
shrinkage=0.05


Tree=213
num_leaves=7
num_cat=0
split_feature=14 4 14 13 13 9
split_gain=0.000163384 0.0015192 0.000741078 0.00341079 0.00132529 0.000459719
threshold=24.689999580383304 5.3674611470081954 16.090000152587894 -1.2448797960925293 0.80579453475153617 0.093225768541411097
decision_type=2 2 2 2 2 2
left_child=2 -2 4 -4 -1 -3
right_child=1 5 3 -5 -6 -7
leaf_value=-1.8370396176744182e-06 0 0 0 -0.00015200295252208081 8.7161393000396929e-05 0.00024629573233121189
leaf_weight=7016 135 42 275 448 431 86
leaf_count=7016 135 42 275 448 431 86
internal_value=0 3.84077e-05 -1.46529e-06 -5.07902e-05 0 0.000179506
internal_weight=8433 263 8170 723 7447 128
internal_count=8433 263 8170 723 7447 128
is_linear=0
shrinkage=0.05


Tree=214
num_leaves=8
num_cat=0
split_feature=13 13 14 16 13 8 4
split_gain=0.000149284 0.00181814 0.00968581 0.00136066 0.00126327 0.00102467 0.000800181
threshold=0.66690935701482223 0.52555861591733211 10.315000057220461 -12.886022838621296 0.19340332375729077 0.3037241965300333 2.6751095800764459
decision_type=2 2 2 2 2 2 2
left_child=1 4 -3 6 -1 -5 -2
right_child=3 2 -4 5 -6 -7 -8
leaf_value=-5.1412637010972561e-06 0 0.00018384554301479109 -0.00020885361290572991 -2.3804086254814998e-05 4.7830360363970172e-05 0.00012326225568755982 0.00020358147951217532
leaf_weight=5240 20 133 554 899 1318 133 136
leaf_count=5240 20 133 554 899 1318 133 136
internal_value=0 -2.77603e-06 -8.17176e-05 1.63307e-05 1.80727e-07 0 0.000153421
internal_weight=8433 7245 687 1188 6558 1032 156
internal_count=8433 7245 687 1188 6558 1032 156
is_linear=0
shrinkage=0.05


Tree=215
num_leaves=8
num_cat=0
split_feature=6 2 7 6 10 16 10
split_gain=0.000134075 0.000831295 0.000700846 0.000650492 0.000501107 0.00033766 0.000152814
threshold=0.38240518487887115 -3.1368845030855517 30.636146329518329 0.43476660372560111 19.246560401349338 -9.6545743970893536 22.638868873476913
decision_type=2 2 2 2 2 2 2
left_child=1 2 -1 4 -2 -5 -3
right_child=3 6 -4 5 -6 -7 -8
leaf_value=0 0 1.172735283218111e-05 0.00010282384575674541 2.3617185524415479e-05 -0.00010324998247939961 -5.2161093338435794e-06 -1.9627559322787295e-05
leaf_weight=164 56 266 386 1261 274 5132 894
leaf_count=164 56 266 386 1261 274 5132 894
internal_value=0 1.26017e-05 6.52491e-05 -3.06839e-06 -7.13372e-05 0 0
internal_weight=8433 1710 550 6723 330 6393 1160
internal_count=8433 1710 550 6723 330 6393 1160
is_linear=0
shrinkage=0.05


Tree=216
num_leaves=8
num_cat=0
split_feature=12 8 12 11 13 1 13
split_gain=0.000139923 0.00156999 0.00107188 0.00098207 0.00209009 0.000876197 0.000368623
threshold=4.6531682634767035 0.85253972053859983 13.499841310898431 2.2598389433769186 -0.025055827021397411 1.988272994101479 0.52555861591733211
decision_type=2 2 2 2 2 2 2
left_child=3 2 -2 6 -5 -3 -1
right_child=1 5 -4 4 -6 -7 -8
leaf_value=9.7034546750121383e-06 2.4264175833468476e-05 0.0002014798278952772 -7.887785063384156e-05 -0.00016244515932309911 0 0 -1.7626586539033384e-05
leaf_weight=4948 798 156 353 291 387 36 1464
leaf_count=4948 798 156 353 291 387 36 1464
internal_value=0 1.4895e-05 0 -2.6923e-06 -6.07137e-05 0.000147547 0
internal_weight=8433 1343 1151 7090 678 192 6412
internal_count=8433 1343 1151 7090 678 192 6412
is_linear=0
shrinkage=0.05


Tree=217
num_leaves=8
num_cat=0
split_feature=14 14 15 0 5 14 15
split_gain=0.000146791 0.00229129 0.00220765 0.00204504 0.00110968 0.00282744 0.00104065
threshold=11.899999618530275 11.75500011444092 -10.61869979915827 1.2683015861433125 7.1127317069614771 13.405000209808351 -2.323130785509647
decision_type=2 2 2 2 2 2 2
left_child=1 2 -1 -3 6 -6 -2
right_child=4 3 -4 -5 5 -7 -8
leaf_value=0.00028277800222723816 0 -0.00020505186158696663 -6.5689487830620809e-07 0 0 -0.00018088524626875597 4.2570457229368524e-05
leaf_weight=67 1301 260 3849 70 164 247 2475
leaf_count=67 1301 260 3849 70 164 247 2475
internal_value=0 -6.4241e-06 0 -0.000133348 6.76421e-06 -5.11029e-05 2.23507e-05
internal_weight=8433 4246 3916 330 4187 411 3776
internal_count=8433 4246 3916 330 4187 411 3776
is_linear=0
shrinkage=0.05


Tree=218
num_leaves=7
num_cat=0
split_feature=4 7 4 5 14 1
split_gain=0.000152912 0.0013303 0.00240393 0.00126564 0.00188314 0.000532673
threshold=8.2923030597453948 72.102297328704722 17.876241828708817 7.392105859785973 12.244999885559084 3.1804157459118607
decision_type=2 2 2 2 2 2
left_child=3 2 -2 5 -5 -1
right_child=1 -3 -4 4 -6 -7
leaf_value=-6.7742683469436119e-07 0.00013419978965050825 0 0 0 -0.00022576967281882747 6.2970910249681933e-05
leaf_weight=7177 536 55 29 150 153 333
leaf_count=7177 536 55 29 150 153 333
internal_value=0 2.38426e-05 8.05551e-05 -1.91603e-06 -0.000102314 0
internal_weight=8433 620 565 7813 303 7510
internal_count=8433 620 565 7813 303 7510
is_linear=0
shrinkage=0.05


Tree=219
num_leaves=8
num_cat=0
split_feature=7 15 10 8 12 0 7
split_gain=0.000128386 0.00194389 0.00110453 0.000936846 0.000834769 0.000304707 0.000236825
threshold=59.99999015160131 3.777759855313906 46.889255960734197 0.75835936211680577 3.3519072676144681 4.9654907863434525 67.961340760209538
decision_type=2 2 2 2 2 2 2
left_child=1 5 -3 6 -5 -1 -2
right_child=3 2 -4 4 -6 -7 -8
leaf_value=0 1.5203056564634239e-05 -0.0001293768274576312 0 0 0.00014605019105620658 8.0008799483620064e-05 -2.4593742768335634e-05
leaf_weight=6048 644 458 126 93 217 117 730
leaf_count=6048 644 458 126 93 217 117 730
internal_value=0 -3.41187e-06 -9.17995e-05 1.199e-05 9.10144e-05 0 0
internal_weight=8433 6749 584 1684 310 6165 1374
internal_count=8433 6749 584 1684 310 6165 1374
is_linear=0
shrinkage=0.05


Tree=220
num_leaves=8
num_cat=0
split_feature=13 13 14 14 2 16 13
split_gain=0.000144233 0.0020347 0.00230272 0.00163317 0.000782187 0.0020912 0.00056378
threshold=0.19340332375729077 0.30853621784847635 11.899999618530275 10.315000057220461 1.8960841102020789 10.704919290594235 -0.011353615510945046
decision_type=2 2 2 2 2 2 2
left_child=4 2 -2 -3 6 -6 -1
right_child=1 3 -4 -5 5 -7 -8
leaf_value=1.4279064925163966e-05 0 6.8131691645842164e-05 0.00020583443349103314 -2.5659646779254184e-05 -9.0344526746034595e-05 0 -3.0780580692471694e-05
leaf_weight=3263 131 559 259 2244 896 298 783
leaf_count=3263 131 559 259 2244 896 298 783
internal_value=0 8.19286e-06 0.00011629 0 -5.27975e-06 -4.19188e-05 0
internal_weight=8433 3193 390 2803 5240 1194 4046
internal_count=8433 3193 390 2803 5240 1194 4046
is_linear=0
shrinkage=0.05


Tree=221
num_leaves=8
num_cat=0
split_feature=13 13 14 12 14 13 7
split_gain=0.000134171 0.00150106 0.00866754 0.00108299 0.00239122 0.00103763 0.00069081
threshold=0.66690935701482223 0.52555861591733211 10.315000057220461 -4.0276109367490998 18.590000152587894 0.19340332375729077 59.99999015160131
decision_type=2 2 2 2 2 2 2
left_child=1 5 -3 4 -2 -1 -5
right_child=3 2 -4 6 -6 -7 -8
leaf_value=-4.7221670471198025e-06 0.00016316999664059447 0.00017151622698993718 -0.00019663800735161236 -6.2642181716319754e-05 0 4.3320475964300232e-05 1.8441619852955498e-05
leaf_weight=5240 335 133 554 420 226 1318 207
leaf_count=5240 335 133 554 420 226 1318 207
internal_value=0 -2.58681e-06 -7.42758e-05 1.5528e-05 7.29291e-05 0 0
internal_weight=8433 7245 687 1188 561 6558 627
internal_count=8433 7245 687 1188 561 6558 627
is_linear=0
shrinkage=0.05


Tree=222
num_leaves=8
num_cat=0
split_feature=14 14 10 2 2 15 10
split_gain=0.000133898 0.00206404 0.00299806 0.00230716 0.00163166 0.00329768 0.00280347
threshold=11.899999618530275 11.504999637603762 19.059543452209173 -3.7797863236815994 -2.3020473921310507 5.2271038630642037 24.383300930684189
decision_type=2 2 2 2 2 2 2
left_child=1 3 -3 -1 6 -6 -2
right_child=4 2 -4 -5 5 -7 -8
leaf_value=9.1897201100714129e-05 -0.00012534664041860251 0 -0.00012603954736648251 -6.5375962320506244e-06 7.5785832137704589e-05 -4.3289299123472687e-05 0
leaf_weight=671 479 142 803 2630 1939 425 1344
leaf_count=671 479 142 803 2630 1939 425 1344
internal_value=0 -6.15802e-06 -7.47615e-05 2.91852e-06 6.43858e-06 3.95671e-05 -1.73395e-05
internal_weight=8433 4246 945 3301 4187 2364 1823
internal_count=8433 4246 945 3301 4187 2364 1823
is_linear=0
shrinkage=0.05


Tree=223
num_leaves=7
num_cat=0
split_feature=13 13 5 13 8 16
split_gain=0.000128666 0.00214661 0.00144293 0.000854138 3.27668e-06 8.41879e-05
threshold=-2.1295115427365112 -1.964541388946228 3.6396680590522235 -1.2448797960925293 -0.011990187381141533 0.4315958871525028
decision_type=2 2 2 2 2 2
left_child=4 2 -2 -3 5 -1
right_child=1 3 -4 -5 -6 -7
leaf_value=8.9399516808369526e-05 0 7.564227743707332e-05 -0.00035313469060080632 -1.527408690420502e-06 0 0
leaf_weight=65 21 368 70 7840 45 24
leaf_count=65 21 368 70 7840 45 24
internal_value=0 -7.63839e-07 -0.000240326 0 4.82656e-05 5.97626e-05
internal_weight=8433 8299 91 8208 134 89
internal_count=8433 8299 91 8208 134 89
is_linear=0
shrinkage=0.05


Tree=224
num_leaves=7
num_cat=0
split_feature=14 4 14 7 14 9
split_gain=0.000137974 0.00142584 0.000607883 0.0013224 0.000580902 0.000399947
threshold=24.689999580383304 5.3674611470081954 21.284999847412113 41.006461500031733 19.425000190734867 0.093225768541411097
decision_type=2 2 2 2 2 2
left_child=2 -2 4 -4 -1 -3
right_child=1 5 3 -5 -6 -7
leaf_value=-4.5370488621942498e-07 0 0 -0.00014725774555569393 0 8.7610111377986488e-05 0.0002359553657474449
leaf_weight=7665 135 42 221 97 187 86
leaf_count=7665 135 42 221 97 187 86
internal_value=0 3.55508e-05 -1.10684e-06 -6.91403e-05 0 0.000173195
internal_weight=8433 263 8170 318 7852 128
internal_count=8433 263 8170 318 7852 128
is_linear=0
shrinkage=0.05


Tree=225
num_leaves=8
num_cat=0
split_feature=10 6 5 14 5 14 8
split_gain=0.000124263 0.000719545 0.00091372 0.000584179 0.0015515 0.000917599 3.71508e-05
threshold=18.00320631989916 0.44853147447203506 3.4089636279564348 10.154999732971193 4.8240300377050991 9.4649996757507342 0.17705864350587711
decision_type=2 2 2 2 2 2 2
left_child=1 2 -1 5 -5 -2 -3
right_child=3 6 -4 4 -6 -7 -8
leaf_value=0 0 0 0.00014904119904397763 0 -4.664317513174295e-05 6.1673436823642339e-05 -2.5308725164309042e-05
leaf_weight=55 145 731 194 4213 2191 761 143
leaf_count=55 145 731 194 4213 2191 761 143
internal_value=0 1.55103e-05 9.08021e-05 -2.33943e-06 -1.18022e-05 2.58801e-05 0
internal_weight=8433 1123 249 7310 6404 906 874
internal_count=8433 1123 249 7310 6404 906 874
is_linear=0
shrinkage=0.05


Tree=226
num_leaves=8
num_cat=0
split_feature=3 16 2 5 9 15 2
split_gain=0.000126451 0.00155307 0.00112094 0.00112068 0.000657128 0.000335947 0.000120764
threshold=-20.403721702655343 -16.996585371563885 1.477977110731288 7.4865567663670181 0.059426162777481216 -6.967745014476205 -5.69411775954402
decision_type=2 2 2 2 2 2 2
left_child=4 2 -2 -3 5 -1 -6
right_child=1 3 -4 -5 6 -7 -8
leaf_value=0.00017131069568476005 -0.00019560659423087991 6.5362506489213805e-06 0 -8.2361376757671197e-05 -4.4468043820913832e-05 0 1.396435779274469e-05
leaf_weight=93 173 7464 26 364 135 21 157
leaf_count=93 173 7464 26 364 135 21 157
internal_value=0 -1.16072e-06 -0.000139178 0 2.73553e-05 0.000129593 0
internal_weight=8433 8027 199 7828 406 114 292
internal_count=8433 8027 199 7828 406 114 292
is_linear=0
shrinkage=0.05


Tree=227
num_leaves=8
num_cat=0
split_feature=16 1 13 5 5 14 9
split_gain=0.000124844 0.00130612 0.00248842 0.00122556 0.00203844 0.00180033 0.000505711
threshold=-9.6545743970893536 0.50770568785054115 -0.53258404265513193 8.4696078493396119 6.2974390140477361 11.309999942779543 -0.040460372621391578
decision_type=2 2 2 2 2 2 2
left_child=1 6 -3 4 -2 -5 -1
right_child=3 2 -4 5 -6 -7 -8
leaf_value=5.4888816624812701e-05 -7.7871725275155387e-06 0 0.00014324999266115667 0 9.068917039786239e-05 -0.00024585291016837656 -3.1522634812904975e-05
leaf_weight=102 6050 102 473 54 573 124 955
leaf_count=102 6050 102 473 54 573 124 955
internal_value=0 1.26366e-05 7.81749e-05 -2.74307e-06 0 -0.000131552 0
internal_weight=8433 1632 575 6801 6623 178 1057
internal_count=8433 1632 575 6801 6623 178 1057
is_linear=0
shrinkage=0.05


Tree=228
num_leaves=8
num_cat=0
split_feature=0 0 4 9 3 0 8
split_gain=0.000118799 0.00082058 0.00177148 0.00054584 0.00128438 0.00113234 0.000328801
threshold=-2.163886260030417 -3.3181671108034387 4.6822494905757379 0.17072908159672642 -3.6305201673082816 -0.29699109329621642 -0.27281487195811743
decision_type=2 2 2 2 2 2 2
left_child=1 6 -3 5 -5 -2 -1
right_child=3 2 -4 4 -6 -7 -8
leaf_value=0 -6.9280022614055635e-05 0 0.000158816194626126 4.0333054661758838e-05 -1.0469587305196225e-05 0 -4.3124623428234772e-05
leaf_weight=253 881 387 265 1704 3973 530 440
leaf_count=253 881 387 265 1704 3973 530 440
internal_value=0 1.37398e-05 5.93767e-05 -2.45435e-06 0 -3.1559e-05 0
internal_weight=8433 1345 652 7088 5677 1411 693
internal_count=8433 1345 652 7088 5677 1411 693
is_linear=0
shrinkage=0.05


Tree=229
num_leaves=6
num_cat=0
split_feature=13 13 5 13 4
split_gain=0.000126214 0.00186044 0.00132047 0.000781457 4.86348e-05
threshold=-2.1295115427365112 -1.964541388946228 3.6396680590522235 -1.2448797960925293 2.8451551619812308
decision_type=2 2 2 2 2
left_child=4 2 -2 -3 -1
right_child=1 3 -4 -5 -6
leaf_value=0 0 7.2384503793973895e-05 -0.00033239733825515339 -1.3839839272715783e-06 6.4931619101152009e-05
leaf_weight=33 21 368 70 7840 101
leaf_count=33 21 368 70 7840 101
internal_value=0 -5.87306e-07 -0.000223702 0 4.79486e-05
internal_weight=8433 8299 91 8208 134
internal_count=8433 8299 91 8208 134
is_linear=0
shrinkage=0.05


Tree=230
num_leaves=8
num_cat=0
split_feature=12 8 4 12 13 13 8
split_gain=0.00012233 0.00128423 0.000992496 0.000949854 0.000897819 0.00124997 0.00103298
threshold=4.6531682634767035 0.85253972053859983 2.3161818742721665 13.499841310898431 -0.34746401527293019 -2.1295115427365112 -0.30891049155850919
decision_type=2 2 2 2 2 2 2
left_child=4 3 -3 -2 5 -1 -6
right_child=1 2 -4 -5 6 -7 -8
leaf_value=0 2.3769475156473167e-05 0 0.00019666221572990327 -7.3592814935347051e-05 5.4830708527551166e-05 -5.1482061709232924e-05 0
leaf_weight=116 798 40 152 353 876 2018 4080
leaf_count=116 798 40 152 353 876 2018 4080
internal_value=0 1.40179e-05 0.000133835 0 -2.41993e-06 -3.23031e-05 3.396e-06
internal_weight=8433 1343 192 1151 7090 2134 4956
internal_count=8433 1343 192 1151 7090 2134 4956
is_linear=0
shrinkage=0.05


Tree=231
num_leaves=8
num_cat=0
split_feature=14 6 14 0 16 5 11
split_gain=0.000120338 0.00237466 0.0018145 0.00184401 0.00147424 0.00116537 0.000957093
threshold=11.899999618530275 2.2269980668234908 11.75500011444092 0.53202699159682187 -4.9994754162343868 5.3100174358345633 -1.9217570015895118
decision_type=2 2 2 2 2 2 2
left_child=2 4 6 -4 -2 -3 -1
right_child=1 5 3 -5 -6 -7 -8
leaf_value=3.5468527995060738e-05 0 0 -0.0002008217503373643 0 5.1040053790361074e-05 -0.00022442672083135219 -1.4850765627749888e-05
leaf_weight=1471 1515 200 228 102 2343 129 2445
leaf_count=1471 1515 200 228 102 2343 129 2445
internal_value=0 6.39605e-06 -5.52079e-06 -0.000118547 2.5056e-05 -0.000105508 0
internal_weight=8433 4187 4246 330 3858 329 3916
internal_count=8433 4187 4246 330 3858 329 3916
is_linear=0
shrinkage=0.05


Tree=232
num_leaves=7
num_cat=0
split_feature=14 14 13 13 6 5
split_gain=0.000118425 0.000541153 0.00307393 0.00102919 0.000379852 0.00107384
threshold=24.689999580383304 16.090000152587894 -1.2448797960925293 0.80579453475153617 2.2912357187302717 5.731802192711446
decision_type=2 2 2 2 2 2
left_child=1 3 -3 -1 5 -2
right_child=4 2 -4 -5 -6 -7
leaf_value=-1.4652547198516852e-06 0 0 -0.00014178535812372706 7.6859530302984688e-05 0 0.00018796252940995369
leaf_weight=7016 121 275 448 431 33 109
leaf_count=7016 121 275 448 431 33 109
internal_value=0 -1.03055e-06 -4.33361e-05 0 3.29312e-05 7.30202e-05
internal_weight=8433 8170 723 7447 263 230
internal_count=8433 8170 723 7447 263 230
is_linear=0
shrinkage=0.05


Tree=233
num_leaves=8
num_cat=0
split_feature=7 15 16 7 1 14 7
split_gain=0.000115069 0.00159581 0.000878819 0.000849383 0.00103218 0.000323126 8.53188e-05
threshold=59.99999015160131 3.777759855313906 -7.6046441109600673 68.421083883037241 2.8813483080345903 27.344999313354496 81.375625353702972
decision_type=2 2 2 2 2 2 2
left_child=1 5 -3 4 -2 -1 -5
right_child=3 2 -4 6 -6 -7 -8
leaf_value=0 8.430939635171128e-05 0 -0.00011696116113877285 -1.8699386233910463e-05 0 0.00015645850104082271 0
leaf_weight=6134 693 130 454 608 76 31 307
leaf_count=6134 693 130 454 608 76 31 307
internal_value=0 -2.76126e-06 -8.30415e-05 1.18361e-05 5.53219e-05 0 0
internal_weight=8433 6749 584 1684 769 6165 915
internal_count=8433 6749 584 1684 769 6165 915
is_linear=0
shrinkage=0.05


Tree=234
num_leaves=7
num_cat=0
split_feature=14 14 15 15 7 14
split_gain=0.000115773 0.00245278 0.00736314 0.00210493 0.00133212 0.00116561
threshold=11.039999961853029 11.204999923706056 -0.45655983213829238 -10.61869979915827 43.279145448641451 9.7150001525878924
decision_type=2 2 2 2 2 2
left_child=3 2 -2 -1 -3 -5
right_child=1 4 -4 5 -6 -7
leaf_value=0.00027121404249160353 0.00043358668071224061 -2.609597372344476e-05 0 0 2.1283875059703429e-05 -5.136441503505536e-05
leaf_weight=44 129 2914 78 411 2966 1891
leaf_count=44 129 2914 78 411 2966 1891
internal_value=0 3.79855e-06 0.00017251 -9.26547e-06 0 -3.00482e-05
internal_weight=8433 6087 207 2346 5880 2302
internal_count=8433 6087 207 2346 5880 2302
is_linear=0
shrinkage=0.05


Tree=235
num_leaves=8
num_cat=0
split_feature=0 6 12 0 2 4 2
split_gain=0.000117739 0.00204246 0.00232809 0.000934007 0.000636499 0.000626792 0.00040431
threshold=3.8525887751308807 1.4454461541859669 7.7734673800664753 2.6836458364518996 11.232478810915893 1.911908914623407 -12.503961665627299
decision_type=2 2 2 2 2 2 2
left_child=3 2 -2 6 -3 -5 -1
right_child=1 4 -4 5 -6 -7 -8
leaf_value=7.4117059184968458e-05 0.00022833785430601325 -8.8103243433756815e-05 0 0 0 -0.00012038529881478842 0
leaf_weight=182 213 203 51 20 108 268 7388
leaf_count=182 213 203 51 20 108 268 7388
internal_value=0 2.21597e-05 0.000142342 -1.1836e-06 0 -8.99431e-05 0
internal_weight=8433 575 264 7858 311 288 7570
internal_count=8433 575 264 7858 311 288 7570
is_linear=0
shrinkage=0.05


Tree=236
num_leaves=8
num_cat=0
split_feature=13 13 10 4 13 7 14
split_gain=0.000103103 0.00265412 0.0021791 0.00137807 0.0011575 0.00109945 0.000415522
threshold=-1.2448797960925293 -0.89704472932619062 40.07561815881558 1.630434691144256 -0.73242106093049919 17.442251138370377 27.344999313354496
decision_type=2 2 2 2 2 2 2
left_child=2 3 5 -2 -3 -1 -4
right_child=1 4 6 -5 -6 -7 -8
leaf_value=0 0 0.00010699304239182757 -7.5140593249552309e-05 -0.00016095331914226961 0 0.00015293241442253973 0
leaf_weight=31 57 252 182 387 7144 359 21
leaf_count=31 57 252 182 387 7144 359 21
internal_value=0 -1.17774e-06 2.03697e-05 -0.000121945 1.3722e-06 0.000120528 -6.18825e-07
internal_weight=8433 7840 593 444 7396 390 203
internal_count=8433 7840 593 444 7396 390 203
is_linear=0
shrinkage=0.05


Tree=237
num_leaves=8
num_cat=0
split_feature=10 10 13 4 13 13 13
split_gain=0.000103972 0.000900514 0.00143754 0.00117724 0.000566958 0.00114096 0.000784757
threshold=46.279332838704079 42.933765317857329 -1.2448797960925293 3.538997772752166 0.35435901513232176 -0.89704472932619062 0.67494438532680345
decision_type=2 2 2 2 2 2 2
left_child=1 2 -1 -3 5 -2 -6
right_child=4 3 -4 -5 6 -7 -8
leaf_value=9.1653440815662196e-05 0 0 -4.1512163891584115e-06 -0.00015226103549284103 -7.780982948347236e-05 6.7544194128552361e-05 9.8624943655549072e-07
leaf_weight=414 245 205 5760 224 322 981 282
leaf_count=414 245 205 5760 224 322 981 282
internal_value=0 -2.61186e-06 0 -7.29927e-05 1.083e-05 3.64583e-05 0
internal_weight=8433 6603 6174 429 1830 1226 604
internal_count=8433 6603 6174 429 1830 1226 604
is_linear=0
shrinkage=0.05


Tree=238
num_leaves=8
num_cat=0
split_feature=13 13 14 14 4 5 8
split_gain=0.000123293 0.00169832 0.00199709 0.00127534 0.000903364 0.00205827 0.00150519
threshold=0.19340332375729077 0.30853621784847635 11.899999618530275 10.315000057220461 6.8990036148037888 4.5741347462186841 -0.16095988281936699
decision_type=2 2 2 2 2 2 2
left_child=4 2 -2 -3 5 -1 -6
right_child=1 3 -4 -5 6 -7 -8
leaf_value=0 0 6.0548293467183806e-05 0.00019016913488133496 -2.244675431555683e-05 0 -6.9792761908929596e-05 9.7611908886561266e-05
leaf_weight=3197 131 559 259 2244 196 1364 483
leaf_count=3197 131 559 259 2244 196 1364 483
internal_value=0 7.91866e-06 0.0001065 0 -4.53673e-06 -1.81801e-05 3.54984e-05
internal_weight=8433 3193 390 2803 5240 4561 679
internal_count=8433 3193 390 2803 5240 4561 679
is_linear=0
shrinkage=0.05


Tree=239
num_leaves=8
num_cat=0
split_feature=0 2 6 3 3 8 3
split_gain=0.000102224 0.00104437 0.00328061 0.00217614 0.00103591 0.00368298 0.000400288
threshold=-1.7363571250931595 -6.2144185301226331 0.32835871134837574 -2.8822819139506843 -4.4314408256204025 0.13157443609747677 -20.403721702655343
decision_type=2 2 2 2 2 2 2
left_child=4 2 -2 -3 6 -6 -1
right_child=1 3 -4 -5 5 -7 -8
leaf_value=5.4721272577427511e-06 0 3.9052573722997168e-05 -0.00016537727780264929 -2.1354779079296911e-05 0.00015670064180565177 0 -3.4715852772757048e-05
leaf_weight=213 87 2472 395 3654 487 302 823
leaf_count=213 87 2472 395 3654 487 302 823
internal_value=0 -2.61918e-06 -7.40822e-05 0 1.07266e-05 5.94962e-05 0
internal_weight=8433 6608 482 6126 1825 789 1036
internal_count=8433 6608 482 6126 1825 789 1036
is_linear=0
shrinkage=0.05


Tree=240
num_leaves=8
num_cat=0
split_feature=13 13 1 1 2 14 4
split_gain=0.000109604 0.0015347 0.00138357 0.000906542 0.00090624 0.000857731 0.000626464
threshold=0.19340332375729077 0.36317388633246855 -0.37543341595778285 0.070642358657106011 -4.641107863388398 10.315000057220461 5.8871004520063552
decision_type=2 2 2 2 2 2 2
left_child=3 2 -2 6 -5 -3 -1
right_child=1 5 -4 4 -6 -7 -8
leaf_value=0 0 4.7331848129001923e-05 0.00013126300471595151 0 -4.692766704262319e-05 -2.130795698155876e-05 5.7298262416371001e-05
leaf_weight=2261 84 517 432 423 2047 2160 509
leaf_count=2261 84 517 432 423 2047 2160 509
internal_value=0 7.55056e-06 8.80823e-05 -4.18618e-06 -3.01474e-05 0 6.34216e-06
internal_weight=8433 3193 516 5240 2470 2677 2770
internal_count=8433 3193 516 5240 2470 2677 2770
is_linear=0
shrinkage=0.05


Tree=241
num_leaves=7
num_cat=0
split_feature=3 16 7 2 2 16
split_gain=0.000104682 0.00140577 0.0008793 0.00255379 0.000752369 0.000560934
threshold=-20.403721702655343 -16.564163296527038 5.2730033624599892 -10.371876540145069 1.477977110731288 -9.6545743970893536
decision_type=2 2 2 2 2 2
left_child=2 4 -1 -4 -2 -3
right_child=1 5 3 -5 -6 -7
leaf_value=0 -0.00016473765826154323 3.6933676299165799e-05 0.00028476984806838362 0 0 -2.2403764062931017e-06
leaf_weight=25 197 1001 107 274 28 6801
leaf_count=25 197 1001 107 274 28 6801
internal_value=0 -8.04913e-07 2.50735e-05 8.00579e-05 -0.000124519 0
internal_weight=8433 8027 406 381 225 7802
internal_count=8433 8027 406 381 225 7802
is_linear=0
shrinkage=0.05


Tree=242
num_leaves=8
num_cat=0
split_feature=10 11 7 14 13 13 10
split_gain=9.90196e-05 0.000669512 0.00115755 0.000457455 0.00146528 0.00086124 4.07735e-05
threshold=18.00320631989916 -0.25755615259642145 30.851912413714114 10.154999732971193 0.52555861591733211 -0.013045006246314992 16.769840725763057
decision_type=2 2 2 2 2 2 2
left_child=1 2 -1 5 -5 -2 -3
right_child=3 6 -4 4 -6 -7 -8
leaf_value=0 0 -1.6465129787347233e-05 9.2255459154139694e-05 0 -5.5297523603210481e-05 6.6894546414365835e-05 0
leaf_weight=93 328 374 561 4971 1433 578 95
leaf_count=93 328 374 561 4971 1433 578 95
internal_value=0 1.41134e-05 5.37875e-05 -1.79127e-06 -1.06367e-05 2.20714e-05 0
internal_weight=8433 1123 654 7310 6404 906 469
internal_count=8433 1123 654 7310 6404 906 469
is_linear=0
shrinkage=0.05


Tree=243
num_leaves=8
num_cat=0
split_feature=0 6 3 0 4 14 15
split_gain=0.000103336 0.00182718 0.00191982 0.000791426 0.000577491 0.00053183 0.000494591
threshold=3.8525887751308807 1.4454461541859669 22.685407793352944 2.6836458364518996 1.911908914623407 9.7150001525878924 7.5785903981523193
decision_type=2 2 2 2 2 2 2
left_child=3 2 -2 5 -5 -1 -3
right_child=1 6 -4 4 -6 -7 -8
leaf_value=5.8963161409044589e-05 0.00020184097119039956 -8.6566737687186995e-05 0 0 -0.00011276919590050563 -1.0835702682603506e-06 0
leaf_weight=378 234 163 30 20 268 7192 148
leaf_count=378 234 163 30 20 268 7192 148
internal_value=0 2.0693e-05 0.000134542 -1.19734e-06 -8.28341e-05 0 0
internal_weight=8433 575 264 7858 288 7570 311
internal_count=8433 575 264 7858 288 7570 311
is_linear=0
shrinkage=0.05


Tree=244
num_leaves=8
num_cat=0
split_feature=12 8 4 7 4 7 12
split_gain=0.000110042 0.00114107 0.000907705 0.000876181 0.00225727 0.000868838 0.000845447
threshold=4.6531682634767035 0.85253972053859983 2.3161818742721665 51.925570790297002 4.281938387565309 43.279145448641451 13.499841310898431
decision_type=2 2 2 2 2 2 2
left_child=3 6 -3 5 -5 -1 -2
right_child=1 2 -4 4 -6 -7 -8
leaf_value=-2.6590224247369046e-06 2.2530284817821671e-05 0 0.00018655965458244531 0 -0.00012318847213534692 3.8266744122144209e-05 -6.9353676897919022e-05
leaf_weight=3823 798 40 152 1272 515 1480 353
leaf_count=3823 798 40 152 1272 515 1480 353
internal_value=0 1.33011e-05 0.000126218 -2.28863e-06 -3.50875e-05 2.17541e-06 0
internal_weight=8433 1343 192 7090 1787 5303 1151
internal_count=8433 1343 192 7090 1787 5303 1151
is_linear=0
shrinkage=0.05


Tree=245
num_leaves=8
num_cat=0
split_feature=13 13 14 16 8 13 0
split_gain=0.000114024 0.00114855 0.00726116 0.00107762 0.000854154 0.000817083 0.000814095
threshold=0.66690935701482223 0.52555861591733211 10.315000057220461 -12.886022838621296 0.3037241965300333 0.19340332375729077 -1.9916767141836689
decision_type=2 2 2 2 2 2 2
left_child=1 5 -3 6 -5 -1 -2
right_child=3 2 -4 4 -6 -7 -8
leaf_value=-4.1693599695127685e-06 0 0.00015041571095827279 -0.00017995096783072264 -2.165705002306349e-05 0.00011263811426060449 3.8450909942574102e-05 0.00020286577793529977
leaf_weight=5240 37 133 554 899 133 1318 119
leaf_count=5240 37 133 554 899 133 1318 119
internal_value=0 -2.18673e-06 -6.49443e-05 1.45061e-05 0 0 0.000136513
internal_weight=8433 7245 687 1188 1032 6558 156
internal_count=8433 7245 687 1188 1032 6558 156
is_linear=0
shrinkage=0.05


Tree=246
num_leaves=8
num_cat=0
split_feature=14 13 14 2 0 2 13
split_gain=0.000111013 0.00208672 0.00206614 0.00555462 0.00148817 0.00113573 0.00105328
threshold=11.039999961853029 -0.013045006246314992 11.204999923706056 -1.5556833998364437 4.7708619709945417 -5.8890174943822862 0.58543975638573065
decision_type=2 2 2 2 2 2 2
left_child=1 4 3 -2 -1 -4 -3
right_child=2 6 5 -5 -6 -7 -8
leaf_value=-9.7852893812201767e-05 0.00038375560900469563 5.4320573710161363e-05 -4.9893475846208944e-05 0 0 8.3472320588156431e-06 -2.5139923517086641e-06
leaf_weight=932 128 950 1002 79 44 4878 420
leaf_count=932 128 950 1002 79 44 4878 420
internal_value=0 -8.86595e-06 3.90745e-06 0.000158617 -7.30772e-05 0 1.14084e-05
internal_weight=8433 2346 6087 207 976 5880 1370
internal_count=8433 2346 6087 207 976 5880 1370
is_linear=0
shrinkage=0.05


Tree=247
num_leaves=8
num_cat=0
split_feature=7 11 11 13 12 7 13
split_gain=0.000104536 0.00167944 0.00112164 0.00091713 0.000790681 0.00310611 0.000111656
threshold=59.99999015160131 2.8501626971670255 1.3262315789016681 0.16321711356648286 4.3135397887059819 70.477442648421416 0.67494438532680345
decision_type=2 2 2 2 2 2 2
left_child=1 2 -1 -3 6 -6 -2
right_child=4 3 -4 -5 5 -7 -8
leaf_value=-2.2375959429479064e-06 -2.0186744248826975e-05 -0.00018638362081974073 8.2555635002951858e-05 0 0.00016365982019965244 0 0
leaf_weight=6033 683 186 405 125 370 536 95
leaf_count=6033 683 186 405 125 370 536 95
internal_value=0 -2.41818e-06 0 -0.000116362 1.14713e-05 4.9207e-05 0
internal_weight=8433 6749 6438 311 1684 906 778
internal_count=8433 6749 6438 311 1684 906 778
is_linear=0
shrinkage=0.05


Tree=248
num_leaves=8
num_cat=0
split_feature=14 2 7 2 2 10 7
split_gain=0.000114203 0.00167362 0.00178308 0.00163647 0.0012317 0.00257692 0.00155108
threshold=11.899999618530275 -1.430926151588324 39.129858956986531 4.660128537047826 -2.3020473921310507 24.383300930684189 51.600094201289693
decision_type=2 2 2 2 2 2 2
left_child=1 2 -1 -3 5 -2 -6
right_child=4 3 -4 -5 6 -7 -8
leaf_value=0 -0.00011833668809399598 -6.052527876747836e-05 8.34906413698323e-05 0 7.215720392305869e-05 0 0
leaf_weight=867 479 2066 757 556 1307 1344 1057
leaf_count=867 479 2066 757 556 1307 1344 1057
internal_value=0 -5.60672e-06 2.26346e-05 -3.6441e-05 6.02317e-06 -1.26799e-05 3.52375e-05
internal_weight=8433 4246 1624 2622 4187 1823 2364
internal_count=8433 4246 1624 2622 4187 1823 2364
is_linear=0
shrinkage=0.05


Tree=249
num_leaves=7
num_cat=0
split_feature=4 7 7 7 10 3
split_gain=0.000106492 0.000634299 0.00197741 0.00195314 0.0001704 0.000174259
threshold=1.3211389294000782 51.925570790297002 43.279145448641451 59.99999015160131 27.205810051354153 41.355345615276605
decision_type=2 2 2 2 2 2
left_child=4 2 -2 -3 -1 -6
right_child=1 3 -4 -5 5 -7
leaf_value=0 -9.4727455813106155e-06 -7.7720033402488235e-05 5.6149714966949862e-05 0 4.1415968187269651e-05 0
leaf_weight=286 3667 1067 1472 1271 643 27
leaf_count=286 3667 1067 1472 1271 643 27
internal_value=0 -1.6963e-06 2.53048e-06 -2.59384e-05 1.59824e-05 3.15924e-05
internal_weight=8433 7477 5139 2338 956 670
internal_count=8433 7477 5139 2338 956 670
is_linear=0
shrinkage=0.05


Tree=250
num_leaves=8
num_cat=0
split_feature=8 11 5 5 15 13 15
split_gain=0.000108716 0.000969501 0.00144051 0.000789385 0.00130167 0.000355938 0.000329486
threshold=-0.32838130158148321 -7.6171644095591793 4.2067109787246135 3.441436951155433 -0.88374361327674944 -1.2448797960925293 -0.78521096751090746
decision_type=2 2 2 2 2 2 2
left_child=3 2 -2 6 -5 -3 -1
right_child=1 5 -4 4 -6 -7 -8
leaf_value=-5.8584535840357918e-05 0 5.0207609346868342e-05 -0.00012831355647864733 7.958157808100171e-05 0 0 0
leaf_weight=238 92 351 366 861 201 6196 128
leaf_count=238 92 351 366 861 201 6196 128
internal_value=0 -2.19811e-06 -7.30933e-05 1.28992e-05 4.55893e-05 0 0
internal_weight=8433 7005 458 1428 1062 6547 366
internal_count=8433 7005 458 1428 1062 6547 366
is_linear=0
shrinkage=0.05


Tree=251
num_leaves=8
num_cat=0
split_feature=16 12 16 0 15 10 11
split_gain=9.43703e-05 0.00137596 0.00307783 0.00103591 0.00263031 0.000941316 0.000640329
threshold=-9.6545743970893536 -7.6434836261446284 -6.4122960579061514 0.094030674085860799 -4.5713970170766052 23.35277440511447 -13.066680098271762
decision_type=2 2 2 2 2 2 2
left_child=3 2 -2 6 -5 -3 -1
right_child=1 5 -4 4 -6 -7 -8
leaf_value=4.7063406191187788e-05 -0.00016769409913826126 3.5623239365565794e-05 0 0 0.00016082480404024338 -5.201266208500637e-06 -3.5283529432212054e-05
leaf_weight=225 395 1773 584 167 360 4049 880
leaf_count=225 395 1773 584 167 360 4049 880
internal_value=0 -2.37835e-06 -5.94708e-05 1.09925e-05 7.25868e-05 1.22955e-06 0
internal_weight=8433 6801 979 1632 527 5822 1105
internal_count=8433 6801 979 1632 527 5822 1105
is_linear=0
shrinkage=0.05


Tree=252
num_leaves=8
num_cat=0
split_feature=5 0 0 11 0 0 14
split_gain=9.33137e-05 0.000715861 0.00176314 0.00121916 0.000464291 0.000534897 0.000259155
threshold=3.2118188383298087 -1.5657351269726134 3.2239874934343544 -6.3455008864243174 -0.56069475921523992 1.5264902662863988 11.039999961853029
decision_type=2 2 2 2 2 2 2
left_child=4 3 -3 -2 6 -6 -1
right_child=1 2 -4 -5 5 -7 -8
leaf_value=-4.6863948501117724e-05 -1.2894724251005919e-06 -4.1442011693125588e-05 2.9431829232623773e-05 5.7564982417096045e-05 3.9428500941037691e-05 0 0
leaf_weight=293 685 3163 634 1004 1706 326 622
leaf_count=293 685 3163 634 1004 1706 326 622
internal_value=0 -3.72099e-06 -2.03857e-05 1.30245e-05 7.3034e-06 2.54558e-05 0
internal_weight=8433 5486 3797 1689 2947 2032 915
internal_count=8433 5486 3797 1689 2947 2032 915
is_linear=0
shrinkage=0.05


Tree=253
num_leaves=8
num_cat=0
split_feature=14 6 14 2 2 5 6
split_gain=9.28106e-05 0.00207102 0.00161297 0.00180603 0.00135087 0.000980162 0.000963347
threshold=11.899999618530275 2.2269980668234908 11.504999637603762 -3.7797863236815994 -1.6007918781686834 5.3100174358345633 0.24450021686479875
decision_type=2 2 2 2 2 2 2
left_child=2 4 3 -1 -2 -3 -4
right_child=1 5 6 -5 -6 -7 -8
leaf_value=8.13578729409689e-05 0 0 0 -5.2108181788864706e-06 5.3204632256450077e-05 -0.00020753656459891395 -8.8122224015212719e-05
leaf_weight=671 1922 200 105 2630 1936 129 840
leaf_count=671 1922 200 105 2630 1936 129 840
internal_value=0 5.42304e-06 -5.06155e-06 1.82833e-06 2.33735e-05 -9.82006e-05 -6.60406e-05
internal_weight=8433 4187 4246 3301 3858 329 945
internal_count=8433 4187 4246 3301 3858 329 945
is_linear=0
shrinkage=0.05


Tree=254
num_leaves=8
num_cat=0
split_feature=16 5 10 5 1 13 9
split_gain=8.80222e-05 0.00107101 0.00209464 0.00175234 0.00106609 0.00220921 0.000429804
threshold=-9.6545743970893536 8.4696078493396119 27.761677238648243 6.2974390140477361 0.50770568785054115 -0.53258404265513193 -0.040460372621391578
decision_type=2 2 2 2 2 2 2
left_child=4 3 -3 -2 6 -6 -1
right_child=1 2 -4 -5 5 -7 -8
leaf_value=4.6681173470670543e-05 -7.2642091207316864e-06 -0.00030602965425864306 0 8.4044519874726625e-05 0 0.00013267947357319492 -2.9765358581621844e-05
leaf_weight=102 6050 83 95 573 102 473 955
leaf_count=102 6050 83 95 573 102 473 955
internal_value=0 -2.61364e-06 -0.000123018 0 1.03069e-05 7.01423e-05 0
internal_weight=8433 6801 178 6623 1632 575 1057
internal_count=8433 6801 178 6623 1632 575 1057
is_linear=0
shrinkage=0.05


Tree=255
num_leaves=8
num_cat=0
split_feature=13 13 14 16 3 8 13
split_gain=8.38061e-05 0.00100156 0.00660873 0.000920337 0.00104475 0.00075007 0.000694828
threshold=0.66690935701482223 0.52555861591733211 10.315000057220461 -13.33097391598062 -15.682073433312004 0.3037241965300333 0.19340332375729077
decision_type=2 2 2 2 2 2 2
left_child=1 6 -3 4 -2 -5 -1
right_child=3 2 -4 5 -6 -7 -8
leaf_value=-4.0184173172729559e-06 0.00021215395446483253 0.00013919134904992665 -0.00017198789183575986 -2.0688203044181524e-05 0 0.00010487510768709603 3.538129186907816e-05
leaf_weight=5240 111 133 554 910 34 133 1318
leaf_count=5240 111 133 554 910 34 133 1318
internal_value=0 -2.23481e-06 -6.07176e-05 1.20685e-05 0.000129735 0 0
internal_weight=8433 7245 687 1188 145 1043 6558
internal_count=8433 7245 687 1188 145 1043 6558
is_linear=0
shrinkage=0.05


Tree=256
num_leaves=7
num_cat=0
split_feature=9 1 1 3 1 3
split_gain=8.15003e-05 0.000653938 0.000954179 0.000512035 0.00221114 0.00052801
threshold=-0.032735728860482309 0.7005735788796893 -0.4889385957146179 -11.078153275867885 0.52493930792520815 -2.8822819139506843
decision_type=2 2 2 2 2 2
left_child=1 2 -1 4 -2 -5
right_child=3 -3 -4 5 -6 -7
leaf_value=0 -8.6940568642811689e-05 0 0.00014233119219284166 2.3838153306716244e-05 8.4408950770594632e-07 -4.1538161004162611e-06
leaf_weight=108 900 94 206 2187 529 4409
leaf_count=108 900 94 206 2187 529 4409
internal_value=0 2.17191e-05 7.60632e-05 -1.13529e-06 -3.00295e-05 0
internal_weight=8433 408 314 8025 1429 6596
internal_count=8433 408 314 8025 1429 6596
is_linear=0
shrinkage=0.05


Tree=257
num_leaves=8
num_cat=0
split_feature=8 0 12 12 0 10 13
split_gain=8.45805e-05 0.000642102 0.00230835 0.000899091 0.000492725 0.00060687 0.000368188
threshold=-0.32838130158148321 3.6775626271185007 -12.89834483989233 19.036762042959044 1.2683015861433125 21.009978982730214 0.80579453475153617
decision_type=2 2 2 2 2 2 2
left_child=4 2 -2 -3 5 -1 -6
right_child=1 3 -4 -5 6 -7 -8
leaf_value=0 -0.00010551702407138216 8.365126438615784e-05 0 0 -6.8881731405650217e-05 5.3749345023728768e-05 0
leaf_weight=167 587 441 5900 77 192 1011 58
leaf_count=167 587 441 5900 77 192 1011 58
internal_value=0 -2.1992e-06 -1.10126e-05 4.04822e-05 1.11431e-05 3.45599e-05 0
internal_weight=8433 7005 6487 518 1428 1178 250
internal_count=8433 7005 6487 518 1428 1178 250
is_linear=0
shrinkage=0.05


Tree=258
num_leaves=8
num_cat=0
split_feature=4 12 5 7 6 0 14
split_gain=8.2026e-05 0.00118296 0.000975977 0.00166423 0.000479978 0.000371645 0.000317879
threshold=8.2923030597453948 -15.619671448881064 7.392105859785973 21.359368258784404 0.38240518487887115 -1.9916767141836689 11.039999961853029
decision_type=2 2 2 2 2 2 2
left_child=2 5 6 -4 -3 -2 -1
right_child=1 4 3 -5 -6 -7 -8
leaf_value=-1.3781983945799511e-05 0 7.47540995913656e-05 0 -0.00015771348198418002 -4.0796423893210606e-05 0.00022858903362644835 8.5020032057262348e-06
leaf_weight=2136 51 93 39 264 400 76 5374
leaf_count=2136 51 93 39 264 400 76 5374
internal_value=0 1.74418e-05 -1.42383e-06 -8.97316e-05 0 0.000156181 0
internal_weight=8433 620 7813 303 493 127 7510
internal_count=8433 620 7813 303 493 127 7510
is_linear=0
shrinkage=0.05


Tree=259
num_leaves=8
num_cat=0
split_feature=16 3 7 1 1 13 16
split_gain=8.98653e-05 0.0019348 0.00239618 0.000885512 0.000873692 0.0020254 0.000316007
threshold=-9.6545743970893536 -8.7018322416755485 40.619556525596849 0.12814581631859337 0.50770568785054115 -0.53258404265513193 -15.410623337359111
decision_type=2 2 2 2 2 2 2
left_child=4 2 -2 -3 6 -6 -1
right_child=1 3 -4 -5 5 -7 -8
leaf_value=-4.2963188833599373e-05 -0.00015610585993003074 2.3573837609569763e-05 0 -1.2345261513567723e-05 0 0.00012507912539731479 0
leaf_weight=426 444 3121 100 3136 102 473 631
leaf_count=426 444 3121 100 3136 102 473 631
internal_value=0 -2.45878e-06 -9.45215e-05 0 1.05982e-05 6.40592e-05 0
internal_weight=8433 6801 544 6257 1632 575 1057
internal_count=8433 6801 544 6257 1632 575 1057
is_linear=0
shrinkage=0.05


Tree=260
num_leaves=6
num_cat=0
split_feature=13 13 15 13 8
split_gain=9.82953e-05 0.00159023 0.000773062 0.000591558 2.29704e-05
threshold=-2.1295115427365112 -1.964541388946228 -2.8600961543495171 -1.2448797960925293 -0.011990187381141533
decision_type=2 2 2 2 2
left_child=4 2 -2 -3 -1
right_child=1 3 -4 -5 -6
leaf_value=5.7374989104733559e-05 -0.00042981921462342153 6.2973819660267009e-05 0 -1.2154758645364786e-06 0
leaf_weight=89 30 368 61 7840 45
leaf_count=89 30 368 61 7840 45
internal_value=0 -6.58772e-07 -0.00020685 0 4.21949e-05
internal_weight=8433 8299 91 8208 134
internal_count=8433 8299 91 8208 134
is_linear=0
shrinkage=0.05


Tree=261
num_leaves=8
num_cat=0
split_feature=3 15 8 4 0 5 8
split_gain=8.39679e-05 0.00117804 0.0016057 0.00149906 0.000751436 0.00226628 0.00158629
threshold=-2.8822819139506843 -3.4212240271359602 -0.4030685990779645 3.5835743774601858 -1.7363571250931595 3.5198964807565756 0.13157443609747677
decision_type=2 2 2 2 2 2 2
left_child=1 2 -1 -3 6 -6 -2
right_child=4 3 -4 -5 5 -7 -8
leaf_value=1.1039488505314651e-05 0.00010440672762839625 0 -6.6054841922073455e-05 7.4710869065868973e-05 5.6986606718000009e-07 -6.44442088658542e-05 0
leaf_weight=551 408 1285 992 1147 2057 1717 276
leaf_count=551 408 1285 992 1147 2057 1717 276
internal_value=0 5.27959e-06 -1.58923e-05 3.30939e-05 -4.71294e-06 -1.9758e-05 2.70941e-05
internal_weight=8433 3975 1543 2432 4458 3774 684
internal_count=8433 3975 1543 2432 4458 3774 684
is_linear=0
shrinkage=0.05


Tree=262
num_leaves=8
num_cat=0
split_feature=7 11 14 11 8 10 6
split_gain=8.71098e-05 0.00147749 0.00119233 0.00104249 0.000720532 0.000745873 0.000202278
threshold=59.99999015160131 2.8501626971670255 15.215000152587892 1.3262315789016681 0.75835936211680577 53.985657906758298 1.405920011731941
decision_type=2 2 2 2 2 2 2
left_child=1 3 -3 -1 6 -6 -2
right_child=4 2 -4 -5 5 -7 -8
leaf_value=-2.2737299605392997e-06 5.5430358379613904e-06 -0.00015706623034675968 0 7.9541381454308424e-05 0.00012558280396586299 0 -3.6450501292743737e-05
leaf_weight=6033 1019 270 41 405 242 68 355
leaf_count=6033 1019 270 41 405 242 68 355
internal_value=0 -2.29807e-06 -0.000109156 0 1.03933e-05 7.97321e-05 0
internal_weight=8433 6749 311 6438 1684 310 1374
internal_count=8433 6749 311 6438 1684 310 1374
is_linear=0
shrinkage=0.05


Tree=263
num_leaves=6
num_cat=0
split_feature=13 13 5 13 4
split_gain=8.73794e-05 0.00149735 0.00111284 0.000523554 3.96491e-05
threshold=-2.1295115427365112 -1.964541388946228 3.6396680590522235 -1.2448797960925293 2.8451551619812308
decision_type=2 2 2 2 2
left_child=4 2 -2 -3 -1
right_child=1 3 -4 -5 -6
leaf_value=0 0 5.9347650439576697e-05 -0.00030108259043926312 -8.5193392942609812e-07 5.5405978832955637e-05
leaf_weight=33 21 368 70 7840 101
leaf_count=33 21 368 70 7840 101
internal_value=0 -4.07667e-07 -0.000200665 0 3.99512e-05
internal_weight=8433 8299 91 8208 134
internal_count=8433 8299 91 8208 134
is_linear=0
shrinkage=0.05


Tree=264
num_leaves=8
num_cat=0
split_feature=13 13 1 4 5 7 4
split_gain=8.47281e-05 0.00118415 0.00116556 0.000819799 0.00250078 0.00129134 0.000571474
threshold=0.19340332375729077 0.30853621784847635 -0.071244688795541453 5.945282297227199 4.1175714655441054 71.623090708410132 5.7984278563561995
decision_type=2 2 2 2 2 2 2
left_child=3 2 -2 4 -1 -5 -3
right_child=1 6 -4 5 -6 -7 -8
leaf_value=0 0 5.9306796194182061e-06 0.00014184389925899071 6.4423096935201094e-05 -7.3169132179872059e-05 0 -4.9889505750304649e-05
leaf_weight=2801 93 2263 297 929 1443 67 540
leaf_count=2801 93 2263 297 929 1443 67 540
internal_value=0 6.65517e-06 8.89551e-05 -3.66234e-06 -1.86962e-05 2.52367e-05 0
internal_weight=8433 3193 390 5240 4244 996 2803
internal_count=8433 3193 390 5240 4244 996 2803
is_linear=0
shrinkage=0.05


Tree=265
num_leaves=7
num_cat=0
split_feature=14 15 5 14 8 9
split_gain=8.70554e-05 0.0003926 0.00129878 0.00105461 0.000335916 7.32045e-05
threshold=24.689999580383304 -0.054198473267125229 4.0785651796140856 11.204999923706056 -0.23872072799652169 0.032145840195924869
decision_type=2 2 2 2 2 2
left_child=1 3 -3 -1 5 -2
right_child=4 2 -4 -5 -6 -7
leaf_value=4.2304781758934402e-05 0 0 -5.3392016475259518e-05 -3.4139081230126805e-06 0 0.00014608803297521487
leaf_weight=1482 33 1945 1462 3281 174 56
leaf_count=1482 33 1945 1462 3281 174 56
internal_value=0 -5.66198e-07 -1.64856e-05 3.47795e-06 2.84849e-05 0.000107663
internal_weight=8433 8170 3407 4763 263 89
internal_count=8433 8170 3407 4763 263 89
is_linear=0
shrinkage=0.05


Tree=266
num_leaves=8
num_cat=0
split_feature=14 13 10 14 2 7 13
split_gain=8.43074e-05 0.00176426 0.00239435 0.0016836 0.00493225 0.00104427 0.000942193
threshold=11.039999961853029 -0.013045006246314992 50.435334986513396 11.204999923706056 -1.5556833998364437 43.279145448641451 0.58543975638573065
decision_type=2 2 2 2 2 2 2
left_child=1 2 -1 4 -2 -5 -3
right_child=3 6 -4 5 -6 -7 -8
leaf_value=-0.00011197788975949658 0.00035751461181700089 5.1019648815101845e-05 0 -2.2619586075768799e-05 0 1.9414667690828124e-05 -1.3336994223605941e-06
leaf_weight=828 128 950 148 2914 79 2966 420
leaf_count=828 128 950 148 2914 79 2966 420
internal_value=0 -7.56015e-06 -6.72384e-05 3.54606e-06 0.000143196 0 9.48097e-06
internal_weight=8433 2346 976 6087 207 5880 1370
internal_count=8433 2346 976 6087 207 5880 1370
is_linear=0
shrinkage=0.05


Tree=267
num_leaves=8
num_cat=0
split_feature=6 6 1 0 0 3 3
split_gain=8.62609e-05 0.00085406 0.0016694 0.00151112 0.000639184 0.00223048 0.00139781
threshold=0.88074072987626117 1.352502648275733 0.098591422616217325 -0.33984944400737355 0.87954967533967598 -12.4194046228403 -13.758409601065496
decision_type=2 2 2 2 2 2 2
left_child=4 3 -3 -2 6 -6 -1
right_child=1 2 -4 -5 5 -7 -8
leaf_value=-7.6860006068418709e-05 0 2.547912401656727e-05 -6.226036567852349e-05 8.3746376474459985e-05 1.2740144690730072e-05 -9.3011599224624287e-05 1.5580217517621865e-05
leaf_weight=441 804 781 946 861 155 832 3613
leaf_count=441 804 781 946 861 155 832 3613
internal_value=0 6.63156e-06 -2.35551e-06 3.69407e-05 -3.62839e-06 -4.10227e-05 0
internal_weight=8433 3392 1727 1665 5041 987 4054
internal_count=8433 3392 1727 1665 5041 987 4054
is_linear=0
shrinkage=0.05


Tree=268
num_leaves=8
num_cat=0
split_feature=14 14 2 2 14 2 4
split_gain=8.92541e-05 0.00150222 0.00185017 0.00165052 0.000997665 0.00144232 0.00142245
threshold=11.899999618530275 11.75500011444092 -1.430926151588324 2.7763485927135849 12.105000019073488 -1.7187016505867845 7.2082551574578941
decision_type=2 2 2 2 2 2 2
left_child=1 2 -1 -3 6 -6 -2
right_child=4 3 -4 -5 5 -7 -8
leaf_value=4.7363598067967451e-05 0.00010447817321898473 -0.00017922421134919147 -2.2680944212196538e-05 0 -3.6605206639079856e-05 2.6300846760919712e-05 0
leaf_weight=1507 565 246 2409 84 1751 1815 56
leaf_count=1507 565 246 2409 84 1751 1815 56
internal_value=0 -4.45305e-06 0 -0.000107544 5.7583e-06 0 6.50109e-05
internal_weight=8433 4246 3916 330 4187 3566 621
internal_count=8433 4246 3916 330 4187 3566 621
is_linear=0
shrinkage=0.05


Tree=269
num_leaves=8
num_cat=0
split_feature=13 13 4 7 13 5 2
split_gain=8.54958e-05 0.000838009 0.00548247 0.000758956 0.000580454 0.000558198 0.000378458
threshold=0.66690935701482223 0.52555861591733211 5.5080322567315632 26.098311314220521 0.19340332375729077 3.570380412570854 3.850086401098141
decision_type=2 2 2 2 2 2 2
left_child=1 4 -3 5 -1 -2 -5
right_child=3 2 -4 6 -6 -7 -8
leaf_value=-3.0120685392701906e-06 0 0 -0.00032691792616320974 -1.8570168675519919e-05 3.2608534142651262e-05 0.00016385427007200917 6.2845341155785126e-05
leaf_weight=5240 66 541 146 829 1318 128 165
leaf_count=5240 66 541 146 829 1318 128 165
internal_value=0 -1.50228e-06 -5.53571e-05 1.2879e-05 0 0.000103381 0
internal_weight=8433 7245 687 1188 6558 194 994
internal_count=8433 7245 687 1188 6558 194 994
is_linear=0
shrinkage=0.05


Tree=270
num_leaves=7
num_cat=0
split_feature=3 16 13 5 13 11
split_gain=9.04486e-05 0.00117729 0.00117922 0.000688346 0.000517477 0.000828726
threshold=-20.403721702655343 -16.564163296527038 0.67494438532680345 7.4865567663670181 -0.95134095569688315 -10.62092004350634
decision_type=2 2 2 2 2 2
left_child=4 2 -2 -3 -1 -6
right_child=1 3 -4 -5 5 -7
leaf_value=0 -0.00016874415485720813 5.9133676840314648e-06 0 -6.3432536340323755e-05 0.00012383940404548757 0
leaf_weight=97 205 7441 20 361 232 77
leaf_count=97 205 7441 20 361 232 77
internal_value=0 -6.07012e-07 -0.000113925 0 2.33874e-05 6.9838e-05
internal_weight=8433 8027 225 7802 406 309
internal_count=8433 8027 225 7802 406 309
is_linear=0
shrinkage=0.05


Tree=271
num_leaves=7
num_cat=0
split_feature=4 7 4 4 1 13
split_gain=9.29247e-05 0.00117934 0.00222825 0.000659924 0.00111827 0.000638555
threshold=8.2923030597453948 72.102297328704722 17.876241828708817 7.370180703513534 -0.37543341595778285 -0.89704472932619062
decision_type=2 2 2 2 2 2
left_child=3 2 -2 5 -5 -1
right_child=1 -3 -4 4 -6 -7
leaf_value=-3.7673570067944466e-05 0.00012748117353328706 0 0 0 -0.00014227817169591041 7.0942293727681191e-06
leaf_weight=887 536 55 29 61 218 6647
leaf_count=887 536 55 29 61 218 6647
internal_value=0 1.89904e-05 7.48033e-05 -1.01161e-06 -7.68093e-05 0
internal_weight=8433 620 565 7813 279 7534
internal_count=8433 620 565 7813 279 7534
is_linear=0
shrinkage=0.05


Tree=272
num_leaves=6
num_cat=0
split_feature=13 13 13 2 4
split_gain=8.89395e-05 0.00127883 0.000537096 7.63597e-05 3.54215e-05
threshold=-2.1295115427365112 -1.964541388946228 -1.2448797960925293 -1.7187016505867845 2.8451551619812308
decision_type=2 2 2 2 2
left_child=4 3 -3 -2 -1
right_child=1 2 -4 -5 -6
leaf_value=0 -0.00023970421266759814 6.000547745485608e-05 -1.1570096255375015e-06 0 5.4759623862374082e-05
leaf_weight=33 57 368 7840 34 101
leaf_count=33 57 368 7840 34 101
internal_value=0 -4.96324e-07 0 -0.00018547 4.02477e-05
internal_weight=8433 8299 8208 91 134
internal_count=8433 8299 8208 91 134
is_linear=0
shrinkage=0.05


Tree=273
num_leaves=8
num_cat=0
split_feature=16 3 6 16 3 3 10
split_gain=8.93764e-05 0.00161768 0.00203697 0.000763062 0.00170242 0.000633151 0.000251978
threshold=-9.6545743970893536 -8.7018322416755485 0.3602425018839488 -11.552403633124493 -10.081250831961169 -2.8822819139506843 61.428908706396236
decision_type=2 2 2 2 2 2 2
left_child=3 2 -2 6 -5 -3 -1
right_child=1 5 -4 4 -6 -7 -8
leaf_value=-1.8534809476192347e-05 0 2.8716181280650746e-05 -0.00013698074977694613 0.00017263896615277789 0 -4.6620437284519563e-06 3.398689019309696e-05
leaf_weight=1018 57 1800 487 211 163 4457 240
leaf_count=1018 57 1800 487 211 163 4457 240
internal_value=0 -2.38974e-06 -8.64761e-05 1.06286e-05 7.45954e-05 0 0
internal_weight=8433 6801 544 1632 374 6257 1258
internal_count=8433 6801 544 1632 374 6257 1258
is_linear=0
shrinkage=0.05


Tree=274
num_leaves=6
num_cat=0
split_feature=13 13 5 13 4
split_gain=8.72682e-05 0.00115136 0.000970815 0.000487018 3.0133e-05
threshold=-2.1295115427365112 -1.964541388946228 3.6396680590522235 -1.2448797960925293 2.8451551619812308
decision_type=2 2 2 2 2
left_child=4 2 -2 -3 -1
right_child=1 3 -4 -5 -6
leaf_value=0 0 5.714234764407692e-05 -0.00027149777671082933 -1.0950859823097607e-06 5.3221747910409505e-05
leaf_weight=33 21 368 70 7840 101
leaf_count=33 21 368 70 7840 101
internal_value=0 -4.59133e-07 -0.000175981 0 3.98915e-05
internal_weight=8433 8299 91 8208 134
internal_count=8433 8299 91 8208 134
is_linear=0
shrinkage=0.05


Tree=275
num_leaves=8
num_cat=0
split_feature=14 0 15 14 0 14 8
split_gain=0.000103858 0.000889791 0.000620124 0.000471929 0.000403979 0.00117465 0.00112654
threshold=24.689999580383304 -1.1694796935287635 4.549958972535002 27.344999313354496 -1.7363571250931595 16.125000000000004 0.075755816171856144
decision_type=2 2 2 2 2 2 2
left_child=4 3 -3 -2 6 -6 -1
right_child=1 2 -4 -5 5 -7 -8
leaf_value=5.0799713529675956e-05 -0.00011578889000082367 0.00018323941298028029 0 0 0 -8.4957867451048526e-05 -5.1514143057634156e-06
leaf_weight=1217 86 118 30 29 5950 498 505
leaf_count=1217 86 118 30 29 5950 498 505
internal_value=0 3.09848e-05 0.000128553 0 -8.00008e-07 -1.02094e-05 1.41027e-05
internal_weight=8433 263 148 115 8170 6448 1722
internal_count=8433 263 148 115 8170 6448 1722
is_linear=0
shrinkage=0.05


Tree=276
num_leaves=8
num_cat=0
split_feature=10 10 5 5 6 6 3
split_gain=7.93685e-05 0.000780671 0.00154097 0.000576315 0.00138433 0.000229643 6.92787e-05
threshold=46.279332838704079 42.933765317857329 4.0785651796140856 3.6070741651783993 2.2912357187302717 0.91668725394090955 2.7898382387005598
decision_type=2 2 2 2 2 2 2
left_child=1 5 -3 6 -5 -1 -2
right_child=3 2 -4 4 -6 -7 -8
leaf_value=-5.2371353405826698e-06 -1.8724334287193059e-05 0 -0.0001587427145995176 7.4066291251267046e-05 0 1.4231290391560073e-05 0
leaf_weight=3865 492 199 230 920 97 2309 321
leaf_count=3865 492 199 230 920 97 2309 321
internal_value=0 -2.52501e-06 -6.80144e-05 9.23699e-06 3.95894e-05 0 0
internal_weight=8433 6603 429 1830 1017 6174 813
internal_count=8433 6603 429 1830 1017 6174 813
is_linear=0
shrinkage=0.05


Tree=277
num_leaves=7
num_cat=0
split_feature=14 4 5 7 5 3
split_gain=8.68298e-05 0.00114952 0.000435703 0.000381905 0.00154977 0.000816973
threshold=24.689999580383304 5.3674611470081954 7.3144647019966973 37.399786923206413 5.9041705922774517 -2.8822819139506843
decision_type=2 2 2 2 2 2
left_child=3 -2 -3 4 -1 -5
right_child=1 2 -4 5 -6 -7
leaf_value=0 0 0.00021769412374190081 0 3.6561073998372762e-05 -9.2953393324806226e-05 -3.270275444215775e-06
leaf_weight=2155 135 86 42 1501 557 3957
leaf_count=2155 135 86 42 1501 557 3957
internal_value=0 2.79716e-05 0.000153951 -1.09151e-06 -1.87635e-05 1.28283e-06
internal_weight=8433 263 128 8170 2712 5458
internal_count=8433 263 128 8170 2712 5458
is_linear=0
shrinkage=0.05


Tree=278
num_leaves=8
num_cat=0
split_feature=16 3 2 0 5 9 1
split_gain=7.38024e-05 0.00141661 0.00125914 0.00076243 0.00186034 0.000903765 0.000683893
threshold=-9.6545743970893536 -8.7018322416755485 3.1230493133583064 0.094030674085860799 5.5965047548765527 -0.040460372621391578 0.12814581631859337
decision_type=2 2 2 2 2 2 2
left_child=3 2 -2 5 -5 -1 -3
right_child=1 6 -4 4 -6 -7 -8
leaf_value=9.6006790428899893e-05 -0.00011638932280229767 2.031415681554716e-05 0 0.00014747010027383421 0 -3.1889118829498669e-05 -1.1582563009014035e-05
leaf_weight=136 495 3121 49 306 221 969 3136
leaf_count=136 495 3121 49 306 221 969 3136
internal_value=0 -2.52036e-06 -8.10276e-05 9.29892e-06 6.22114e-05 0 0
internal_weight=8433 6801 544 1632 527 1105 6257
internal_count=8433 6801 544 1632 527 1105 6257
is_linear=0
shrinkage=0.05


Tree=279
num_leaves=8
num_cat=0
split_feature=8 12 4 8 8 4 0
split_gain=7.25452e-05 0.000588059 0.000981641 0.000920148 0.000566894 0.00130892 0.000824957
threshold=-0.0030703785513425948 -5.3988353602188539 6.1827153640226991 0.75835936211680577 -0.077571796835436344 3.2481004716957886 0.87954967533967598
decision_type=2 2 2 2 2 2 2
left_child=4 2 -2 -3 6 -6 -1
right_child=1 3 -4 -5 5 -7 -8
leaf_value=4.9716583112277437e-06 -7.4684884847472249e-05 -4.3632308314227361e-06 0 7.7217181183884549e-05 0 9.2549556898653153e-05 -5.1446315329828839e-05
leaf_weight=2592 721 2443 228 376 766 554 753
leaf_count=2592 721 2443 228 376 766 554 753
internal_value=0 -5.3652e-06 -4.07432e-05 0 3.95069e-06 3.35729e-05 0
internal_weight=8433 3768 949 2819 4665 1320 3345
internal_count=8433 3768 949 2819 4665 1320 3345
is_linear=0
shrinkage=0.05


Tree=280
num_leaves=8
num_cat=0
split_feature=3 16 10 10 12 5 15
split_gain=8.40903e-05 0.00128682 0.00337026 0.0013969 0.000737405 0.00169316 0.00143428
threshold=-2.8822819139506843 -4.7211327105447838 26.644752805863259 28.556503106990302 -1.1160970713143514 3.4222543180874716 -3.140411457948344
decision_type=2 2 2 2 2 2 2
left_child=1 3 -3 -1 5 -2 -6
right_child=4 2 -4 -5 6 -7 -8
leaf_value=-5.4028191045435797e-05 0 0.00017333367227456389 0 1.2290169508073665e-05 9.8963090137188845e-05 -9.0487560292587164e-05 -2.7189871957860923e-06
leaf_weight=1093 531 389 536 1957 362 753 2812
leaf_count=1093 531 389 536 1957 362 753 2812
internal_value=0 5.13122e-06 5.98611e-05 -2.76629e-08 -4.86393e-06 -3.89304e-05 0
internal_weight=8433 3975 925 3050 4458 1284 3174
internal_count=8433 3975 925 3050 4458 1284 3174
is_linear=0
shrinkage=0.05


Tree=281
num_leaves=8
num_cat=0
split_feature=14 14 10 2 14 4 2
split_gain=8.79019e-05 0.00136397 0.00255093 0.00141785 0.000835099 0.00131731 0.00126601
threshold=11.899999618530275 11.504999637603762 19.059543452209173 -3.443734099909562 12.105000019073488 7.2082551574578941 -1.7187016505867845
decision_type=2 2 2 2 2 2 2
left_child=1 3 -3 -1 5 -2 -6
right_child=4 2 -4 -5 6 -7 -8
leaf_value=6.8472004124652433e-05 9.8373122838838793e-05 0 -0.00011090146829771037 -5.7459958980963609e-06 -3.4425697268523637e-05 0 2.4464359535091448e-05
leaf_weight=736 565 142 803 2565 1751 56 1815
leaf_count=736 565 142 803 2565 1751 56 1815
internal_value=0 -5.1747e-06 -6.09974e-05 2.36866e-07 5.03043e-06 5.93403e-05 0
internal_weight=8433 4246 945 3301 4187 621 3566
internal_count=8433 4246 945 3301 4187 621 3566
is_linear=0
shrinkage=0.05


Tree=282
num_leaves=8
num_cat=0
split_feature=13 13 5 13 16 6 2
split_gain=8.20935e-05 0.00222906 0.00133125 0.000967548 0.000584118 0.00102479 2.74308e-05
threshold=-1.2448797960925293 -0.89704472932619062 2.3503821936506735 -0.73242106093049919 -4.6269437488295422 0.43944508128177406 -11.779236993215074
decision_type=2 2 2 2 2 2 2
left_child=4 2 -2 -3 6 -6 -1
right_child=1 3 -4 -5 5 -7 -8
leaf_value=0 0 9.763108936847028e-05 -0.00015376460737399314 0 0 0.00012376585560572992 -1.8705146474679423e-05
leaf_weight=38 69 252 375 7144 88 273 194
leaf_count=38 69 252 375 7144 88 273 194
internal_value=0 -1.3852e-06 -0.000111908 5.47236e-07 1.78785e-05 6.74298e-05 0
internal_weight=8433 7840 444 7396 593 361 232
internal_count=8433 7840 444 7396 593 361 232
is_linear=0
shrinkage=0.05


Tree=283
num_leaves=8
num_cat=0
split_feature=3 16 14 16 12 5 15
split_gain=7.80462e-05 0.00111835 0.00134575 0.000698355 0.000643571 0.00154649 0.00129417
threshold=-2.8822819139506843 -4.7211327105447838 12.244999885559084 -9.6545743970893536 -1.1160970713143514 3.4222543180874716 -3.140411457948344
decision_type=2 2 2 2 2 2 2
left_child=1 3 -3 -1 5 -2 -6
right_child=4 2 -4 -5 6 -7 -8
leaf_value=9.7500106377309981e-06 0 0.00011797368308946011 0 -3.3457241139269571e-05 9.3969436045401874e-05 -8.5873031547508566e-05 -2.7455660707461466e-06
leaf_weight=1631 531 448 477 1419 362 753 2812
leaf_count=1631 531 448 477 1419 362 753 2812
internal_value=0 5.08313e-06 5.59186e-05 0 -4.55059e-06 -3.63721e-05 0
internal_weight=8433 3975 925 3050 4458 1284 3174
internal_count=8433 3975 925 3050 4458 1284 3174
is_linear=0
shrinkage=0.05


Tree=284
num_leaves=8
num_cat=0
split_feature=14 13 10 14 7 12 7
split_gain=7.76744e-05 0.00156771 0.00222988 0.00132686 0.00321102 0.000849141 0.000819955
threshold=11.039999961853029 -0.013045006246314992 50.435334986513396 11.204999923706056 61.926087427597913 -7.6434836261446284 43.279145448641451
decision_type=2 2 2 2 2 2 2
left_child=1 2 -1 4 -2 -3 -5
right_child=3 5 -4 6 -6 -7 -8
leaf_value=-0.00010734679425869732 0.00025238632299617332 -1.4348337903874934e-05 0 -2.0118516036795454e-05 0 4.4015513562726692e-05 1.7117237659199953e-05
leaf_weight=828 177 271 148 2914 30 1099 2966
leaf_count=828 177 271 148 2914 30 1099 2966
internal_value=0 -7.63253e-06 -6.38703e-05 3.07037e-06 0.000127068 6.95626e-06 0
internal_weight=8433 2346 976 6087 207 1370 5880
internal_count=8433 2346 976 6087 207 1370 5880
is_linear=0
shrinkage=0.05


Tree=285
num_leaves=8
num_cat=0
split_feature=3 15 8 0 0 5 8
split_gain=7.96256e-05 0.00102241 0.00142779 0.00126654 0.000616992 0.00184227 0.00137196
threshold=-2.8822819139506843 -3.4212240271359602 -0.4030685990779645 -1.3927379146845833 -1.7363571250931595 3.5198964807565756 0.13157443609747677
decision_type=2 2 2 2 2 2 2
left_child=1 2 -1 -3 6 -6 -2
right_child=4 3 -4 -5 5 -7 -8
leaf_value=1.0615230020568571e-05 9.5813260848134216e-05 0 -6.1638132266936141e-05 5.4619685607710788e-05 0 -5.8597360373099324e-05 0
leaf_weight=551 408 569 992 1863 2057 1717 276
leaf_count=551 408 569 992 1863 2057 1717 276
internal_value=0 5.27857e-06 -1.32026e-05 3.13849e-05 -4.4483e-06 -1.85317e-05 2.20643e-05
internal_weight=8433 3975 1543 2432 4458 3774 684
internal_count=8433 3975 1543 2432 4458 3774 684
is_linear=0
shrinkage=0.05


Tree=286
num_leaves=8
num_cat=0
split_feature=16 3 7 14 7 3 4
split_gain=7.66277e-05 0.0011768 0.0019143 0.000859837 0.000920015 0.000446586 0.000161012
threshold=-9.6545743970893536 -8.7018322416755485 40.619556525596849 12.184999942779543 14.687721461879187 -3.6305201673082816 3.3186718177919876
decision_type=2 2 2 2 2 2 2
left_child=3 2 -2 6 -5 -3 -1
right_child=1 5 -4 4 -6 -7 -8
leaf_value=0 -0.0001318880641895605 2.7041528046229661e-05 0 0 8.8478987331461924e-05 -2.892676374294606e-06 -2.7876274328625814e-05
leaf_weight=382 444 1470 100 147 587 4787 516
leaf_count=382 444 1470 100 147 587 4787 516
internal_value=0 -2.10673e-06 -7.37805e-05 9.93786e-06 5.60348e-05 0 0
internal_weight=8433 6801 544 1632 734 6257 898
internal_count=8433 6801 544 1632 734 6257 898
is_linear=0
shrinkage=0.05


Tree=287
num_leaves=7
num_cat=0
split_feature=14 4 15 7 14 9
split_gain=7.84375e-05 0.00107958 0.000318712 0.00127904 0.000768685 0.000281146
threshold=24.689999580383304 5.3674611470081954 -0.054198473267125229 59.99999015160131 11.204999923706056 0.093225768541411097
decision_type=2 2 2 2 2 2
left_child=2 -2 4 -4 -1 -3
right_child=1 5 3 -5 -6 -7
leaf_value=3.6056631516925351e-05 0 0 -4.2496135891521419e-05 5.1376573659369855e-06 -2.3073414580876469e-06 0.00020209769619792831
leaf_weight=1482 135 42 2180 1227 3281 86
leaf_count=1482 135 42 2180 1227 3281 86
internal_value=0 2.69465e-05 -6.70503e-07 -1.50814e-05 2.29445e-06 0.000149135
internal_weight=8433 263 8170 3407 4763 128
internal_count=8433 263 8170 3407 4763 128
is_linear=0
shrinkage=0.05


Tree=288
num_leaves=8
num_cat=0
split_feature=6 6 1 9 6 4 4
split_gain=7.48007e-05 0.000735412 0.00143801 0.000592134 0.000532263 0.00139427 0.000868089
threshold=0.88074072987626117 1.352502648275733 0.098591422616217325 0.059426162777481216 0.38240518487887115 5.983303852963096 2.6256155792393385
decision_type=2 2 2 2 2 2 2
left_child=4 3 -3 -2 5 -1 -6
right_child=1 2 -4 -5 6 -7 -8
leaf_value=0 0 2.3268992566301904e-05 -5.7850030908308407e-05 4.9389636582780078e-05 0 0.00010500851480800731 -4.0193532144368162e-05
leaf_weight=1387 256 781 946 1409 1188 323 2143
leaf_count=1387 256 781 946 1409 1188 323 2143
internal_value=0 6.05809e-06 -9.38235e-07 3.43032e-05 -3.51876e-06 7.567e-06 -1.97119e-05
internal_weight=8433 3392 1727 1665 5041 1710 3331
internal_count=8433 3392 1727 1665 5041 1710 3331
is_linear=0
shrinkage=0.05


Tree=289
num_leaves=8
num_cat=0
split_feature=7 15 6 7 1 1 10
split_gain=6.68524e-05 0.00131129 0.0013771 0.000708552 0.000914885 0.000310426 9.23905e-05
threshold=59.99999015160131 3.777759855313906 0.91668725394090955 68.421083883037241 2.7496726377395961 3.1804157459118607 48.829166887078138
decision_type=2 2 2 2 2 2 2
left_child=1 5 -3 4 -2 -1 -5
right_child=3 2 -4 6 -6 -7 -8
leaf_value=0 7.7837134324998261e-05 -0.00015143326736023836 0 -2.09154228711365e-05 0 5.2091440865570538e-05 0
leaf_weight=5881 692 292 292 526 77 284 389
leaf_count=5881 692 292 292 526 77 284 389
internal_value=0 -1.76552e-06 -7.50344e-05 9.30847e-06 4.98697e-05 0 0
internal_weight=8433 6749 584 1684 769 6165 915
internal_count=8433 6749 584 1684 769 6165 915
is_linear=0
shrinkage=0.05


Tree=290
num_leaves=8
num_cat=0
split_feature=14 6 14 0 2 13 4
split_gain=7.92529e-05 0.00182273 0.00123385 0.00158327 0.00147458 0.00110497 0.000840106
threshold=11.899999618530275 2.2269980668234908 11.75500011444092 1.2683015861433125 -1.430926151588324 0.30853621784847635 0.37553317868809094
decision_type=2 2 2 2 2 2 2
left_child=2 5 4 -4 -1 -2 -3
right_child=1 6 3 -5 -6 -7 -8
leaf_value=4.1985584167691981e-05 4.3420039591747538e-05 0 -0.00016492186697601621 0 -2.0632934779912291e-05 0 -0.00012754649418393211
leaf_weight=1507 2501 35 260 70 2409 1357 294
leaf_count=1507 2501 35 260 70 2409 1357 294
internal_value=0 5.23374e-06 -4.43054e-06 -9.76843e-05 0 2.25136e-05 -9.05688e-05
internal_weight=8433 4187 4246 330 3916 3858 329
internal_count=8433 4187 4246 330 3916 3858 329
is_linear=0
shrinkage=0.05


Tree=291
num_leaves=8
num_cat=0
split_feature=13 12 14 13 14 9 13
split_gain=7.60383e-05 0.000946468 0.00177727 0.000758941 0.00572076 0.000551446 0.000546966
threshold=0.66690935701482223 -4.0276109367490998 18.590000152587894 0.52555861591733211 10.315000057220461 0.72755331370370058 0.19340332375729077
decision_type=2 2 2 2 2 2 2
left_child=3 2 -2 6 -5 -3 -1
right_child=1 5 -4 4 -6 -7 -8
leaf_value=-3.467811058218868e-06 0.00014387494636098827 -5.7348946632901021e-05 0 0.00012636068535114951 -0.00015906233190471147 1.6313718549768932e-06 3.1435079600941432e-05
leaf_weight=5240 335 417 226 133 554 210 1318
leaf_count=5240 335 417 226 133 554 210 1318
internal_value=0 1.18302e-05 6.70717e-05 -1.80267e-06 -5.28011e-05 0 0
internal_weight=8433 1188 561 7245 687 627 6558
internal_count=8433 1188 561 7245 687 627 6558
is_linear=0
shrinkage=0.05


Tree=292
num_leaves=8
num_cat=0
split_feature=0 3 5 0 10 3 7
split_gain=7.16101e-05 0.00120925 0.000877504 0.000440432 0.00109965 0.000358354 4.57132e-05
threshold=4.5454537914315978 18.809009193595596 3.192620191813861 2.6836458364518996 35.207861204246768 12.093784070328295 81.375625353702972
decision_type=2 2 2 2 2 2 2
left_child=3 2 -2 5 -5 -1 -3
right_child=1 6 -4 4 -6 -7 -8
leaf_value=-1.0128432185027203e-06 0 -4.2591266766456662e-05 0.0001225298396216039 0 -0.00015773071386314362 4.2498689011161458e-05 0
leaf_weight=7080 28 61 357 231 153 490 33
leaf_count=7080 28 61 357 231 153 490 33
internal_value=0 1.89637e-05 9.08773e-05 -8.71803e-07 -5.35556e-05 0 0
internal_weight=8433 479 385 7954 384 7570 94
internal_count=8433 479 385 7954 384 7570 94
is_linear=0
shrinkage=0.05


Tree=293
num_leaves=8
num_cat=0
split_feature=6 6 10 10 6 4 5
split_gain=6.13707e-05 0.000625578 0.00192692 0.00136446 0.000470232 0.00124874 0.00115504
threshold=0.88074072987626117 1.352502648275733 28.556503106990302 29.889970302157558 0.38240518487887115 5.983303852963096 3.1326378286362879
decision_type=2 2 2 2 2 2 2
left_child=4 2 -2 -3 5 -1 -6
right_child=1 3 -4 -5 6 -7 -8
leaf_value=0 0 2.3556436994656637e-05 8.2518597689180929e-05 -5.6035228485847499e-05 0 9.8971733975766001e-05 -4.3631019263021845e-05
leaf_weight=1387 716 781 949 946 1200 323 2131
leaf_count=1387 716 781 949 946 1200 323 2131
internal_value=0 5.27455e-06 3.15408e-05 0 -3.42051e-06 6.00172e-06 -1.87593e-05
internal_weight=8433 3392 1665 1727 5041 1710 3331
internal_count=8433 3392 1665 1727 5041 1710 3331
is_linear=0
shrinkage=0.05


Tree=294
num_leaves=8
num_cat=0
split_feature=0 8 3 9 3 12 7
split_gain=5.8006e-05 0.000671315 0.00199517 0.00041634 0.000667635 0.00054764 0.000229073
threshold=-2.163886260030417 0.075755816171856144 -7.4502252267764346 0.097811682160442323 -3.6305201673082816 -15.619671448881064 64.792554550122105
decision_type=2 2 2 2 2 2 2
left_child=1 2 -1 5 -5 -2 -3
right_child=3 6 -4 4 -6 -7 -8
leaf_value=0 0 -4.369140685303138e-05 0.00013031215456212522 2.4739763463750859e-05 -8.9383767713350307e-06 -5.9850859510633122e-05 0
leaf_weight=562 112 298 398 2188 4112 676 87
leaf_count=562 112 298 398 2188 4112 676 87
internal_value=0 9.68249e-06 4.33111e-05 -1.62547e-06 0 -3.6623e-05 0
internal_weight=8433 1345 960 7088 6300 788 385
internal_count=8433 1345 960 7088 6300 788 385
is_linear=0
shrinkage=0.05


Tree=295
num_leaves=8
num_cat=0
split_feature=13 13 14 1 5 14 5
split_gain=7.06914e-05 0.000962199 0.00153711 0.000654259 0.0025593 0.000535383 0.000487967
threshold=0.19340332375729077 0.30853621784847635 11.899999618530275 0.070642358657106011 5.0963715582441678 10.315000057220461 5.2086032742127264
decision_type=2 2 2 2 2 2 2
left_child=3 2 -2 6 -5 -3 -1
right_child=1 5 -4 4 -6 -7 -8
leaf_value=0 0 3.8362495236351503e-05 0.0001561180070787267 0 -0.00010343362103624173 -1.5110799965085259e-05 4.0876794422572694e-05
leaf_weight=2017 131 559 259 1719 751 2244 753
leaf_count=2017 131 559 259 1719 751 2244 753
internal_value=0 5.9478e-06 8.01549e-05 -3.48598e-06 -2.5896e-05 0 3.87494e-06
internal_weight=8433 3193 390 5240 2470 2803 2770
internal_count=8433 3193 390 5240 2470 2803 2770
is_linear=0
shrinkage=0.05


Tree=296
num_leaves=8
num_cat=0
split_feature=14 5 4 13 5 0 4
split_gain=7.21205e-05 0.00145894 0.00177294 0.0015459 0.00123238 0.00302918 0.00186104
threshold=11.039999961853029 6.6538109716669451 12.069319949101253 -0.013045006246314992 6.9299477639354254 -4.3261575207167171 4.1840921848281214
decision_type=2 2 2 2 2 2 2
left_child=1 3 -3 -1 6 -6 -2
right_child=4 2 -4 -5 5 -7 -8
leaf_value=-8.3262438165936995e-05 0 0.00017366564426584796 0 0 0 -0.00014436890399083496 5.5413417591045916e-05
leaf_weight=886 3572 194 21 1245 120 448 1947
leaf_count=886 3572 194 21 1245 120 448 1947
internal_value=0 -7.23886e-06 8.2556e-05 -3.27761e-05 3.06667e-06 -5.62905e-05 1.55331e-05
internal_weight=8433 2346 215 2131 6087 568 5519
internal_count=8433 2346 215 2131 6087 568 5519
is_linear=0
shrinkage=0.05


Tree=297
num_leaves=6
num_cat=0
split_feature=13 13 5 13 8
split_gain=6.40671e-05 0.000987794 0.000872222 0.000421364 3.16187e-05
threshold=-2.1295115427365112 -1.964541388946228 3.6396680590522235 -1.2448797960925293 -0.011990187381141533
decision_type=2 2 2 2 2
left_child=4 2 -2 -3 -1
right_child=1 3 -4 -5 -6
leaf_value=5.114445774329849e-05 0 5.3168715745709361e-05 -0.00025416591234615125 -9.7484447686111757e-07 0
leaf_weight=89 21 368 70 7840 45
leaf_count=89 21 368 70 7840 45
internal_value=0 -3.77128e-07 -0.000162992 0 3.4191e-05
internal_weight=8433 8299 91 8208 134
internal_count=8433 8299 91 8208 134
is_linear=0
shrinkage=0.05


Tree=298
num_leaves=8
num_cat=0
split_feature=7 7 5 7 12 7 9
split_gain=5.84188e-05 0.00120032 0.00216311 0.000888829 0.000662812 0.00264238 0.000112343
threshold=59.99999015160131 51.925570790297002 3.9684466171918391 43.279145448641451 4.3135397887059819 70.477442648421416 0.84287093915013045
decision_type=2 2 2 2 2 2 2
left_child=1 3 -3 -1 6 -6 -2
right_child=4 2 -4 -5 5 -7 -8
leaf_value=-3.1286034023657194e-06 -2.3513170289026153e-05 0 -0.00011727936939736383 3.6955220592963764e-05 0.00015013375425041887 0 0
leaf_weight=3917 506 605 609 1618 370 536 272
leaf_count=3917 506 605 609 1618 370 536 272
internal_value=0 -1.88919e-06 -4.96385e-05 2.27677e-06 8.50485e-06 4.42632e-05 0
internal_weight=8433 6749 1214 5535 1684 906 778
internal_count=8433 6749 1214 5535 1684 906 778
is_linear=0
shrinkage=0.05


Tree=299
num_leaves=8
num_cat=0
split_feature=13 12 1 8 13 14 13
split_gain=6.04984e-05 0.000879398 0.00204156 0.000737089 0.000637123 0.00516599 0.000426943
threshold=0.66690935701482223 -13.570322802568395 0.39478027654565967 0.3037241965300333 0.52555861591733211 10.315000057220461 0.19340332375729077
decision_type=2 2 2 2 2 2 2
left_child=4 2 -2 -3 6 -6 -1
right_child=1 3 -4 -5 5 -7 -8
leaf_value=-2.9239468848594478e-06 0 -2.463296931803078e-05 0.00025879207646121853 0.00010285394761599639 0.00011631747087880354 -0.00015113992296912688 2.7832567809902938e-05
leaf_weight=5240 84 873 109 122 133 554 1318
leaf_count=5240 84 873 109 122 133 554 1318
internal_value=0 1.05178e-05 0.000109313 0 -1.64472e-06 -4.83758e-05 0
internal_weight=8433 1188 193 995 7245 687 6558
internal_count=8433 1188 193 995 7245 687 6558
is_linear=0
shrinkage=0.05


Tree=300
num_leaves=7
num_cat=0
split_feature=3 16 0 7 2 5
split_gain=5.1103e-05 0.00104713 0.00237968 0.000745447 0.00224671 0.000706226
threshold=-20.403721702655343 -16.996585371563885 2.7775292926326745 5.2730033624599892 -10.371876540145069 7.4865567663670181
decision_type=2 2 2 2 2 2
left_child=3 2 -2 -1 -5 -3
right_child=1 5 -4 4 -6 -7
leaf_value=0 -0.00021881247761525353 5.559528903933129e-06 0 0.0002641386545112105 0 -6.4756872933650591e-05
leaf_weight=25 177 7464 22 107 274 364
leaf_count=25 177 7464 22 107 274 364
internal_value=0 -6.41011e-07 -0.000114195 1.74655e-05 7.20472e-05 0
internal_weight=8433 8027 199 406 381 7828
internal_count=8433 8027 199 406 381 7828
is_linear=0
shrinkage=0.05


Tree=301
num_leaves=8
num_cat=0
split_feature=14 5 13 14 2 5 2
split_gain=5.74945e-05 0.00128978 0.00140097 0.00106922 0.00410074 0.000967209 0.000782659
threshold=11.039999961853029 6.6538109716669451 -0.013045006246314992 11.204999923706056 -2.1599010693893024 9.5920470366637094 -5.8890174943822862
decision_type=2 2 2 2 2 2 2
left_child=1 2 -1 4 -2 -3 -5
right_child=3 5 -4 6 -6 -7 -8
leaf_value=-7.9272562331327115e-05 0.00033154698425678984 0.00014224379849422388 0 -4.1320448405434248e-05 0 0 7.0484033998652987e-06
leaf_weight=886 116 179 1245 1002 91 36 4878
leaf_count=886 116 179 1245 1002 91 36 4878
internal_value=0 -6.44933e-06 -3.12117e-05 2.75076e-06 0.000114062 7.57209e-05 0
internal_weight=8433 2346 2131 6087 207 215 5880
internal_count=8433 2346 2131 6087 207 215 5880
is_linear=0
shrinkage=0.05


Tree=302
num_leaves=8
num_cat=0
split_feature=13 13 5 13 11 14 6
split_gain=5.72202e-05 0.00195555 0.00122704 0.00083014 0.000675082 0.000569483 0.000420561
threshold=-1.2448797960925293 -0.89704472932619062 2.3503821936506735 -0.73242106093049919 -8.2892029760660648 27.344999313354496 0.34102577030329545
decision_type=2 2 2 2 2 2 2
left_child=4 2 -2 -3 5 -1 -6
right_child=1 3 -4 -5 6 -7 -8
leaf_value=-9.3458016639421109e-05 0 9.0463672858613869e-05 -0.00014529760044216475 0 0 0 9.1440792065940904e-05
leaf_weight=161 69 252 375 7144 70 20 342
leaf_count=161 69 252 375 7144 70 20 342
internal_value=0 -8.62361e-07 -0.000104725 6.68371e-07 1.51862e-05 0 6.6393e-05
internal_weight=8433 7840 444 7396 593 181 412
internal_count=8433 7840 444 7396 593 181 412
is_linear=0
shrinkage=0.05


Tree=303
num_leaves=8
num_cat=0
split_feature=14 6 14 10 2 5 2
split_gain=5.64722e-05 0.00161028 0.00109218 0.0019127 0.000897431 0.000767551 0.000600422
threshold=11.899999618530275 2.2269980668234908 11.679999828338625 19.059543452209173 0.20569124273199793 5.3100174358345633 -3.7797863236815994
decision_type=2 2 2 2 2 2 2
left_child=2 4 6 -4 -2 -3 -1
right_child=1 5 3 -5 -6 -7 -8
leaf_value=4.4418664792622102e-05 0 0 0 -0.0001230438646428229 5.7651484556803726e-05 -0.00018110163149269272 -3.0454329992689644e-06
leaf_weight=745 2664 200 71 498 1194 129 2932
leaf_count=745 2664 200 71 498 1194 129 2932
internal_value=0 4.46435e-06 -3.68523e-06 -6.98779e-05 2.118e-05 -8.47537e-05 0
internal_weight=8433 4187 4246 569 3858 329 3677
internal_count=8433 4187 4246 569 3858 329 3677
is_linear=0
shrinkage=0.05


Tree=304
num_leaves=8
num_cat=0
split_feature=16 3 7 1 5 1 9
split_gain=5.87351e-05 0.000997327 0.00172916 0.000733518 0.00086736 0.000503004 0.000239255
threshold=-9.6545743970893536 -8.7018322416755485 41.006461500031733 0.50770568785054115 3.5906648723266872 0.12814581631859337 -0.040460372621391578
decision_type=2 2 2 2 2 2 2
left_child=3 2 -2 6 -5 -3 -1
right_child=1 5 -4 4 -6 -7 -8
leaf_value=2.8304834021792698e-05 -0.00012284815188246551 1.7656733564401174e-05 0 0 9.1606411557828931e-05 -9.5113635478144731e-06 -2.3193696771304421e-05
leaf_weight=102 451 3121 93 85 490 3136 955
leaf_count=102 451 3121 93 85 490 3136 955
internal_value=0 -1.72734e-06 -6.78505e-05 8.80009e-06 5.82877e-05 0 0
internal_weight=8433 6801 544 1632 575 6257 1057
internal_count=8433 6801 544 1632 575 6257 1057
is_linear=0
shrinkage=0.05


Tree=305
num_leaves=8
num_cat=0
split_feature=3 16 10 10 12 5 8
split_gain=6.1228e-05 0.00101979 0.00294924 0.00125365 0.000510701 0.00133803 0.000901836
threshold=-2.8822819139506843 -4.7211327105447838 26.644752805863259 28.556503106990302 -1.1160970713143514 3.4222543180874716 0.75835936211680577
decision_type=2 2 2 2 2 2 2
left_child=1 3 -3 -1 5 -2 -6
right_child=4 2 -4 -5 6 -7 -8
leaf_value=-5.0656650282764713e-05 0 0.00016004728714862093 0 1.2865537265637295e-05 -3.6359042210951171e-07 -7.8748008176828557e-05 8.6253319039273084e-05
leaf_weight=1093 531 389 536 1957 2873 753 301
leaf_count=1093 531 389 536 1957 2873 753 301
internal_value=0 4.83462e-06 5.33902e-05 0 -3.67128e-06 -3.22421e-05 0
internal_weight=8433 3975 925 3050 4458 1284 3174
internal_count=8433 3975 925 3050 4458 1284 3174
is_linear=0
shrinkage=0.05


Tree=306
num_leaves=6
num_cat=0
split_feature=13 13 5 13 8
split_gain=5.91326e-05 0.000856043 0.000782402 0.000359101 3.62374e-05
threshold=-2.1295115427365112 -1.964541388946228 3.6396680590522235 -1.2448797960925293 -0.011990187381141533
decision_type=2 2 2 2 2
left_child=4 2 -2 -3 -1
right_child=1 3 -4 -5 -6
leaf_value=5.1156965866019708e-05 0 4.914874723082806e-05 -0.00023852520014366348 -7.1246023342724142e-07 0
leaf_weight=89 21 368 70 7840 45
leaf_count=89 21 368 70 7840 45
internal_value=0 -1.82e-07 -0.000151707 0 3.2939e-05
internal_weight=8433 8299 91 8208 134
internal_count=8433 8299 91 8208 134
is_linear=0
shrinkage=0.05


Tree=307
num_leaves=8
num_cat=0
split_feature=14 0 15 14 0 5 2
split_gain=6.04185e-05 0.000685714 0.00057493 0.000370395 0.000292018 0.00144644 0.000838411
threshold=24.689999580383304 -1.2255823639463959 4.549958972535002 27.344999313354496 -1.7363571250931595 6.8719105309563426 -4.5492382497597283
decision_type=2 2 2 2 2 2 2
left_child=4 3 -3 -2 6 -6 -1
right_child=1 2 -4 -5 5 -7 -8
leaf_value=5.3493820253804939e-05 -0.00010316752351455169 0.00016517671965885706 0 0 0 -9.989571857456921e-05 0
leaf_weight=806 85 119 30 29 6036 412 916
leaf_count=806 85 119 30 29 6036 412 916
internal_value=0 2.37658e-05 0.000111104 0 -4.09556e-07 -8.93802e-06 1.11968e-05
internal_weight=8433 263 149 114 8170 6448 1722
internal_count=8433 263 149 114 8170 6448 1722
is_linear=0
shrinkage=0.05


Tree=308
num_leaves=8
num_cat=0
split_feature=4 14 1 14 4 1 13
split_gain=5.7915e-05 0.00109775 0.00232341 0.000704557 0.000557541 0.000979544 0.000492818
threshold=8.2923030597453948 12.329999923706056 2.4360456043047773 11.534999847412111 7.370180703513534 -0.37543341595778285 -0.89704472932619062
decision_type=2 2 2 2 2 2 2
left_child=4 3 -3 -2 6 -6 -1
right_child=1 2 -4 -5 5 -7 -8
leaf_value=-3.2944594575488611e-05 0 0.00020013211212391337 0 -0.00011730679560059801 0 -0.00013226928788046943 6.3389579927677319e-06
leaf_weight=887 205 215 74 126 61 218 6647
leaf_count=887 205 215 74 126 61 218 6647
internal_value=0 1.49255e-05 9.9534e-05 0 -8.92498e-07 -7.05867e-05 0
internal_weight=8433 620 289 331 7813 279 7534
internal_count=8433 620 289 331 7813 279 7534
is_linear=0
shrinkage=0.05


Tree=309
num_leaves=6
num_cat=0
split_feature=13 13 15 13 16
split_gain=5.5388e-05 0.000742011 0.000592779 0.000329775 4.48271e-05
threshold=-2.1295115427365112 -1.964541388946228 -2.8600961543495171 -1.2448797960925293 1.4517502120536101
decision_type=2 2 2 2 2
left_child=4 2 -2 -3 -1
right_child=1 3 -4 -5 -6
leaf_value=5.2968292059559986e-05 -0.00032296530363964856 4.7029924256429014e-05 0 -8.7956353941882465e-07 0
leaf_weight=87 30 368 61 7840 47
leaf_count=87 30 368 61 7840 47
internal_value=0 -3.17314e-07 -0.000141264 0 3.18122e-05
internal_weight=8433 8299 91 8208 134
internal_count=8433 8299 91 8208 134
is_linear=0
shrinkage=0.05


Tree=310
num_leaves=7
num_cat=0
split_feature=14 4 5 4 10 4
split_gain=5.11637e-05 0.000916922 0.000337816 0.000296903 0.0014588 0.000188931
threshold=24.689999580383304 5.3674611470081954 7.3144647019966973 5.0010110635714158 15.834399503274932 4.1840921848281214
decision_type=2 2 2 2 2 2
left_child=3 -2 -3 5 -5 -1
right_child=1 2 -4 4 -6 -7
leaf_value=0 0 0.00019254420474680957 0 5.3427433199980325e-05 -4.4125201045498685e-05 2.3410394753245796e-05
leaf_weight=5155 135 86 42 205 1950 860
leaf_count=5155 135 86 42 205 1950 860
internal_value=0 2.17708e-05 0.000136379 -5.31489e-07 -1.85781e-05 1.21254e-07
internal_weight=8433 263 128 8170 2155 6015
internal_count=8433 263 128 8170 2155 6015
is_linear=0
shrinkage=0.05


Tree=311
num_leaves=7
num_cat=0
split_feature=4 7 4 5 7 1
split_gain=4.88637e-05 0.00102118 0.00204674 0.000578435 0.00135327 0.000505179
threshold=8.2923030597453948 72.102297328704722 17.876241828708817 7.392105859785973 20.930961884981468 3.1804157459118607
decision_type=2 2 2 2 2 2
left_child=3 2 -2 5 -5 -1
right_child=1 -3 -4 4 -6 -7
leaf_value=-6.6316964923436224e-07 0.0001203188731245412 0 0 0 -0.00013453743258562666 6.1323474438464856e-05
leaf_weight=7177 536 55 29 38 265 333
leaf_count=7177 536 55 29 38 265 333
internal_value=0 1.38108e-05 6.86425e-05 -6.71072e-07 -6.89406e-05 0
internal_weight=8433 620 565 7813 303 7510
internal_count=8433 620 565 7813 303 7510
is_linear=0
shrinkage=0.05


Tree=312
num_leaves=8
num_cat=0
split_feature=8 3 12 0 12 3 3
split_gain=5.40395e-05 0.000753471 0.00123668 0.000585902 0.00164541 0.00129652 0.00028006
threshold=-0.32838130158148321 -15.090283186622548 -25.160290848621901 3.6775626271185007 -12.89834483989233 18.809009193595596 -10.219593995602786
decision_type=2 2 2 2 2 2 2
left_child=1 2 -1 4 -2 -5 -3
right_child=3 6 -4 5 -6 -7 -8
leaf_value=0 -9.032866604851153e-05 -5.1401133187851588e-05 0.00011875219073243247 9.7190075249343225e-05 0 0 0
leaf_weight=87 587 263 359 425 5900 93 719
leaf_count=87 587 263 359 425 5900 93 719
internal_value=0 8.98585e-06 6.6801e-05 -1.67387e-06 -1.03289e-05 3.90292e-05 0
internal_weight=8433 1428 446 7005 6487 518 982
internal_count=8433 1428 446 7005 6487 518 982
is_linear=0
shrinkage=0.05


Tree=313
num_leaves=8
num_cat=0
split_feature=11 7 3 12 12 13 16
split_gain=4.93846e-05 0.00134242 0.00202394 0.000689898 0.000947719 0.000775757 0.000363836
threshold=-1.6983560823699 43.279145448641451 -1.8423332171108306 4.952529958705413 17.07890472156139 -0.38075793360717308 -9.6545743970893536
decision_type=2 2 2 2 2 2 2
left_child=1 6 -3 5 -5 -2 -1
right_child=3 2 -4 4 -6 -7 -8
leaf_value=7.4100461494678872e-06 -6.5110380424505786e-05 0.00014580485955663965 0 5.5169058271519554e-05 0 0 -2.0777293473793774e-05
leaf_weight=1429 805 397 209 875 310 2485 1923
leaf_count=1429 805 397 209 875 310 2485 1923
internal_value=0 4.09705e-06 7.50277e-05 -3.56783e-06 1.58967e-05 -2.12159e-05 0
internal_weight=8433 3958 606 4475 1185 3290 3352
internal_count=8433 3958 606 4475 1185 3290 3352
is_linear=0
shrinkage=0.05


Tree=314
num_leaves=8
num_cat=0
split_feature=13 13 10 1 4 13 13
split_gain=4.77439e-05 0.00167741 0.00158755 0.00130259 0.00106384 0.00077048 0.000197809
threshold=-1.2448797960925293 -0.89704472932619062 40.07561815881558 2.4647939070246383 1.630434691144256 -0.73242106093049919 -2.1295115427365112
decision_type=2 2 2 2 2 2 2
left_child=2 4 3 -1 -2 -3 -4
right_child=1 5 6 -5 -6 -7 -8
leaf_value=0.00014414261774832202 0 8.7083066489287579e-05 0 0 -0.00013283069620238425 0 -6.0977183720067977e-05
leaf_weight=351 57 252 72 39 387 7144 131
leaf_count=351 57 252 72 39 387 7144 131
internal_value=0 -1.15027e-06 1.35339e-05 0.000101993 -9.70866e-05 0 0
internal_weight=8433 7840 593 390 444 7396 203
internal_count=8433 7840 593 390 444 7396 203
is_linear=0
shrinkage=0.05


Tree=315
num_leaves=8
num_cat=0
split_feature=11 3 11 1 1 0 12
split_gain=4.49822e-05 0.000754235 0.000992181 0.000623424 0.000500072 0.00123664 0.000630699
threshold=-3.1851874739454726 -5.2904244805097909 -6.0198899075215815 3.2874787347946874 0.14306043260302712 -0.044716385064288371 4.3135397887059819
decision_type=2 2 2 2 2 2 2
left_child=1 3 -3 -1 6 -6 -2
right_child=4 2 -4 -5 5 -7 -8
leaf_value=-1.4873423984165476e-05 0 0 9.4630641518611962e-05 8.6882827474887614e-05 -6.32704711645629e-05 0 5.1632417243628424e-05
leaf_weight=2232 2050 137 493 139 1087 1695 600
leaf_count=2232 2050 137 493 139 1087 1695 600
internal_value=0 4.71165e-06 5.55788e-05 0 -2.90286e-06 -2.13402e-05 3.25675e-06
internal_weight=8433 3001 630 2371 5432 2782 2650
internal_count=8433 3001 630 2371 5432 2782 2650
is_linear=0
shrinkage=0.05


Tree=316
num_leaves=8
num_cat=0
split_feature=3 7 12 15 14 0 2
split_gain=4.70275e-05 0.00103111 0.00163284 0.000905772 0.000476371 0.00122187 0.00102794
threshold=-2.8822819139506843 44.015813980900042 -3.174219352870371 -3.4212240271359602 11.844999790191652 -1.9453184460358461 -1.430926151588324
decision_type=2 2 2 2 2 2 2
left_child=1 3 -3 -1 6 -6 -2
right_child=4 2 -4 -5 5 -7 -8
leaf_value=-3.9137025513213824e-05 0 0.000108280451635688 0 1.1097930104555046e-05 0.000100219029144071 0 -4.5549132922216813e-05
leaf_weight=1333 636 571 290 1781 303 1684 1835
leaf_count=1333 636 571 290 1781 303 1684 1835
internal_value=0 3.83116e-06 5.52686e-05 0 -3.64314e-06 2.09128e-06 -2.24052e-05
internal_weight=8433 3975 861 3114 4458 1987 2471
internal_count=8433 3975 861 3114 4458 1987 2471
is_linear=0
shrinkage=0.05


Tree=317
num_leaves=8
num_cat=0
split_feature=8 14 7 7 14 5 8
split_gain=4.67657e-05 0.000728054 0.00136542 0.000653262 0.000494517 0.00175229 0.000579163
threshold=-0.0030703785513425948 12.210000038146974 71.623090708410132 71.623090708410132 13.355000019073488 7.1127317069614771 -0.055721070811997099
decision_type=2 2 2 2 2 2 2
left_child=4 3 -3 -2 6 -6 -1
right_child=1 2 -4 -5 5 -7 -8
leaf_value=-1.8150094492394233e-05 2.1528396912459745e-05 -7.3599444980436326e-05 0 -3.7496842810863927e-05 7.0974657379568615e-05 -1.9127873256681449e-05 2.7249528312400368e-05
leaf_weight=2581 2193 976 163 436 1111 171 802
leaf_count=2581 2193 976 163 436 1111 171 802
internal_value=0 -4.12065e-06 -4.06364e-05 0 3.36674e-06 3.16867e-05 0
internal_weight=8433 3768 1139 2629 4665 1282 3383
internal_count=8433 3768 1139 2629 4665 1282 3383
is_linear=0
shrinkage=0.05


Tree=318
num_leaves=8
num_cat=0
split_feature=16 3 6 14 5 5 5
split_gain=4.9345e-05 0.000887437 0.0015744 0.000694952 0.00134737 0.000730148 0.000413547
threshold=-9.6545743970893536 -8.7018322416755485 0.3602425018839488 12.184999942779543 3.6558081347106284 5.4122930690311151 6.2974390140477361
decision_type=2 2 2 2 2 2 2
left_child=3 2 -2 5 -5 -1 -3
right_child=1 6 -4 4 -6 -7 -8
leaf_value=0 0 -7.1021741769454125e-07 -0.00011241362567361575 0 9.0673733798147548e-05 -7.6859261133224613e-05 3.9675006837555643e-05
leaf_weight=591 57 5604 487 103 631 307 653
leaf_count=591 57 5604 487 103 631 307 653
internal_value=0 -1.90988e-06 -6.41e-05 7.76599e-06 4.99446e-05 0 0
internal_weight=8433 6801 544 1632 734 898 6257
internal_count=8433 6801 544 1632 734 898 6257
is_linear=0
shrinkage=0.05


Tree=319
num_leaves=7
num_cat=0
split_feature=9 16 3 9 12 12
split_gain=4.10038e-05 0.000380541 0.000878936 0.000354724 0.00128736 0.000724786
threshold=-0.032735728860482309 -9.7865058465731831 -12.258604097440339 0.16184831170690175 -5.6422521604908598 -3.174219352870371
decision_type=2 2 2 2 2 2
left_child=1 2 -1 4 -2 -5
right_child=3 -3 -4 5 -6 -7
leaf_value=0.00016049759708414697 -5.9761384403034495e-05 0 0 2.632174182045975e-05 0 -7.1871995613536447e-06
leaf_weight=124 1149 255 29 2305 438 4133
leaf_count=124 1149 255 29 2305 438 4133
internal_value=0 1.53814e-05 8.2241e-05 -8.28424e-07 -2.36973e-05 0
internal_weight=8433 408 153 8025 1587 6438
internal_count=8433 408 153 8025 1587 6438
is_linear=0
shrinkage=0.05


Tree=320
num_leaves=8
num_cat=0
split_feature=8 5 15 10 10 4 15
split_gain=4.163e-05 0.000620089 0.00110744 0.000502799 0.001796 0.00127863 0.000320542
threshold=-0.32838130158148321 3.441436951155433 -0.88374361327674944 22.237785367912071 26.408733387407974 4.1329023339760722 -0.78521096751090746
decision_type=2 2 2 2 2 2 2
left_child=1 6 -3 5 -5 -2 -1
right_child=3 2 -4 4 -6 -7 -8
leaf_value=-5.7783922826274664e-05 0 7.1457851441466272e-05 0 -7.9230542106599681e-05 0 7.3353512691982171e-05 0
leaf_weight=238 1131 861 201 863 4357 654 128
leaf_count=238 1131 861 201 863 4357 654 128
internal_value=0 7.83804e-06 3.9237e-05 -1.52161e-06 -1.34169e-05 1.36548e-05 0
internal_weight=8433 1428 1062 7005 5220 1785 366
internal_count=8433 1428 1062 7005 5220 1785 366
is_linear=0
shrinkage=0.05


Tree=321
num_leaves=7
num_cat=0
split_feature=4 10 11 14 10 16
split_gain=4.29362e-05 0.000274448 0.00060369 0.00049758 0.000111641 0.000108938
threshold=1.3211389294000782 18.00320631989916 2.9352809790086103 11.504999637603762 27.205810051354153 40.852508120355324
decision_type=2 2 2 2 2 2
left_child=4 2 -2 -3 -1 -6
right_child=1 3 -4 -5 5 -7
leaf_value=0 4.271278656375691e-05 0 0 -2.1262816972525059e-05 3.1639416109366656e-05 0
leaf_weight=286 918 2520 115 3924 642 28
leaf_count=286 918 2520 115 3924 642 28
internal_value=0 -1.37354e-06 1.27861e-05 -9.07637e-06 9.86499e-06 2.35387e-05
internal_weight=8433 7477 1033 6444 956 670
internal_count=8433 7477 1033 6444 956 670
is_linear=0
shrinkage=0.05


Tree=322
num_leaves=8
num_cat=0
split_feature=7 7 14 14 8 3 6
split_gain=4.05719e-05 0.00105987 0.00133257 0.00073438 0.00057402 0.000568415 0.000126843
threshold=59.99999015160131 51.925570790297002 11.414999961853027 10.889999866485597 0.75835936211680577 4.9593665651384802 1.405920011731941
decision_type=2 2 2 2 2 2 2
left_child=1 3 -3 -1 6 -6 -2
right_child=4 2 -4 -5 5 -7 -8
leaf_value=-2.180297528436444e-05 6.3388141860346314e-07 0 -9.114189200904043e-05 1.7121536633360972e-05 0 0.00011181813004263182 -2.9784335695004212e-05
leaf_weight=1269 1019 496 718 4266 77 233 355
leaf_count=1269 1019 496 718 4266 77 233 355
internal_value=0 -1.68832e-06 -4.66784e-05 1.87162e-06 6.98187e-06 6.97348e-05 0
internal_weight=8433 6749 1214 5535 1684 310 1374
internal_count=8433 6749 1214 5535 1684 310 1374
is_linear=0
shrinkage=0.05


Tree=323
num_leaves=7
num_cat=0
split_feature=13 13 5 13 8 3
split_gain=3.42229e-05 0.000696801 0.00069164 0.000235886 2.94866e-05 5.74223e-05
threshold=-2.1295115427365112 -1.964541388946228 3.6396680590522235 -1.2448797960925293 -0.011990187381141533 -10.524324384034911
decision_type=2 2 2 2 2 2
left_child=4 2 -2 -3 5 -1
right_child=1 3 -4 -5 -6 -7
leaf_value=6.5205060056259916e-05 0 3.9822163794598503e-05 -0.00021959754116526007 -6.1512779503250645e-07 0 0
leaf_weight=69 21 368 70 7840 45 20
leaf_count=69 21 368 70 7840 45 20
internal_value=0 -3.39875e-07 -0.0001369 0 2.49409e-05 4.171e-05
internal_weight=8433 8299 91 8208 134 89
internal_count=8433 8299 91 8208 134 89
is_linear=0
shrinkage=0.05


Tree=324
num_leaves=7
num_cat=0
split_feature=4 7 14 7 7 12
split_gain=3.4623e-05 0.000472362 0.00150374 0.00130097 0.000130583 0.000156062
threshold=1.3211389294000782 51.925570790297002 11.534999847412111 43.279145448641451 52.661040260587093 33.786945859394571
decision_type=2 2 2 2 2 2
left_child=4 3 -3 -2 -1 -6
right_child=1 2 -4 -5 5 -7
leaf_value=0 -6.3915942352855758e-06 0 -6.2218330679112178e-05 4.6004411814185307e-05 3.9279186008217639e-05 0
leaf_weight=410 3667 1066 1272 1472 513 33
leaf_count=410 3667 1066 1272 1472 513 33
internal_value=0 -1.07224e-06 -2.23842e-05 1.82061e-06 9.0209e-06 2.71659e-05
internal_weight=8433 7477 2338 5139 956 546
internal_count=8433 7477 2338 5139 956 546
is_linear=0
shrinkage=0.05


Tree=325
num_leaves=8
num_cat=0
split_feature=7 15 6 7 12 14 10
split_gain=4.23231e-05 0.0011651 0.00125026 0.000599772 0.00187303 0.000267214 7.41419e-05
threshold=59.99999015160131 3.777759855313906 0.91668725394090955 68.421083883037241 4.6531682634767035 11.899999618530275 48.829166887078138
decision_type=2 2 2 2 2 2 2
left_child=1 5 -3 4 -2 -1 -5
right_child=3 2 -4 6 -6 -7 -8
leaf_value=-4.3443413751549188e-06 0 -0.00014352034958030384 0 -1.8736349210326595e-05 0.0001510012184452287 1.3955929163574889e-05 0
leaf_weight=3031 496 292 292 526 273 3134 389
leaf_count=3031 496 292 292 526 273 3134 389
internal_value=0 -1.60692e-06 -7.07129e-05 7.23996e-06 4.53807e-05 0 0
internal_weight=8433 6749 584 1684 769 6165 915
internal_count=8433 6749 584 1684 769 6165 915
is_linear=0
shrinkage=0.05


Tree=326
num_leaves=7
num_cat=0
split_feature=14 15 12 5 0 4
split_gain=3.34952e-05 0.0012846 0.0020524 0.000948466 0.00271813 0.00160542
threshold=11.039999961853029 -10.61869979915827 -7.6434836261446284 6.9299477639354254 -4.3261575207167171 4.1840921848281214
decision_type=2 2 2 2 2 2
left_child=1 -1 -3 5 -5 -2
right_child=3 2 -4 4 -6 -7
leaf_value=0.00020333038683494802 0 -0.00012126912333901415 0 0 -0.00013472712740509048 5.0833182651992543e-05
leaf_weight=44 3572 440 1862 120 448 1947
leaf_count=44 3572 440 1862 120 448 1947
internal_value=0 -5.03057e-06 -2.43772e-05 1.99844e-06 -4.90756e-05 1.36101e-05
internal_weight=8433 2346 2302 6087 568 5519
internal_count=8433 2346 2302 6087 568 5519
is_linear=0
shrinkage=0.05


Tree=327
num_leaves=8
num_cat=0
split_feature=16 3 7 16 3 5 9
split_gain=3.49618e-05 0.000752672 0.00148439 0.000594161 0.0015048 0.000397542 0.000328226
threshold=-9.6545743970893536 -8.7018322416755485 41.006461500031733 -11.552403633124493 -10.081250831961169 6.2974390140477361 -0.040460372621391578
decision_type=2 2 2 2 2 2 2
left_child=3 2 -2 6 -5 -3 -1
right_child=1 5 -4 4 -6 -7 -8
leaf_value=6.2010290355393765e-05 -0.00011126385355607514 -6.260395551389414e-07 0 0.00015803226956830115 0 3.8909895649659259e-05 -1.7992433937218159e-05
leaf_weight=115 451 5604 93 211 163 653 1143
leaf_count=115 451 5604 93 211 163 653 1143
internal_value=0 -1.50034e-06 -5.89436e-05 6.64223e-06 6.43605e-05 0 0
internal_weight=8433 6801 544 1632 374 6257 1258
internal_count=8433 6801 544 1632 374 6257 1258
is_linear=0
shrinkage=0.05


Tree=328
num_leaves=8
num_cat=0
split_feature=10 10 7 15 2 0 9
split_gain=3.56995e-05 0.00062175 0.000666967 0.000310049 0.000653099 0.000607745 0.000188164
threshold=46.279332838704079 42.933765317857329 21.359368258784404 -4.7306179676206588 -7.7626472362254555 0.71000610555361565 0.30687922597473699
decision_type=2 2 2 2 2 2 2
left_child=1 6 -3 4 -2 -5 -1
right_child=3 2 -4 5 -6 -7 -8
leaf_value=1.2173237167449266e-05 0 0 -9.342819606434087e-05 0 -9.3945021045599165e-05 7.1195525692393071e-05 -4.71232255192543e-06
leaf_weight=2643 201 60 369 981 183 465 3531
leaf_count=2643 201 60 369 981 183 465 3531
internal_value=0 -1.58537e-06 -6.03735e-05 6.2972e-06 0 2.41966e-05 0
internal_weight=8433 6603 429 1830 384 1446 6174
internal_count=8433 6603 429 1830 384 1446 6174
is_linear=0
shrinkage=0.05


Tree=329
num_leaves=6
num_cat=0
split_feature=16 16 14 16 5
split_gain=3.46147e-05 0.000885294 0.00255795 0.000319796 0.000261755
threshold=-27.476679334852182 -18.584317002013439 10.315000057220461 -9.6545743970893536 5.2544986454233582
decision_type=2 2 2 2 2
left_child=4 2 -2 -3 -1
right_child=1 3 -4 -5 -6
leaf_value=0 0 2.5014997203592367e-05 -0.00019018440145786175 -1.27415143947995e-06 9.7438086656602099e-05
leaf_weight=26 36 1258 236 6801 76
leaf_count=26 36 1258 236 6801 76
internal_value=0 -2.13248e-07 -8.98826e-05 0 2.87826e-05
internal_weight=8433 8331 272 8059 102
internal_count=8433 8331 272 8059 102
is_linear=0
shrinkage=0.05


Tree=330
num_leaves=8
num_cat=0
split_feature=11 16 10 16 11 10 11
split_gain=3.58518e-05 0.000584081 0.000960185 0.000659209 0.000362903 0.000828381 0.000494344
threshold=-3.1851874739454726 -4.9994754162343868 29.435558756711576 -9.6545743970893536 1.1694622542718827 15.562922646360322 2.2598389433769186
decision_type=2 2 2 2 2 2 2
left_child=1 3 -3 -1 5 -2 -6
right_child=4 2 -4 -5 6 -7 -8
leaf_value=8.5200236697183728e-06 5.909652765107397e-06 9.9927890056815475e-05 0 -4.5577187932077704e-05 4.4671051825793663e-05 -3.2600555333648939e-05 0
leaf_weight=1439 382 391 430 741 628 2792 1630
leaf_count=1439 382 391 430 741 628 2792 1630
internal_value=0 4.60454e-06 4.30303e-05 0 -2.18574e-06 -1.69448e-05 3.07051e-06
internal_weight=8433 3001 821 2180 5432 3174 2258
internal_count=8433 3001 821 2180 5432 3174 2258
is_linear=0
shrinkage=0.05


Tree=331
num_leaves=8
num_cat=0
split_feature=13 13 5 13 0 2 13
split_gain=3.4706e-05 0.000810464 0.000924894 0.000606069 0.00155742 0.000826245 0.000164727
threshold=0.19340332375729077 0.30853621784847635 2.2547876145273853 -0.011353615510945046 2.1508031221396489 1.5337517438726247 0.67494438532680345
decision_type=2 2 2 2 2 2 2
left_child=3 2 -2 5 -5 -1 -3
right_child=1 6 -4 4 -6 -7 -8
leaf_value=1.9005780729815539e-05 0 -1.4466906321664677e-05 0.00011315312669720761 -7.3464598404811204e-05 0 -3.1770418009796206e-05 7.8375209518710152e-06
leaf_weight=3182 48 1617 342 1004 149 905 1186
leaf_count=3182 48 1617 342 1004 149 905 1186
internal_value=0 4.54688e-06 7.30567e-05 -1.98772e-06 -3.6466e-05 0 0
internal_weight=8433 3193 390 5240 1153 4087 2803
internal_count=8433 3193 390 5240 1153 4087 2803
is_linear=0
shrinkage=0.05


Tree=332
num_leaves=7
num_cat=0
split_feature=3 7 2 11 2 9
split_gain=3.65174e-05 0.000698002 0.0018816 0.000619013 0.000721843 0.000665333
threshold=-20.403721702655343 5.2730033624599892 -10.371876540145069 -8.7028001588002599 -5.288191274006814 -0.040460372621391578
decision_type=2 2 2 2 2 2
left_child=1 -1 -3 5 -5 -2
right_child=3 2 -4 4 -6 -7
leaf_value=0 0 0.00024495176684993553 0 4.6601382400037474e-05 -1.6100190454862384e-06 -8.7646260832664557e-05
leaf_weight=25 115 107 274 821 6675 416
leaf_count=25 115 107 274 821 6675 416
internal_value=0 1.49458e-05 6.92395e-05 -1.39312e-07 0 -5.38863e-05
internal_weight=8433 406 381 8027 7496 531
internal_count=8433 406 381 8027 7496 531
is_linear=0
shrinkage=0.05


Tree=333
num_leaves=8
num_cat=0
split_feature=3 7 16 16 4 15 1
split_gain=3.41414e-05 0.000917303 0.000919913 0.000582783 0.000363586 0.00125129 0.000105573
threshold=-2.8822819139506843 39.716286091579555 -11.36463708706523 -9.6545743970893536 2.3809552747184015 -3.140411457948344 -0.96695767176152936
decision_type=2 2 2 2 2 2 2
left_child=1 3 -3 -1 6 -6 -2
right_child=4 2 -4 -5 5 -7 -8
leaf_value=2.7309621150814059e-06 0 0 6.4142647668709391e-05 -3.3209977654332754e-05 1.6569657313779053e-05 -4.1173077417634363e-05 1.3698520361283769e-05
leaf_weight=1349 144 181 1126 1319 527 2301 1486
leaf_count=1349 144 181 1126 1319 527 2301 1486
internal_value=0 3.81628e-06 4.22905e-05 -1.94039e-06 -2.48007e-06 -1.80411e-05 3.06074e-06
internal_weight=8433 3975 1307 2668 4458 2828 1630
internal_count=8433 3975 1307 2668 4458 2828 1630
is_linear=0
shrinkage=0.05


Tree=334
num_leaves=8
num_cat=0
split_feature=7 11 11 13 7 12 7
split_gain=3.52877e-05 0.000956215 0.00104057 0.000742142 0.000545372 0.00170937 4.73266e-05
threshold=59.99999015160131 2.8501626971670255 1.3262315789016681 0.16321711356648286 68.421083883037241 4.6531682634767035 81.375625353702972
decision_type=2 2 2 2 2 2 2
left_child=1 2 -1 -3 5 -2 -6
right_child=4 3 -4 -5 6 -7 -8
leaf_value=-1.8313280535138004e-06 0 -0.00015037663906231831 7.9636381403609211e-05 0 -1.3927001081803433e-05 0.00014421814462693876 0
leaf_weight=6033 496 186 405 125 608 273 307
leaf_count=6033 496 186 405 125 608 273 307
internal_value=0 -8.92423e-07 0 -8.7491e-05 7.00968e-06 4.3311e-05 0
internal_weight=8433 6749 6438 311 1684 769 915
internal_count=8433 6749 6438 311 1684 769 915
is_linear=0
shrinkage=0.05


Tree=335
num_leaves=8
num_cat=0
split_feature=6 6 10 10 0 0 16
split_gain=3.20281e-05 0.000539358 0.00178541 0.00121335 0.000463331 0.00160161 0.00133267
threshold=0.88074072987626117 1.352502648275733 28.556503106990302 29.889970302157558 0.87954967533967598 3.0993409610396321 -12.657196750006499
decision_type=2 2 2 2 2 2 2
left_child=4 2 -2 -3 6 -6 -1
right_child=1 3 -4 -5 5 -7 -8
leaf_value=-7.2563056399355241e-05 0 2.0959882398793699e-05 7.8584530221535492e-05 -5.3262547931417082e-05 -8.2460552528673591e-05 0 1.5987272760771808e-05
leaf_weight=456 716 781 949 946 760 227 3598
leaf_count=456 716 781 949 946 760 227 3598
internal_value=0 4.23988e-06 2.90771e-05 0 -1.94398e-06 -3.45033e-05 0
internal_weight=8433 3392 1665 1727 5041 987 4054
internal_count=8433 3392 1665 1727 5041 987 4054
is_linear=0
shrinkage=0.05


Tree=336
num_leaves=8
num_cat=0
split_feature=10 10 4 12 4 9 10
split_gain=3.55898e-05 0.000524726 0.000871016 0.000289397 0.000679249 0.000157042 0.000135063
threshold=46.279332838704079 42.933765317857329 3.538997772752166 -18.702439890314349 3.9015796211920803 0.30687922597473699 61.428908706396236
decision_type=2 2 2 2 2 2 2
left_child=1 5 -3 6 -5 -1 -2
right_child=3 2 -4 4 -6 -7 -8
leaf_value=1.1324015519255103e-05 -5.3493024009848191e-05 0 -0.000124413748935614 0 6.6018451436070563e-05 -3.8888093660360406e-06 0
leaf_weight=2643 116 205 224 1012 572 3531 130
leaf_count=2643 116 205 224 1012 572 3531 130
internal_value=0 -1.15749e-06 -5.53551e-05 6.61336e-06 2.25099e-05 0 0
internal_weight=8433 6603 429 1830 1584 6174 246
internal_count=8433 6603 429 1830 1584 6174 246
is_linear=0
shrinkage=0.05


Tree=337
num_leaves=7
num_cat=0
split_feature=3 16 0 13 8 16
split_gain=3.07596e-05 0.000790293 0.00217252 0.000402901 0.00114219 0.000302394
threshold=-20.403721702655343 -16.248698534877665 0.87954967533967598 -0.95134095569688315 0.023742197121651733 -9.6545743970893536
decision_type=2 2 2 2 2 2
left_child=3 2 -2 -1 -5 -3
right_child=1 5 -4 4 -6 -7
leaf_value=0 -0.00018871499942109112 2.7756652316435548e-05 0 0.00012380296336568473 0 -9.6655967719567302e-07
leaf_weight=97 206 971 49 255 54 6801
leaf_count=97 206 971 49 255 54 6801
internal_value=0 -2.62179e-07 -8.76917e-05 1.36794e-05 5.90275e-05 0
internal_weight=8433 8027 255 406 309 7772
internal_count=8433 8027 255 406 309 7772
is_linear=0
shrinkage=0.05


Tree=338
num_leaves=8
num_cat=0
split_feature=7 15 12 7 12 2 7
split_gain=2.7497e-05 0.000983093 0.000649692 0.000483854 0.00155132 0.000180326 4.36156e-05
threshold=59.99999015160131 3.777759855313906 -8.9971627721015572 68.421083883037241 4.6531682634767035 0.5580028144877015 81.375625353702972
decision_type=2 2 2 2 2 2 2
left_child=1 5 -3 4 -2 -1 -5
right_child=3 2 -4 6 -6 -7 -8
leaf_value=0 0 0 -9.3383089133528626e-05 -1.3369839988552519e-05 0.0001368312197765177 1.9302211965555784e-05 0
leaf_weight=4957 496 117 467 608 273 1208 307
leaf_count=4957 496 117 467 608 273 1208 307
internal_value=0 -1.0821e-06 -6.48658e-05 6.00699e-06 4.05934e-05 0 0
internal_weight=8433 6749 584 1684 769 6165 915
internal_count=8433 6749 584 1684 769 6165 915
is_linear=0
shrinkage=0.05


Tree=339
num_leaves=6
num_cat=0
split_feature=13 13 12 13 16
split_gain=2.77726e-05 0.000688628 0.00159503 0.000694921 3.52818e-05
threshold=-2.1295115427365112 -0.89704472932619062 -7.6434836261446284 -0.73242106093049919 1.4517502120536101
decision_type=2 2 2 2 2
left_child=4 2 -2 -3 -1
right_child=1 3 -4 -5 -6
leaf_value=4.2077725981440671e-05 -0.00012353185993327603 8.2748278381780086e-05 0 0 0
leaf_weight=87 372 252 531 7144 47
leaf_count=87 372 252 531 7144 47
internal_value=0 -8.38139e-08 -4.35918e-05 5.07549e-07 2.25853e-05
internal_weight=8433 8299 903 7396 134
internal_count=8433 8299 903 7396 134
is_linear=0
shrinkage=0.05


Tree=340
num_leaves=8
num_cat=0
split_feature=3 7 12 14 13 13 14
split_gain=3.13049e-05 0.000818538 0.00144206 0.000417262 0.00175797 0.00141361 0.000218365
threshold=-2.8822819139506843 44.015813980900042 -3.174219352870371 11.844999790191652 0.13093769085575915 1.0000000180025095e-35 12.50999975204468
decision_type=2 2 2 2 2 2 2
left_child=1 6 -3 4 -2 -5 -1
right_child=3 2 -4 5 -6 -7 -8
leaf_value=0 -5.8454226337100598e-05 9.9765571254913223e-05 0 6.0150538708560018e-05 7.1337048411744923e-06 -1.4189614972157327e-05 -2.1067323423148919e-05
leaf_weight=1886 1580 571 290 919 891 1068 1228
leaf_count=1886 1580 571 290 919 891 1068 1228
internal_value=0 3.60481e-06 4.9306e-05 -2.44135e-06 -2.06649e-05 2.6223e-06 0
internal_weight=8433 3975 861 4458 2471 1987 3114
internal_count=8433 3975 861 4458 2471 1987 3114
is_linear=0
shrinkage=0.05


Tree=341
num_leaves=7
num_cat=0
split_feature=14 4 14 14 2 9
split_gain=3.07986e-05 0.000783708 0.000320033 0.00182491 0.000688984 0.000245168
threshold=24.689999580383304 5.3674611470081954 12.545000076293947 12.734999656677248 -1.430926151588324 0.093225768541411097
decision_type=2 2 2 2 2 2
left_child=2 -2 4 -4 -1 -3
right_child=1 5 3 -5 -6 -7
leaf_value=2.6233292748532885e-05 0 0 -0.00013658158259533931 0 -5.5589442702005648e-06 0.00017350573093856593
leaf_weight=2354 135 42 285 1986 3545 86
leaf_count=2354 135 42 285 1986 3545 86
internal_value=0 1.70441e-05 -4.0345e-08 -1.86616e-05 1.20116e-06 0.000125154
internal_weight=8433 263 8170 2271 5899 128
internal_count=8433 263 8170 2271 5899 128
is_linear=0
shrinkage=0.05


Tree=342
num_leaves=8
num_cat=0
split_feature=11 15 0 16 11 10 3
split_gain=2.54413e-05 0.000579075 0.00119015 0.000808981 0.000342497 0.000794957 0.000445096
threshold=-3.1851874739454726 -3.4212240271359602 -3.6121144339567692 -4.9994754162343868 1.1694622542718827 15.562922646360322 5.6852668720302155
decision_type=2 2 2 2 2 2 2
left_child=1 3 -3 -1 5 -2 -6
right_child=4 2 -4 -5 6 -7 -8
leaf_value=-3.5824650027315809e-05 5.2479584883731965e-06 0 5.8766007201621135e-05 3.3197227418408237e-05 3.1164957358134657e-05 -3.1769586508936368e-05 0
leaf_weight=1263 382 85 1293 360 1172 2792 1086
leaf_count=1263 382 85 1293 360 1172 2792 1086
internal_value=0 4.04543e-06 3.29342e-05 0 -1.63113e-06 -1.62938e-05 3.48914e-06
internal_weight=8433 3001 1378 1623 5432 3174 2258
internal_count=8433 3001 1378 1623 5432 3174 2258
is_linear=0
shrinkage=0.05


Tree=343
num_leaves=8
num_cat=0
split_feature=8 14 12 14 10 2 14
split_gain=2.93539e-05 0.000673011 0.000953134 0.000392207 0.000973683 0.00067535 0.000163594
threshold=-0.59810506781578598 12.154999732971193 12.915562749384069 12.400000095367433 46.279332838704079 -3.354666237080433 11.25999975204468
decision_type=2 2 2 2 2 2 2
left_child=1 6 -3 5 -5 -2 -1
right_child=3 2 -4 4 -6 -7 -8
leaf_value=0 3.911796252149763e-05 0.00010887329335423538 0 -4.2472359097288447e-05 0 0 -4.0691666587148442e-05
leaf_weight=168 1112 347 22 1883 508 4148 245
leaf_count=168 1112 347 22 1883 508 4148 245
internal_value=0 9.54791e-06 6.87587e-05 -5.00013e-07 -2.00933e-05 1.75913e-06 0
internal_weight=8433 782 369 7651 2391 5260 413
internal_count=8433 782 369 7651 2391 5260 413
is_linear=0
shrinkage=0.05


Tree=344
num_leaves=7
num_cat=0
split_feature=4 7 7 7 7 12
split_gain=2.94455e-05 0.000401028 0.00128174 0.00113949 0.000111977 0.000145502
threshold=1.3211389294000782 51.925570790297002 59.99999015160131 43.279145448641451 52.661040260587093 33.786945859394571
decision_type=2 2 2 2 2 2
left_child=4 3 -3 -2 -1 -6
right_child=1 2 -4 -5 5 -7
leaf_value=0 -5.3989121913609622e-06 -6.2633923863232317e-05 0 4.3250971472018384e-05 3.7260140170456533e-05 0
leaf_weight=410 3667 1067 1271 1472 513 33
leaf_count=410 3667 1067 1271 1472 513 33
internal_value=0 -5.57782e-07 -2.0562e-05 1.73961e-06 8.62625e-06 2.53166e-05
internal_weight=8433 7477 2338 5139 956 546
internal_count=8433 7477 2338 5139 956 546
is_linear=0
shrinkage=0.05


Tree=345
num_leaves=8
num_cat=0
split_feature=13 13 5 13 11 4 14
split_gain=2.73396e-05 0.00150939 0.00105835 0.000610396 0.000527674 0.000465712 0.00045865
threshold=-1.2448797960925293 -0.89704472932619062 2.3503821936506735 -0.73242106093049919 -8.2892029760660648 2.3993138604328377 27.344999313354496
decision_type=2 2 2 2 2 2 2
left_child=4 2 -2 -3 6 -6 -1
right_child=1 3 -4 -5 5 -7 -8
leaf_value=-8.3871943421243698e-05 0 7.7563738021298374e-05 -0.00013047329995560241 0 0 9.2527304306054412e-05 0
leaf_weight=161 69 252 375 7144 116 296 20
leaf_count=161 69 252 375 7144 116 296 20
internal_value=0 -2.63574e-07 -9.1963e-05 5.3373e-07 1.06751e-05 5.7881e-05 0
internal_weight=8433 7840 444 7396 593 412 181
internal_count=8433 7840 444 7396 593 412 181
is_linear=0
shrinkage=0.05


Tree=346
num_leaves=8
num_cat=0
split_feature=13 12 9 8 13 14 0
split_gain=2.48556e-05 0.000728418 0.000855524 0.000658262 0.000507025 0.00462523 0.000355078
threshold=0.67494438532680345 -13.570322802568395 0.19469839692370108 0.3037241965300333 0.52555861591733211 10.315000057220461 -2.163886260030417
decision_type=2 2 2 2 2 2 2
left_child=4 2 -2 -3 6 -6 -1
right_child=1 3 -4 -5 5 -7 -8
leaf_value=2.7554265592599265e-05 0.00018862286701322478 -2.5407483844716729e-05 0 9.33884027307936e-05 0.00010826616952113843 -0.00014198946427023662 -1.0732099396042702e-06
leaf_weight=1159 111 872 81 122 133 556 5399
leaf_count=1159 111 872 81 122 133 556 5399
internal_value=0 7.13774e-06 9.84826e-05 0 -4.71802e-07 -4.2857e-05 0
internal_weight=8433 1186 192 994 7247 689 6558
internal_count=8433 1186 192 994 7247 689 6558
is_linear=0
shrinkage=0.05


Tree=347
num_leaves=8
num_cat=0
split_feature=13 4 4 9 4 1 0
split_gain=2.84356e-05 0.000898535 0.00141356 0.000666153 0.000640787 0.00204302 0.00104934
threshold=0.19340332375729077 6.8990036148037888 8.0742579937498657 0.15253430247669147 6.8990036148037888 1.2695965072024735 -1.2255823639463959
decision_type=2 2 2 2 2 2 2
left_child=4 3 -3 -2 6 -6 -1
right_child=1 2 -4 -5 5 -7 -8
leaf_value=-4.8452129471025971e-05 0 -0.00017277066808127169 0 3.761730531921982e-05 0.00011027352503402031 0 0
leaf_weight=1502 501 141 265 2286 476 203 3059
leaf_count=1502 501 141 265 2286 476 203 3059
internal_value=0 4.35294e-06 -4.24322e-05 2.37433e-05 -1.41865e-06 3.21764e-05 -1.41023e-05
internal_weight=8433 3193 406 2787 5240 679 4561
internal_count=8433 3193 406 2787 5240 679 4561
is_linear=0
shrinkage=0.05


Tree=348
num_leaves=8
num_cat=0
split_feature=14 5 14 14 14 5 5
split_gain=2.56507e-05 0.00107808 0.00106544 0.000935877 0.000928534 0.000869063 0.000393954
threshold=11.039999961853029 6.6538109716669451 9.9200000762939471 11.504999637603762 11.899999618530275 9.5920470366637094 5.6799305306130998
decision_type=2 2 2 2 2 2 2
left_child=1 2 -1 6 -5 -3 -2
right_child=3 5 -4 4 -6 -7 -8
leaf_value=0 6.438956822074076e-05 0.00013405550908341039 -5.1005034577947815e-05 -4.9122448772678322e-05 2.9400904198462123e-06 0 0
leaf_weight=475 807 179 1656 945 4187 36 148
leaf_count=475 807 179 1656 945 4187 36 148
internal_value=0 -3.83742e-06 -2.78104e-05 2.20298e-06 0 7.05499e-05 4.97564e-05
internal_weight=8433 2346 2131 6087 5132 215 955
internal_count=8433 2346 2131 6087 5132 215 955
is_linear=0
shrinkage=0.05


Tree=349
num_leaves=8
num_cat=0
split_feature=8 14 3 14 14 3 14
split_gain=2.36535e-05 0.000562787 0.000476966 0.000301438 0.00138774 0.000888052 3.88537e-06
threshold=-0.76299429935318097 12.154999732971193 7.4781551801967892 12.50999975204468 12.734999656677248 -2.9468606525716585 10.315000057220461
decision_type=2 2 2 2 2 2 2
left_child=1 6 -3 5 -5 -2 -1
right_child=3 2 -4 4 -6 -7 -8
leaf_value=0 3.0145391154340092e-05 0.00010054067239826671 0 -0.00011950481216071996 0 -7.774959694321193e-06 -5.9110381130758157e-06
leaf_weight=55 2237 261 20 293 2061 3230 276
leaf_count=55 2237 261 20 293 2061 3230 276
internal_value=0 9.81371e-06 7.19762e-05 0 -1.77665e-05 1.34702e-06 0
internal_weight=8433 612 281 7821 2354 5467 331
internal_count=8433 612 281 7821 2354 5467 331
is_linear=0
shrinkage=0.05


Tree=350
num_leaves=8
num_cat=0
split_feature=6 15 14 14 6 10 10
split_gain=2.49506e-05 0.000711291 0.00210998 0.00056301 0.000527985 0.00111813 0.000965236
threshold=0.91668725394090955 5.2271038630642037 11.454999923706056 11.899999618530275 1.352502648275733 29.889970302157558 28.556503106990302
decision_type=2 2 2 2 2 2 2
left_child=1 3 -3 -1 6 -6 -2
right_child=4 2 -4 -5 5 -7 -8
leaf_value=-1.2620510577451232e-05 0 0 -0.00018518976622756793 2.0589564281398015e-05 2.0575642852985547e-05 -5.0980296753719501e-05 6.6916780919426422e-05
leaf_weight=2519 630 139 204 2371 781 946 843
leaf_count=2519 630 139 204 2371 781 946 843
internal_value=0 -1.49129e-06 -7.2028e-05 0 3.98051e-06 0 3.04842e-05
internal_weight=8433 5233 343 4890 3200 1727 1473
internal_count=8433 5233 343 4890 3200 1727 1473
is_linear=0
shrinkage=0.05


Tree=351
num_leaves=7
num_cat=0
split_feature=4 7 7 7 7 12
split_gain=2.94613e-05 0.000327712 0.00116489 0.0010381 0.000108441 0.000141252
threshold=1.3211389294000782 51.925570790297002 59.99999015160131 43.279145448641451 52.661040260587093 33.786945859394571
decision_type=2 2 2 2 2 2
left_child=4 3 -3 -2 -1 -6
right_child=1 2 -4 -5 5 -7
leaf_value=0 -5.5588138113340379e-06 -5.9054046270781098e-05 0 4.107644238571069e-05 3.6767681457282051e-05 0
leaf_weight=410 3667 1067 1271 1472 513 33
leaf_count=410 3667 1067 1271 1472 513 33
internal_value=0 -4.7336e-07 -1.86716e-05 1.00202e-06 8.66793e-06 2.50211e-05
internal_weight=8433 7477 2338 5139 956 546
internal_count=8433 7477 2338 5139 956 546
is_linear=0
shrinkage=0.05


Tree=352
num_leaves=7
num_cat=0
split_feature=3 16 6 3 15 15
split_gain=2.42537e-05 0.00102572 0.00160761 0.000878972 0.00105426 0.000345324
threshold=12.093784070328295 29.677608274251046 1.3945415150555183 7.4781551801967892 -3.7029932519998137 -3.4212240271359602
decision_type=2 2 2 2 2 2
left_child=3 2 -2 5 -5 -1
right_child=1 -3 -4 4 -6 -7
leaf_value=-1.297067570557125e-05 0.00013187838276385432 0 0 0 -0.00012232685184461291 9.9119791407167265e-06
leaf_weight=1976 380 160 131 67 321 5398
leaf_count=1976 380 160 131 67 321 5398
internal_value=0 9.47188e-06 7.15285e-05 -1.81289e-07 -7.50672e-05 0
internal_weight=8433 671 511 7762 388 7374
internal_count=8433 671 511 7762 388 7374
is_linear=0
shrinkage=0.05


Tree=353
num_leaves=8
num_cat=0
split_feature=6 6 10 14 6 14 2
split_gain=2.42629e-05 0.000459862 0.00100316 0.000925098 0.000300488 0.000727049 0.000494739
threshold=0.91668725394090955 1.352502648275733 29.889970302157558 13.615000247955324 0.38240518487887115 12.244999885559084 -3.1368845030855517
decision_type=2 2 2 2 2 2 2
left_child=4 3 -3 -2 6 -6 -1
right_child=1 2 -4 -5 5 -7 -8
leaf_value=4.7881259908034993e-05 0 2.0001424105699971e-05 -4.8114857314538446e-05 0.00010097762845129352 0 -4.7120688625148741e-05 0
leaf_weight=550 1131 781 946 342 2374 1149 1160
leaf_count=550 1131 781 946 342 2374 1149 1160
internal_value=0 3.75676e-06 0 2.84616e-05 -1.71885e-06 -1.44694e-05 4.09264e-06
internal_weight=8433 3200 1727 1473 5233 3523 1710
internal_count=8433 3200 1727 1473 5233 3523 1710
is_linear=0
shrinkage=0.05


Tree=354
num_leaves=8
num_cat=0
split_feature=5 0 16 2 0 0 14
split_gain=2.45574e-05 0.00041855 0.00154437 0.00141161 0.000355037 0.00046153 0.000137955
threshold=3.2118188383298087 3.8525887751308807 18.284907607010826 -0.36158341438040636 -0.56069475921523992 1.5264902662863988 11.039999961853029
decision_type=2 2 2 2 2 2 2
left_child=4 3 -3 -2 6 -6 -1
right_child=1 2 -4 -5 5 -7 -8
leaf_value=-3.419221201354157e-05 0 9.9002256544405076e-05 0 -4.8109918587799612e-05 3.4991800323255853e-05 0 0
leaf_weight=293 3145 432 99 1810 1706 326 622
leaf_count=293 3145 432 99 1810 1706 326 622
internal_value=0 -1.44708e-06 2.71506e-05 -1.15822e-05 4.11357e-06 2.14688e-05 0
internal_weight=8433 5486 531 4955 2947 2032 915
internal_count=8433 5486 531 4955 2947 2032 915
is_linear=0
shrinkage=0.05


Tree=355
num_leaves=8
num_cat=0
split_feature=7 7 4 8 10 7 6
split_gain=2.14508e-05 0.000657675 0.00178353 0.000551295 0.000723125 0.000261684 8.89492e-05
threshold=59.99999015160131 54.181107357209207 3.6522491811248741 0.75835936211680577 53.985657906758298 43.279145448641451 1.405920011731941
decision_type=2 2 2 2 2 2 2
left_child=1 5 -3 6 -5 -1 -2
right_child=3 2 -4 4 -6 -7 -8
leaf_value=-1.1798658966934217e-06 0 0 -0.00012660575847242583 0.00011515555629870743 0 1.7938866056841365e-05 -2.4957841571337447e-05
leaf_weight=3917 1019 439 379 242 68 2014 355
leaf_count=3917 1019 439 379 242 68 2014 355
internal_value=0 -7.73591e-07 -4.48334e-05 5.42319e-06 6.76488e-05 0 0
internal_weight=8433 6749 818 1684 310 5931 1374
internal_count=8433 6749 818 1684 310 5931 1374
is_linear=0
shrinkage=0.05


Tree=356
num_leaves=8
num_cat=0
split_feature=13 13 10 4 4 13 13
split_gain=2.15006e-05 0.00136481 0.00135467 0.000918859 0.000917485 0.000553998 0.00014324
threshold=-1.2448797960925293 -0.89704472932619062 40.07561815881558 1.630434691144256 2.4362143816540001 -0.73242106093049919 -2.1295115427365112
decision_type=2 2 2 2 2 2 2
left_child=2 3 4 -2 -1 -3 -4
right_child=1 5 6 -5 -6 -7 -8
leaf_value=0 0 7.3859609408713392e-05 0 -0.00012114469473871043 0.00013578069564178729 0 -5.1889105413185231e-05
leaf_weight=81 57 252 72 387 309 7144 131
leaf_count=81 57 252 72 387 309 7144 131
internal_value=0 -2.34397e-07 9.46649e-06 -8.74634e-05 9.36778e-05 2.93394e-07 0
internal_weight=8433 7840 593 444 390 7396 203
internal_count=8433 7840 593 444 390 7396 203
is_linear=0
shrinkage=0.05


Tree=357
num_leaves=8
num_cat=0
split_feature=6 6 0 5 4 3 4
split_gain=2.00838e-05 0.000419302 0.000848222 0.000500107 0.000320453 0.00226035 0.000308908
threshold=0.91668725394090955 1.352502648275733 -0.33984944400737355 7.4865567663670181 10.906258425626655 -16.234536680710978 6.1170565889415762
decision_type=2 2 2 2 2 2 2
left_child=4 2 -2 -3 6 -6 -1
right_child=1 3 -4 -5 5 -7 -8
leaf_value=-4.5122070813848277e-06 0 0 6.4796050292451445e-05 -0.00011532871654514781 0 -0.00029162306647202441 3.1635903335651138e-05
leaf_weight=4453 711 1635 762 92 27 74 679
leaf_count=4453 711 1635 762 92 27 74 679
internal_value=0 3.484e-06 2.71483e-05 0 -1.47197e-06 -8.8815e-05 0
internal_weight=8433 3200 1473 1727 5233 101 5132
internal_count=8433 3200 1473 1727 5233 101 5132
is_linear=0
shrinkage=0.05


Tree=358
num_leaves=8
num_cat=0
split_feature=10 10 13 4 13 13 13
split_gain=1.77558e-05 0.000454408 0.000824718 0.00079278 0.000435718 0.000785019 0.000658777
threshold=46.279332838704079 42.933765317857329 -1.2448797960925293 3.538997772752166 0.35435901513232176 -0.86877073142472272 0.67494438532680345
decision_type=2 2 2 2 2 2 2
left_child=1 2 -1 -3 5 -2 -6
right_child=4 3 -4 -5 6 -7 -8
leaf_value=6.9910320400874939e-05 0 0 -2.228453341370485e-06 -0.00011755822801366771 -7.1296231332730224e-05 5.6131642748204746e-05 0
leaf_weight=414 247 205 5760 224 322 979 282
leaf_count=414 247 205 5760 224 322 979 282
internal_value=0 -8.98868e-07 0 -5.14603e-05 4.61704e-06 3.03126e-05 0
internal_weight=8433 6603 6174 429 1830 1226 604
internal_count=8433 6603 6174 429 1830 1226 604
is_linear=0
shrinkage=0.05


Tree=359
num_leaves=8
num_cat=0
split_feature=13 13 10 4 12 5 13
split_gain=2.31073e-05 0.00162973 0.00129974 0.000349829 0.000349672 0.00100327 0.000942149
threshold=-0.42021305351745969 -0.47389446344892056 50.81916652479886 5.3362244827586425 -8.9971627721015572 3.5198964807565756 0.50979561016865083
decision_type=2 2 2 2 2 2 2
left_child=1 3 -3 -1 6 -6 -2
right_child=4 2 -4 -5 5 -7 -8
leaf_value=-1.8646402345133084e-07 6.3630736289095908e-05 -0.0002005975130066604 0 4.2507264178131354e-05 1.7802655725786864e-05 -2.5783245771648022e-05 0
leaf_weight=1394 800 181 28 482 2452 2601 495
leaf_count=1394 800 181 28 482 2452 2601 495
internal_value=0 -4.38486e-06 -0.000139642 0 1.66679e-06 0 2.62222e-05
internal_weight=8433 2085 209 1876 6348 5053 1295
internal_count=8433 2085 209 1876 6348 5053 1295
is_linear=0
shrinkage=0.05


Tree=360
num_leaves=8
num_cat=0
split_feature=11 11 7 0 11 7 12
split_gain=2.16258e-05 0.000426943 0.000800667 0.000538918 0.000407461 0.00127607 0.000558274
threshold=1.1694622542718827 -1.6983560823699 41.7184411126279 -0.38568740764097548 2.2598389433769186 58.178478022987953 3.3519072676144681
decision_type=2 2 2 2 2 2 2
left_child=1 2 -1 -3 5 -2 -6
right_child=4 3 -4 -5 6 -7 -8
leaf_value=0 0.00011785528435865631 -5.4170920035716291e-05 5.0966830380814375e-05 0 -4.7924968756873539e-05 0 9.9943210736336711e-06
leaf_weight=3187 304 823 771 1394 559 324 1071
leaf_count=3187 304 823 771 1394 559 324 1071
internal_value=0 -1.42775e-06 1.26039e-06 -2.19965e-05 4.28379e-06 4.10212e-05 0
internal_weight=8433 6175 3958 2217 2258 628 1630
internal_count=8433 6175 3958 2217 2258 628 1630
is_linear=0
shrinkage=0.05


Tree=361
num_leaves=8
num_cat=0
split_feature=7 7 4 8 10 0 7
split_gain=1.99581e-05 0.000573923 0.00160244 0.000488573 0.000686105 0.000261885 7.91493e-05
threshold=59.99999015160131 54.181107357209207 3.6522491811248741 0.75835936211680577 53.985657906758298 3.8525887751308807 67.961340760209538
decision_type=2 2 2 2 2 2 2
left_child=1 5 -3 6 -5 -1 -2
right_child=3 2 -4 4 -6 -7 -8
leaf_value=0 6.4843565945042828e-07 0 -0.00011960799141912729 0.00011045524434848632 0 4.7351514317036687e-05 -1.6430078906283288e-05
leaf_weight=5641 644 439 379 242 68 290 730
leaf_count=5641 644 439 379 242 68 290 730
internal_value=0 -1.19874e-06 -4.19714e-05 4.88263e-06 6.35899e-05 0 0
internal_weight=8433 6749 818 1684 310 5931 1374
internal_count=8433 6749 818 1684 310 5931 1374
is_linear=0
shrinkage=0.05


Tree=362
num_leaves=8
num_cat=0
split_feature=11 9 3 3 10 10 10
split_gain=1.92036e-05 0.000503424 0.000436216 0.00122306 0.00115173 0.000353248 0.000218857
threshold=1.1694622542718827 0.52382370170900505 5.6852668720302155 12.093784070328295 23.226551091822888 48.127087327030623 18.176988049675192
decision_type=2 2 2 2 2 2 2
left_child=1 6 4 -4 -2 -3 -1
right_child=2 5 3 -5 -6 -7 -8
leaf_value=2.6937940339983969e-05 0.00010792702379730631 -6.0920538015517235e-05 -7.6277480167352685e-05 1.7543682546382475e-05 0 0 0
leaf_weight=752 342 578 492 594 830 89 4756
leaf_count=752 342 578 492 594 830 89 4756
internal_value=0 -1.32725e-06 4.05316e-06 0 3.09925e-05 -4.35605e-05 0
internal_weight=8433 6175 2258 1086 1172 667 5508
internal_count=8433 6175 2258 1086 1172 667 5508
is_linear=0
shrinkage=0.05


Tree=363
num_leaves=8
num_cat=0
split_feature=13 4 14 14 4 5 7
split_gain=1.99114e-05 0.000757324 0.00136424 0.00103199 0.00058725 0.00192197 0.00112035
threshold=0.19340332375729077 6.8990036148037888 12.184999942779543 18.590000152587894 5.945282297227199 4.1175714655441054 71.623090708410132
decision_type=2 2 2 2 2 2 2
left_child=4 3 -3 -2 5 -1 -6
right_child=1 2 -4 -5 6 -7 -8
leaf_value=0 3.9350988512917003e-05 -0.00015349286117078225 0 -9.826827535887938e-06 5.9239875632457845e-05 -6.347889603745275e-05 0
leaf_weight=2801 2507 168 238 280 929 1443 67
leaf_count=2801 2507 168 238 280 929 1443 67
internal_value=0 3.25029e-06 -3.8176e-05 2.18575e-05 -1.74845e-06 -1.54825e-05 2.16167e-05
internal_weight=8433 3193 406 2787 5240 4244 996
internal_count=8433 3193 406 2787 5240 4244 996
is_linear=0
shrinkage=0.05


Tree=364
num_leaves=8
num_cat=0
split_feature=0 2 14 0 4 2 11
split_gain=1.80433e-05 0.000649266 0.00122843 0.000577881 0.00159798 0.000513902 0.000371134
threshold=-2.163886260030417 -7.2930848743477314 11.144999980926515 -3.424276842262548 4.3438705161714903 -12.503961665627299 -6.0890615058406885
decision_type=2 2 2 2 2 2 2
left_child=3 2 -2 5 -5 -1 -3
right_child=1 6 -4 4 -6 -7 -8
leaf_value=1.265016711032434e-05 0 3.4962098575779241e-05 -0.00012256868833044346 0 0.00013123479948588731 -4.8109280322969626e-05 -1.3653002563328483e-06
leaf_weight=115 90 748 311 369 316 545 5939
leaf_count=115 90 748 311 369 316 545 5939
internal_value=0 -1.06187e-06 -6.36203e-05 5.24909e-06 4.64428e-05 0 0
internal_weight=8433 7088 401 1345 685 660 6687
internal_count=8433 7088 401 1345 685 660 6687
is_linear=0
shrinkage=0.05


Tree=365
num_leaves=7
num_cat=0
split_feature=9 9 12 12 3 6
split_gain=1.38875e-05 0.000343143 0.00119412 0.000556997 0.00028276 0.00098206
threshold=-0.032735728860482309 0.16184831170690175 -5.6422521604908598 -3.174219352870371 -10.219593995602786 2.4991870445137336
decision_type=2 2 2 2 2 2
left_child=4 2 -2 -3 5 -1
right_child=1 3 -4 -5 -6 -7
leaf_value=0.00014356786937588047 -5.7798416469516891e-05 2.357319400471899e-05 0 -5.1695016811034065e-06 0 0
leaf_weight=153 1149 2305 438 4133 228 27
leaf_count=153 1149 2305 438 4133 228 27
internal_value=0 -4.92723e-07 -2.32615e-05 0 8.94018e-06 6.37504e-05
internal_weight=8433 8025 1587 6438 408 180
internal_count=8433 8025 1587 6438 408 180
is_linear=0
shrinkage=0.05


Tree=366
num_leaves=8
num_cat=0
split_feature=11 9 3 3 10 12 10
split_gain=1.71965e-05 0.000453003 0.000384634 0.00110481 0.00104091 0.000360996 0.000193862
threshold=1.1694622542718827 0.52382370170900505 5.6852668720302155 12.093784070328295 23.226551091822888 -3.5577946748369875 18.176988049675192
decision_type=2 2 2 2 2 2 2
left_child=1 6 4 -4 -2 -3 -1
right_child=2 5 3 -5 -6 -7 -8
leaf_value=2.5353055938526258e-05 0.00010224096262147724 0 -7.2408233125864399e-05 1.6987686046540254e-05 0 -5.929060490226046e-05 0
leaf_weight=752 342 87 492 594 830 580 4756
leaf_count=752 342 87 492 594 830 580 4756
internal_value=0 -1.33158e-06 3.76516e-06 0 2.90922e-05 -4.13426e-05 0
internal_weight=8433 6175 2258 1086 1172 667 5508
internal_count=8433 6175 2258 1086 1172 667 5508
is_linear=0
shrinkage=0.05


Tree=367
num_leaves=8
num_cat=0
split_feature=7 7 5 8 7 8 7
split_gain=2.03647e-05 0.000494668 0.00158319 0.000453884 0.000976138 0.000399357 0.000214749
threshold=59.99999015160131 54.181107357209207 3.5532272349026255 0.091434496408323893 70.477442648421416 0.0051174099790640424 43.279145448641451
decision_type=2 2 2 2 2 2 2
left_child=1 6 -3 5 -5 -2 -1
right_child=3 2 -4 4 -6 -7 -8
leaf_value=-2.0989907906642517e-06 0 0 -0.00010567292915149565 8.0223274956380371e-05 0 -5.0661248984247765e-05 1.6054304579242062e-05
leaf_weight=3917 241 354 464 560 496 387 2014
leaf_count=3917 241 354 464 560 496 387 2014
internal_value=0 -1.15855e-06 -3.89767e-05 4.9822e-06 3.33476e-05 0 0
internal_weight=8433 6749 818 1684 1056 628 5931
internal_count=8433 6749 818 1684 1056 628 5931
is_linear=0
shrinkage=0.05


Tree=368
num_leaves=8
num_cat=0
split_feature=7 7 5 7 14 0 7
split_gain=1.46363e-05 0.000422218 0.00145461 0.000409453 0.000386747 0.000348274 4.06048e-05
threshold=59.99999015160131 54.181107357209207 3.5532272349026255 68.421083883037241 10.889999866485597 -4.3261575207167171 81.375625353702972
decision_type=2 2 2 2 2 2 2
left_child=1 4 -3 5 -1 -2 -5
right_child=3 2 -4 6 -6 -7 -8
leaf_value=-1.8080975410973996e-05 0 0 -0.00010041196225721592 -1.2900120231428392e-05 1.0607247226926521e-05 5.0825447295552155e-05 0
leaf_weight=1393 26 354 464 608 4538 743 307
leaf_count=1393 26 354 464 608 4538 743 307
internal_value=0 -9.73981e-07 -3.59869e-05 4.23133e-06 0 3.69705e-05 0
internal_weight=8433 6749 818 1684 5931 769 915
internal_count=8433 6749 818 1684 5931 769 915
is_linear=0
shrinkage=0.05


Tree=369
num_leaves=8
num_cat=0
split_feature=11 9 11 7 16 10 16
split_gain=1.57941e-05 0.000396026 0.000326957 0.00117644 0.000364578 0.000317485 0.000302162
threshold=1.1694622542718827 0.52382370170900505 2.2598389433769186 58.178478022987953 10.704919290594235 48.127087327030623 -4.9994754162343868
decision_type=2 2 2 2 2 2 2
left_child=1 6 3 -2 -4 -3 -1
right_child=2 5 4 -5 -6 -7 -8
leaf_value=-7.4741373302128177e-06 0.00011125950660178302 -5.5613949208017069e-05 -2.6800374986957502e-05 0 1.7709990281533176e-05 0 1.5037964760855199e-05
leaf_weight=2882 304 578 984 324 646 89 2626
leaf_count=2882 304 578 984 324 646 89 2626
internal_value=0 -1.27941e-06 3.60519e-06 3.66616e-05 0 -3.86656e-05 0
internal_weight=8433 6175 2258 628 1630 667 5508
internal_count=8433 6175 2258 628 1630 667 5508
is_linear=0
shrinkage=0.05


Tree=370
num_leaves=8
num_cat=0
split_feature=7 5 16 14 14 6 5
split_gain=1.52637e-05 0.000585722 0.00203065 0.000458498 0.00036987 0.00132272 0.000478418
threshold=43.279145448641451 5.2299636545278139 -27.476679334852182 11.204999923706056 12.72499990463257 2.2912357187302717 6.2333961134200928
decision_type=2 2 2 2 2 2 2
left_child=1 3 -3 -1 6 -6 -2
right_child=4 2 -4 -5 5 -7 -8
leaf_value=3.8091261783640363e-05 -1.182505710238315e-05 7.3154667831509397e-05 -7.3999789236496639e-05 0 7.0128998440851728e-05 0 4.4522231024402386e-05
leaf_weight=788 3193 77 1119 1933 862 85 376
leaf_count=788 3193 77 1119 1933 862 85 376
internal_value=0 -2.28226e-06 -3.52041e-05 0 1.98189e-06 3.1513e-05 0
internal_weight=8433 3917 1196 2721 4516 947 3569
internal_count=8433 3917 1196 2721 4516 947 3569
is_linear=0
shrinkage=0.05


Tree=371
num_leaves=7
num_cat=0
split_feature=3 16 0 5 8 6
split_gain=1.71519e-05 0.000688504 0.00179842 0.000468402 0.000339357 0.000775186
threshold=-20.403721702655343 -16.564163296527038 2.7775292926326745 7.4865567663670181 0.023742197121651733 2.4204367114876728
decision_type=2 2 2 2 2 2
left_child=4 2 -2 -3 5 -1
right_child=1 3 -4 -5 -6 -7
leaf_value=9.5504256755380248e-05 -0.00017417418109373726 4.7255594036233522e-06 0 -5.2612100941534804e-05 0 0
leaf_weight=308 203 7441 22 361 64 34
leaf_count=308 203 7441 22 361 64 34
internal_value=0 -4.61134e-07 -8.71216e-05 0 1.00455e-05 5.08522e-05
internal_weight=8433 8027 225 7802 406 342
internal_count=8433 8027 225 7802 406 342
is_linear=0
shrinkage=0.05


Tree=372
num_leaves=8
num_cat=0
split_feature=16 12 5 14 5 5 2
split_gain=1.75374e-05 0.00058209 0.00106753 0.00054199 0.0011971 0.000670064 0.00049596
threshold=-9.6545743970893536 -4.6342858199353802 6.1122704850167935 12.184999942779543 3.6558081347106284 5.4122930690311151 -1.1420948759376435
decision_type=2 2 2 2 2 2 2
left_child=3 2 -2 5 -5 -1 -3
right_child=1 6 -4 4 -6 -7 -8
leaf_value=0 -5.0445383236309727e-05 2.9451888623207488e-05 0 0 8.321047709597263e-05 -7.3629014308825849e-05 0
leaf_weight=591 1614 1451 307 103 631 307 3429
leaf_count=591 1614 1451 307 103 631 307 3429
internal_value=0 -1.13085e-06 -2.73977e-05 4.63765e-06 4.34597e-05 0 2.04683e-06
internal_weight=8433 6801 1921 1632 734 898 4880
internal_count=8433 6801 1921 1632 734 898 4880
is_linear=0
shrinkage=0.05


Tree=373
num_leaves=8
num_cat=0
split_feature=0 2 9 2 11 4 11
split_gain=1.41711e-05 0.000543412 0.000767566 0.000526549 0.00130476 0.000533186 0.00037517
threshold=-2.163886260030417 -7.2930848743477314 0.29518318523636805 0.09206146797706706 -7.6171644095591793 6.8277521689669509 -6.0890615058406885
decision_type=2 2 2 2 2 2 2
left_child=3 2 -2 4 -1 -5 -3
right_child=1 6 -4 5 -6 -7 -8
leaf_value=0 -0.00010208344779213863 3.510837998812349e-05 0 -9.0990618907272404e-05 8.6777106362503047e-05 0 -1.506086559819561e-06
leaf_weight=463 313 748 88 159 610 113 5939
leaf_count=463 313 748 88 159 610 113 5939
internal_value=0 -8.54638e-07 -5.81712e-05 4.73885e-06 3.53931e-05 0 0
internal_weight=8433 7088 401 1345 1073 272 6687
internal_count=8433 7088 401 1345 1073 272 6687
is_linear=0
shrinkage=0.05


Tree=374
num_leaves=8
num_cat=0
split_feature=13 13 0 0 5 13 2
split_gain=1.72273e-05 0.00143882 0.00141741 0.000365251 0.000713195 0.000475021 0.000204758
threshold=-0.42021305351745969 -0.47389446344892056 0.48477919217153675 0.35212221164552199 6.7872230259618105 0.52857781857835751 -4.3153787034214011
decision_type=2 2 2 2 2 2 2
left_child=1 6 -3 5 -5 -2 -1
right_child=3 2 -4 4 -6 -7 -8
leaf_value=2.9785311203663964e-05 2.59085024845971e-05 -0.00022244141892140544 0 0 -9.1104697959720713e-05 0 0
leaf_weight=575 3015 143 66 2246 223 864 1301
leaf_count=575 3015 143 66 2246 223 864 1301
internal_value=0 -4.03979e-06 -0.000131183 1.19108e-06 -5.84871e-06 1.46909e-05 0
internal_weight=8433 2085 209 6348 2469 3879 1876
internal_count=8433 2085 209 6348 2469 3879 1876
is_linear=0
shrinkage=0.05


Tree=375
num_leaves=7
num_cat=0
split_feature=4 4 16 4 6 13
split_gain=1.58308e-05 0.000689753 0.00117877 0.000439564 0.000960568 0.000405066
threshold=8.2923030597453948 17.876241828708817 26.583860207012115 7.370180703513534 0.75723280386425984 -0.89704472932619062
decision_type=2 2 2 2 2 2
left_child=3 2 -2 5 -5 -1
right_child=1 -3 -4 4 -6 -7
leaf_value=-3.0142101372199559e-05 9.2393781094196614e-05 0 0 0 -0.00014994756403841449 5.5522009970286298e-06
leaf_weight=887 549 31 40 125 154 6647
leaf_count=887 549 31 40 125 154 6647
internal_value=0 7.21292e-06 5.45206e-05 -9.60958e-07 -6.27407e-05 0
internal_weight=8433 620 589 7813 279 7534
internal_count=8433 620 589 7813 279 7534
is_linear=0
shrinkage=0.05


Tree=376
num_leaves=8
num_cat=0
split_feature=6 6 10 10 6 5 7
split_gain=1.67312e-05 0.000311738 0.00146696 0.000896394 0.000304153 0.000950001 0.00034472
threshold=0.88074072987626117 1.352502648275733 28.556503106990302 29.889970302157558 0.38240518487887115 3.1326378286362879 35.830820737921727
decision_type=2 2 2 2 2 2 2
left_child=4 2 -2 -3 6 -6 -1
right_child=1 3 -4 -5 5 -7 -8
leaf_value=0 0 1.7868485837858658e-05 6.8488410874330963e-05 -4.5827911177275999e-05 0 -3.8449134311630012e-05 2.6343468279079191e-05
leaf_weight=456 716 781 949 946 1200 2131 1254
leaf_count=456 716 781 949 946 1200 2131 1254
internal_value=0 2.03725e-06 2.18166e-05 0 -2.34542e-06 -1.5281e-05 2.39702e-06
internal_weight=8433 3392 1665 1727 5041 3331 1710
internal_count=8433 3392 1665 1727 5041 3331 1710
is_linear=0
shrinkage=0.05


Tree=377
num_leaves=8
num_cat=0
split_feature=8 14 5 14 4 2 14
split_gain=1.45823e-05 0.000508065 0.00101959 0.00039741 0.00155079 0.00093935 0.000131806
threshold=-0.59810506781578598 12.154999732971193 3.441436951155433 12.244999885559084 6.8277521689669509 -1.430926151588324 11.25999975204468
decision_type=2 2 2 2 2 2 2
left_child=1 6 -3 5 -5 -2 -1
right_child=3 2 -4 4 -6 -7 -8
leaf_value=0 3.4594902800406523e-05 0 0.00011495526965574625 -4.5905397582623618e-05 2.585941815186651e-05 -6.8048303582793234e-06 -3.6524907597267596e-05
leaf_weight=168 1847 80 289 2153 489 3162 245
leaf_count=168 1847 80 289 2153 489 3162 245
internal_value=0 5.79754e-06 5.91155e-05 -1.14905e-06 -1.93756e-05 1.48383e-06 0
internal_weight=8433 782 369 7651 2642 5009 413
internal_count=8433 782 369 7651 2642 5009 413
is_linear=0
shrinkage=0.05


Tree=378
num_leaves=8
num_cat=0
split_feature=12 8 7 13 2 13 3
split_gain=1.34035e-05 0.000775054 0.00213308 0.000442798 0.00127858 0.00057003 0.000404604
threshold=4.6531682634767035 -0.11061484281958602 70.477442648421416 -0.38075793360717308 1.3187567501171229 -0.011353615510945046 0.098183703808774073
decision_type=2 2 2 2 2 2 2
left_child=3 6 -3 4 -1 -5 -2
right_child=1 2 -4 5 -6 -7 -8
leaf_value=0 0 0.00011744351456970132 0 3.1639799654572668e-05 -0.00011211291585772968 -1.624553836767456e-06 -6.6835491564868325e-05
leaf_weight=1699 71 523 513 1415 341 3635 236
leaf_count=1699 71 523 513 1415 341 3635 236
internal_value=0 4.10101e-06 4.28807e-05 -1.23907e-06 -2.33656e-05 7.76939e-07 -1.29264e-05
internal_weight=8433 1343 1036 7090 2040 5050 307
internal_count=8433 1343 1036 7090 2040 5050 307
is_linear=0
shrinkage=0.05


Tree=379
num_leaves=7
num_cat=0
split_feature=4 7 7 7 7 3
split_gain=1.3323e-05 0.000232326 0.000807397 0.000759233 8.18804e-05 0.000115916
threshold=1.3211389294000782 51.925570790297002 59.99999015160131 43.279145448641451 52.661040260587093 41.355345615276605
decision_type=2 2 2 2 2 2
left_child=4 3 -3 -2 -1 -6
right_child=1 2 -4 -5 5 -7
leaf_value=0 -6.3899246203272626e-06 -4.9436355947967274e-05 0 3.4439424831012437e-05 3.1395317804041303e-05 0
leaf_weight=410 3667 1067 1271 1472 520 26
leaf_count=410 3667 1067 1271 1472 520 26
internal_value=0 -1.33254e-06 -1.59338e-05 0 4.57224e-06 2.02506e-05
internal_weight=8433 7477 2338 5139 956 546
internal_count=8433 7477 2338 5139 956 546
is_linear=0
shrinkage=0.05


Tree=380
num_leaves=8
num_cat=0
split_feature=11 11 0 3 3 10 6
split_gain=1.13457e-05 0.00035852 0.000494933 0.000354879 0.00102525 0.000936479 0.000171005
threshold=1.1694622542718827 -1.6983560823699 -0.38568740764097548 5.6852668720302155 12.093784070328295 23.226551091822888 0.47094732171734327
decision_type=2 2 2 2 2 2 2
left_child=1 6 -3 5 -5 -2 -1
right_child=3 2 -4 4 -6 -7 -8
leaf_value=-3.12334098231126e-07 9.704736284241568e-05 -5.1055931533802804e-05 0 -7.0683243297907795e-05 1.262777400693145e-05 0 1.2165278895555816e-05
leaf_weight=1072 342 823 1394 492 594 830 2886
leaf_count=1072 342 823 1394 492 594 830 2886
internal_value=0 -1.65414e-06 -2.02864e-05 2.25212e-06 0 2.76671e-05 0
internal_weight=8433 6175 2217 2258 1086 1172 3958
internal_count=8433 6175 2217 2258 1086 1172 3958
is_linear=0
shrinkage=0.05


Tree=381
num_leaves=8
num_cat=0
split_feature=13 12 13 8 7 2 0
split_gain=1.36419e-05 0.000644679 0.000974656 0.000613363 0.000518107 0.00129121 0.000751118
threshold=0.67494438532680345 -4.0276109367490998 1.7042689265110769 0.064822607294243842 25.575317106953438 -12.503961665627299 -2.1233157325056742
decision_type=2 2 2 2 2 2 2
left_child=4 2 -2 -3 5 -1 -6
right_child=1 3 -4 -5 6 -7 -8
leaf_value=0 9.2648563971024759e-05 -5.9992785630731285e-05 0 9.313622688875852e-07 4.3978145538705197e-05 -6.8568069551616146e-05 -2.7758668936848304e-06
leaf_weight=92 472 424 88 202 948 963 5244
leaf_count=92 472 424 88 202 948 963 5244
internal_value=0 4.14031e-06 5.3889e-05 0 -1.37674e-06 -3.51912e-05 0
internal_weight=8433 1186 560 626 7247 1055 6192
internal_count=8433 1186 560 626 7247 1055 6192
is_linear=0
shrinkage=0.05


Tree=382
num_leaves=8
num_cat=0
split_feature=14 5 13 5 5 11 13
split_gain=1.1077e-05 0.000966125 0.00113502 0.000804786 0.000803709 0.00116321 0.000649427
threshold=11.039999961853029 6.6538109716669451 -0.013045006246314992 9.5920470366637094 6.8251279552749464 -12.193582025855099 -0.075203156853087524
decision_type=2 2 2 2 2 2 2
left_child=1 2 -1 -3 6 -6 -2
right_child=4 3 -4 -5 5 -7 -8
leaf_value=-7.0028718986872563e-05 3.019264640798489e-05 0.0001273512322102218 0 0 0 -9.2774665604238558e-05 0
leaf_weight=886 2653 179 1245 36 137 477 2820
leaf_count=886 2653 179 1245 36 137 477 2820
internal_value=0 -3.29263e-06 -2.66703e-05 6.52381e-05 6.06095e-07 -4.44079e-05 1.20632e-05
internal_weight=8433 2346 2131 215 6087 614 5473
internal_count=8433 2346 2131 215 6087 614 5473
is_linear=0
shrinkage=0.05


Tree=383
num_leaves=8
num_cat=0
split_feature=8 3 8 0 5 3 3
split_gain=1.25981e-05 0.000551476 0.000939589 0.000466922 0.00120915 0.00116767 0.00028238
threshold=-0.32838130158148321 -15.090283186622548 -4.2184096721296189 3.6775626271185007 3.441436951155433 18.809009193595596 -10.219593995602786
decision_type=2 2 2 2 2 2 2
left_child=1 2 -1 4 -2 -5 -3
right_child=3 6 -4 5 -6 -7 -8
leaf_value=0 5.3158205579735948e-06 -5.1613561596412808e-05 9.6547285268738138e-05 9.0686031945579502e-05 -3.1428120122864046e-05 0 0
leaf_weight=46 2918 263 400 425 3569 93 719
leaf_count=46 2918 263 400 425 3569 93 719
internal_value=0 3.69583e-06 5.58662e-05 -1.30662e-06 -9.50957e-06 3.37541e-05 0
internal_weight=8433 1428 446 7005 6487 518 982
internal_count=8433 1428 446 7005 6487 518 982
is_linear=0
shrinkage=0.05


Tree=384
num_leaves=8
num_cat=0
split_feature=7 11 3 5 16 12 9
split_gain=9.67019e-06 0.000602096 0.00134205 0.000532016 0.00187909 0.000414758 0.000217154
threshold=43.279145448641451 -1.7800402208889039 -1.8423332171108306 5.2299636545278139 -27.476679334852182 2.1287546576119221 0.14642186041703889
decision_type=2 2 2 2 2 2 2
left_child=3 2 -2 6 -5 -3 -1
right_child=1 5 -4 4 -6 -7 -8
leaf_value=0 0.00011348180160908554 -2.0057829677293551e-05 0 6.3058497506500357e-05 -7.149621352184469e-05 1.0135170818008876e-05 1.915241558015783e-05
leaf_weight=1243 376 2105 195 77 1119 1840 1478
leaf_count=1243 376 2105 195 77 1119 1840 1478
internal_value=0 1.29467e-06 5.13825e-05 -2.05826e-06 -3.35272e-05 0 0
internal_weight=8433 4516 571 3917 1196 3945 2721
internal_count=8433 4516 571 3917 1196 3945 2721
is_linear=0
shrinkage=0.05


Tree=385
num_leaves=8
num_cat=0
split_feature=13 13 12 4 10 7 4
split_gain=8.29304e-06 0.000655523 0.000687486 0.000482703 0.00132505 0.0010324 0.00037636
threshold=0.19340332375729077 0.30853621784847635 -0.55461551857471425 5.945282297227199 46.279332838704079 71.623090708410132 5.7984278563561995
decision_type=2 2 2 2 2 2 2
left_child=3 2 -2 4 -1 -5 -3
right_child=1 6 -4 5 -6 -7 -8
leaf_value=-3.4030750827720822e-05 0.00012757732007151432 1.404758967753068e-06 0 5.6113183446091023e-05 1.8880845215534395e-05 0 -4.1565982623827906e-05
leaf_weight=3321 205 2263 185 929 923 67 540
leaf_count=3321 205 2263 185 929 923 67 540
internal_value=0 1.90562e-06 6.48863e-05 -1.31976e-06 -1.42768e-05 1.87387e-05 0
internal_weight=8433 3193 390 5240 4244 996 2803
internal_count=8433 3193 390 5240 4244 996 2803
is_linear=0
shrinkage=0.05


Tree=386
num_leaves=8
num_cat=0
split_feature=14 14 13 13 11 13 13
split_gain=1.08197e-05 0.00095966 0.000933154 0.00125477 0.000801963 0.00065226 0.000283338
threshold=19.425000190734867 16.090000152587894 1.6673540696553359 -1.964541388946228 -9.9192324949947217 0.79675748132704849 1.7720080047240796
decision_type=2 2 2 2 2 2 2
left_child=1 5 3 -2 -3 -1 -4
right_child=2 4 6 -5 -6 -7 -8
leaf_value=-1.1583764444549686e-06 0 0 -0.00012311736293919785 0.00010961685182273849 -0.00015030899221967094 5.86703967302358e-05 0
leaf_weight=6978 224 25 45 455 193 469 44
leaf_count=6978 224 25 45 455 193 469 44
internal_value=0 -4.47797e-07 5.75607e-06 5.87976e-05 -0.000104462 0 -6.69208e-06
internal_weight=8433 7665 768 679 218 7447 89
internal_count=8433 7665 768 679 218 7447 89
is_linear=0
shrinkage=0.05


Tree=387
num_leaves=8
num_cat=0
split_feature=11 3 3 8 11 7 0
split_gain=7.59875e-06 0.000329135 0.000916696 0.000734825 0.000290385 0.000566781 0.000437448
threshold=1.1694622542718827 5.6852668720302155 12.093784070328295 0.29348748239239497 -1.6983560823699 41.7184411126279 -0.38568740764097548
decision_type=2 2 2 2 2 2 2
left_child=4 3 -3 -2 5 -1 -6
right_child=1 2 -4 -5 6 -7 -8
leaf_value=0 5.6849980337574388e-05 -6.6843863345554292e-05 1.1906822415651266e-05 0 -4.7041984210977033e-05 4.2814188792435936e-05 0
leaf_weight=3187 825 492 594 347 823 771 1394
leaf_count=3187 825 492 594 347 823 771 1394
internal_value=0 2.38892e-06 0 2.66809e-05 -9.93684e-07 0 -1.81633e-05
internal_weight=8433 2258 1086 1172 6175 3958 2217
internal_count=8433 2258 1086 1172 6175 3958 2217
is_linear=0
shrinkage=0.05


Tree=388
num_leaves=8
num_cat=0
split_feature=12 12 7 11 11 7 10
split_gain=6.49901e-06 0.00048458 0.000886791 0.000299031 0.000265761 0.000691146 0.000577673
threshold=4.6531682634767035 13.499841310898431 71.623090708410132 11.302438962639659 -1.6983560823699 41.7184411126279 22.237785367912071
decision_type=2 2 2 2 2 2 2
left_child=4 2 -2 -3 5 -1 -6
right_child=1 3 -4 -5 6 -7 -8
leaf_value=0 7.2696377414908784e-05 -5.5695403920465083e-05 0 0 0 4.8938596098716894e-05 -3.0705386339782619e-05
leaf_weight=3130 649 239 209 246 1007 723 2230
leaf_count=3130 649 239 209 246 1007 723 2230
internal_value=0 2.98127e-06 3.77169e-05 0 -7.78044e-07 1.48498e-06 -1.42768e-05
internal_weight=8433 1343 858 485 7090 3853 3237
internal_count=8433 1343 858 485 7090 3853 3237
is_linear=0
shrinkage=0.05


Tree=389
num_leaves=8
num_cat=0
split_feature=14 14 6 14 5 14 5
split_gain=1.03813e-05 0.00118003 0.00131576 0.000387652 0.00108191 0.000784539 8.54166e-06
threshold=9.865000247955324 9.4649996757507342 0.44437144089956743 11.039999961853029 6.2617405635686447 11.504999637603762 6.732876440649985
decision_type=2 2 2 2 2 2 2
left_child=1 6 -3 4 -2 -5 -1
right_child=3 2 -4 5 -6 -7 -8
leaf_value=-1.2052644565301323e-05 -4.7157490002175367e-05 0 0.00016020348620326126 4.5199896771695828e-05 3.6155183750119743e-06 -1.1681659235997849e-06 0
leaf_weight=145 1650 104 242 955 184 5132 21
leaf_count=145 1650 104 242 955 184 5132 21
internal_value=0 6.66489e-06 9.24275e-05 -6.27635e-07 -2.3002e-05 3.70987e-07 0
internal_weight=8433 512 346 7921 1834 6087 166
internal_count=8433 512 346 7921 1834 6087 166
is_linear=0
shrinkage=0.05


Tree=390
num_leaves=7
num_cat=0
split_feature=4 6 10 0 10 6
split_gain=8.29637e-06 0.000227186 0.00204335 0.000910399 7.1534e-05 0.000138599
threshold=1.3211389294000782 1.352502648275733 29.889970302157558 3.8525887751308807 27.205810051354153 0.37808216403701894
decision_type=2 2 2 2 2 2
left_child=4 3 -3 -2 -1 -6
right_child=1 2 -4 -5 5 -7
leaf_value=0 0 4.5043747735642471e-06 -8.3375831192780356e-05 0.00010057608999923106 0 3.8487645453910859e-05
leaf_weight=286 5716 725 813 223 306 364
leaf_count=286 5716 725 813 223 306 364
internal_value=0 -7.23867e-07 -1.92705e-05 0 4.19041e-06 1.70633e-05
internal_weight=8433 7477 1538 5939 956 670
internal_count=8433 7477 1538 5939 956 670
is_linear=0
shrinkage=0.05


Tree=391
num_leaves=8
num_cat=0
split_feature=6 6 14 10 4 3 4
split_gain=1.14715e-05 0.000292432 0.000822172 0.000704583 0.000252757 0.00206579 0.000223466
threshold=0.91668725394090955 1.352502648275733 13.615000247955324 29.889970302157558 10.906258425626655 -16.234536680710978 6.4071382178178089
decision_type=2 2 2 2 2 2 2
left_child=4 2 -2 -3 6 -6 -1
right_child=1 3 -4 -5 5 -7 -8
leaf_value=-3.6203421334664438e-06 0 1.6233296787057321e-05 9.0288821339040739e-05 -4.0502154170060574e-05 0 -0.0002764257401998437 2.9231084606978326e-05
leaf_weight=4550 1131 781 342 946 27 74 582
leaf_count=4550 1131 781 342 946 27 74 582
internal_value=0 2.35795e-06 2.25326e-05 0 -1.44136e-06 -7.89967e-05 0
internal_weight=8433 3200 1473 1727 5233 101 5132
internal_count=8433 3200 1473 1727 5233 101 5132
is_linear=0
shrinkage=0.05


Tree=392
num_leaves=7
num_cat=0
split_feature=11 3 3 8 14 14
split_gain=8.55022e-06 0.000301411 0.000833931 0.000683938 0.000251697 0.000559226
threshold=1.1694622542718827 5.6852668720302155 12.093784070328295 0.29348748239239497 27.344999313354496 12.545000076293947
decision_type=2 2 2 2 2 2
left_child=4 3 -3 -2 5 -1
right_child=1 2 -4 -5 -6 -7
leaf_value=0 5.476155419442522e-05 -6.3501950595007685e-05 1.2476469272458165e-05 0 9.5966518790062053e-05 -2.9732425770911914e-05
leaf_weight=4210 825 492 594 347 33 1932
leaf_count=4210 825 492 594 347 33 1932
internal_value=0 2.71501e-06 0 2.56132e-05 -8.73818e-07 -7.12181e-06
internal_weight=8433 2258 1086 1172 6175 6142
internal_count=8433 2258 1086 1172 6175 6142
is_linear=0
shrinkage=0.05


Tree=393
num_leaves=8
num_cat=0
split_feature=14 5 0 16 14 13 3
split_gain=8.30719e-06 0.00219069 0.00203081 0.00161673 0.00107476 0.00184474 0.000592448
threshold=13.355000019073488 7.1127317069614771 -0.65454724650505447 -16.564163296527038 12.545000076293947 0.66690935701482223 -2.9468606525716585
decision_type=2 2 2 2 2 2 2
left_child=4 2 -2 -3 6 -6 -1
right_child=1 3 -4 -5 5 -7 -8
leaf_value=2.3285668149039403e-05 0.0001027855322670847 0 0 -0.00017535323145172947 -0.00012254927611490376 0 -5.9697207419190294e-06
leaf_weight=2510 741 35 891 218 484 165 3389
leaf_count=2510 741 35 891 218 484 165 3389
internal_value=0 3.15789e-06 4.11929e-05 -0.000103334 -5.45667e-07 -6.42464e-05 5.50801e-07
internal_weight=8433 1885 1632 253 6548 649 5899
internal_count=8433 1885 1632 253 6548 649 5899
is_linear=0
shrinkage=0.05


Tree=394
num_leaves=8
num_cat=0
split_feature=7 11 7 12 16 16 8
split_gain=8.98629e-06 0.000433125 0.000853686 0.000347926 0.000245908 0.00132497 0.000395706
threshold=43.279145448641451 -1.7800402208889039 53.400585138723876 -5.3988353602188539 -9.6545743970893536 -5.4614592447040851 0.018959588890876625
decision_type=2 2 2 2 2 2 2
left_child=4 2 -2 -3 6 -6 -1
right_child=1 3 -4 -5 5 -7 -8
leaf_value=2.7652018552077957e-05 7.8139763282759865e-05 -5.0357724413189685e-05 0 0 -6.8786825803783823e-05 0 -1.0239133522829562e-05
leaf_weight=1266 527 341 44 3604 830 1635 186
leaf_count=1266 527 341 44 3604 830 1635 186
internal_value=0 1.69308e-06 4.37302e-05 0 -1.55816e-06 -1.59077e-05 0
internal_weight=8433 4516 571 3945 3917 2465 1452
internal_count=8433 4516 571 3945 3917 2465 1452
is_linear=0
shrinkage=0.05


Tree=395
num_leaves=8
num_cat=0
split_feature=6 8 4 16 6 4 4
split_gain=9.1427e-06 0.00027938 0.000802522 0.000672813 0.000224464 0.00101908 0.000752352
threshold=0.91668725394090955 -0.10716817933213825 4.2401608129695632 -12.657196750006499 0.38240518487887115 6.4071382178178089 2.6256155792393385
decision_type=2 2 2 2 2 2 2
left_child=4 3 -3 -2 5 -1 -6
right_child=1 2 -4 -5 6 -7 -8
leaf_value=0 5.8750391414743241e-06 0 5.6350681739253775e-05 -4.901593006839943e-05 0 9.8575090788773022e-05 -3.2846514278376941e-05
leaf_weight=1449 353 1299 855 693 1263 261 2260
leaf_count=1449 353 1299 855 693 1263 261 2260
internal_value=0 2.27431e-06 1.82109e-05 0 -1.09653e-06 2.14519e-06 -1.25994e-05
internal_weight=8433 3200 2154 1046 5233 1710 3523
internal_count=8433 3200 2154 1046 5233 1710 3523
is_linear=0
shrinkage=0.05


Tree=396
num_leaves=8
num_cat=0
split_feature=14 14 2 2 2 12 14
split_gain=8.163e-06 0.000891273 0.00135804 0.000884724 0.000706245 0.00175506 0.000898081
threshold=11.899999618530275 11.75500011444092 2.7763485927135849 -1.430926151588324 -2.3020473921310507 -11.132645875998799 12.105000019073488
decision_type=2 2 2 2 2 2 2
left_child=1 3 -3 -1 6 -6 -2
right_child=4 2 -4 -5 5 -7 -8
leaf_value=3.4866493531495268e-05 2.6356320714239338e-05 -0.00015065276611069076 0 -1.2510659979015724e-05 0.00017039835255099146 0 -3.7800661776667073e-05
leaf_weight=1507 241 246 84 2409 204 2160 1582
leaf_count=1507 241 246 84 2409 204 2160 1582
internal_value=0 -1.12546e-06 -8.20219e-05 0 1.89399e-06 2.59533e-05 -1.01215e-05
internal_weight=8433 4246 330 3916 4187 2364 1823
internal_count=8433 4246 330 3916 4187 2364 1823
is_linear=0
shrinkage=0.05


Tree=397
num_leaves=8
num_cat=0
split_feature=14 14 10 15 2 10 15
split_gain=9.05294e-06 0.000794905 0.00158059 0.000652317 0.00241652 0.00124399 0.000651808
threshold=11.899999618530275 11.534999847412111 19.059543452209173 5.2271038630642037 -1.6007918781686834 32.920114185852562 -10.61869979915827
decision_type=2 2 2 2 2 2 2
left_child=1 6 -3 4 -2 -5 -1
right_child=3 2 -4 5 -6 -7 -8
leaf_value=0.00016229925410551655 -6.2634540002050059e-06 0 -8.7539635627106169e-05 -0.00014065264604541691 6.3861671951214672e-05 0 0
leaf_weight=60 2062 135 773 189 1700 236 3278
leaf_count=60 2062 135 773 189 1700 236 3278
internal_value=0 -9.52965e-07 -4.67339e-05 2.11704e-06 1.61437e-05 -3.95703e-05 1.04182e-06
internal_weight=8433 4246 908 4187 3762 425 3338
internal_count=8433 4246 908 4187 3762 425 3338
is_linear=0
shrinkage=0.05


Tree=398
num_leaves=8
num_cat=0
split_feature=11 9 16 6 16 10 4
split_gain=9.10999e-06 0.000269491 0.000282397 0.000265186 0.000726173 0.000261805 0.000173448
threshold=1.1694622542718827 0.52382370170900505 -4.9994754162343868 1.4454461541859669 28.131827457811085 48.127087327030623 1.2560248994113754
decision_type=2 2 2 2 2 2 2
left_child=1 2 -1 4 -2 -3 -5
right_child=3 5 -4 6 -6 -7 -8
leaf_value=-6.9542083292491339e-06 4.0689218066622054e-05 -4.7876201827754251e-05 1.468232560857333e-05 0 0 0 -2.8155368029544737e-05
leaf_weight=2882 1508 578 2626 79 126 89 545
leaf_count=2882 1508 578 2626 79 126 89 545
internal_value=0 -4.40325e-07 0 3.0899e-06 2.04554e-05 -3.17625e-05 0
internal_weight=8433 6175 5508 2258 1634 667 624
internal_count=8433 6175 5508 2258 1634 667 624
is_linear=0
shrinkage=0.05


Tree=399
num_leaves=8
num_cat=0
split_feature=6 0 3 3 0 1 0
split_gain=1.00998e-05 0.000383071 0.00176365 0.000940779 0.000315717 0.000871936 0.00086089
threshold=0.88074072987626117 0.87954967533967598 -12.4194046228403 -13.758409601065496 -0.29699109329621642 0.2995501804647866 2.602099790390525
decision_type=2 2 2 2 2 2 2
left_child=1 3 -3 -1 5 -2 -6
right_child=4 2 -4 -5 6 -7 -8
leaf_value=-6.0206378387215264e-05 4.2324447469009633e-06 6.5203229921749958e-06 -8.0215273821535816e-05 1.4366846956010108e-05 4.8569362949642517e-05 -6.2082052714757492e-05 0
leaf_weight=441 983 155 832 3613 1253 559 597
leaf_count=441 983 155 832 3613 1253 559 597
internal_value=0 -1.11266e-06 -3.12193e-05 0 2.36642e-06 0 2.08913e-05
internal_weight=8433 5041 987 4054 3392 1542 1850
internal_count=8433 5041 987 4054 3392 1542 1850
is_linear=0
shrinkage=0.05


Tree=400
num_leaves=7
num_cat=0
split_feature=9 1 5 9 1 10
split_gain=7.93315e-06 0.000378103 0.00157041 0.000275252 0.00153676 0.000280927
threshold=-0.032735728860482309 0.7005735788796893 4.6892627183191875 0.16184831170690175 0.48874843684945679 23.35277440511447
decision_type=2 2 2 2 2 2
left_child=1 2 -1 4 -2 -5
right_child=3 -3 -4 5 -6 -7
leaf_value=0 -6.3712166572762693e-05 0 0.00022227275455783589 1.9871832114578359e-05 5.8053360628572396e-06 -4.6150408422550176e-07
leaf_weight=217 1110 94 97 1774 477 4664
leaf_count=217 1110 94 97 1774 477 4664
internal_value=0 6.95506e-06 5.52638e-05 0 -2.08101e-05 0
internal_weight=8433 408 314 8025 1587 6438
internal_count=8433 408 314 8025 1587 6438
is_linear=0
shrinkage=0.05


Tree=401
num_leaves=8
num_cat=0
split_feature=8 14 5 5 8 2 14
split_gain=1.11206e-05 0.000438369 0.00101924 0.000272118 0.00205302 0.000685621 7.55408e-07
threshold=-0.76299429935318097 12.154999732971193 3.4837140601902012 5.3100174358345633 -0.084450751015774192 -5.2066246323899161 10.315000057220461
decision_type=2 2 2 2 2 2 2
left_child=1 6 -3 5 -5 -2 -1
right_child=3 2 -4 4 -6 -7 -8
leaf_value=0 5.4571287688121281e-05 0 0.00012860610512754712 -8.1872533801466562e-05 0 0 -2.6063835485997563e-06
leaf_weight=55 574 61 220 865 1287 5095 276
leaf_count=55 574 61 220 865 1287 5095 276
internal_value=0 6.72448e-06 6.30129e-05 -6.91417e-08 -1.77552e-05 4.76787e-07 0
internal_weight=8433 612 281 7821 2152 5669 331
internal_count=8433 612 281 7821 2152 5669 331
is_linear=0
shrinkage=0.05


Tree=402
num_leaves=8
num_cat=0
split_feature=10 3 16 6 6 10 13
split_gain=9.73114e-06 0.000921281 0.00129187 0.000381446 0.00120625 0.00079664 0.00036929
threshold=26.408733387407974 7.8415897841273354 -4.9994754162343868 1.3945415150555183 0.4976455209357174 29.889970302157558 0.68329041711937555
decision_type=2 2 2 2 2 2 2
left_child=1 2 -1 4 -2 -5 -3
right_child=3 6 -4 5 -6 -7 -8
leaf_value=-4.3671171017810593e-05 -4.0834500683199206e-06 -0.00014636630319704192 2.7673424988283922e-05 0 3.7654142392569987e-05 -4.8968212275699673e-05 0
leaf_weight=902 1677 149 1964 155 2658 906 22
leaf_count=902 1677 149 1964 155 2658 906 22
internal_value=0 -1.66855e-06 0 1.71448e-06 1.34434e-05 -1.32165e-05 -0.000115595
internal_weight=8433 3037 2866 5396 4335 1061 171
internal_count=8433 3037 2866 5396 4335 1061 171
is_linear=0
shrinkage=0.05


Tree=403
num_leaves=8
num_cat=0
split_feature=11 7 7 11 4 13 7
split_gain=9.62086e-06 0.000432526 0.000593585 0.000248585 0.000474501 0.00023701 0.000230034
threshold=-3.1851874739454726 32.858600323750458 46.844294780877185 1.1694622542718827 4.8879459423370681 0.90924316452325471 68.421083883037241
decision_type=2 2 2 2 2 2 2
left_child=1 5 -3 4 -2 -1 -5
right_child=3 2 -4 6 -6 -7 -8
leaf_value=-1.7441253900169509e-05 0 5.207099349558816e-05 0 2.0224338496452783e-05 -5.3248283789453216e-05 1.7914460860559172e-05 0
leaf_weight=1738 2539 951 117 1421 635 195 837
leaf_count=1738 2539 951 117 1421 635 195 837
internal_value=0 2.49372e-06 3.20629e-05 -9.94796e-07 -1.39706e-05 0 1.75437e-06
internal_weight=8433 3001 1068 5432 3174 1933 2258
internal_count=8433 3001 1068 5432 3174 1933 2258
is_linear=0
shrinkage=0.05


Tree=404
num_leaves=8
num_cat=0
split_feature=8 14 14 2 2 2 14
split_gain=9.29178e-06 0.000517095 0.000440338 0.00201284 0.000621836 0.000264902 0.000170398
threshold=-0.32838130158148321 14.250000000000002 12.244999885559084 -1.7187016505867845 -1.430926151588324 -14.729610359250087 11.204999923706056
decision_type=2 2 2 2 2 2 2
left_child=1 6 4 -4 -2 -3 -1
right_child=2 5 3 -5 -6 -7 -8
leaf_value=1.2575261215406321e-05 3.1178038777529424e-05 0 -7.9327681551214575e-05 0 -1.4999265953632626e-06 8.5225977277599799e-05 -2.1180545411213487e-05
leaf_weight=289 1616 24 969 1355 3065 270 845
leaf_count=289 1616 24 969 1355 3065 270 845
internal_value=0 3.80189e-06 -6.04409e-07 -2.15309e-05 2.31599e-06 6.66122e-05 0
internal_weight=8433 1428 7005 2324 4681 294 1134
internal_count=8433 1428 7005 2324 4681 294 1134
is_linear=0
shrinkage=0.05


Tree=405
num_leaves=8
num_cat=0
split_feature=14 5 4 0 14 13 4
split_gain=8.83537e-06 0.00189747 0.0032293 0.00193939 0.000916031 0.00168189 0.000540401
threshold=13.355000019073488 7.1127317069614771 8.7298440692635939 -0.65454724650505447 12.545000076293947 0.66690935701482223 7.4553710672648927
decision_type=2 2 2 2 2 2 2
left_child=4 3 -3 -2 6 -6 -1
right_child=1 2 -4 -5 5 -7 -8
leaf_value=1.0123270254640747e-05 9.991215164606642e-05 -0.00026340202759505752 0 0 -0.00011562158015189902 0 -4.0045023728841049e-05
leaf_weight=5404 741 146 107 891 484 165 495
leaf_count=5404 741 146 107 891 484 165 495
internal_value=0 3.24555e-06 -9.27801e-05 3.9647e-05 -5.81072e-07 -5.93395e-05 0
internal_weight=8433 1885 253 1632 6548 649 5899
internal_count=8433 1885 253 1632 6548 649 5899
is_linear=0
shrinkage=0.05


Tree=406
num_leaves=8
num_cat=0
split_feature=4 12 0 4 6 14 8
split_gain=1.29313e-05 0.00092164 0.000413376 0.00036808 0.000849643 0.000389119 0.000304387
threshold=8.2923030597453948 -15.619671448881064 -1.9916767141836689 7.370180703513534 0.75723280386425984 12.545000076293947 0.47796376507619909
decision_type=2 2 2 2 2 2 2
left_child=3 2 -2 5 -5 -1 -3
right_child=1 6 -4 4 -6 -7 -8
leaf_value=8.8382221419085844e-06 0 -4.0332931887513464e-05 0.00020782298070396514 0 -0.00013971865847848584 -1.6035042242790501e-05 3.3640793470984463e-05
leaf_weight=5391 51 399 76 125 154 2143 94
leaf_count=5391 51 399 76 125 154 2143 94
internal_value=0 7.095e-06 0.000134551 -3.60821e-07 -5.72569e-05 0 0
internal_weight=8433 620 127 7813 279 7534 493
internal_count=8433 620 127 7813 279 7534 493
is_linear=0
shrinkage=0.05


Tree=407
num_leaves=8
num_cat=0
split_feature=14 6 2 14 2 2 5
split_gain=1.27725e-05 0.00118395 0.000936552 0.000711367 0.00123856 0.000761495 0.000617859
threshold=11.899999618530275 2.2269980668234908 0.20569124273199793 11.75500011444092 2.7763485927135849 -1.430926151588324 5.3100174358345633
decision_type=2 2 2 2 2 2 2
left_child=3 2 -2 5 -5 -1 -3
right_child=1 6 -4 4 -6 -7 -8
leaf_value=3.1679350910937053e-05 0 0 5.4478422946819063e-05 -0.0001403779719731618 0 -1.270755739351686e-05 -0.00015909968512717066
leaf_weight=1507 2664 200 1194 246 84 2409 129
leaf_count=1507 2664 200 1194 246 84 2409 129
internal_value=0 2.1671e-06 1.76922e-05 -1.69874e-06 -7.34412e-05 0 -7.31533e-05
internal_weight=8433 4187 3858 4246 330 3916 329
internal_count=8433 4187 3858 4246 330 3916 329
is_linear=0
shrinkage=0.05


Tree=408
num_leaves=8
num_cat=0
split_feature=6 8 14 10 6 14 2
split_gain=1.06496e-05 0.000243112 0.000795475 0.000267137 0.000225496 0.000579045 0.000399928
threshold=0.91668725394090955 -0.10716817933213825 10.735000133514406 21.167703977408614 0.38240518487887115 12.244999885559084 -3.1368845030855517
decision_type=2 2 2 2 2 2 2
left_child=4 3 -3 -2 6 -6 -1
right_child=1 2 -4 -5 5 -7 -8
leaf_value=4.2656762966330007e-05 -6.2862746079986903e-05 0 4.0699300968670394e-05 0 0 -4.1851117361515996e-05 0
leaf_weight=550 167 578 1576 879 2374 1149 1160
leaf_count=550 167 578 1576 879 2374 1149 1160
internal_value=0 2.33004e-06 1.70283e-05 0 -1.32856e-06 -1.26982e-05 1.63902e-06
internal_weight=8433 3200 2154 1046 5233 3523 1710
internal_count=8433 3200 2154 1046 5233 3523 1710
is_linear=0
shrinkage=0.05


Tree=409
num_leaves=7
num_cat=0
split_feature=4 7 7 4 6 13
split_gain=1.2808e-05 0.000805015 0.0017824 0.000324202 0.000779661 0.00035037
threshold=8.2923030597453948 72.102297328704722 61.926087427597913 7.370180703513534 0.75723280386425984 -0.89704472932619062
decision_type=2 2 2 2 2 2
left_child=3 2 -2 5 -5 -1
right_child=1 -3 -4 4 -6 -7
leaf_value=-2.7936801793560461e-05 0 0 0.00031375412743672677 0 -0.00013308636886741183 5.233196666334443e-06
leaf_weight=887 501 55 64 125 154 6647
leaf_count=887 501 55 64 125 154 6647
internal_value=0 6.7819e-06 5.99992e-05 -6.60713e-07 -5.38192e-05 0
internal_weight=8433 620 565 7813 279 7534
internal_count=8433 620 565 7813 279 7534
is_linear=0
shrinkage=0.05


Tree=410
num_leaves=8
num_cat=0
split_feature=13 13 10 5 5 13 14
split_gain=1.32441e-05 0.0011926 0.00117652 0.00111026 0.0009142 0.000466475 0.000124443
threshold=-1.2448797960925293 -0.89704472932619062 40.07561815881558 9.5920470366637094 2.3503821936506735 -0.73242106093049919 27.344999313354496
decision_type=2 2 2 2 2 2 2
left_child=2 4 3 -1 -2 -3 -4
right_child=1 5 6 -5 -6 -7 -8
leaf_value=0.00012495738632700842 0 6.7759079543101855e-05 -4.1119315137423315e-05 0 -0.00011824281771522324 0 0
leaf_weight=366 69 252 182 24 375 7144 21
leaf_count=366 69 252 182 24 375 7144 21
internal_value=0 -7.12542e-07 6.99685e-06 8.70496e-05 -8.18162e-05 0 0
internal_weight=8433 7840 593 390 444 7396 203
internal_count=8433 7840 593 390 444 7396 203
is_linear=0
shrinkage=0.05


Tree=411
num_leaves=8
num_cat=0
split_feature=11 16 10 16 11 10 11
split_gain=1.35588e-05 0.000374004 0.0007764 0.000482512 0.000244458 0.000670902 0.000186536
threshold=-3.1851874739454726 -4.9994754162343868 29.435558756711576 -9.6545743970893536 1.1694622542718827 15.562922646360322 2.2598389433769186
decision_type=2 2 2 2 2 2 2
left_child=1 3 -3 -1 5 -2 -6
right_child=4 2 -4 -5 6 -7 -8
leaf_value=5.984986562025226e-06 1.5517376452578506e-06 8.5812176574284787e-05 0 -3.9421503571758187e-05 2.7208313997439369e-05 -2.8712484681020422e-05 0
leaf_weight=1439 382 391 430 741 628 2792 1630
leaf_count=1439 382 391 430 741 628 2792 1630
internal_value=0 2.44392e-06 3.40278e-05 0 -1.71383e-06 -1.40513e-05 1.38874e-07
internal_weight=8433 3001 821 2180 5432 3174 2258
internal_count=8433 3001 821 2180 5432 3174 2258
is_linear=0
shrinkage=0.05


Tree=412
num_leaves=8
num_cat=0
split_feature=3 7 14 8 14 9 4
split_gain=1.17963e-05 0.000565233 0.00161582 0.00062567 0.000318366 0.000707924 0.000384438
threshold=-2.8822819139506843 39.716286091579555 12.210000038146974 -0.30891049155850919 11.844999790191652 0.68558657445845694 4.1526533273731907
decision_type=2 2 2 2 2 2 2
left_child=1 3 -3 -1 5 -2 -6
right_child=4 2 -4 -5 6 -7 -8
leaf_value=1.3121810850177324e-05 -4.2285118616871939e-05 7.993247963857306e-05 0 -2.8846864536679968e-05 0 0 3.7201546467112248e-05
leaf_weight=997 1439 854 453 1671 1293 1032 694
leaf_count=997 1439 854 453 1671 1293 1032 694
internal_value=0 2.03846e-06 3.30474e-05 -5.6972e-08 -1.70498e-06 -1.80616e-05 1.03672e-06
internal_weight=8433 3975 1307 2668 4458 2471 1987
internal_count=8433 3975 1307 2668 4458 2471 1987
is_linear=0
shrinkage=0.05


Tree=413
num_leaves=8
num_cat=0
split_feature=8 12 4 8 8 4 0
split_gain=1.41678e-05 0.000458831 0.000839634 0.000590748 0.000416364 0.00123421 0.000742546
threshold=-0.0030703785513425948 -5.3988353602188539 6.1827153640226991 0.75835936211680577 -0.077571796835436344 3.2481004716957886 0.87954967533967598
decision_type=2 2 2 2 2 2 2
left_child=4 2 -2 -3 6 -6 -1
right_child=1 3 -4 -5 5 -7 -8
leaf_value=3.3407004056665901e-06 -6.7195716081911713e-05 0 0 6.2506497584335295e-05 0 8.6326647406625501e-05 -4.919774395523367e-05
leaf_weight=2592 721 2443 228 376 766 554 753
leaf_count=2592 721 2443 228 376 766 554 753
internal_value=0 -2.20755e-06 -3.50071e-05 0 1.91121e-06 2.82891e-05 0
internal_weight=8433 3768 949 2819 4665 1320 3345
internal_count=8433 3768 949 2819 4665 1320 3345
is_linear=0
shrinkage=0.05


Tree=414
num_leaves=8
num_cat=0
split_feature=11 7 7 14 4 10 8
split_gain=1.30348e-05 0.000376458 0.000560366 0.000319628 0.000210652 0.000862477 0.0003486
threshold=-3.1851874739454726 32.858600323750458 46.844294780877185 11.204999923706056 2.3809552747184015 23.35277440511447 0.091434496408323893
decision_type=2 2 2 2 2 2 2
left_child=1 3 -3 -1 6 -6 -2
right_child=4 2 -4 -5 5 -7 -8
leaf_value=1.9420207272011787e-05 0 4.9812495187845471e-05 0 -2.0534856039467485e-05 1.5923432262371663e-06 -3.3710172690119129e-05 3.9957411807805775e-05
leaf_weight=396 1434 951 117 1537 1089 2365 544
leaf_count=396 1434 951 117 1537 1089 2365 544
internal_value=0 2.74345e-06 3.00117e-05 0 -1.35555e-06 -1.2458e-05 3.47827e-07
internal_weight=8433 3001 1068 1933 5432 3454 1978
internal_count=8433 3001 1068 1933 5432 3454 1978
is_linear=0
shrinkage=0.05


Tree=415
num_leaves=8
num_cat=0
split_feature=14 6 6 14 3 14 3
split_gain=1.08413e-05 0.000823436 0.0019654 0.000769463 0.00162435 0.000735991 0.000556325
threshold=13.355000019073488 2.2912357187302717 0.91668725394090955 12.545000076293947 4.4521727741755344 14.159999847412109 -2.9468606525716585
decision_type=2 2 2 2 2 2 2
left_child=3 2 -2 6 -5 -3 -1
right_child=1 5 -4 4 -6 -7 -8
leaf_value=2.2023933661381067e-05 0 0 9.7838773896787468e-05 -0.0001072004701430312 0 -0.00014184123446001721 -7.1293742055838939e-06
leaf_weight=2510 1051 46 671 519 130 117 3389
leaf_count=2510 1051 46 671 519 130 117 3389
internal_value=0 3.59047e-06 2.97782e-05 -6.51144e-07 -5.43985e-05 -5.79538e-05 0
internal_weight=8433 1885 1722 6548 649 163 5899
internal_count=8433 1885 1722 6548 649 163 5899
is_linear=0
shrinkage=0.05


Tree=416
num_leaves=8
num_cat=0
split_feature=10 1 14 10 14 14 13
split_gain=1.05433e-05 0.000852632 0.00105187 0.000888045 0.000396498 0.00132896 0.00101694
threshold=26.408733387407974 -0.42656247806369751 14.159999847412109 24.804590756402138 11.899999618530275 11.504999637603762 0.36317388633246855
decision_type=2 2 2 2 2 2 2
left_child=1 2 -1 -3 5 -2 -6
right_child=4 3 -4 -5 6 -7 -8
leaf_value=-0.00010418407671551739 1.0070279970614491e-06 2.2212364809935854e-05 0 -5.8764891705539508e-05 4.4934798410736227e-05 -7.3921418388442895e-05 0
leaf_weight=438 2126 2146 119 334 1742 610 918
leaf_count=438 2126 2146 119 334 1742 610 918
internal_value=0 -2.19482e-06 -6.19628e-05 0 1.47341e-06 -2.95725e-06 1.91775e-05
internal_weight=8433 3037 557 2480 5396 2736 2660
internal_count=8433 3037 557 2480 5396 2736 2660
is_linear=0
shrinkage=0.05


Tree=417
num_leaves=8
num_cat=0
split_feature=10 3 14 16 14 6 14
split_gain=7.24991e-06 0.000860745 0.00124538 0.00113581 0.000339247 0.00128552 0.000807013
threshold=26.408733387407974 7.8415897841273354 10.105000019073488 -4.9994754162343868 11.97499990463257 1.405920011731941 11.504999637603762
decision_type=2 2 2 2 2 2 2
left_child=1 3 -3 -1 6 -6 -2
right_child=4 2 -4 -5 5 -7 -8
leaf_value=-4.1138058197863756e-05 9.5672332022366136e-07 0 -0.00018570376841345782 2.5809830362251678e-05 4.5521859934698997e-05 -1.3239228746130705e-05 -4.8971127964257648e-05
leaf_weight=902 2126 20 151 1964 1915 514 841
leaf_count=902 2126 20 151 1964 1915 514 841
internal_value=0 -1.90538e-06 -0.000111814 0 1.1462e-06 1.86894e-05 -1.43036e-06
internal_weight=8433 3037 171 2866 5396 2429 2967
internal_count=8433 3037 171 2866 5396 2429 2967
is_linear=0
shrinkage=0.05


Tree=418
num_leaves=8
num_cat=0
split_feature=16 3 7 0 2 9 3
split_gain=7.94759e-06 0.000557042 0.00118395 0.000457129 0.00098037 0.000518813 0.000208149
threshold=-9.6545743970893536 -8.7018322416755485 41.006461500031733 0.094030674085860799 -7.9035395737439549 -0.040460372621391578 -3.6305201673082816
decision_type=2 2 2 2 2 2 2
left_child=3 2 -2 5 -5 -1 -3
right_child=1 6 -4 4 -6 -7 -8
leaf_value=5.9456243899952902e-05 -9.8077972307786479e-05 1.8677668329636937e-05 0 0 8.8763532395527109e-05 -2.8868063485494187e-05 -1.1966594200563424e-06
leaf_weight=136 451 1470 93 71 456 969 4787
leaf_count=136 451 1470 93 71 456 969 4787
internal_value=0 -8.61666e-07 -5.05946e-05 3.0114e-06 4.67799e-05 0 0
internal_weight=8433 6801 544 1632 527 1105 6257
internal_count=8433 6801 544 1632 527 1105 6257
is_linear=0
shrinkage=0.05


Tree=419
num_leaves=8
num_cat=0
split_feature=8 0 12 2 0 10 10
split_gain=6.91219e-06 0.000406456 0.00121075 0.000991818 0.000297378 0.000509501 7.4932e-05
threshold=-0.32838130158148321 3.6775626271185007 -12.89834483989233 20.212238266291042 1.2683015861433125 21.009978982730214 50.163152401784835
decision_type=2 2 2 2 2 2 2
left_child=4 2 -2 -3 5 -1 -6
right_child=1 3 -4 -5 6 -7 -8
leaf_value=0 -7.7337027253623208e-05 8.1881123393381082e-05 0 0 -3.1154801212314539e-05 4.4771937904108906e-05 0
leaf_weight=167 587 446 5900 72 191 1011 59
leaf_count=167 587 446 5900 72 191 1011 59
internal_value=0 -7.45151e-07 -8.74241e-06 3.17465e-05 3.05999e-06 2.53256e-05 0
internal_weight=8433 7005 6487 518 1428 1178 250
internal_count=8433 7005 6487 518 1428 1178 250
is_linear=0
shrinkage=0.05


Tree=420
num_leaves=8
num_cat=0
split_feature=16 5 10 5 10 16 13
split_gain=7.11643e-06 0.000428738 0.00155005 0.00153462 0.000420727 0.00120508 0.000686696
threshold=-9.6545743970893536 8.4696078493396119 27.761677238648243 6.2974390140477361 21.009978982730214 -11.198594771887885 0.39585431958857337
decision_type=2 2 2 2 2 2 2
left_child=4 3 -3 -2 6 -6 -1
right_child=1 2 -4 -5 5 -7 -8
leaf_value=-0.00011767115673372307 -6.3112497802561398e-06 -0.00024140494811239054 0 7.9076054864170796e-05 0 0.00012592963065095029 0
leaf_weight=122 6050 83 95 573 1210 255 45
leaf_count=122 6050 83 95 573 1210 255 45
internal_value=0 -9.7885e-07 -7.74009e-05 0 2.62658e-06 2.69168e-05 -1.15479e-06
internal_weight=8433 6801 178 6623 1632 1465 167
internal_count=8433 6801 178 6623 1632 1465 167
is_linear=0
shrinkage=0.05


Tree=421
num_leaves=8
num_cat=0
split_feature=11 7 11 13 10 10 3
split_gain=7.64743e-06 0.00105501 0.00133399 0.000492527 0.000267172 0.00253649 0.00047591
threshold=-4.7591565370263531 34.586193643647619 -8.4158958084386146 0.7137331665604153 23.226551091822888 26.408733387407974 7.8415897841273354
decision_type=2 2 2 2 2 2 2
left_child=1 3 -3 -1 6 -6 -2
right_child=4 2 -4 -5 5 -7 -8
leaf_value=-2.5817584276905863e-05 2.625526448502883e-05 0 0.00013207254589594014 3.1376393084746684e-05 -0.00010505922218321461 0 -1.2917587839183416e-05
leaf_weight=1448 1772 87 341 267 629 3771 118
leaf_count=1448 1772 87 341 267 629 3771 118
internal_value=0 2.21387e-06 7.84744e-05 0 -1.16948e-06 -1.19003e-05 5.29954e-06
internal_weight=8433 2143 428 1715 6290 4400 1890
internal_count=8433 2143 428 1715 6290 4400 1890
is_linear=0
shrinkage=0.05


Tree=422
num_leaves=8
num_cat=0
split_feature=3 3 6 3 2 7 7
split_gain=5.01193e-06 0.000606168 0.000617872 0.000295628 0.000205212 0.000364741 0.000195947
threshold=-3.6305201673082816 -5.2904244805097909 0.86372798698046649 -6.9298622262139107 -3.1368845030855517 59.99999015160131 28.099595010171573
decision_type=2 2 2 2 2 2 2
left_child=1 3 -3 -1 6 -6 -2
right_child=4 2 -4 -5 5 -7 -8
leaf_value=0 0 8.8078693007089546e-05 0 -3.8562439793413094e-05 -2.4023337172902561e-05 0 2.5999252755568977e-05
leaf_weight=2555 62 393 202 495 2454 1526 746
leaf_count=2555 62 393 202 495 2454 1526 746
internal_value=0 1.08006e-06 5.04531e-05 0 -1.31441e-06 -1.12677e-05 4.40967e-06
internal_weight=8433 3645 595 3050 4788 3980 808
internal_count=8433 3645 595 3050 4788 3980 808
is_linear=0
shrinkage=0.05


Tree=423
num_leaves=8
num_cat=0
split_feature=4 12 16 5 7 6 7
split_gain=5.78395e-06 0.000850591 0.000812648 0.000307465 0.00107317 0.000301165 0.000131439
threshold=8.2923030597453948 -15.619671448881064 -21.464274463034048 7.392105859785973 21.359368258784404 0.38240518487887115 18.428726107175752
decision_type=2 2 2 2 2 2 2
left_child=3 2 -2 6 -5 -3 -1
right_child=1 5 -4 4 -6 -7 -8
leaf_value=-2.1874153439872351e-05 0 2.818047724844964e-05 0.00020629306688515131 0 -0.00011394442289304409 -4.1051744215178257e-05 3.2873163019888932e-06
leaf_weight=527 31 93 96 39 264 400 6983
leaf_count=527 31 93 96 39 264 400 6983
internal_value=0 4.47801e-06 0.000128767 -5.04261e-07 -5.02665e-05 0 0
internal_weight=8433 620 127 7813 303 493 7510
internal_count=8433 620 127 7813 303 493 7510
is_linear=0
shrinkage=0.05


Tree=424
num_leaves=8
num_cat=0
split_feature=14 5 12 5 14 6 14
split_gain=5.23708e-06 0.000792118 0.000956465 0.000693493 0.00062309 0.00133063 0.000559734
threshold=11.039999961853029 6.6538109716669451 -7.6434836261446284 9.5920470366637094 11.504999637603762 0.82769449692634944 11.899999618530275
decision_type=2 2 2 2 2 2 2
left_child=1 2 -1 -3 5 -2 -6
right_child=4 3 -4 -5 6 -7 -8
leaf_value=-9.5331947045654286e-05 0 0.00011619149248671425 0 0 -3.8426178930301837e-05 0.00010918083679502074 4.937479352728749e-07
leaf_weight=402 547 179 1729 36 945 408 4187
leaf_count=402 547 179 1729 36 945 408 4187
internal_value=0 -2.06557e-06 -2.45012e-05 5.71944e-05 7.10617e-07 4.03848e-05 0
internal_weight=8433 2346 2131 215 6087 955 5132
internal_count=8433 2346 2131 215 6087 955 5132
is_linear=0
shrinkage=0.05


Tree=425
num_leaves=8
num_cat=0
split_feature=13 13 5 4 7 5 4
split_gain=5.13196e-06 0.000592721 0.000832653 0.000442348 0.00148889 0.001179 0.000305902
threshold=0.19340332375729077 0.30853621784847635 2.2547876145273853 6.8990036148037888 71.623090708410132 4.5741347462186841 5.7984278563561995
decision_type=2 2 2 2 2 2 2
left_child=3 2 -2 5 -5 -1 -3
right_child=1 6 -4 4 -6 -7 -8
leaf_value=0 0 5.172486444802382e-07 0.00010188929663019187 8.1197423466645676e-05 0 -5.1715756799772544e-05 -3.7548234656487126e-05
leaf_weight=3197 48 2263 342 624 55 1364 540
leaf_count=3197 48 2263 342 624 55 1364 540
internal_value=0 1.56018e-06 6.16437e-05 -9.81787e-07 2.43873e-05 -1.24379e-05 0
internal_weight=8433 3193 390 5240 679 4561 2803
internal_count=8433 3193 390 5240 679 4561 2803
is_linear=0
shrinkage=0.05


Tree=426
num_leaves=8
num_cat=0
split_feature=11 7 11 13 8 5 11
split_gain=5.26735e-06 0.000922879 0.00124342 0.000437366 0.000377608 0.00118423 0.000663826
threshold=-4.7591565370263531 34.586193643647619 -8.4158958084386146 0.7137331665604153 -0.055721070811997099 4.7904560648914103 -1.6983560823699
decision_type=2 2 2 2 2 2 2
left_child=1 3 -3 -1 5 -2 -6
right_child=4 2 -4 -5 6 -7 -8
leaf_value=-2.4192098298477381e-05 0 0 0.00012577022156068404 3.0166284436728733e-05 4.8563276412416856e-05 -9.0504717343079034e-05 0
leaf_weight=1448 1332 87 341 267 702 475 3781
leaf_count=1448 1332 87 341 267 702 475 3781
internal_value=0 2.145e-06 7.34066e-05 0 -7.24121e-07 -2.28749e-05 4.06798e-07
internal_weight=8433 2143 428 1715 6290 1807 4483
internal_count=8433 2143 428 1715 6290 1807 4483
is_linear=0
shrinkage=0.05


Tree=427
num_leaves=8
num_cat=0
split_feature=8 14 8 13 13 8 14
split_gain=6.45781e-06 0.000573955 0.00109411 0.000754342 0.000400147 0.000985963 0.00058303
threshold=-0.0030703785513425948 12.210000038146974 1.0065488311234827 0.13093769085575915 -0.011353615510945046 -0.16095988281936699 13.355000019073488
decision_type=2 2 2 2 2 2 2
left_child=4 3 -3 -2 5 -1 -6
right_child=1 2 -4 -5 6 -7 -8
leaf_value=0 -5.352715492042263e-06 -6.3485336101749276e-05 0 4.2488954583249994e-05 -2.8339994182156638e-05 5.5590081609872378e-05 1.1853842010521257e-05
leaf_weight=1226 1612 1035 104 1017 1739 1114 586
leaf_count=1226 1612 1035 104 1017 1739 1114 586
internal_value=0 -1.57482e-06 -3.55776e-05 0 1.20661e-06 2.04958e-05 -3.16711e-06
internal_weight=8433 3768 1139 2629 4665 2340 2325
internal_count=8433 3768 1139 2629 4665 2340 2325
is_linear=0
shrinkage=0.05


Tree=428
num_leaves=8
num_cat=0
split_feature=14 13 0 13 14 6 14
split_gain=5.81455e-06 0.000790183 0.00098461 0.000739254 0.000550562 0.00120403 0.000514156
threshold=11.039999961853029 -0.013045006246314992 1.4321867632180583 0.58543975638573065 11.504999637603762 0.82769449692634944 11.899999618530275
decision_type=2 2 2 2 2 2 2
left_child=1 2 -1 -3 5 -2 -6
right_child=4 3 -4 -5 6 -7 -8
leaf_value=-7.3188301422275057e-05 0 4.3978274323273751e-05 0 -6.6798102338325632e-06 -3.6796292393752783e-05 0.00010348610347922128 8.7184989893581991e-07
leaf_weight=826 547 950 150 420 945 408 4187
leaf_count=826 547 950 150 420 945 408 4187
internal_value=0 -2.08103e-06 -4.4923e-05 2.95076e-06 8.46962e-07 3.79844e-05 0
internal_weight=8433 2346 976 1370 6087 955 5132
internal_count=8433 2346 976 1370 6087 955 5132
is_linear=0
shrinkage=0.05


Tree=429
num_leaves=8
num_cat=0
split_feature=8 5 12 0 12 8 4
split_gain=5.90319e-06 0.000428678 0.000900058 0.000334875 0.00110375 0.000696448 1.84887e-05
threshold=-0.32838130158148321 3.441436951155433 -10.488934677302138 3.6775626271185007 -12.89834483989233 -0.088828072159669633 1.3211389294000782
decision_type=2 2 2 2 2 2 2
left_child=1 6 -3 4 -2 -5 -1
right_child=3 2 -4 5 -6 -7 -8
leaf_value=0 -7.3626615059351936e-05 8.4055440480462225e-05 0 0 0 7.0408591764492139e-05 -1.3084031927064651e-05
leaf_weight=98 587 470 592 87 5900 431 268
leaf_count=98 587 470 592 87 5900 431 268
internal_value=0 3.01391e-06 3.19287e-05 -5.0236e-07 -8.17378e-06 2.79223e-05 0
internal_weight=8433 1428 1062 7005 6487 518 366
internal_count=8433 1428 1062 7005 6487 518 366
is_linear=0
shrinkage=0.05


Tree=430
num_leaves=8
num_cat=0
split_feature=16 14 13 5 12 13 8
split_gain=5.7121e-06 0.000470086 0.00261792 0.000629695 0.000432679 0.000774904 0.000242924
threshold=-9.6545743970893536 12.184999942779543 0.23639629713272384 5.4122930690311151 -4.4058413831110537 0.62225150637060811 0.75835936211680577
decision_type=2 2 2 2 2 2 2
left_child=1 3 -3 -1 5 -2 -6
right_child=4 2 -4 -5 6 -7 -8
leaf_value=0 -4.2597252742965214e-05 0 0.0001627159759160873 -7.1376629074768638e-05 0 0 4.1294935220004793e-05
leaf_weight=591 1658 444 290 307 4427 356 360
leaf_count=591 1658 444 290 307 4427 356 360
internal_value=0 2.60968e-06 4.01482e-05 0 -6.80684e-07 -2.30903e-05 1.44484e-06
internal_weight=8433 1632 734 898 6801 2014 4787
internal_count=8433 1632 734 898 6801 2014 4787
is_linear=0
shrinkage=0.05


Tree=431
num_leaves=8
num_cat=0
split_feature=0 2 14 12 14 16 14
split_gain=6.2142e-06 0.000514126 0.00102624 0.000544688 0.000471117 0.00163933 0.000369587
threshold=-2.163886260030417 -7.2930848743477314 11.144999980926515 -12.066152313430161 11.899999618530275 -4.9994754162343868 10.154999732971193
decision_type=2 2 2 2 2 2 2
left_child=4 2 -2 -3 6 -6 -1
right_child=1 3 -4 -5 5 -7 -8
leaf_value=0 0 4.7130208173104586e-05 -0.0001109408309173759 -1.4850589953189134e-06 0 0.00011909181623837045 -4.7015416079131743e-05
leaf_weight=117 90 605 311 6082 441 371 416
leaf_count=117 90 605 311 6082 441 371 416
internal_value=0 -4.51208e-07 -5.65062e-05 0 3.23447e-06 3.82653e-05 0
internal_weight=8433 7088 401 6687 1345 812 533
internal_count=8433 7088 401 6687 1345 812 533
is_linear=0
shrinkage=0.05


Tree=432
num_leaves=8
num_cat=0
split_feature=3 8 5 12 16 10 5
split_gain=5.07979e-06 0.000505565 0.000858225 0.000641934 0.000194066 0.00106539 0.000965976
threshold=0.90444576973295343 0.75835936211680577 4.0531232264857087 3.3519072676144681 -4.9140075238299383 28.556503106990302 5.9750232317835783
decision_type=2 2 2 2 2 2 2
left_child=4 2 -2 -3 5 -1 -6
right_child=1 3 -4 -5 6 -7 -8
leaf_value=-4.6915772795311719e-05 0 0 -5.3196152023928219e-05 9.0770500255293109e-05 0 1.0970846613648356e-05 0.00010278156131521843
leaf_weight=1101 1372 92 1103 228 2308 1956 273
leaf_count=1101 1372 92 1103 228 2308 1956 273
internal_value=0 -1.65813e-06 -1.99049e-05 3.00208e-05 9.42442e-07 0 1.37757e-05
internal_weight=8433 2795 2475 320 5638 3057 2581
internal_count=8433 2795 2475 320 5638 3057 2581
is_linear=0
shrinkage=0.05


Tree=433
num_leaves=8
num_cat=0
split_feature=8 8 5 5 8 5 4
split_gain=5.45606e-06 0.000341143 0.00115371 0.000514964 0.000332825 0.00108339 0.000464222
threshold=-0.0030703785513425948 -0.077571796835436344 2.8434231094854714 5.3826128614633051 0.091434496408323893 5.5185960509548728 2.5222997351945615
decision_type=2 2 2 2 2 2 2
left_child=1 3 -3 -1 5 -2 -6
right_child=4 2 -4 -5 6 -7 -8
leaf_value=3.3800738708971497e-06 -5.3639565109132753e-05 0 7.144485587673754e-05 -3.5879901579977308e-05 4.3582525821787794e-05 0 0
leaf_weight=2368 1230 588 732 977 609 294 1635
leaf_count=2368 1230 588 732 977 609 294 1635
internal_value=0 1.42451e-06 2.554e-05 0 -1.05168e-06 -2.34092e-05 0
internal_weight=8433 4665 1320 3345 3768 1524 2244
internal_count=8433 4665 1320 3345 3768 1524 2244
is_linear=0
shrinkage=0.05


Tree=434
num_leaves=8
num_cat=0
split_feature=3 3 8 0 0 4 14
split_gain=4.62012e-06 0.000550405 0.00143278 0.000313614 0.00111158 0.000659382 0.000299847
threshold=-3.6305201673082816 -5.2904244805097909 0.037392183228988934 -1.7363571250931595 -3.3181671108034387 3.2753732466496186 27.344999313354496
decision_type=2 2 2 2 2 2 2
left_child=1 6 -3 4 -2 -5 -1
right_child=3 2 -4 5 -6 -7 -8
leaf_value=-8.854263976218287e-06 0 0.00010773834776094864 0 0 7.8428193570681784e-05 -3.6280101573958031e-05 0.00012657737926929265
leaf_weight=3020 251 426 169 2351 480 1706 30
leaf_count=3020 251 426 169 2351 480 1706 30
internal_value=0 1.66137e-06 4.81844e-05 -5.56625e-07 1.59221e-05 -1.2155e-05 0
internal_weight=8433 3645 595 4788 731 4057 3050
internal_count=8433 3645 595 4788 731 4057 3050
is_linear=0
shrinkage=0.05


Tree=435
num_leaves=8
num_cat=0
split_feature=16 3 6 0 5 9 5
split_gain=4.87968e-06 0.000450583 0.00117072 0.000350282 0.00130496 0.00044768 0.000338729
threshold=-9.6545743970893536 -8.7018322416755485 0.3602425018839488 0.094030674085860799 5.5965047548765527 -0.040460372621391578 6.2974390140477361
decision_type=2 2 2 2 2 2 2
left_child=3 2 -2 5 -5 -1 -3
right_child=1 6 -4 4 -6 -7 -8
leaf_value=5.7960523653478524e-05 0 0 -9.1044743819831118e-05 0.00011608001337629196 0 -2.5984229386231019e-05 3.5956330565908548e-05
leaf_weight=136 57 5604 487 306 221 969 653
leaf_count=136 57 5604 487 306 221 969 653
internal_value=0 -1.44236e-07 -4.54243e-05 2.71647e-06 4.09657e-05 0 0
internal_weight=8433 6801 544 1632 527 1105 6257
internal_count=8433 6801 544 1632 527 1105 6257
is_linear=0
shrinkage=0.05


Tree=436
num_leaves=8
num_cat=0
split_feature=11 7 11 13 10 10 3
split_gain=6.34232e-06 0.000848349 0.00116553 0.000350126 0.000215495 0.0022449 0.000455616
threshold=-4.7591565370263531 34.586193643647619 -8.4158958084386146 0.7137331665604153 23.226551091822888 26.408733387407974 7.8415897841273354
decision_type=2 2 2 2 2 2 2
left_child=1 3 -3 -1 6 -6 -2
right_child=4 2 -4 -5 5 -7 -8
leaf_value=-2.1827888789655473e-05 2.5727342903806152e-05 0 0.00012133662399974022 2.6185908715100449e-05 -9.8358699156015413e-05 0 -9.9831437534400607e-06
leaf_weight=1448 1772 87 341 267 629 3771 118
leaf_count=1448 1772 87 341 267 629 3771 118
internal_value=0 2.65741e-06 7.04804e-05 0 -3.35492e-07 -1.05755e-05 4.99066e-06
internal_weight=8433 2143 428 1715 6290 4400 1890
internal_count=8433 2143 428 1715 6290 4400 1890
is_linear=0
shrinkage=0.05


Tree=437
num_leaves=8
num_cat=0
split_feature=11 1 13 4 1 10 10
split_gain=4.91476e-06 0.00039879 0.000978005 0.000586628 0.00026481 0.00104579 0.000501394
threshold=-3.1851874739454726 -0.12614366013004688 -0.89704472932619062 4.1018258193629418 0.11859620402749656 23.508690160029449 25.982560969077639
decision_type=2 2 2 2 2 2 2
left_child=1 3 -3 -1 6 -6 -2
right_child=4 2 -4 -5 5 -7 -8
leaf_value=0 -4.4701646576872173e-06 0 4.4450067407895668e-05 -5.7618821193974565e-05 1.8216125951773099e-06 -4.0949590130163151e-05 2.7660814975050216e-05
leaf_weight=519 961 300 1737 445 900 1943 1628
leaf_count=519 961 300 1737 445 900 1943 1628
internal_value=0 1.94656e-06 2.2045e-05 -4.24867e-06 -4.08815e-07 -1.51156e-05 2.23171e-06
internal_weight=8433 3001 2037 964 5432 2843 2589
internal_count=8433 3001 2037 964 5432 2843 2589
is_linear=0
shrinkage=0.05


Tree=438
num_leaves=7
num_cat=0
split_feature=3 16 13 5 1 8
split_gain=3.41533e-06 0.000589868 0.000910698 0.000354663 0.000308641 0.000576789
threshold=-20.403721702655343 -16.248698534877665 0.67494438532680345 7.4865567663670181 -0.067025692515043853 0.064822607294243842
decision_type=2 2 2 2 2 2
left_child=4 2 -2 -3 -1 -6
right_child=1 3 -4 -5 5 -7
leaf_value=0 -0.00012688768678157424 4.923578510930519e-06 0 -4.4191024496200123e-05 0.00010335972610426745 0
leaf_weight=165 231 7412 24 360 206 35
leaf_count=165 231 7412 24 360 206 35
internal_value=0 0 -7.57497e-05 0 4.57463e-06 5.66609e-05
internal_weight=8433 8027 255 7772 406 241
internal_count=8433 8027 255 7772 406 241
is_linear=0
shrinkage=0.05


Tree=439
num_leaves=8
num_cat=0
split_feature=13 13 10 5 5 13 13
split_gain=3.092e-06 0.00108742 0.0010231 0.00101967 0.000850384 0.000432718 8.937e-05
threshold=-1.2448797960925293 -0.89704472932619062 40.07561815881558 9.5920470366637094 2.3503821936506735 -0.73242106093049919 -2.1295115427365112
decision_type=2 2 2 2 2 2 2
left_child=2 4 3 -1 -2 -3 -4
right_child=1 5 6 -5 -6 -7 -8
leaf_value=0.00011789198374928041 0 6.5261255789320847e-05 0 0 -0.00011335845028286626 0 -4.0986427357394085e-05
leaf_weight=366 69 252 72 24 375 7144 131
leaf_count=366 69 252 72 24 375 7144 131
internal_value=0 0 3.60438e-06 8.08986e-05 -7.8073e-05 0 0
internal_weight=8433 7840 593 390 444 7396 203
internal_count=8433 7840 593 390 444 7396 203
is_linear=0
shrinkage=0.05


Tree=440
num_leaves=8
num_cat=0
split_feature=12 12 7 13 13 13 7
split_gain=2.68192e-06 0.00046482 0.000837225 0.000333773 0.000740608 0.000566983 9.91907e-05
threshold=4.6531682634767035 13.499841310898431 71.623090708410132 -0.38075793360717308 -2.1295115427365112 -0.011353615510945046 73.295056094394383
decision_type=2 2 2 2 2 2 2
left_child=3 2 -2 4 -1 -5 -3
right_child=1 6 -4 5 -6 -7 -8
leaf_value=0 7.078224867086473e-05 -3.2764189391605324e-05 0 3.160782864348066e-05 -3.7312461959297527e-05 -1.3427506384080994e-06 0
leaf_weight=116 649 229 209 1415 1924 3635 256
leaf_count=116 649 229 209 1415 1924 3635 256
internal_value=0 2.19504e-06 3.68613e-05 -1.77856e-07 -2.01597e-05 9.70845e-07 0
internal_weight=8433 1343 858 7090 2040 5050 485
internal_count=8433 1343 858 7090 2040 5050 485
is_linear=0
shrinkage=0.05


Tree=441
num_leaves=8
num_cat=0
split_feature=11 16 16 6 10 10 13
split_gain=3.51817e-06 0.000723689 0.000626704 0.00045468 0.000181514 0.0020242 0.000294224
threshold=-4.7591565370263531 -4.9994754162343868 -9.7865058465731831 0.23884443146515461 23.226551091822888 26.408733387407974 -0.32979896608439913
decision_type=2 2 2 2 2 2 2
left_child=1 2 -1 -3 6 -6 -2
right_child=4 3 -4 -5 5 -7 -8
leaf_value=2.801574002055489e-06 0 0 -5.6836710490797607e-05 9.0830644084382599e-05 -9.3325865834912846e-05 0 2.3668840503290517e-05
leaf_weight=1234 544 73 480 356 629 3771 1346
leaf_count=1234 544 73 480 356 629 3771 1346
internal_value=0 1.88852e-06 0 6.49267e-05 -4.26636e-07 -9.94444e-06 3.21935e-06
internal_weight=8433 2143 1714 429 6290 4400 1890
internal_count=8433 2143 1714 429 6290 4400 1890
is_linear=0
shrinkage=0.05


Tree=442
num_leaves=8
num_cat=0
split_feature=3 7 14 0 5 0 11
split_gain=2.96185e-06 0.000476418 0.000900767 0.00025479 0.00143316 0.00099174 0.000223636
threshold=-3.6305201673082816 40.798321750950628 12.210000038146974 -1.7363571250931595 3.5198964807565756 -3.3181671108034387 -12.633167530101215
decision_type=2 2 2 2 2 2 2
left_child=1 6 -3 5 -5 -2 -1
right_child=3 2 -4 4 -6 -7 -8
leaf_value=1.3024654255700414e-05 0 7.3183096569452651e-05 0 2.4995174363285862e-06 -4.7159067808572471e-05 7.32732665231978e-05 -1.4708007428010728e-05
leaf_weight=334 251 642 350 2216 1841 480 2319
leaf_count=334 251 642 350 2216 1841 480 2319
internal_value=0 1.29848e-06 3.47048e-05 -5.11991e-07 -1.14241e-05 1.21662e-05 0
internal_weight=8433 3645 992 4788 4057 731 2653
internal_count=8433 3645 992 4788 4057 731 2653
is_linear=0
shrinkage=0.05


Tree=443
num_leaves=8
num_cat=0
split_feature=8 3 12 5 8 3 2
split_gain=2.58424e-06 0.000421268 0.00110541 0.000249031 0.00086273 0.000230335 0.000217719
threshold=-0.32838130158148321 -15.090283186622548 -25.160290848621901 3.5351747929126538 -0.10032188657883567 -10.219593995602786 0.78906379165842877
decision_type=2 2 2 2 2 2 2
left_child=1 2 -1 6 -5 -3 -2
right_child=3 5 -4 4 -6 -7 -8
leaf_value=0 0 -4.6615159930057289e-05 0.00010290984640632713 -5.1395828197849539e-05 0 0 2.3857499914412901e-05
leaf_weight=87 2050 263 359 1030 2877 719 1048
leaf_count=87 2050 263 359 1030 2877 719 1048
internal_value=0 2.12553e-06 4.86338e-05 0 -1.20674e-05 0 4.14812e-06
internal_weight=8433 1428 446 7005 3907 982 3098
internal_count=8433 1428 446 7005 3907 982 3098
is_linear=0
shrinkage=0.05


Tree=444
num_leaves=8
num_cat=0
split_feature=8 13 8 13 12 4 8
split_gain=2.8758e-06 0.000400142 0.000889121 0.00036523 0.000346032 0.000728682 0.000454183
threshold=-0.0030703785513425948 -0.011353615510945046 -0.16095988281936699 0.90924316452325471 -5.3988353602188539 6.1827153640226991 0.75835936211680577
decision_type=2 2 2 2 2 2 2
left_child=1 2 -1 -3 5 -2 -6
right_child=4 3 -4 -5 6 -7 -8
leaf_value=0 -6.0968197305447625e-05 -2.2225467131202831e-05 5.3595327828379343e-05 0 0 0 5.4807438932897575e-05
leaf_weight=1226 721 1895 1114 430 2443 228 376
leaf_count=1226 721 1895 1114 430 2443 228 376
internal_value=0 1.17983e-06 2.04858e-05 -3.21077e-06 -4.28764e-07 -3.01725e-05 0
internal_weight=8433 4665 2340 2325 3768 949 2819
internal_count=8433 4665 2340 2325 3768 949 2819
is_linear=0
shrinkage=0.05


Tree=445
num_leaves=8
num_cat=0
split_feature=3 14 1 7 12 1 8
split_gain=3.61917e-06 0.000535694 0.00162561 0.000939237 0.000293514 0.000785941 0.000434366
threshold=-2.8822819139506843 12.50999975204468 0.94286592426013205 37.399786923206413 -1.1160970713143514 0.037210217088834284 0.75835936211680577
decision_type=2 2 2 2 2 2 2
left_child=1 3 -3 -1 5 -2 -6
right_child=4 2 -4 -5 6 -7 -8
leaf_value=0 -6.7016621367039212e-05 -6.112763268901755e-05 3.0026473769492631e-05 5.6301998425611361e-05 0 0 5.9865481839506639e-05
leaf_weight=1405 599 1019 432 1119 2873 685 301
leaf_count=1405 599 1019 432 1119 2873 685 301
internal_value=0 1.45834e-06 -9.89664e-06 2.18447e-05 -3.63653e-07 -2.38967e-05 0
internal_weight=8433 3975 1451 2524 4458 1284 3174
internal_count=8433 3975 1451 2524 4458 1284 3174
is_linear=0
shrinkage=0.05


Tree=446
num_leaves=8
num_cat=0
split_feature=11 9 2 10 8 5 11
split_gain=8.22001e-06 0.000420812 0.000747423 0.000430262 0.000312412 0.00101481 0.000615537
threshold=-4.7591565370263531 -0.040460372621391578 -6.2144185301226331 22.110870754051689 -0.055721070811997099 4.7904560648914103 -1.6983560823699
decision_type=2 2 2 2 2 2 2
left_child=1 3 -3 -1 5 -2 -6
right_child=4 2 -4 -5 6 -7 -8
leaf_value=0 0 -4.8462982257415804e-05 1.6886814047955506e-05 0.00010576200817827917 4.6754597081731096e-05 -8.3409604619422387e-05 0
leaf_weight=79 1332 644 1230 190 702 475 3781
leaf_count=79 1332 644 1230 190 702 475 3781
internal_value=0 3.04976e-06 0 6.2894e-05 -3.08621e-07 -2.07852e-05 1.46846e-07
internal_weight=8433 2143 1874 269 6290 1807 4483
internal_count=8433 2143 1874 269 6290 1807 4483
is_linear=0
shrinkage=0.05


Tree=447
num_leaves=8
num_cat=0
split_feature=8 14 7 7 14 1 1
split_gain=4.69654e-06 0.000459175 0.00104371 0.000614047 0.000296767 0.00144266 0.000428519
threshold=-0.0030703785513425948 12.210000038146974 71.623090708410132 71.623090708410132 13.355000019073488 0.94286592426013205 0.64920873635405296
decision_type=2 2 2 2 2 2 2
left_child=4 3 -3 -2 6 -6 -1
right_child=1 2 -4 -5 5 -7 -8
leaf_value=3.1853690126503276e-06 2.1967934505260137e-05 -6.1994663829717368e-05 0 -3.2960232663870432e-05 0 0.0001089801747302004 -3.2833612613281435e-05
leaf_weight=2414 2193 976 163 436 917 365 969
leaf_count=2414 2193 976 163 436 917 365 969
internal_value=0 -6.45313e-07 -3.17405e-05 0 1.47629e-06 2.42021e-05 0
internal_weight=8433 3768 1139 2629 4665 1282 3383
internal_count=8433 3768 1139 2629 4665 1282 3383
is_linear=0
shrinkage=0.05


Tree=448
num_leaves=8
num_cat=0
split_feature=14 14 6 14 12 11 12
split_gain=6.30954e-06 0.000498349 0.00109551 0.000476234 0.000435252 0.00155291 0.000632217
threshold=11.039999961853029 11.504999637603762 0.82769449692634944 11.899999618530275 -7.6434836261446284 -10.62092004350634 -2.6889328592530384
decision_type=2 2 2 2 2 2 2
left_child=4 2 -2 -3 5 -1 -6
right_child=1 3 -4 -5 6 -7 -8
leaf_value=0 0 -3.5282659474642245e-05 9.8722058546938098e-05 1.6710778464800185e-06 4.8458098777475947e-05 -0.0001111069333774478 -8.8991890544102381e-06
leaf_weight=70 547 945 408 4187 629 401 1246
leaf_count=70 547 945 408 4187 629 401 1246
internal_value=0 1.35861e-06 3.62436e-05 0 -1.38971e-06 -4.80632e-05 0
internal_weight=8433 6087 955 5132 2346 471 1875
internal_count=8433 6087 955 5132 2346 471 1875
is_linear=0
shrinkage=0.05


Tree=449
num_leaves=8
num_cat=0
split_feature=11 3 6 16 11 10 3
split_gain=6.755e-06 0.000333833 0.000687807 0.000437411 0.000170882 0.000541201 0.000198041
threshold=-3.1851874739454726 -8.1553821351745963 0.47094732171734327 -9.6545743970893536 1.1694622542718827 15.562922646360322 5.6852668720302155
decision_type=2 2 2 2 2 2 2
left_child=1 3 -3 -1 5 -2 -6
right_child=4 2 -4 -5 6 -7 -8
leaf_value=7.99707992839574e-07 0 0 6.0599284293649759e-05 -4.5233996733095622e-05 2.0537235124829166e-05 -2.5244247182459604e-05 0
leaf_weight=1409 382 362 698 532 1172 2792 1086
leaf_count=1409 382 362 698 532 1172 2792 1086
internal_value=0 2.34345e-06 2.83088e-05 0 -2.69859e-07 -1.16024e-05 1.69316e-07
internal_weight=8433 3001 1060 1941 5432 3174 2258
internal_count=8433 3001 1060 1941 5432 3174 2258
is_linear=0
shrinkage=0.05


Tree=450
num_leaves=8
num_cat=0
split_feature=14 6 2 4 6 14 14
split_gain=5.29291e-06 0.00106026 0.00088127 0.000618338 0.000503017 0.00215592 0.00112673
threshold=11.899999618530275 2.2269980668234908 0.20569124273199793 0.37553317868809094 2.0009651222172895 10.550000190734865 10.315000057220461
decision_type=2 2 2 2 2 2 2
left_child=4 2 -2 -3 6 -6 -1
right_child=1 3 -4 -5 5 -7 -8
leaf_value=8.1538076294292418e-06 0 0 5.255727868894538e-05 -0.00010248895337173128 0 0.00015032776372512067 -3.5801532074227151e-05
leaf_weight=1160 2664 35 1194 294 157 262 2667
leaf_count=1160 2664 35 1194 294 157 262 2667
internal_value=0 1.77327e-06 1.6885e-05 -6.87245e-05 -1.18805e-07 3.6995e-05 -1.33402e-05
internal_weight=8433 4187 3858 329 4246 419 3827
internal_count=8433 4187 3858 329 4246 419 3827
is_linear=0
shrinkage=0.05


Tree=451
num_leaves=8
num_cat=0
split_feature=11 7 1 11 1 10 10
split_gain=8.90731e-06 0.000752423 0.00131361 0.00107794 0.00026504 0.00128838 0.000823575
threshold=-4.7591565370263531 34.586193643647619 0.011983946574578736 -8.4158958084386146 0.098591422616217325 23.35277440511447 26.86844943384504
decision_type=2 2 2 2 2 2 2
left_child=1 2 -1 -3 6 -6 -2
right_child=4 3 -4 -5 5 -7 -8
leaf_value=-5.2914639625489782e-05 -1.0700102573596963e-05 0 3.0837842441498319e-05 0.00011578336524314339 1.1304117779271239e-05 -4.0314462024593233e-05 3.3245595265182433e-05
leaf_weight=890 1206 87 825 341 1030 2281 1773
leaf_count=890 1206 87 825 341 1030 2281 1773
internal_value=0 3.22203e-06 0 6.65307e-05 0 -1.36952e-05 3.71862e-06
internal_weight=8433 2143 1715 428 6290 3311 2979
internal_count=8433 2143 1715 428 6290 3311 2979
is_linear=0
shrinkage=0.05


Tree=452
num_leaves=7
num_cat=0
split_feature=14 15 12 5 4 15
split_gain=5.10227e-06 0.000732603 0.00172175 0.000534509 0.00163399 0.000703386
threshold=11.039999961853029 -10.61869979915827 -7.6434836261446284 6.8251279552749464 4.1840921848281214 0.49955003127536429
decision_type=2 2 2 2 2 2
left_child=1 -1 -3 4 -2 -5
right_child=3 2 -4 5 -6 -7
leaf_value=0.00015140462626257674 0 -0.00010722173094623587 0 -7.1865173256336013e-05 5.0230972256059826e-05 0
leaf_weight=44 3566 440 1862 458 1907 156
leaf_count=44 3566 440 1862 458 1907 156
internal_value=0 -1.48428e-07 -1.83651e-05 1.44443e-06 1.15606e-05 -3.16549e-05
internal_weight=8433 2346 2302 6087 5473 614
internal_count=8433 2346 2302 6087 5473 614
is_linear=0
shrinkage=0.05


Tree=453
num_leaves=8
num_cat=0
split_feature=3 15 12 8 8 15 12
split_gain=5.83173e-06 0.000406664 0.000887487 0.000851188 0.000366086 0.000665705 0.000545366
threshold=0.90444576973295343 -3.4212240271359602 -2.6889328592530384 -0.4030685990779645 0.75835936211680577 -3.3180655222392939 3.3519072676144681
decision_type=2 2 2 2 2 2 2
left_child=1 3 -3 -1 5 -2 -6
right_child=4 2 -4 -5 6 -7 -8
leaf_value=1.9501644790029786e-06 0 3.6049077248357803e-05 0 -4.3923829614930931e-05 0 -3.4157252196056233e-05 8.1180054046063068e-05
leaf_weight=593 396 2397 1480 1168 92 2079 228
leaf_count=593 396 2397 1480 1168 92 2079 228
internal_value=0 1.56345e-06 1.52226e-05 -8.63899e-06 -5.32457e-07 -1.75587e-05 2.17503e-05
internal_weight=8433 5638 3877 1761 2795 2475 320
internal_count=8433 5638 3877 1761 2795 2475 320
is_linear=0
shrinkage=0.05


Tree=454
num_leaves=8
num_cat=0
split_feature=11 7 1 11 8 0 11
split_gain=8.03024e-06 0.000672346 0.00118959 0.000998573 0.00026717 0.000623584 0.000581757
threshold=-4.7591565370263531 34.586193643647619 0.011983946574578736 -8.4158958084386146 -0.055721070811997099 0.69064025136230511 -1.6983560823699
decision_type=2 2 2 2 2 2 2
left_child=1 2 -1 -3 5 -2 -6
right_child=4 3 -4 -5 6 -7 -8
leaf_value=-5.0286724952155204e-05 0 0 2.9472112050853166e-05 0.0001106220561370677 4.5458298709523219e-05 -6.3975137990623549e-05 0
leaf_weight=890 1265 87 825 341 702 542 3781
leaf_count=890 1265 87 825 341 702 542 3781
internal_value=0 3.05929e-06 0 6.28942e-05 0 -1.92095e-05 2.96212e-07
internal_weight=8433 2143 1715 428 6290 1807 4483
internal_count=8433 2143 1715 428 6290 1807 4483
is_linear=0
shrinkage=0.05


Tree=455
num_leaves=8
num_cat=0
split_feature=11 7 1 11 1 10 10
split_gain=6.05471e-06 0.000582731 0.00107387 0.000927396 0.000217714 0.00084022 0.000378203
threshold=-4.7591565370263531 34.586193643647619 0.011983946574578736 -8.4158958084386146 2.8813483080345903 24.936727051468512 31.487351916892504
decision_type=2 2 2 2 2 2 2
left_child=1 2 -1 -3 6 -6 -2
right_child=4 3 -4 -5 5 -7 -8
leaf_value=-4.777802865592624e-05 -7.9140776416750792e-06 0 2.8002069743206287e-05 0.00010512320637368969 0 -8.6929134810790346e-05 1.7002222780734447e-05
leaf_weight=890 3214 87 825 341 156 348 2572
leaf_count=890 3214 87 825 341 156 348 2572
internal_value=0 2.65646e-06 0 5.85079e-05 0 -3.27973e-05 0
internal_weight=8433 2143 1715 428 6290 504 5786
internal_count=8433 2143 1715 428 6290 504 5786
is_linear=0
shrinkage=0.05


Tree=456
num_leaves=8
num_cat=0
split_feature=2 10 1 1 3 7 5
split_gain=5.36823e-06 0.000502145 0.00116064 0.00105042 0.000315286 0.000973996 0.000449625
threshold=-4.641107863388398 24.383300930684189 0.51479928817935072 0.79941930645947001 2.6894085606462563 57.944745273310218 6.0476132657587964
decision_type=2 2 2 2 2 2 2
left_child=1 3 -3 -1 6 -6 -2
right_child=4 2 -4 -5 5 -7 -8
leaf_value=0 0 0 0.00010500612823259044 -0.00015184563066118008 -7.2847504059657514e-05 0 4.3423663449084422e-05
leaf_weight=321 4181 942 376 112 604 1299 598
leaf_count=321 4181 942 376 112 604 1299 598
internal_value=0 2.76691e-06 3.09732e-05 -2.37747e-06 0 -2.02466e-05 1.23628e-06
internal_weight=8433 1751 1318 433 6682 1903 4779
internal_count=8433 1751 1318 433 6682 1903 4779
is_linear=0
shrinkage=0.05


Tree=457
num_leaves=8
num_cat=0
split_feature=7 14 12 14 3 12 12
split_gain=3.69369e-06 0.000369014 0.0008202 0.00063368 0.000343016 0.00116856 0.000325687
threshold=43.279145448641451 11.204999923706056 -9.3151151512519021 10.889999866485597 -2.8822819139506843 -3.174219352870371 1.7043627108000525
decision_type=2 2 2 2 2 2 2
left_child=1 3 -3 -1 5 -2 -6
right_child=4 2 -4 -5 6 -7 -8
leaf_value=0 7.8292528788054456e-05 0 -4.0788101015746145e-05 8.8039680257639323e-05 -2.1195793625946925e-05 0 6.4613311529411229e-06
leaf_weight=780 616 1225 1689 223 1627 302 1971
leaf_count=780 616 1225 1689 223 1627 302 1971
internal_value=0 0 -1.61734e-05 1.26086e-05 1.42964e-06 3.06944e-05 0
internal_weight=8433 3917 2914 1003 4516 918 3598
internal_count=8433 3917 2914 1003 4516 918 3598
is_linear=0
shrinkage=0.05


Tree=458
num_leaves=8
num_cat=0
split_feature=8 14 15 13 13 8 14
split_gain=9.16118e-06 0.000436343 0.00114569 0.000635843 0.000386093 0.000800655 0.000418282
threshold=-0.0030703785513425948 12.210000038146974 1.2245900163331271 0.13093769085575915 -0.011353615510945046 -0.16095988281936699 13.355000019073488
decision_type=2 2 2 2 2 2 2
left_child=4 3 -3 -2 5 -1 -6
right_child=1 2 -4 -5 6 -7 -8
leaf_value=0 -4.0877807592030442e-06 -8.4580894202192049e-05 0 3.9159958130935142e-05 -2.4192316242910685e-05 5.1718854025645791e-05 7.1846389903771727e-06
leaf_weight=1226 1612 551 588 1017 1739 1114 586
leaf_count=1226 1612 551 588 1017 1739 1114 586
internal_value=0 -5.27992e-07 -3.0935e-05 0 2.16385e-06 2.04923e-05 -1.24377e-06
internal_weight=8433 3768 1139 2629 4665 2340 2325
internal_count=8433 3768 1139 2629 4665 2340 2325
is_linear=0
shrinkage=0.05


Tree=459
num_leaves=8
num_cat=0
split_feature=6 12 12 5 6 7 12
split_gain=4.84508e-06 0.000452335 0.000736531 0.000599794 0.000405413 0.000478458 0.000312946
threshold=0.38240518487887115 -6.7611774712087618 -1.8341096955779166 8.4696078493396119 0.43476660372560111 35.474001755317907 1.7043627108000525
decision_type=2 2 2 2 2 2 2
left_child=1 3 -3 -1 6 -6 -2
right_child=4 2 -4 -5 5 -7 -8
leaf_value=8.8158210629177028e-05 -8.3920984057876224e-05 -6.6285095018254732e-05 1.0437117962214702e-05 0 2.2753610125919951e-05 -5.6877966114315926e-06 0
leaf_weight=338 253 394 929 49 2036 4357 77
leaf_count=338 253 394 929 49 2036 4357 77
internal_value=0 2.65992e-06 0 5.42049e-05 0 0 -5.52522e-05
internal_weight=8433 1710 1323 387 6723 6393 330
internal_count=8433 1710 1323 387 6723 6393 330
is_linear=0
shrinkage=0.05


Tree=460
num_leaves=8
num_cat=0
split_feature=8 0 7 10 12 10 12
split_gain=5.7291e-06 0.000391449 0.000668157 0.00037121 0.000337333 0.000974454 0.000470829
threshold=-0.30891049155850919 1.2683015861433125 17.442251138370377 50.163152401784835 -5.6422521604908598 28.099231564709914 -2.9938127673692621
decision_type=2 2 2 2 2 2 2
left_child=1 2 -1 -3 5 -2 -6
right_child=4 3 -4 -5 6 -7 -8
leaf_value=0 -6.4920841526536818e-05 -6.5699281197529965e-05 5.231866545165117e-05 0 3.4507641067047178e-05 0 0
leaf_weight=280 772 213 971 66 1001 1330 3800
leaf_count=280 772 213 971 66 1001 1330 3800
internal_value=0 3.05762e-06 2.81506e-05 0 0 -1.98144e-05 1.89664e-06
internal_weight=8433 1530 1251 279 6903 2102 4801
internal_count=8433 1530 1251 279 6903 2102 4801
is_linear=0
shrinkage=0.05


Tree=461
num_leaves=8
num_cat=0
split_feature=7 14 6 5 14 8 14
split_gain=3.35007e-06 0.000346882 0.0012046 0.000356036 0.000337771 0.000967758 0.000586639
threshold=43.279145448641451 12.72499990463257 2.2912357187302717 6.2333961134200928 11.204999923706056 -0.18631839747470427 27.344999313354496
decision_type=2 2 2 2 2 2 2
left_child=4 3 -3 -2 5 -1 -6
right_child=1 2 -4 -5 6 -7 -8
leaf_value=8.9614965804512523e-05 -1.1317027079108167e-05 6.70740927071523e-05 0 3.5667822092017605e-05 -2.7568585697693373e-05 0 0
leaf_weight=314 3193 862 85 376 2883 689 31
leaf_count=314 3193 862 85 376 2883 689 31
internal_value=0 1.36128e-06 3.03748e-05 0 -2.74266e-08 1.08518e-05 -1.57797e-05
internal_weight=8433 4516 947 3569 3917 1003 2914
internal_count=8433 4516 947 3569 3917 1003 2914
is_linear=0
shrinkage=0.05


Tree=462
num_leaves=8
num_cat=0
split_feature=8 13 8 1 12 15 8
split_gain=4.86797e-06 0.00032541 0.000762445 0.000406236 0.000302006 0.00059804 0.000323621
threshold=-0.0030703785513425948 -0.011353615510945046 -0.16095988281936699 3.1804157459118607 -5.3988353602188539 -7.9937756853532154 0.75835936211680577
decision_type=2 2 2 2 2 2 2
left_child=1 2 -1 -3 5 -2 -6
right_child=4 3 -4 -5 6 -7 -8
leaf_value=0 0 -1.9201886032620779e-05 4.9466680252685063e-05 3.8265415599501787e-05 0 -4.9781725885867422e-05 4.626390120123419e-05
leaf_weight=1226 43 2183 1114 142 2443 906 376
leaf_count=1226 43 2183 1114 142 2443 906 376
internal_value=0 1.60744e-06 1.87651e-05 -6.21358e-07 -1.71566e-07 -2.81786e-05 0
internal_weight=8433 4665 2340 2325 3768 949 2819
internal_count=8433 4665 2340 2325 3768 949 2819
is_linear=0
shrinkage=0.05


Tree=463
num_leaves=8
num_cat=0
split_feature=14 5 14 5 5 0 6
split_gain=4.15018e-06 0.0006362 0.000771339 0.000620997 0.000500371 0.00206114 0.000441613
threshold=11.039999961853029 6.6538109716669451 9.865000247955324 9.5920470366637094 6.8251279552749464 -4.3261575207167171 0.75227090182012957
decision_type=2 2 2 2 2 2 2
left_child=1 2 -1 -3 6 -6 -2
right_child=4 3 -4 -5 5 -7 -8
leaf_value=0 0 0.00010825278633660047 -4.1696543617297067e-05 0 0 -0.00010827404148867984 2.5443430262685046e-05
leaf_weight=436 2699 179 1695 36 128 486 2774
leaf_count=436 2699 179 1695 36 128 486 2774
internal_value=0 -2.48402e-07 -2.18898e-05 5.1188e-05 1.29621e-06 -3.03684e-05 1.12511e-05
internal_weight=8433 2346 2131 215 6087 614 5473
internal_count=8433 2346 2131 215 6087 614 5473
is_linear=0
shrinkage=0.05


Tree=464
num_leaves=8
num_cat=0
split_feature=13 0 13 14 4 10 0
split_gain=7.2584e-06 0.000607458 0.00107596 0.000845136 0.000357958 0.00112819 0.000881199
threshold=0.19340332375729077 2.1934637066470328 0.99327539973204104 22.804999351501468 5.945282297227199 46.279332838704079 2.0955152689228727
decision_type=2 2 2 2 2 2 2
left_child=4 3 -3 -2 5 -1 -6
right_child=1 2 -4 -5 6 -7 -8
leaf_value=-3.0712241463422472e-05 3.6341033145442164e-05 -8.2557056964309127e-05 0 -3.7935729968646935e-07 0 1.772390517759738e-05 0.00011055573852418628
leaf_weight=3321 2512 441 127 113 794 923 202
leaf_count=3321 2512 441 127 113 794 923 202
internal_value=0 2.38317e-06 -2.40412e-05 2.1438e-05 0 -1.19317e-05 1.70584e-05
internal_weight=8433 3193 568 2625 5240 4244 996
internal_count=8433 3193 568 2625 5240 4244 996
is_linear=0
shrinkage=0.05


Tree=465
num_leaves=8
num_cat=0
split_feature=8 13 8 2 12 10 13
split_gain=4.58051e-06 0.000307619 0.000701223 0.000276936 0.000242164 0.000651007 0.000301044
threshold=-0.0030703785513425948 -0.011353615510945046 -0.16095988281936699 -3.5015320596683437 -5.3988353602188539 22.237785367912071 0.50979561016865083
decision_type=2 2 2 2 2 2 2
left_child=1 2 -1 -3 5 -2 -6
right_child=4 3 -4 -5 6 -7 -8
leaf_value=0 0 -2.8558291298494047e-05 4.7645946509864825e-05 0 0 -5.5382391454578882e-05 3.7332563435964207e-05
leaf_weight=1226 223 847 1114 1478 2281 726 538
leaf_count=1226 223 847 1114 1478 2281 726 538
internal_value=0 1.56642e-06 1.82545e-05 -1.89727e-07 0 -2.5231e-05 0
internal_weight=8433 4665 2340 2325 3768 949 2819
internal_count=8433 4665 2340 2325 3768 949 2819
is_linear=0
shrinkage=0.05


Tree=466
num_leaves=8
num_cat=0
split_feature=13 13 10 12 13 14 4
split_gain=4.65718e-06 0.00102063 0.00100931 0.000363334 0.00101072 0.000509363 0.000252692
threshold=-0.42021305351745969 -0.47389446344892056 50.81916652479886 -8.9971627721015572 0.50979561016865083 11.534999847412111 5.3362244827586425
decision_type=2 2 2 2 2 2 2
left_child=1 6 -3 4 -2 -5 -1
right_child=3 2 -4 5 -6 -7 -8
leaf_value=0 6.5557134693676754e-05 -0.00016652722522451626 0 1.0865000192653322e-05 0 -1.9227555135941208e-05 3.6127954624119847e-05
leaf_weight=1394 800 181 28 2367 495 2686 482
leaf_count=1394 800 181 28 2367 495 2686 482
internal_value=0 0 -0.000109967 1.35408e-06 2.66329e-05 0 0
internal_weight=8433 2085 209 6348 1295 5053 1876
internal_count=8433 2085 209 6348 1295 5053 1876
is_linear=0
shrinkage=0.05


Tree=467
num_leaves=8
num_cat=0
split_feature=8 14 5 5 14 16 14
split_gain=4.20921e-06 0.000397144 0.00160742 0.00092825 0.000377851 0.000806368 0.00036012
threshold=-0.30891049155850919 14.045000076293947 6.9299477639354254 6.2974390140477361 13.635000228881838 -18.584317002013439 11.204999923706056
decision_type=2 2 2 2 2 2 2
left_child=4 3 -3 -2 6 -6 -1
right_child=1 2 -4 -5 5 -7 -8
leaf_value=2.406509540676757e-05 -6.8728436852327749e-07 0 -0.00018720119721225416 5.8954347020000373e-05 0 8.6400222409802204e-05 -3.0193287084491403e-05
leaf_weight=309 5243 854 141 665 37 396 788
leaf_count=309 5243 854 141 665 37 396 788
internal_value=0 0 -3.15557e-05 1.21446e-07 2.62084e-06 4.68588e-05 0
internal_weight=8433 6903 995 5908 1530 433 1097
internal_count=8433 6903 995 5908 1530 433 1097
is_linear=0
shrinkage=0.05


Tree=468
num_leaves=8
num_cat=0
split_feature=13 13 5 13 14 14 14
split_gain=3.52893e-06 0.0005173 0.0012107 0.000269645 0.00147891 0.000439486 0.000233956
threshold=0.19340332375729077 0.36317388633246855 3.6841678178984414 -0.011353615510945046 11.295000076293947 11.944999694824221 11.75500011444092
decision_type=2 2 2 2 2 2 2
left_child=3 2 -2 5 -5 -1 -3
right_child=1 6 -4 4 -6 -7 -8
leaf_value=-7.0159217956472903e-06 0 7.0894808473586712e-06 0.00011741386604661074 0 -7.7277660923064513e-05 2.2430226136800377e-05 -1.8437123841510119e-05
leaf_weight=2112 204 1125 312 423 730 1975 1552
leaf_count=2112 204 1125 312 423 730 1975 1552
internal_value=0 1.66171e-06 5.01363e-05 0 -2.41588e-05 0 0
internal_weight=8433 3193 516 5240 1153 4087 2677
internal_count=8433 3193 516 5240 1153 4087 2677
is_linear=0
shrinkage=0.05


Tree=469
num_leaves=8
num_cat=0
split_feature=13 13 1 4 14 3 4
split_gain=4.25792e-06 0.000898393 0.000975368 0.000230921 0.000889012 0.000333716 0.000218017
threshold=-0.42021305351745969 -0.47389446344892056 0.86972589221691265 5.0010110635714158 10.460000038146974 7.4781551801967892 5.3362244827586425
decision_type=2 2 2 2 2 2 2
left_child=1 6 -3 5 -5 -2 -1
right_child=3 2 -4 4 -6 -7 -8
leaf_value=0 1.8268157597458516e-05 -0.00016849817206721955 0 -8.4251352221219141e-05 0 0 3.3557735880229999e-05
leaf_weight=1394 4155 163 46 316 1369 508 482
leaf_count=1394 4155 163 46 316 1369 508 482
internal_value=0 -3.22045e-07 -0.000103177 1.28151e-06 -4.53699e-06 1.08878e-05 0
internal_weight=8433 2085 209 6348 1685 4663 1876
internal_count=8433 2085 209 6348 1685 4663 1876
is_linear=0
shrinkage=0.05


Tree=470
num_leaves=7
num_cat=0
split_feature=8 2 2 14 4 2
split_gain=2.34584e-06 0.0004169 0.000320323 0.000189582 0.00103227 0.000655966
threshold=-0.76299429935318097 -2.8835965435296314 3.2889900908487206 12.50999975204468 6.8277521689669509 -3.354666237080433
decision_type=2 2 2 2 2 2
left_child=1 -1 -3 5 -5 -2
right_child=3 2 -4 4 -6 -7
leaf_value=0 3.6665576509461442e-05 9.6878225166559812e-05 0 -3.9590743305077799e-05 1.3869939660309778e-05 -1.7241378843352045e-06
leaf_weight=390 1209 195 27 1889 465 4258
leaf_count=390 1209 195 27 1889 465 4258
internal_value=0 3.09055e-06 6.84038e-05 0 -1.41718e-05 3.76154e-07
internal_weight=8433 612 222 7821 2354 5467
internal_count=8433 612 222 7821 2354 5467
is_linear=0
shrinkage=0.05


Tree=471
num_leaves=8
num_cat=0
split_feature=14 13 13 14 13 16 16
split_gain=3.48015e-06 0.000618518 0.00279532 0.00248515 0.000439189 0.00121312 0.00107762
threshold=11.899999618530275 0.30853621784847635 0.55772823085510359 12.244999885559084 -0.10020810146113555 -6.1477161628324941 -13.588328100044809
decision_type=2 2 2 2 2 2 2
left_child=4 3 -3 -2 5 -1 -6
right_child=1 2 -4 -5 6 -7 -8
leaf_value=0 9.7435413702156453e-05 -0.00011132486754169603 1.1253869357210537e-05 0 -6.4697633708002747e-05 -5.5274668335555965e-05 2.7616127203590161e-05
leaf_weight=470 791 572 898 1926 251 1339 2186
leaf_count=470 791 572 898 1926 251 1339 2186
internal_value=0 1.44116e-06 -1.27527e-05 2.19967e-05 0 -2.42428e-05 3.71283e-06
internal_weight=8433 4187 1470 2717 4246 1809 2437
internal_count=8433 4187 1470 2717 4246 1809 2437
is_linear=0
shrinkage=0.05


Tree=472
num_leaves=8
num_cat=0
split_feature=7 14 7 14 8 12 12
split_gain=3.14592e-06 0.000328756 0.000999621 0.000290007 0.000872307 0.000739274 0.000244192
threshold=43.279145448641451 12.72499990463257 50.582754928511712 11.204999923706056 -0.18631839747470427 -9.3151151512519021 -2.6889328592530384
decision_type=2 2 2 2 2 2 2
left_child=3 6 -3 4 -1 -5 -2
right_child=1 2 -4 5 -6 -7 -8
leaf_value=8.4572744557291028e-05 1.4004457831145676e-05 0.00011250360876645144 0 0 0 -3.8402196671940231e-05 -1.275306232944041e-05
leaf_weight=314 875 261 686 1225 689 1689 2694
leaf_count=314 875 261 686 1225 689 1689 2694
internal_value=0 1.31938e-06 2.95694e-05 0 8.89058e-06 -1.48793e-05 0
internal_weight=8433 4516 947 3917 1003 2914 3569
internal_count=8433 4516 947 3917 1003 2914 3569
is_linear=0
shrinkage=0.05


Tree=473
num_leaves=8
num_cat=0
split_feature=6 12 8 12 15 12 9
split_gain=2.40986e-06 0.00040858 0.00112144 0.000677265 0.000399382 0.00137665 0.00112566
threshold=0.38240518487887115 -6.7611774712087618 -0.011990187381141533 -1.8341096955779166 -3.4212240271359602 -2.6889328592530384 -0.040460372621391578
decision_type=2 2 2 2 2 2 2
left_child=1 2 -1 -3 6 -6 -2
right_child=4 3 -4 -5 5 -7 -8
leaf_value=0.00012138726454969192 0 -6.3868399317305546e-05 0 9.1420686071695534e-06 3.7715560184608641e-05 -1.2083356734889539e-05 -5.1651940962493386e-05
leaf_weight=258 263 394 129 929 2134 2907 1419
leaf_count=258 263 394 129 929 2134 2907 1419
internal_value=0 1.87592e-06 5.13938e-05 0 0 2.06424e-06 -2.40862e-05
internal_weight=8433 1710 387 1323 6723 5041 1682
internal_count=8433 1710 387 1323 6723 5041 1682
is_linear=0
shrinkage=0.05


Tree=474
num_leaves=8
num_cat=0
split_feature=14 5 4 4 5 0 4
split_gain=5.975e-06 0.00055273 0.00118661 0.0011548 0.00043603 0.00190326 0.00142975
threshold=11.039999961853029 6.6538109716669451 10.906258425626655 3.2481004716957886 6.8251279552749464 -4.3261575207167171 4.1840921848281214
decision_type=2 2 2 2 2 2 2
left_child=1 3 -3 -1 6 -6 -2
right_child=4 2 -4 -5 5 -7 -8
leaf_value=0 0 0.00013458083514706232 0 -6.4538095747887928e-05 0 -0.00010311568719025971 4.7175136375178641e-05
leaf_weight=1209 3566 185 30 922 128 486 1907
leaf_count=1209 3566 185 30 922 128 486 1907
internal_value=0 -3.14286e-07 4.40167e-05 -2.12328e-05 1.55406e-06 -2.64418e-05 1.1096e-05
internal_weight=8433 2346 215 2131 6087 614 5473
internal_count=8433 2346 215 2131 6087 614 5473
is_linear=0
shrinkage=0.05


Tree=475
num_leaves=8
num_cat=0
split_feature=7 5 3 3 12 10 9
split_gain=4.48561e-06 0.000305144 0.00149028 0.000290473 0.00109734 0.000458409 0.000214817
threshold=43.279145448641451 5.2299636545278139 -25.669739137863107 -2.8822819139506843 -3.174219352870371 26.408733387407974 0.14642186041703889
decision_type=2 2 2 2 2 2 2
left_child=1 6 -3 4 -2 -5 -1
right_child=3 2 -4 5 -6 -7 -8
leaf_value=0 7.5048451676402379e-05 2.5027468621107606e-05 -6.4254490592809471e-05 -2.752024499739882e-05 0 7.7944430267161209e-06 1.9049044560397984e-05
leaf_weight=1243 616 131 1065 1329 302 2269 1478
leaf_count=1243 616 131 1065 1329 302 2269 1478
internal_value=0 0 -2.52345e-05 1.57546e-06 2.83111e-05 0 0
internal_weight=8433 3917 1196 4516 918 3598 2721
internal_count=8433 3917 1196 4516 918 3598 2721
is_linear=0
shrinkage=0.05


Tree=476
num_leaves=7
num_cat=0
split_feature=14 15 12 14 15 13
split_gain=4.58258e-06 0.00060829 0.00169933 0.000418179 0.000648978 0.000537439
threshold=11.039999961853029 -10.61869979915827 -7.6434836261446284 11.504999637603762 5.2271038630642037 -0.86877073142472272
decision_type=2 2 2 2 2 2
left_child=1 -1 -3 5 -5 -2
right_child=3 2 -4 4 -6 -7
leaf_value=0.00013258430820829039 0 -0.00010593738422913576 0 1.2912339403849315e-06 -5.4938768612314184e-05 5.2407734683021913e-05
leaf_weight=44 83 440 1862 4599 533 872
leaf_count=44 83 440 1862 4599 533 872
internal_value=0 0 -1.75805e-05 1.37168e-06 0 3.32324e-05
internal_weight=8433 2346 2302 6087 5132 955
internal_count=8433 2346 2302 6087 5132 955
is_linear=0
shrinkage=0.05


Tree=477
num_leaves=8
num_cat=0
split_feature=14 15 2 10 14 2 2
split_gain=4.7519e-06 0.000608715 0.00208075 0.00104027 0.000412842 0.000978971 0.000688781
threshold=11.899999618530275 5.2271038630642037 -1.6007918781686834 46.279332838704079 11.75500011444092 2.7763485927135849 -3.5015320596683437
decision_type=2 2 2 2 2 2 2
left_child=4 2 -2 -3 6 -6 -1
right_child=1 3 -4 -5 5 -7 -8
leaf_value=4.3365501281116763e-05 -4.0067850946082389e-06 -0.00010203917210099229 5.9745723736300841e-05 0 -0.00011844988465165972 0 -5.3626063922765186e-06
leaf_weight=867 2062 308 1700 117 246 84 3049
leaf_count=867 2062 308 1700 117 246 84 3049
internal_value=0 1.68402e-06 1.552e-05 -3.83205e-05 0 -5.57562e-05 0
internal_weight=8433 4187 3762 425 4246 330 3916
internal_count=8433 4187 3762 425 4246 330 3916
is_linear=0
shrinkage=0.05


Tree=478
num_leaves=8
num_cat=0
split_feature=13 4 4 14 4 5 7
split_gain=3.61769e-06 0.000518234 0.00118535 0.000933191 0.000316491 0.00137322 0.000914921
threshold=0.19340332375729077 6.8990036148037888 8.0742579937498657 18.590000152587894 5.945282297227199 4.1175714655441054 71.623090708410132
decision_type=2 2 2 2 2 2 2
left_child=4 3 -3 -2 5 -1 -6
right_child=1 2 -4 -5 6 -7 -8
leaf_value=0 3.6058913166792385e-05 -0.00015184049590067839 0 -1.2164565801442154e-05 5.2060534916544923e-05 -5.2536231473077298e-05 0
leaf_weight=2801 2507 141 265 280 929 1443 67
leaf_count=2801 2507 141 265 280 929 1443 67
internal_value=0 1.68248e-06 -2.85928e-05 1.86595e-05 0 -1.14354e-05 1.53772e-05
internal_weight=8433 3193 406 2787 5240 4244 996
internal_count=8433 3193 406 2787 5240 4244 996
is_linear=0
shrinkage=0.05


Tree=479
num_leaves=8
num_cat=0
split_feature=12 8 12 13 2 13 3
split_gain=2.53901e-06 0.000560034 0.00115545 0.000291951 0.00111591 0.000417858 0.000243786
threshold=4.6531682634767035 -0.11061484281958602 17.07890472156139 -0.38075793360717308 1.3187567501171229 -0.011353615510945046 0.098183703808774073
decision_type=2 2 2 2 2 2 2
left_child=3 6 -3 4 -1 -5 -2
right_child=1 2 -4 5 -6 -7 -8
leaf_value=0 0 7.4927392605733252e-05 0 2.7237342709193672e-05 -0.00010120349948405786 0 -5.0614894113982519e-05
leaf_weight=1699 71 763 273 1415 341 3635 236
leaf_count=1699 71 763 273 1415 341 3635 236
internal_value=0 2.17241e-06 3.68062e-05 0 -1.88204e-05 1.14206e-06 -9.15598e-07
internal_weight=8433 1343 1036 7090 2040 5050 307
internal_count=8433 1343 1036 7090 2040 5050 307
is_linear=0
shrinkage=0.05


Tree=480
num_leaves=5
num_cat=0
split_feature=13 13 13 8
split_gain=1.75847e-06 0.000505342 0.000142806 1.58212e-05
threshold=-2.1295115427365112 -1.964541388946228 -1.2448797960925293 -0.011990187381141533
decision_type=2 2 2 2
left_child=3 -2 -3 -1
right_child=1 2 -4 -5
leaf_value=2.1976309452349204e-05 -0.0001165523594408046 3.1062941437404666e-05 0 0
leaf_weight=89 91 368 7840 45
leaf_count=89 91 368 7840 45
internal_value=0 0 0 5.68549e-06
internal_weight=8433 8299 8208 134
internal_count=8433 8299 8208 134
is_linear=0
shrinkage=0.05


Tree=481
num_leaves=6
num_cat=0
split_feature=13 13 11 13 16
split_gain=1.34179e-06 0.000478199 0.000962256 0.000366852 3.12266e-05
threshold=-2.1295115427365112 -0.89704472932619062 -0.71999705850383944 -0.73242106093049919 1.4517502120536101
decision_type=2 2 2 2 2
left_child=4 2 -2 -3 -1
right_child=1 3 -4 -5 -6
leaf_value=3.0246368569146677e-05 -7.5725133400083241e-05 6.0089485414782697e-05 0 0 0
leaf_weight=87 626 252 277 7144 47
leaf_count=87 626 252 277 7144 47
internal_value=0 0 -3.63455e-05 0 4.96641e-06
internal_weight=8433 8299 903 7396 134
internal_count=8433 8299 903 7396 134
is_linear=0
shrinkage=0.05


Tree=482
num_leaves=8
num_cat=0
split_feature=14 6 6 14 14 3 4
split_gain=2.84752e-06 0.000646486 0.00169108 0.000646117 0.000520961 0.00140147 0.00051122
threshold=13.355000019073488 2.2912357187302717 0.91668725394090955 14.159999847412109 12.545000076293947 4.4521727741755344 7.4553710672648927
decision_type=2 2 2 2 2 2 2
left_child=4 2 -2 -3 6 -6 -1
right_child=1 3 -4 -5 5 -7 -8
leaf_value=9.2077604314065778e-06 0 0 9.0243674863654336e-05 -0.00012916908575468425 -9.6045353869694065e-05 0 -4.061184255933439e-05
leaf_weight=5404 1051 46 671 117 519 130 495
leaf_count=5404 1051 46 671 117 519 130 495
internal_value=0 1.9423e-06 2.69608e-05 -4.73658e-05 0 -4.47283e-05 0
internal_weight=8433 1885 1722 163 6548 649 5899
internal_count=8433 1885 1722 163 6548 649 5899
is_linear=0
shrinkage=0.05


Tree=483
num_leaves=8
num_cat=0
split_feature=14 6 4 4 6 14 14
split_gain=1.73284e-06 0.000840768 0.000712744 0.000556799 0.000434383 0.00194415 0.00102083
threshold=11.899999618530275 2.2269980668234908 6.1170565889415762 0.37553317868809094 2.0009651222172895 10.550000190734865 10.315000057220461
decision_type=2 2 2 2 2 2 2
left_child=4 2 -2 -3 6 -6 -1
right_child=1 3 -4 -5 5 -7 -8
leaf_value=6.026375196453641e-06 0 0 5.9515611893765185e-05 -9.3628923382803398e-05 0 0.00014167568415166787 -3.4395401730118347e-05
leaf_weight=1160 3102 35 756 294 157 262 2667
leaf_count=1160 3102 35 756 294 157 262 2667
internal_value=0 9.75683e-07 1.52955e-05 -6.02826e-05 -2.84718e-07 3.22784e-05 -1.30057e-05
internal_weight=8433 4187 3858 329 4246 419 3827
internal_count=8433 4187 3858 329 4246 419 3827
is_linear=0
shrinkage=0.05


Tree=484
num_leaves=8
num_cat=0
split_feature=2 14 14 2 3 8 5
split_gain=1.80927e-06 0.00108344 0.00137252 0.000579016 0.000287757 0.00111456 0.000427765
threshold=-4.641107863388398 11.204999923706056 10.889999866485597 -5.8890174943822862 2.6894085606462563 0.3037241965300333 6.0476132657587964
decision_type=2 2 2 2 2 2 2
left_child=1 2 -1 -3 6 -6 -2
right_child=4 3 -4 -5 5 -7 -8
leaf_value=0 0 -3.6073367950377427e-05 0.00023422406380242531 1.9190303155150533e-05 -5.1911227204940447e-05 0 4.2269102789820571e-05
leaf_weight=258 4181 1002 110 381 1298 605 598
leaf_count=258 4181 1002 110 381 1298 605 598
internal_value=0 1.60631e-06 8.56315e-05 0 0 -1.93977e-05 7.36717e-07
internal_weight=8433 1751 368 1383 6682 1903 4779
internal_count=8433 1751 368 1383 6682 1903 4779
is_linear=0
shrinkage=0.05


Tree=485
num_leaves=8
num_cat=0
split_feature=13 10 5 13 5 0 14
split_gain=3.75795e-06 0.00100007 0.000975818 0.000944794 0.000787073 0.000323449 8.21139e-05
threshold=-1.2448797960925293 40.07561815881558 9.5920470366637094 -0.89704472932619062 2.3503821936506735 -1.7363571250931595 27.344999313354496
decision_type=2 2 2 2 2 2 2
left_child=1 2 -1 4 -2 -5 -3
right_child=3 6 -4 5 -6 -7 -8
leaf_value=0.00011596833073445337 0 -3.3401758516803351e-05 0 2.4462096094490045e-05 -0.00010716087686289189 0 0
leaf_weight=366 69 182 24 1350 375 6046 21
leaf_count=366 69 182 24 1350 375 6046 21
internal_value=0 3.97362e-06 8.00121e-05 0 -7.27669e-05 2.34365e-07 0
internal_weight=8433 593 390 7840 444 7396 203
internal_count=8433 593 390 7840 444 7396 203
is_linear=0
shrinkage=0.05


Tree=486
num_leaves=8
num_cat=0
split_feature=8 5 0 0 3 5 11
split_gain=1.52244e-06 0.000344736 0.000976019 0.00029862 0.00105914 0.000830628 3.60228e-05
threshold=-0.30891049155850919 3.6070741651783993 1.2683015861433125 3.6775626271185007 18.809009193595596 3.441436951155433 -1.7800402208889039
decision_type=2 2 2 2 2 2 2
left_child=1 6 -3 5 -5 -2 -1
right_child=3 2 -4 4 -6 -7 -8
leaf_value=-1.6298913948333114e-05 3.3067190015400231e-06 6.2216048776525979e-05 0 8.5797278787074649e-05 0 -2.6133780571264829e-05 0
leaf_weight=337 2908 852 222 413 93 3489 119
leaf_count=337 2908 852 222 413 93 3489 119
internal_value=0 1.5762e-06 2.83638e-05 0 2.83064e-05 -7.28402e-06 0
internal_weight=8433 1530 1074 6903 506 6397 456
internal_count=8433 1530 1074 6903 506 6397 456
is_linear=0
shrinkage=0.05


Tree=487
num_leaves=8
num_cat=0
split_feature=14 5 4 4 14 6 14
split_gain=1.31501e-06 0.000464386 0.00108608 0.00103828 0.000352419 0.000882604 0.000339334
threshold=11.039999961853029 6.6538109716669451 10.906258425626655 3.2481004716957886 11.504999637603762 0.82769449692634944 11.899999618530275
decision_type=2 2 2 2 2 2 2
left_child=1 3 -3 -1 5 -2 -6
right_child=4 2 -4 -5 6 -7 -8
leaf_value=0 0 0.00012721467688324849 0 -6.1065035727303696e-05 -2.9873277557390022e-05 8.6825364228588597e-05 8.7676028671622687e-07
leaf_weight=1209 547 185 30 922 945 408 4187
leaf_count=1209 547 185 30 922 945 408 4187
internal_value=0 0 3.78646e-05 -1.99606e-05 7.34788e-07 3.03985e-05 0
internal_weight=8433 2346 215 2131 6087 955 5132
internal_count=8433 2346 215 2131 6087 955 5132
is_linear=0
shrinkage=0.05


Tree=488
num_leaves=8
num_cat=0
split_feature=14 13 13 14 13 10 10
split_gain=1.16252e-06 0.000561693 0.00257555 0.00222164 0.000353644 0.00151785 0.00131579
threshold=11.899999618530275 0.30853621784847635 0.55772823085510359 12.244999885559084 -0.10020810146113555 47.592349629473354 60.433231005469331
decision_type=2 2 2 2 2 2 2
left_child=4 3 -3 -2 6 -6 -1
right_child=1 2 -4 -5 5 -7 -8
leaf_value=-4.8139189370215439e-05 9.2165662248943044e-05 -0.00010712923286344779 9.2104813573516595e-06 0 3.4643490824642635e-05 -5.5591338385324207e-05 4.4268752412724604e-05
leaf_weight=1673 791 572 898 1926 1970 467 136
leaf_count=1673 791 572 898 1926 1970 467 136
internal_value=0 8.32942e-07 -1.2366e-05 2.08503e-05 0 2.97033e-06 -2.18244e-05
internal_weight=8433 4187 1470 2717 4246 2437 1809
internal_count=8433 4187 1470 2717 4246 2437 1809
is_linear=0
shrinkage=0.05


Tree=489
num_leaves=8
num_cat=0
split_feature=12 8 16 1 12 4 3
split_gain=1.09421e-06 0.00051235 0.00119762 0.000220301 0.000784086 0.000578679 0.000212755
threshold=4.6531682634767035 -0.11061484281958602 28.131827457811085 1.0000000180025095e-35 -2.6889328592530384 2.6582814504539538 0.098183703808774073
decision_type=2 2 2 2 2 2 2
left_child=3 6 -3 5 -5 -1 -2
right_child=1 2 -4 4 -6 -7 -8
leaf_value=0 0 7.0160517220426772e-05 0 2.8213710515895589e-05 -1.0883810415761487e-05 -3.1399485566913895e-05 -4.7273852683514751e-05
leaf_weight=1201 71 867 169 2253 1642 1994 236
leaf_count=1201 71 867 169 2253 1642 1994 236
internal_value=0 1.42613e-06 3.51656e-05 0 2.75313e-06 -1.27684e-05 0
internal_weight=8433 1343 1036 7090 3895 3195 307
internal_count=8433 1343 1036 7090 3895 3195 307
is_linear=0
shrinkage=0.05


Tree=490
num_leaves=8
num_cat=0
split_feature=7 11 3 12 5 16 7
split_gain=1.56098e-06 0.000267536 0.00101023 0.000259004 0.000256248 0.001451 0.000114627
threshold=43.279145448641451 -1.6983560823699 -1.8423332171108306 -5.3988353602188539 5.2299636545278139 -27.476679334852182 41.380024000713973
decision_type=2 2 2 2 2 2 2
left_child=4 2 -2 -3 6 -6 -1
right_child=1 3 -4 -5 5 -7 -8
leaf_value=1.0736518385235125e-05 8.9531138606129091e-05 -4.4030169694103079e-05 0 0 5.603821202799463e-05 -5.9884142537093373e-05 0
leaf_weight=2484 397 332 209 3578 77 1119 237
leaf_count=2484 397 332 209 3578 77 1119 237
internal_value=0 9.29386e-07 3.32639e-05 0 0 -2.31245e-05 0
internal_weight=8433 4516 606 3910 3917 1196 2721
internal_count=8433 4516 606 3910 3917 1196 2721
is_linear=0
shrinkage=0.05


Tree=491
num_leaves=8
num_cat=0
split_feature=6 4 0 4 10 10 0
split_gain=1.89996e-06 0.000862904 0.00410267 0.000480889 0.00222922 0.000793799 0.000227061
threshold=0.38240518487887115 5.983303852963096 0.98490694424109859 6.4795066980260163 25.526239512266052 25.982560969077639 -0.19831237525811865
decision_type=2 2 2 2 2 2 2
left_child=1 6 -3 5 -5 -2 -1
right_child=3 2 -4 4 -6 -7 -8
leaf_value=-2.9643215971395391e-05 -1.6208175367872054e-05 0.00023086586962332864 0 0 -9.915232155384181e-05 1.9923356913794498e-05 0
leaf_weight=644 2096 231 92 327 687 3613 743
leaf_count=644 2096 231 92 327 687 3613 743
internal_value=0 1.66568e-06 8.15619e-05 0 -3.43762e-05 5.28486e-07 0
internal_weight=8433 1710 323 6723 1014 5709 1387
internal_count=8433 1710 323 6723 1014 5709 1387
is_linear=0
shrinkage=0.05


Tree=492
num_leaves=8
num_cat=0
split_feature=14 14 11 6 6 14 3
split_gain=2.05036e-06 0.00106558 0.00100268 0.000626951 0.00123175 0.000467043 0.000324877
threshold=12.734999656677248 12.545000076293947 5.7307055817186159 2.2912357187302717 0.91668725394090955 14.159999847412109 -2.9468606525716585
decision_type=2 2 2 2 2 2 2
left_child=1 6 -3 4 -2 -5 -1
right_child=3 2 -4 5 -6 -7 -8
leaf_value=1.7364343679961512e-05 0 -0.00014021495588098292 0 0 7.3824339565741577e-05 -0.00011717447590685997 -4.0190163666925158e-06
leaf_weight=2510 1296 261 24 70 766 117 3389
leaf_count=2510 1296 261 24 70 766 117 3389
internal_value=0 0 -9.63435e-05 1.50903e-06 2.31512e-05 -4.96679e-05 0
internal_weight=8433 6184 285 2249 2062 187 5899
internal_count=8433 6184 285 2249 2062 187 5899
is_linear=0
shrinkage=0.05


Tree=493
num_leaves=7
num_cat=0
split_feature=3 7 11 16 8 16
split_gain=1.16241e-06 0.000484283 0.0010089 0.000483278 0.000430449 9.20548e-05
threshold=-20.403721702655343 5.2730033624599892 -10.62092004350634 -16.996585371563885 -0.76299429935318097 -9.6545743970893536
decision_type=2 2 2 2 2 2
left_child=1 -1 -3 4 -2 -5
right_child=3 2 -4 5 -6 -7
leaf_value=0 0 0.00011369627373556691 0 1.4954967243201848e-05 -0.00011911467576678464 0
leaf_weight=25 40 287 94 1027 159 6801
leaf_count=25 40 287 94 1027 159 6801
internal_value=0 2.66882e-06 5.62913e-05 0 -7.75301e-05 0
internal_weight=8433 406 381 8027 199 7828
internal_count=8433 406 381 8027 199 7828
is_linear=0
shrinkage=0.05


Tree=494
num_leaves=8
num_cat=0
split_feature=7 7 4 7 7 6 6
split_gain=1.06691e-06 0.000221546 0.000697351 0.000218956 0.000143361 0.00117624 0.000949437
threshold=43.279145448641451 51.600094201289693 4.8254172001085003 59.99999015160131 35.266077185401599 0.56357114502457784 0.41050591707070266
decision_type=2 2 2 2 2 2 2
left_child=4 2 -2 -3 5 -1 -6
right_child=1 3 -4 -5 6 -7 -8
leaf_value=-4.0428041189755288e-05 0 -2.0661477666094325e-05 7.0860563484279645e-05 2.5401190811079633e-07 0 3.0733989808642667e-05 -5.0065893595082332e-05
leaf_weight=791 1096 1280 456 1684 299 1739 1088
leaf_count=791 1096 1280 456 1684 299 1739 1088
internal_value=0 7.40047e-07 1.8921e-05 0 -2.21856e-07 0 -1.60676e-05
internal_weight=8433 4516 1552 2964 3917 2530 1387
internal_count=8433 4516 1552 2964 3917 2530 1387
is_linear=0
shrinkage=0.05


Tree=495
num_leaves=8
num_cat=0
split_feature=16 11 16 16 11 16 13
split_gain=8.19489e-07 0.000558041 0.000483811 0.000318806 0.00164005 0.000278753 4.26578e-05
threshold=-4.9140075238299383 -4.4517255072415916 8.1953975548308211 -9.6545743970893536 -6.4614120271037185 -11.932738324230639 -0.22703806390496625
decision_type=2 2 2 2 2 2 2
left_child=3 2 -2 5 -5 -1 -3
right_child=1 6 -4 4 -6 -7 -8
leaf_value=0 7.8408052455364134e-05 -7.6737930853337855e-06 0 -0.00013803992291803384 0 3.9617584699937647e-05 0
leaf_weight=1190 422 1809 38 255 1172 442 3105
leaf_count=1190 422 1809 38 255 1172 442 3105
internal_value=0 6.17322e-07 5.49921e-05 0 -2.36166e-05 0 0
internal_weight=8433 5374 460 3059 1427 1632 4914
internal_count=8433 5374 460 3059 1427 1632 4914
is_linear=0
shrinkage=0.05


Tree=496
num_leaves=8
num_cat=0
split_feature=7 11 6 9 2 11 11
split_gain=9.73836e-07 0.000202847 0.000641584 0.000123284 0.00129659 0.000472333 8.34583e-05
threshold=43.279145448641451 -1.7800402208889039 0.47862202026536899 -0.040460372621391578 -6.2144185301226331 -4.4517255072415916 1.1694622542718827
decision_type=2 2 2 2 2 2 2
left_child=3 2 -2 5 -5 -1 -3
right_child=1 6 -4 4 -6 -7 -8
leaf_value=6.4595268891363074e-05 0 -1.0807568341454633e-05 7.8727251533020331e-05 -7.5362295349244967e-05 0 0 2.0692267898720586e-06
leaf_weight=281 232 1702 339 623 2923 90 2243
leaf_count=281 232 1702 339 623 2923 90 2243
internal_value=0 7.34074e-07 2.98206e-05 0 -9.32032e-06 0 0
internal_weight=8433 4516 571 3917 3546 371 3945
internal_count=8433 4516 571 3917 3546 371 3945
is_linear=0
shrinkage=0.05


Tree=497
num_leaves=8
num_cat=0
split_feature=6 4 4 4 11 4 9
split_gain=1.18063e-06 0.000716919 0.00085107 0.00041569 0.000741243 0.000306159 6.77953e-05
threshold=0.38240518487887115 6.5549914244317202 10.419177817922455 6.4795066980260163 -12.193582025855099 4.1840921848281214 0.41283265998857105
decision_type=2 2 2 2 2 2 2
left_child=1 6 -3 5 -5 -2 -1
right_child=3 2 -4 4 -6 -7 -8
leaf_value=-1.5062931999985147e-05 0 0.00013323211801224928 0 0 -5.6752611484330227e-05 2.2410463718058016e-05 0
leaf_weight=745 4187 219 34 118 896 1522 712
leaf_count=745 4187 219 34 118 896 1522 712
internal_value=0 1.31303e-06 8.39059e-05 0 -3.19822e-05 0 0
internal_weight=8433 1710 253 6723 1014 5709 1457
internal_count=8433 1710 253 6723 1014 5709 1457
is_linear=0
shrinkage=0.05


Tree=498
num_leaves=8
num_cat=0
split_feature=4 12 16 4 14 14 8
split_gain=2.01378e-06 0.000783921 0.000813405 0.000279034 0.000341269 0.000290706 0.000269646
threshold=8.2923030597453948 -15.619671448881064 -21.464274463034048 7.370180703513534 21.099999427795414 12.545000076293947 0.47796376507619909
decision_type=2 2 2 2 2 2 2
left_child=3 2 -2 5 -5 -1 -3
right_child=1 6 -4 4 -6 -7 -8
leaf_value=8.2479880763424021e-06 0 -3.9902306427048603e-05 0.00020198886252450286 -7.9885683392495288e-05 0 -1.2952904167268529e-05 1.9269321598282382e-05
leaf_weight=5391 31 399 96 241 38 2143 94
leaf_count=5391 31 399 96 241 38 2143 94
internal_value=0 2.84499e-06 0.000123415 0 -4.98248e-05 0 0
internal_weight=8433 620 127 7813 279 7534 493
internal_count=8433 620 127 7813 279 7534 493
is_linear=0
shrinkage=0.05


Tree=499
num_leaves=8
num_cat=0
split_feature=4 12 8 4 6 2 6
split_gain=1.45762e-06 0.000691667 0.000243505 0.000241983 0.000638527 0.000227507 0.0001451
threshold=8.2923030597453948 -15.619671448881064 0.47796376507619909 7.370180703513534 0.75723280386425984 0.5580028144877015 1.4454461541859669
decision_type=2 2 2 2 2 2 2
left_child=3 6 -3 5 -5 -1 -2
right_child=1 2 -4 4 -6 -7 -8
leaf_value=-3.8164747044495394e-06 0.00015889529921626395 -3.7917140871649289e-05 1.8325934337705524e-05 0 -0.00011878864622840179 1.4100291864290957e-05 0
leaf_weight=5045 81 399 94 125 154 2489 46
leaf_count=5045 81 399 94 125 154 2489 46
internal_value=0 2.42046e-06 0 0 -4.63991e-05 0 0.000115899
internal_weight=8433 620 493 7813 279 7534 127
internal_count=8433 620 493 7813 279 7534 127
is_linear=0
shrinkage=0.05


Tree=500
num_leaves=8
num_cat=0
split_feature=4 14 2 14 14 2 9
split_gain=1.50996e-06 0.000696895 0.00122129 0.000620375 0.000212548 0.00118572 0.000427544
threshold=8.2923030597453948 12.329999923706056 7.9810358626910221 11.534999847412111 12.545000076293947 -1.6007918781686834 0.91381065443681675
decision_type=2 2 2 2 2 2 2
left_child=4 3 -3 -2 6 -6 -1
right_child=1 2 -4 -5 5 -7 -8
leaf_value=1.0271216598353569e-05 0 0.00013691968120866705 0 -0.00011007591511315697 -5.3806620609820051e-05 0 -3.5166297378896378e-05
leaf_weight=5124 205 254 35 126 1205 1058 426
leaf_count=5124 205 254 35 126 1205 1058 426
internal_value=0 2.46353e-06 7.746e-05 0 0 -1.52991e-05 4.68134e-07
internal_weight=8433 620 289 331 7813 2263 5550
internal_count=8433 620 289 331 7813 2263 5550
is_linear=0
shrinkage=0.05


Tree=501
num_leaves=8
num_cat=0
split_feature=7 5 12 7 5 5 7
split_gain=5.40646e-07 0.000202052 0.000958195 0.000184414 0.00177123 0.000218555 9.69244e-05
threshold=43.279145448641451 5.2299636545278139 -9.3151151512519021 51.600094201289693 6.0476132657587964 5.9750232317835783 41.380024000713973
decision_type=2 2 2 2 2 2 2
left_child=1 6 -3 4 -2 -5 -1
right_child=3 2 -4 5 -6 -7 -8
leaf_value=9.8727037404781772e-06 0 0 -7.7655570298957785e-05 0 0.00013008454242647888 -3.6328761739395385e-05 0
leaf_weight=2484 1265 717 479 2552 287 412 237
leaf_count=2484 1265 717 479 2552 287 412 237
internal_value=0 0 -2.0534e-05 5.46957e-07 1.72495e-05 0 0
internal_weight=8433 3917 1196 4516 1552 2964 2721
internal_count=8433 3917 1196 4516 1552 2964 2721
is_linear=0
shrinkage=0.05


Tree=502
num_leaves=7
num_cat=0
split_feature=4 6 7 6 7 8
split_gain=7.55712e-07 0.000167457 0.000645675 0.000186789 4.64215e-05 3.41237e-05
threshold=1.3211389294000782 1.352502648275733 53.400585138723876 0.91668725394090955 52.661040260587093 1.0065488311234827
decision_type=2 2 2 2 2 2
left_child=4 3 -3 -2 -1 -6
right_child=1 2 -4 -5 5 -7
leaf_value=0 0 0 -5.971909088440411e-05 1.8415295684477295e-05 1.9924290590971344e-05 0
leaf_weight=410 4564 970 568 1375 510 36
leaf_count=410 4564 970 568 1375 510 36
internal_value=0 0 -1.64878e-05 0 1.40432e-06 1.46705e-05
internal_weight=8433 7477 1538 5939 956 546
internal_count=8433 7477 1538 5939 956 546
is_linear=0
shrinkage=0.05


Tree=503
num_leaves=8
num_cat=0
split_feature=14 2 12 14 14 2 2
split_gain=1.14614e-06 0.000432393 0.00147833 0.000605766 0.000343723 0.000893052 0.000548355
threshold=11.899999618530275 -2.3020473921310507 -11.132645875998799 12.105000019073488 11.75500011444092 2.7763485927135849 -1.430926151588324
decision_type=2 2 2 2 2 2 2
left_child=4 3 -3 -2 6 -6 -1
right_child=1 2 -4 -5 5 -7 -8
leaf_value=2.7446306802822982e-05 1.4359574230154147e-05 0.00015132191673154861 0 -3.1047902981630288e-05 -0.00011165791045054756 0 -9.8550075052187311e-06
leaf_weight=1507 241 204 2160 1582 246 84 2409
leaf_count=1507 241 204 2160 1582 246 84 2409
internal_value=0 8.27055e-07 2.07756e-05 -5.85781e-06 0 -5.08751e-05 0
internal_weight=8433 4187 2364 1823 4246 330 3916
internal_count=8433 4187 2364 1823 4246 330 3916
is_linear=0
shrinkage=0.05


Tree=504
num_leaves=8
num_cat=0
split_feature=11 9 16 9 16 16 8
split_gain=2.06538e-06 0.000210325 0.000593507 0.000143504 0.000220578 0.000169092 8.31331e-05
threshold=1.1694622542718827 1.0315835146504944 28.131827457811085 0.52382370170900505 -4.9994754162343868 -4.2901589242663176 0.47796376507619909
decision_type=2 2 2 2 2 2 2
left_child=3 2 -2 4 -1 -5 -3
right_child=1 6 -4 5 -6 -7 -8
leaf_value=-5.8702245586694665e-06 3.3299089719470061e-05 -3.3608426404538015e-05 0 0 1.3115572042388826e-05 -3.6120041394267828e-05 0
leaf_weight=2882 1815 182 155 70 2626 597 106
leaf_count=2882 1815 182 155 70 2626 597 106
internal_value=0 1.51152e-06 1.64091e-05 0 0 -2.31573e-05 0
internal_weight=8433 2258 1970 6175 5508 667 288
internal_count=8433 2258 1970 6175 5508 667 288
is_linear=0
shrinkage=0.05


Tree=505
num_leaves=8
num_cat=0
split_feature=14 14 12 4 14 7 14
split_gain=1.01422e-06 0.000880166 0.00117979 0.000358832 0.000266785 0.000829329 0.000256339
threshold=12.734999656677248 12.545000076293947 5.9703077672334537 7.4553710672648927 13.784999847412111 20.930961884981468 19.425000190734867
decision_type=2 2 2 2 2 2 2
left_child=1 3 -3 -1 5 -2 -6
right_child=4 2 -4 -5 6 -7 -8
leaf_value=7.8489955665194166e-06 0 -0.00014323944816615076 0 -3.3687970718901546e-05 -3.1160539430953641e-05 6.1763827706650654e-05 0
leaf_weight=5404 106 249 36 495 658 717 768
leaf_count=5404 106 249 36 495 658 717 768
internal_value=0 0 -8.75611e-05 0 1.06132e-06 2.84871e-05 0
internal_weight=8433 6184 285 5899 2249 823 1426
internal_count=8433 6184 285 5899 2249 823 1426
is_linear=0
shrinkage=0.05


Tree=506
num_leaves=8
num_cat=0
split_feature=14 6 12 4 6 14 14
split_gain=1.11221e-06 0.000695246 0.000694988 0.000497242 0.000378565 0.00178056 0.000945351
threshold=11.899999618530275 2.2269980668234908 5.7205774558771951 0.37553317868809094 2.0009651222172895 10.550000190734865 10.315000057220461
decision_type=2 2 2 2 2 2 2
left_child=4 2 -2 -3 6 -6 -1
right_child=1 3 -4 -5 5 -7 -8
leaf_value=4.7657602627316622e-06 0 0 7.2666330665118115e-05 -8.5741571964029624e-05 0 0.00013477422634313179 -3.3187851592425381e-05
leaf_weight=1160 3378 35 480 294 157 262 2667
leaf_count=1160 3378 35 480 294 157 262 2667
internal_value=0 7.78903e-07 1.44653e-05 -5.3091e-05 -2.37248e-07 2.85813e-05 -1.25465e-05
internal_weight=8433 4187 3858 329 4246 419 3827
internal_count=8433 4187 3858 329 4246 419 3827
is_linear=0
shrinkage=0.05


Tree=507
num_leaves=8
num_cat=0
split_feature=14 5 14 5 5 14 14
split_gain=1.04373e-06 0.000406426 0.000679301 0.000461326 0.00033951 0.000807186 0.00052657
threshold=11.039999961853029 6.6538109716669451 9.865000247955324 9.5920470366637094 6.9299477639354254 13.405000209808351 13.355000019073488
decision_type=2 2 2 2 2 2 2
left_child=1 2 -1 -3 6 -6 -2
right_child=4 3 -4 -5 5 -7 -8
leaf_value=0 0 8.6699051895688272e-05 -3.8436628094286125e-05 0 0 -9.1993307395826524e-05 3.3738403711958152e-05
leaf_weight=436 3918 179 1695 36 291 277 1601
leaf_count=436 3918 179 1695 36 291 277 1601
internal_value=0 0 -1.94733e-05 3.09013e-05 6.54621e-07 -2.45359e-05 9.59454e-06
internal_weight=8433 2346 2131 215 6087 568 5519
internal_count=8433 2346 2131 215 6087 568 5519
is_linear=0
shrinkage=0.05


Tree=508
num_leaves=8
num_cat=0
split_feature=2 14 14 14 13 13 8
split_gain=1.20532e-06 0.000909997 0.00123454 0.000513785 0.000227524 0.000890817 0.000211532
threshold=-4.641107863388398 11.204999923706056 10.889999866485597 13.355000019073488 -0.53258404265513193 -1.2448797960925293 0.47796376507619909
decision_type=2 2 2 2 2 2 2
left_child=1 2 -1 -3 5 -2 -6
right_child=4 3 -4 -5 6 -7 -8
leaf_value=0 0 -4.0695287590673378e-05 0.00021885169858121249 6.6145808502433381e-06 0 -5.6397871276400259e-05 2.9299978280589619e-05
leaf_weight=258 356 757 110 626 4835 877 614
leaf_count=258 356 757 110 626 4835 877 614
internal_value=0 1.31108e-06 7.84651e-05 0 0 -2.1461e-05 0
internal_weight=8433 1751 368 1383 6682 1233 5449
internal_count=8433 1751 368 1383 6682 1233 5449
is_linear=0
shrinkage=0.05


Tree=509
num_leaves=7
num_cat=0
split_feature=4 7 4 0 4 0
split_gain=1.28489e-06 0.000666931 0.00160676 0.000250538 0.00264434 0.000321719
threshold=8.2923030597453948 72.102297328704722 17.876241828708817 -4.2155469780196322 4.0766752247100424 -2.163886260030417
decision_type=2 2 2 2 2 2
left_child=3 2 -2 4 -1 -5
right_child=1 -3 -4 5 -6 -7
leaf_value=0 0.00010281766043796566 0 0 3.1344049831680737e-05 -0.00018520135006821006 -8.2895350441049962e-07
leaf_weight=124 536 55 29 812 209 6668
leaf_count=124 536 55 29 812 209 6668
internal_value=0 2.27252e-06 5.42796e-05 0 -4.32399e-05 0
internal_weight=8433 620 565 7813 333 7480
internal_count=8433 620 565 7813 333 7480
is_linear=0
shrinkage=0.05


Tree=510
num_leaves=8
num_cat=0
split_feature=2 14 13 2 3 8 5
split_gain=1.18063e-06 0.000828342 0.00110693 0.00046463 0.000248241 0.00103137 0.00033819
threshold=-4.641107863388398 11.204999923706056 0.074993833556868963 -5.8890174943822862 2.6894085606462563 0.3037241965300333 6.0476132657587964
decision_type=2 2 2 2 2 2 2
left_child=1 2 -1 -3 6 -6 -2
right_child=4 3 -4 -5 5 -7 -8
leaf_value=0.00014173086634204296 0 -3.2161937309017713e-05 0 1.7924064673891744e-05 -4.9598634115220472e-05 0 3.7560350299281714e-05
leaf_weight=239 4181 1002 129 381 1298 605 598
leaf_count=239 4181 1002 129 381 1298 605 598
internal_value=0 1.29759e-06 7.48658e-05 0 0 -1.80348e-05 4.55632e-07
internal_weight=8433 1751 368 1383 6682 1903 4779
internal_count=8433 1751 368 1383 6682 1903 4779
is_linear=0
shrinkage=0.05


Tree=511
num_leaves=8
num_cat=0
split_feature=14 5 14 5 5 6 6
split_gain=2.05155e-06 0.000337082 0.00063231 0.000405437 0.000322956 0.00117343 0.000361581
threshold=11.039999961853029 6.6538109716669451 9.865000247955324 9.5920470366637094 6.8251279552749464 0.30023738698234331 0.75227090182012957
decision_type=2 2 2 2 2 2 2
left_child=1 2 -1 -3 6 -6 -2
right_child=4 3 -4 -5 5 -7 -8
leaf_value=0 0 7.9384557481531015e-05 -3.6786253955223119e-05 0 0 -8.3001421294469254e-05 2.2718465019533905e-05
leaf_weight=436 2699 179 1695 36 149 465 2774
leaf_count=436 2699 179 1695 36 149 465 2774
internal_value=0 0 -1.83171e-05 2.4197e-05 9.17778e-07 -2.14604e-05 9.82793e-06
internal_weight=8433 2346 2131 215 6087 614 5473
internal_count=8433 2346 2131 215 6087 614 5473
is_linear=0
shrinkage=0.05


Tree=512
num_leaves=8
num_cat=0
split_feature=14 13 9 13 14 6 13
split_gain=1.25284e-06 0.000485447 0.000949968 0.000684662 0.000275485 0.000756347 0.000299233
threshold=11.039999961853029 -0.013045006246314992 0.68558657445845694 0.58543975638573065 11.504999637603762 0.82769449692634944 -0.075203156853087524
decision_type=2 2 2 2 2 2 2
left_child=1 2 -1 -3 5 -2 -6
right_child=4 3 -4 -5 6 -7 -8
leaf_value=-6.9249143766562891e-05 0 4.2320103656371018e-05 0 -5.5440242621017082e-06 8.0747137834973918e-06 7.9368132992474404e-05 -1.4650735875505351e-05
leaf_weight=745 547 950 231 420 2369 408 2763
leaf_count=745 547 950 231 420 2369 408 2763
internal_value=0 0 -3.51345e-05 2.14953e-06 7.17208e-07 2.68874e-05 0
internal_weight=8433 2346 976 1370 6087 955 5132
internal_count=8433 2346 976 1370 6087 955 5132
is_linear=0
shrinkage=0.05


Tree=513
num_leaves=8
num_cat=0
split_feature=14 6 13 5 14 13 6
split_gain=1.86965e-06 0.000637664 0.000688286 0.000462666 0.000277593 0.000769899 0.000277697
threshold=11.899999618530275 2.2269980668234908 0.30853621784847635 5.3100174358345633 11.75500011444092 0.39585431958857337 1.6979935221122024
decision_type=2 2 2 2 2 2 2
left_child=4 2 -2 -3 6 -6 -1
right_child=1 3 -4 -5 5 -7 -8
leaf_value=0 3.1750735809796447e-05 0 0 -0.00012209736008505825 -0.00011220538284987927 0 3.6931497883154561e-05
leaf_weight=3409 2501 200 1357 129 206 124 507
leaf_count=3409 2501 200 1357 129 206 124 507
internal_value=0 1.05632e-06 1.44195e-05 -4.90469e-05 0 -4.57199e-05 0
internal_weight=8433 4187 3858 329 4246 330 3916
internal_count=8433 4187 3858 329 4246 330 3916
is_linear=0
shrinkage=0.05


Tree=514
num_leaves=8
num_cat=0
split_feature=13 13 5 13 7 3 13
split_gain=5.96719e-07 0.000403123 0.00109209 0.000236701 0.00116035 0.000173259 0.000151719
threshold=0.19340332375729077 0.36317388633246855 3.6841678178984414 -0.011353615510945046 45.581424381912221 -5.0974416905078632 -0.32272805747614591
decision_type=2 2 2 2 2 2 2
left_child=3 2 -2 6 -5 -3 -1
right_child=1 5 -4 4 -6 -7 -8
leaf_value=0 0 -2.042381415843647e-05 0.00010912969057203931 -8.1331465374189947e-05 0 3.1521946834676059e-07 1.6167988718450136e-05
leaf_weight=2638 204 1036 312 526 627 1641 1449
leaf_count=2638 204 1036 312 526 627 1641 1449
internal_value=0 6.83313e-07 4.41413e-05 0 -2.26349e-05 0 0
internal_weight=8433 3193 516 5240 1153 2677 4087
internal_count=8433 3193 516 5240 1153 2677 4087
is_linear=0
shrinkage=0.05


Tree=515
num_leaves=7
num_cat=0
split_feature=8 2 12 8 11 12
split_gain=1.19489e-06 0.000369076 0.000328711 0.00011862 0.00061542 0.000421409
threshold=-0.76299429935318097 -2.8835965435296314 12.211634621381927 -0.10032188657883567 -4.0417747183987762 4.3135397887059819
decision_type=2 2 2 2 2 2
left_child=1 -1 -3 4 -2 -5
right_child=3 2 -4 5 -6 -7
leaf_value=0 0 9.2780090348065119e-05 0 -6.6641806153475399e-07 -4.5717521435277324e-05 3.1233064980086339e-05
leaf_weight=390 1527 201 21 4342 876 1076
leaf_count=390 1527 201 21 4342 876 1076
internal_value=0 2.20572e-06 6.42844e-05 0 -1.11043e-05 0
internal_weight=8433 612 222 7821 2403 5418
internal_count=8433 612 222 7821 2403 5418
is_linear=0
shrinkage=0.05


Tree=516
num_leaves=8
num_cat=0
split_feature=2 2 11 11 2 5 12
split_gain=7.6259e-07 0.000250423 0.000657935 0.000285474 0.000102401 0.000550327 0.000468204
threshold=-4.641107863388398 -6.2144185301226331 -3.2917073601097795 -6.4614120271037185 -2.6367946594723408 3.0091487715771512 -2.6889328592530384
decision_type=2 2 2 2 2 2 2
left_child=1 3 -3 -1 5 -2 -6
right_child=4 2 -4 -5 6 -7 -8
leaf_value=-2.9454209345198938e-05 0 7.0598972189353005e-05 0 1.2005772463154462e-05 2.2357076524652012e-05 -4.3062049191658764e-05 -6.9279815731810621e-06
leaf_weight=760 277 454 174 363 2001 878 3526
leaf_count=760 277 454 174 363 2001 878 3526
internal_value=0 1.04286e-06 3.15716e-05 0 0 -1.4875e-05 0
internal_weight=8433 1751 628 1123 6682 1155 5527
internal_count=8433 1751 628 1123 6682 1155 5527
is_linear=0
shrinkage=0.05


Tree=517
num_leaves=8
num_cat=0
split_feature=8 14 7 14 4 14 14
split_gain=1.13074e-06 0.000367126 0.00285912 0.000350122 0.000624553 0.000396374 0.00026198
threshold=-0.30891049155850919 13.635000228881838 25.000006790575792 13.769999980926515 2.4782662752311646 13.355000019073488 11.204999923706056
decision_type=2 2 2 2 2 2 2
left_child=1 6 -3 5 -5 -2 -1
right_child=3 2 -4 4 -6 -7 -8
leaf_value=1.2650594233643651e-05 0 0 0.00018648800730183024 0 -5.3667913030577466e-05 5.5822452544496453e-05 -2.7677563632165357e-05
leaf_weight=309 5517 203 230 226 844 316 788
leaf_count=309 5517 203 230 226 844 316 788
internal_value=0 1.35838e-06 4.60046e-05 0 -2.85748e-05 0 0
internal_weight=8433 1530 433 6903 1070 5833 1097
internal_count=8433 1530 433 6903 1070 5833 1097
is_linear=0
shrinkage=0.05


Tree=518
num_leaves=8
num_cat=0
split_feature=11 16 8 16 8 5 11
split_gain=5.01255e-07 0.000562173 0.000779089 0.000493869 0.000237591 0.000851144 0.000480938
threshold=-4.7591565370263531 -4.9994754162343868 -0.44617866231421033 -9.7865058465731831 -0.055721070811997099 4.7904560648914103 -1.6983560823699
decision_type=2 2 2 2 2 2 2
left_child=1 3 -3 -1 5 -2 -6
right_child=4 2 -4 -5 6 -7 -8
leaf_value=1.1294966103984451e-06 0 0 0.00010736471547703563 -5.0579552683279505e-05 4.133387025696969e-05 -7.5533131761697036e-05 0
leaf_weight=1234 1332 140 289 480 702 475 3781
leaf_count=1234 1332 140 289 480 702 475 3781
internal_value=0 7.64339e-07 5.71295e-05 0 0 -1.81137e-05 3.10439e-07
internal_weight=8433 2143 429 1714 6290 1807 4483
internal_count=8433 2143 429 1714 6290 1807 4483
is_linear=0
shrinkage=0.05


Tree=519
num_leaves=8
num_cat=0
split_feature=8 8 13 13 13 8 3
split_gain=8.38791e-07 0.000226946 0.00039237 0.000272941 0.00021826 0.000657321 0.000274822
threshold=-0.0030703785513425948 0.091434496408323893 0.018913294693356789 0.35435901513232176 -0.011353615510945046 -0.16095988281936699 -15.090283186622548
decision_type=2 2 2 2 2 2 2
left_child=4 3 -3 -2 5 -1 -6
right_child=1 2 -4 -5 6 -7 -8
leaf_value=0 -3.4798964216577575e-05 -2.2026460396498019e-06 2.8816638746022674e-05 0 8.6717832586615435e-06 4.430920286870862e-05 -1.8351593430732926e-05
leaf_weight=1226 1030 1071 1173 494 370 1114 1955
leaf_count=1226 1030 1071 1173 494 370 1114 1955
internal_value=0 0 0 -1.92821e-05 6.70314e-07 1.52931e-05 0
internal_weight=8433 3768 2244 1524 4665 2340 2325
internal_count=8433 3768 2244 1524 4665 2340 2325
is_linear=0
shrinkage=0.05


Tree=520
num_leaves=8
num_cat=0
split_feature=8 5 2 14 5 5 14
split_gain=8.57756e-07 0.000324288 0.000723572 0.000318493 0.00101844 0.000596421 0.000108098
threshold=-0.30891049155850919 3.6070741651783993 0.9149276567397947 13.769999980926515 3.3475556616326134 6.2974390140477361 11.25999975204468
decision_type=2 2 2 2 2 2 2
left_child=1 6 -3 5 -5 -2 -1
right_child=3 2 -4 4 -6 -7 -8
leaf_value=0 0 5.15918581833904e-05 0 0 -6.4078478932948536e-05 4.8080223015294769e-05 -3.021575338853173e-05
leaf_weight=162 5190 983 91 258 812 643 294
leaf_count=162 5190 983 91 258 812 643 294
internal_value=0 1.1831e-06 2.74854e-05 0 -2.72535e-05 0 0
internal_weight=8433 1530 1074 6903 1070 5833 456
internal_count=8433 1530 1074 6903 1070 5833 456
is_linear=0
shrinkage=0.05


Tree=521
num_leaves=7
num_cat=0
split_feature=4 6 7 6 7 16
split_gain=2.76496e-07 0.000163699 0.000629361 0.000157173 3.84903e-05 6.88765e-05
threshold=1.3211389294000782 1.352502648275733 53.400585138723876 0.91668725394090955 52.661040260587093 40.852508120355324
decision_type=2 2 2 2 2 2
left_child=4 3 -3 -2 -1 -6
right_child=1 2 -4 -5 5 -7
leaf_value=0 0 0 -5.8977384516765611e-05 1.689242972643366e-05 2.2727134343807984e-05 0
leaf_weight=410 4564 970 568 1375 519 27
leaf_count=410 4564 970 568 1375 519 27
internal_value=0 0 -1.63017e-05 0 8.49437e-07 1.32987e-05
internal_weight=8433 7477 1538 5939 956 546
internal_count=8433 7477 1538 5939 956 546
is_linear=0
shrinkage=0.05


Tree=522
num_leaves=8
num_cat=0
split_feature=7 14 6 14 16 14 3
split_gain=1.45564e-07 0.000246124 0.000991457 0.000207452 0.000633471 0.000368378 0.000172994
threshold=43.279145448641451 12.72499990463257 2.2912357187302717 11.204999923706056 -9.6545743970893536 10.889999866485597 -6.1830021840292062
decision_type=2 2 2 2 2 2 2
left_child=3 6 -3 5 -5 -1 -2
right_child=1 2 -4 4 -6 -7 -8
leaf_value=0 2.313738772390935e-05 5.9844673605219352e-05 0 0 -3.4021174528174144e-05 6.4869289691624657e-05 -9.1141964738432723e-06
leaf_weight=780 298 862 85 1122 1792 223 3271
leaf_count=780 298 862 85 1122 1792 223 3271
internal_value=0 2.83808e-07 2.54708e-05 0 -1.29996e-05 5.0726e-06 0
internal_weight=8433 4516 947 3917 2914 1003 3569
internal_count=8433 4516 947 3917 2914 1003 3569
is_linear=0
shrinkage=0.05


Tree=523
num_leaves=8
num_cat=0
split_feature=13 5 5 5 13 7 13
split_gain=3.49289e-07 0.000357669 0.000967734 0.00026099 0.000190056 0.00104 0.000126907
threshold=0.19340332375729077 4.5741347462186841 5.7873498490888027 3.0998770014941868 -0.011353615510945046 45.581424381912221 -0.32272805747614591
decision_type=2 2 2 2 2 2 2
left_child=4 3 -3 -2 6 -6 -1
right_child=1 2 -4 -5 5 -7 -8
leaf_value=0 0 7.6932024458463807e-05 0 -2.6029682744621056e-05 -7.6315864790647991e-05 0 1.4786968156252945e-05
leaf_weight=2638 978 558 696 961 526 627 1449
leaf_count=2638 978 558 696 961 526 627 1449
internal_value=0 5.2279e-07 2.66949e-05 0 0 -2.02824e-05 0
internal_weight=8433 3193 1254 1939 5240 1153 4087
internal_count=8433 3193 1254 1939 5240 1153 4087
is_linear=0
shrinkage=0.05


Tree=524
num_leaves=8
num_cat=0
split_feature=8 14 7 7 14 14 8
split_gain=4.52533e-07 0.000362923 0.000871829 0.000621854 0.000205358 0.00112645 0.000365937
threshold=-0.0030703785513425948 12.210000038146974 71.623090708410132 71.623090708410132 13.355000019073488 18.465000152587894 -0.042299577603982265
decision_type=2 2 2 2 2 2 2
left_child=4 3 -3 -2 6 -6 -1
right_child=1 2 -4 -5 5 -7 -8
leaf_value=-1.4163244971780144e-05 2.2184972674568479e-05 -5.6181133785069607e-05 0 -3.2907631695694643e-05 7.0506096865508526e-05 0 2.374655026023397e-05
leaf_weight=2737 2193 976 163 436 668 614 646
leaf_count=2737 2193 976 163 436 668 614 646
internal_value=0 0 -2.8199e-05 0 4.92352e-07 2.0018e-05 0
internal_weight=8433 3768 1139 2629 4665 1282 3383
internal_count=8433 3768 1139 2629 4665 1282 3383
is_linear=0
shrinkage=0.05


Tree=525
num_leaves=8
num_cat=0
split_feature=14 13 11 13 14 6 13
split_gain=4.2455e-07 0.000473428 0.000744845 0.000614548 0.00024329 0.000684742 0.000231197
threshold=11.039999961853029 -0.013045006246314992 11.302438962639659 0.58543975638573065 11.504999637603762 0.82769449692634944 -0.075203156853087524
decision_type=2 2 2 2 2 2 2
left_child=1 2 -1 -3 5 -2 -6
right_child=4 3 -4 -5 6 -7 -8
leaf_value=-5.6948497186534765e-05 0 4.0004418515165928e-05 0 -5.59579148413134e-06 6.3101743694930221e-06 7.524177662370921e-05 -1.3224757310171141e-05
leaf_weight=937 547 950 39 420 2369 408 2763
leaf_count=937 547 950 39 420 2369 408 2763
internal_value=0 0 -3.47822e-05 5.26809e-07 4.17505e-07 2.52322e-05 0
internal_weight=8433 2346 976 1370 6087 955 5132
internal_count=8433 2346 976 1370 6087 955 5132
is_linear=0
shrinkage=0.05


Tree=526
num_leaves=8
num_cat=0
split_feature=14 13 13 14 13 16 16
split_gain=6.36832e-07 0.000442566 0.00227684 0.00193222 0.00027215 0.000918343 0.000904035
threshold=11.899999618530275 0.30853621784847635 0.55772823085510359 12.244999885559084 -0.10020810146113555 -13.588328100044809 -6.1477161628324941
decision_type=2 2 2 2 2 2 2
left_child=4 3 -3 -2 6 -6 -1
right_child=1 2 -4 -5 5 -7 -8
leaf_value=0 8.5570845741907519e-05 -0.00010003480108161807 9.4282354711443414e-06 0 -6.3124936629752111e-05 2.4277549475448663e-05 -4.6811608588752889e-05
leaf_weight=470 791 572 898 1926 251 2186 1339
leaf_count=470 791 572 898 1926 251 2186 1339
internal_value=0 6.16492e-07 -9.46642e-06 1.89471e-05 0 8.80963e-07 -1.93557e-05
internal_weight=8433 4187 1470 2717 4246 2437 1809
internal_count=8433 4187 1470 2717 4246 2437 1809
is_linear=0
shrinkage=0.05


Tree=527
num_leaves=8
num_cat=0
split_feature=16 6 6 13 6 5 4
split_gain=3.6435e-07 0.000271205 0.000596018 0.000521209 0.000126089 0.000571372 0.00036046
threshold=-4.9140075238299383 1.5811725828185734 3.339470469680768 0.7137331665604153 1.3945415150555183 5.539695095664956 1.5810310930166616
decision_type=2 2 2 2 2 2 2
left_child=1 3 -3 -1 5 -2 -6
right_child=4 2 -4 -5 6 -7 -8
leaf_value=-2.8449020794577809e-05 0 6.8075828940722163e-05 0 0 0 4.6181365413622975e-05 -3.1695840946347484e-05
leaf_weight=2317 3473 342 84 316 190 816 895
leaf_count=2317 3473 342 84 316 190 816 895
internal_value=0 0 1.56001e-05 -1.47574e-05 4.11623e-07 8.58335e-06 0
internal_weight=8433 3059 426 2633 5374 4289 1085
internal_count=8433 3059 426 2633 5374 4289 1085
is_linear=0
shrinkage=0.05


Tree=528
num_leaves=8
num_cat=0
split_feature=11 7 11 13 12 12 12
split_gain=5.43161e-07 0.000542273 0.000838855 0.000275812 0.000130014 0.000457496 9.96981e-05
threshold=-4.7591565370263531 34.586193643647619 -8.4158958084386146 0.7137331665604153 -5.6422521604908598 -13.310229832801037 -2.6889328592530384
decision_type=2 2 2 2 2 2 2
left_child=1 3 -3 -1 5 -2 -6
right_child=4 2 -4 -5 6 -7 -8
leaf_value=-1.9599900260041539e-05 0 0 0.00010035180186832142 2.2194109136505617e-05 1.4984834738398762e-05 -3.804036991634456e-05 0
leaf_weight=1448 116 87 341 267 1108 1013 4053
leaf_count=1448 116 87 341 267 1108 1013 4053
internal_value=0 7.95647e-07 5.61775e-05 0 0 -1.69525e-05 0
internal_weight=8433 2143 428 1715 6290 1129 5161
internal_count=8433 2143 428 1715 6290 1129 5161
is_linear=0
shrinkage=0.05


Tree=529
num_leaves=8
num_cat=0
split_feature=14 13 7 0 7 7 14
split_gain=7.3347e-07 0.000354127 0.000926166 0.000562452 0.00024579 0.00186625 0.000437369
threshold=11.039999961853029 -0.013045006246314992 59.427287130290431 0.43865234902892419 51.925570790297002 43.279145448641451 11.534999847412111
decision_type=2 2 2 2 2 2 2
left_child=1 2 -1 -3 5 -2 -6
right_child=4 3 -4 -5 6 -7 -8
leaf_value=-6.5546053282541708e-05 0 4.1087364052342629e-05 0 -1.7025014661852658e-06 0 6.9506228294360258e-05 -2.6508017797393822e-05
leaf_weight=743 3030 830 233 540 351 1081 1625
leaf_count=743 3030 830 233 540 351 1081 1625
internal_value=0 0 -3.00871e-05 0 5.48767e-07 1.17358e-05 -5.01915e-06
internal_weight=8433 2346 976 1370 6087 4111 1976
internal_count=8433 2346 976 1370 6087 4111 1976
is_linear=0
shrinkage=0.05


Tree=530
num_leaves=7
num_cat=0
split_feature=12 12 8 7 8 7
split_gain=3.09221e-07 0.000357482 0.00113304 0.000119025 7.78211e-05 6.15845e-05
threshold=17.07890472156139 6.1570122401855913 -0.11061484281958602 51.925570790297002 0.47796376507619909 73.295056094394383
decision_type=2 2 2 2 2 2
left_child=1 3 -3 -1 5 -2
right_child=4 2 -4 -5 -6 -7
leaf_value=1.3405394106330022e-07 -6.2931602714425878e-05 0 8.1727239647171125e-05 -1.223850817684663e-05 0 0
leaf_weight=5370 86 203 556 1984 162 72
leaf_count=5370 86 203 556 1984 162 72
internal_value=0 3.08646e-07 3.42841e-05 0 0 -3.48705e-05
internal_weight=8433 8113 759 7354 320 158
internal_count=8433 8113 759 7354 320 158
is_linear=0
shrinkage=0.05


Tree=531
num_leaves=7
num_cat=0
split_feature=3 7 11 16 13 5
split_gain=3.41297e-07 0.000454405 0.000964462 0.00041027 0.000708045 0.000240402
threshold=-20.403721702655343 5.2730033624599892 -10.62092004350634 -16.564163296527038 0.67494438532680345 7.4865567663670181
decision_type=2 2 2 2 2 2
left_child=1 -1 -3 4 -2 -5
right_child=3 2 -4 5 -6 -7
leaf_value=0 -0.00011621623139821836 0.00011080108450697076 0 4.4389135940888012e-06 0 -3.5378647745765248e-05
leaf_weight=25 205 287 94 7441 20 361
leaf_count=25 205 287 94 7441 20 361
internal_value=0 1.44613e-06 5.44822e-05 0 -6.7219e-05 0
internal_weight=8433 406 381 8027 225 7802
internal_count=8433 406 381 8027 225 7802
is_linear=0
shrinkage=0.05


Tree=532
num_leaves=7
num_cat=0
split_feature=4 6 14 14 16 14
split_gain=9.58408e-08 0.000142749 0.000714514 0.000283561 1.27643e-05 2.53152e-05
threshold=1.3211389294000782 1.352502648275733 10.525000095367433 10.315000057220461 40.852508120355324 9.4649996757507342
decision_type=2 2 2 2 2 2
left_child=4 3 -3 -2 5 -1
right_child=1 2 -4 -5 -6 -7
leaf_value=0 2.8545241522963276e-05 -8.8279653892360261e-05 0 0 0 1.0286280123324476e-05
leaf_weight=28 868 273 1265 5071 28 900
leaf_count=28 868 273 1265 5071 28 900
internal_value=0 0 -1.52228e-05 0 5.00106e-07 5.87965e-06
internal_weight=8433 7477 1538 5939 956 928
internal_count=8433 7477 1538 5939 956 928
is_linear=0
shrinkage=0.05


Tree=533
num_leaves=8
num_cat=0
split_feature=11 8 8 8 8 8 11
split_gain=4.32895e-08 0.000229439 0.000798704 0.000440091 0.000218098 0.000547283 0.000454232
threshold=-4.7591565370263531 0.044078412791086666 -0.18196473313193845 0.14085682727248988 -0.055721070811997099 -0.90286034990932007 -1.6983560823699
decision_type=2 2 2 2 2 2 2
left_child=1 2 -1 -3 5 -2 -6
right_child=4 3 -4 -5 6 -7 -8
leaf_value=0 0 -0.00013010219588893685 6.8177885891115288e-05 0 4.0162677371426988e-05 -3.4420925181761774e-05 0
leaf_weight=1459 194 63 551 70 702 1613 3781
leaf_count=1459 194 63 551 70 702 1613 3781
internal_value=0 2.2462e-07 1.68862e-05 0 0 -1.73611e-05 0
internal_weight=8433 2143 2010 133 6290 1807 4483
internal_count=8433 2143 2010 133 6290 1807 4483
is_linear=0
shrinkage=0.05


Tree=534
num_leaves=5
num_cat=0
split_feature=4 4 4 5
split_gain=1.1036e-08 5.37475e-05 0.000393811 0.000356119
threshold=1.3211389294000782 8.0742579937498657 17.876241828708817 4.0965250073176103
decision_type=2 2 2 2
left_child=-1 3 -3 -2
right_child=1 2 -4 -5
leaf_value=1.6970445945020587e-07 0 3.8829114111724908e-05 0 -1.8122333718323697e-05
leaf_weight=956 3677 651 31 3118
leaf_count=956 3677 651 31 3118
internal_value=0 0 0 -4.44621e-06
internal_weight=8433 7477 682 6795
internal_count=8433 7477 682 6795
is_linear=0
shrinkage=0.05


Tree=535
num_leaves=8
num_cat=0
split_feature=12 13 13 13 12 13 16
split_gain=1.94175e-07 0.000537007 0.00263397 0.000629525 0.000224211 0.000480348 0.00010238
threshold=-4.4058413831110537 0.67494438532680345 0.52555861591733211 1.7042689265110769 -3.174219352870371 0.80579453475153617 -3.1445844597134616
decision_type=2 2 2 2 2 2 2
left_child=1 2 -1 -3 5 -2 -6
right_child=4 3 -4 -5 6 -7 -8
leaf_value=0 5.8096942548087398e-05 6.7789977429465921e-05 -0.00015670971989623338 0 -1.8893706490941812e-05 0 0
leaf_weight=2620 520 457 299 85 715 41 3696
leaf_count=2620 520 457 299 85 715 41 3696
internal_value=0 0 -1.66216e-05 3.13752e-05 3.12402e-07 3.15669e-05 0
internal_weight=8433 3461 2919 542 4972 561 4411
internal_count=8433 3461 2919 542 4972 561 4411
is_linear=0
shrinkage=0.05


end of trees

feature_importances:
Column_14=482
Column_13=444
Column_5=290
Column_7=242
Column_4=241
Column_6=205
Column_0=202
Column_8=199
Column_3=198
Column_12=197
Column_10=179
Column_16=147
Column_2=146
Column_1=144
Column_11=121
Column_15=106
Column_9=70

parameters:
[boosting: gbdt]
[objective: regression]
[metric: l1]
[tree_learner: serial]
[device_type: cpu]
[data_sample_strategy: bagging]
[data: ]
[valid: ]
[num_iterations: 2000]
[learning_rate: 0.05]
[num_leaves: 10]
[num_threads: 8]
[seed: 0]
[deterministic: 0]
[force_col_wise: 0]
[force_row_wise: 0]
[histogram_pool_size: -1]
[max_depth: 3]
[min_data_in_leaf: 20]
[min_sum_hessian_in_leaf: 0.001]
[bagging_fraction: 0.6]
[pos_bagging_fraction: 1]
[neg_bagging_fraction: 1]
[bagging_freq: 0]
[bagging_seed: 3]
[bagging_by_query: 0]
[feature_fraction: 0.6]
[feature_fraction_bynode: 1]
[feature_fraction_seed: 2]
[extra_trees: 0]
[extra_seed: 6]
[early_stopping_round: 0]
[early_stopping_min_delta: 0]
[first_metric_only: 0]
[max_delta_step: 0]
[lambda_l1: 0.7]
[lambda_l2: 2]
[linear_lambda: 0]
[min_gain_to_split: 0]
[drop_rate: 0.1]
[max_drop: 50]
[skip_drop: 0.5]
[xgboost_dart_mode: 0]
[uniform_drop: 0]
[drop_seed: 4]
[top_rate: 0.2]
[other_rate: 0.1]
[min_data_per_group: 100]
[max_cat_threshold: 32]
[cat_l2: 10]
[cat_smooth: 10]
[max_cat_to_onehot: 4]
[top_k: 20]
[monotone_constraints: ]
[monotone_constraints_method: basic]
[monotone_penalty: 0]
[feature_contri: ]
[forcedsplits_filename: ]
[refit_decay_rate: 0.9]
[cegb_tradeoff: 1]
[cegb_penalty_split: 0]
[cegb_penalty_feature_lazy: ]
[cegb_penalty_feature_coupled: ]
[path_smooth: 0]
[interaction_constraints: ]
[verbosity: -1]
[saved_feature_importance_type: 0]
[use_quantized_grad: 0]
[num_grad_quant_bins: 4]
[quant_train_renew_leaf: 0]
[stochastic_rounding: 1]
[linear_tree: 0]
[max_bin: 255]
[max_bin_by_feature: ]
[min_data_in_bin: 3]
[bin_construct_sample_cnt: 200000]
[data_random_seed: 1]
[is_enable_sparse: 1]
[enable_bundle: 1]
[use_missing: 1]
[zero_as_missing: 0]
[feature_pre_filter: 1]
[pre_partition: 0]
[two_round: 0]
[header: 0]
[label_column: ]
[weight_column: ]
[group_column: ]
[ignore_column: ]
[categorical_feature: ]
[forcedbins_filename: ]
[precise_float_parser: 0]
[parser_config_file: ]
[objective_seed: 5]
[num_class: 1]
[is_unbalance: 0]
[scale_pos_weight: 1]
[sigmoid: 1]
[boost_from_average: 1]
[reg_sqrt: 0]
[alpha: 0.9]
[fair_c: 1]
[poisson_max_delta_step: 0.7]
[tweedie_variance_power: 1.5]
[lambdarank_truncation_level: 30]
[lambdarank_norm: 1]
[label_gain: ]
[lambdarank_position_bias_regularization: 0]
[eval_at: ]
[multi_error_top_k: 1]
[auc_mu_weights: ]
[num_machines: 1]
[local_listen_port: 12400]
[time_out: 120]
[machine_list_filename: ]
[machines: ]
[gpu_platform_id: -1]
[gpu_device_id: -1]
[gpu_use_dp: 0]
[num_gpu: 1]

end of parameters

pandas_categorical:null
