tree
version=v4
num_class=1
num_tree_per_iteration=1
label_index=0
max_feature_idx=21
objective=regression
feature_names=Column_0 Column_1 Column_2 Column_3 Column_4 Column_5 Column_6 Column_7 Column_8 Column_9 Column_10 Column_11 Column_12 Column_13 Column_14 Column_15 Column_16 Column_17 Column_18 Column_19 Column_20 Column_21
feature_infos=[-17.079971056304359:19.995766944482444] [-12.472312058074566:9.9999962716641022] [-22.241883318287371:32.150894652056849] [-33.069698467622345:55.531054759279684] [0:22.850901652204758] [0.9731003425960616:11.550133205031333] [0:14.841578997082078] [0:99.376318122206598] [-1334.5855672272646:2247.1898950544078] [-0.48886298711169018:1.4813245687683736] [5.0619775235311346:93.326937736316964] [-22.285300613717865:37.259597917704703] [-33.474237973639084:46.955670473979609] [-3.2620779262169552:3.8183073090219954] [9.1499996185302717:27.889999389648441] [-21.839729738250334:31.619763244694575] [-31.972245556771117:55.040463009850683] [-1:1] [0:13.880454022854494] [-7.8632296090331373:12.519631335640014] [-4.7517151060527025:5.3496205572289295] [0:0.68342962583290623]
tree_sizes=1158 619 1413 619 710 986 1418 1440 985 1375 1045 1044 1513 1150 1340 1204 1382 1145 1251 1266 1309 1539 1376 1402 1131 1186 1296 1201 1264 1279 1178 1415 1194 1514 1134 1352 1571 1538 1202 1342 1097 1358 1215 1175 1070 1539 1000 1494 1237 1224 1397 1475 1160 1404 954 1442 1519 932 1566 1294 1557 1339 971 1406 1565 1468 1530 1167 1558 975 1414 1066 1531 1473 993 1525 1050 1374 1336 1399 932 1465 993 1360 1498 1045 1389 1464 1442 1271 1526 1447 1322 1373 1498 1313 1307 1420 1370 1497 1359 1523 1329 1456 1468 1251 1483 967 1522 1462 1488 1395 1003 1275 1427 1453 1331 1477 1314 1501 1454 974 1272 1352 1471 1093 1538 1377 958 1471 1440 1172 1305 1027 1142 1421 1372 1450 1521 1448 1475 1326 1276 1515 1357 1501 1492 977 1422 1452 1431 1296 1184 1182 1477 1415 1109 1428 1204 1117 1499 1117 1135 1463 1473 1337 1294 1496 1289 1466 1228 1416 1532 1174 1429 1493 956 1456 1449 1444 1496 1392 1483 996 1426 1297 1420 1469 1349 1489 1148 1048 1399 1388 1261 1424 1010 1005 1366 1301 1453 1474 1417 1381 1318 1000 1312 1399 1284 1400 1475 1290 1497 1400 1458 1352 1403 1277 1443 1469 1148 1341 1249 1428 1315 1375 1044 1229 1195 1436 1262 1440 1260 880 1400 1365 1337 1398 1191 1416 1515 1447 1375 1284 1235 1388 1065 1243 1460 1350 1340 1417 1466 974 1357 1352 1486 1417 1339 1451 1443 1209 1418 1392 1474 1287 1348 1370 1147 1293 1174 1354 1425 1498 1299 1246 1439 1208 1378 1407 1469 1237 1437 1478 1381 1408 1423 1334 1442 931 1389 1522 1001 1437 1314 1419 1338 1236 993 1476 1349 912 1419 1436 1343 1508 1415 1312 1442 1465 1454 1293 1325 1239 1244 1355 1417 1253 1309 1427 1249 1392 996 1373 1432 1461 1432 1432 1367 1438 1407 1297 1434 1334 1539 1435 1351 1399 1369 1421 1482 1520 1486 1431 1391 1461 1446 1482 1418 1450 1331 1048 943 1399 1425 1303 1426 1363 1400 1265 1137 1486 1461 1483 1440 1475 1313 1467 1437 1370 1392 1427 1385 1490 1392 1341 1487 1436 1402 1229 935 1460 1386 1496 1019 1475 1443 1243 1347 1513 1444 1455 1439 1410 1394 1348 1470 1262 1355 1133 1335 1386 951 1314 1478 1498 1452 1437 1435 1494 1182 1480 1349 1457 1152 1306 1163 1276 1364 1470 1462 1399 1432 1279 1402 1481 1391 1284 1346 1277 1481 1405 1451 1403 1373 1418 1453 1161 1113 1431 945 1455 1450 1486 1479 1422 1462 1297 1500 1424 1415 1363 1525 1366 1356 1436 1443 1477 1393 1488 1477 1420 1465 1455 1450 1477 1412 1406 1312 1416 1406 1508 1495 1089 1314 1161 1498 1203 1199 1368 1420 1506 1424 1490 1337 1472 1385 1276 1468 1459 1107 1525 1338 1249 1243 1401 1474 1428 1410 1456 1475 1466 1437 1428 1405 1451 1311 1424 1415 1446 1509 1329 1045 1409 1104 1068 1086 1466 1437 1231 1233 1226 1473 1427 1337 1412 1110 1139 1127 1356 1235 1076 1109 1429 1485 1407 1279 1405 1447 1452 1331 1104 1469 1411 1431 1444 1429 1231 1435 1413 1422 1437 1497 1541 1411 1486 1436 1274 1031 1091 1489 1425 1201 995 1434 1429 1516 1406 1419 1493 1414 1525 894 1462 1438 1157 1147 1359 1139 1169 1366 1367 1232 1329 1456 1327 1248 1403 1188 1428 1346 1424 1517 1441 1462 1464 1489 1467 1407 1481 1443 1408 1419 1417 1505 1375 1420 1446 1375 1364 1410 1425 1441 1385 1416 1511 1472 1409 1336 1438 1323 1275 1349 1479 1341 1326 1429 1065 1439 1341 1442 1182 1249 1085 1086 1205 1486 1341 1451 1462 1492 1340 1471 1420 1126 1488 1467 1439 1251 1256 1430 1326 1345 1459 1441 1441 1466 1463 1403 1300 1241 1487 1161 1480 1372 1466 1393 1200 1341 1439 1525 1478 1433 1500 1436 1449 1368 1424 1347 1432 1496 1331 1185 1397 1251 1418 1450 1406 1459 1446 1453 1277 1345 1343 1478 1312 1429 1382 1342 1433 1379 1436 1424 1439 1279 1401 1403 1411 1432

Tree=0
num_leaves=11
num_cat=0
split_feature=1 19 20 0 7 2 9 11 4 1
split_gain=0.0128506 0.0133006 0.0130757 0.00774872 0.00688591 0.00568254 0.00512043 0.00472722 0.0041108 3.86721e-05
threshold=2.2701251086613223 1.1712144921264713 1.1631866332849556 1.4000248219632898 53.247890939771118 -3.749003867012362 0.77106769155939836 -7.5284320324901772 2.4971612754348573 0.29182984873013046
decision_type=2 2 2 2 2 2 2 2 2 2
left_child=1 2 5 -2 -4 -1 7 -3 -5 -8
right_child=3 6 4 8 -6 -7 9 -9 -10 -11
leaf_value=-0.0010187391407398111 -0.0010760039766730906 -0.0010760039766730906 -0.00064593445301516219 -0.0010760039766730906 -0.0010760039766730906 -0.0010905352538511039 -0.0010919028748299503 -0.0014293062903664229 -0.00059273322984648214 -0.001048592511930245
leaf_weight=3223 97 77 268 57 86 18103 108 467 261 91
leaf_count=3223 97 77 268 57 86 18103 108 467 261 91
internal_value=-0.001076 -0.00108111 -0.00107467 -0.000800648 -0.000773249 -0.00107898 -0.00128914 -0.00136841 -0.000676501 -0.001076
internal_weight=22838 22423 21680 415 354 21326 743 544 318 199
internal_count=22838 22423 21680 415 354 21326 743 544 318 199
is_linear=0
shrinkage=1


Tree=1
num_leaves=5
num_cat=0
split_feature=13 13 13 13
split_gain=0.0260382 0.0177276 0.027807 0.0169486
threshold=1.7382694693840908 1.7042689265110769 1.2545973005403501 -1.2448797960925293
decision_type=2 2 2 2
left_child=1 2 3 -1
right_child=-2 -3 -4 -5
leaf_value=0.00015150729473725584 0.0005074789413576946 -0.00061469554295078574 0.00052934142444742687 -2.0686451821172779e-05
leaf_weight=1524 249 118 242 20705
leaf_count=1524 249 118 242 20705
internal_value=0 -5.61327e-06 -1.72014e-06 -8.19996e-06
internal_weight=22838 22589 22471 22229
internal_count=22838 22589 22471 22229
is_linear=0
shrinkage=0.05


Tree=2
num_leaves=14
num_cat=0
split_feature=14 14 14 14 14 14 14 14 14 14 14 14 15
split_gain=0.0189404 0.0275546 0.0217149 0.0216977 0.0188635 0.0184745 0.0253666 0.0180293 0.0244225 0.0144294 0.013599 0.00753959 0.00223635
threshold=11.899999618530275 11.82499980926514 11.844999790191652 12.065000057220461 11.97499990463257 9.9200000762939471 9.9600000381469744 12.22499990463257 14.460000038146974 9.4649996757507342 11.965000152587892 12.184999942779543 3.7726298632692115
decision_type=2 2 2 2 2 2 2 2 2 2 2 2 2
left_child=1 5 -3 4 10 9 -7 11 -9 -1 -2 -5 -6
right_child=3 2 -4 7 12 6 -8 8 -10 -11 -12 -13 -14
leaf_value=-8.0695236505292725e-05 0.00025741166741979449 -0.0010633579653124288 0 -3.6103648489352491e-05 0.00054067924281760973 -0.00081143071618031831 -4.7812365553098461e-05 0.0001094437218175958 -7.3537635118448946e-05 0.0002372608279099812 -9.0992744977949662e-05 -0.00028632843257098053 0
leaf_weight=458 575 118 115 1024 410 112 9774 5529 2622 1026 462 562 51
leaf_count=458 575 118 115 1024 410 112 9774 5529 2622 1026 462 562 51
internal_value=0 -4.47674e-05 -0.00058569 4.63084e-05 0.00022428 -3.23129e-05 -5.80619e-05 1.73676e-05 4.87407e-05 0.000129042 8.7803e-05 -0.000134347 0.000497958
internal_weight=22838 11603 233 11235 1498 11370 9886 9737 8151 1484 1037 1586 461
internal_count=22838 11603 233 11235 1498 11370 9886 9737 8151 1484 1037 1586 461
is_linear=0
shrinkage=0.05


Tree=3
num_leaves=5
num_cat=0
split_feature=13 13 13 13
split_gain=0.0234382 0.0158041 0.025021 0.0154904
threshold=1.7382694693840908 1.7042689265110769 1.2545973005403501 -1.2448797960925293
decision_type=2 2 2 2
left_child=1 2 3 -1
right_child=-2 -3 -4 -5
leaf_value=0.00014472567085097984 0.00048136732656625105 -0.00058057304946196992 0.00050197635645339307 -1.9865898976338344e-05
leaf_weight=1524 249 118 242 20705
leaf_count=1524 249 118 242 20705
internal_value=0 -5.43358e-06 -1.7202e-06 -7.90088e-06
internal_weight=22838 22589 22471 22229
internal_count=22838 22589 22471 22229
is_linear=0
shrinkage=0.05


Tree=4
num_leaves=6
num_cat=0
split_feature=13 13 13 13 0
split_gain=0.0211587 0.0142772 0.0225884 0.0139854 0.000312644
threshold=1.7382694693840908 1.7042689265110769 1.2545973005403501 -1.2448797960925293 0.67427919742321774
decision_type=2 2 2 2 2
left_child=1 2 3 -1 -4
right_child=-2 -3 4 -5 -6
leaf_value=0.00013749412697011172 0.00045739523608212047 -0.00055178833922895623 2.6840574049394636e-06 -1.8872651398639715e-05 0.00055655936336528142
leaf_weight=1524 249 118 62 20705 180
leaf_count=1524 249 118 62 20705 180
internal_value=0 -5.1286e-06 -1.56605e-06 -7.47182e-06 0.000476981
internal_weight=22838 22589 22471 22229 242
internal_count=22838 22589 22471 22229 242
is_linear=0
shrinkage=0.05


Tree=5
num_leaves=9
num_cat=0
split_feature=13 14 13 14 1 13 13 14
split_gain=0.0190979 0.0137815 0.0351929 0.0322661 0.0412893 0.0297815 0.0279473 0.0123093
threshold=1.7382694693840908 21.47500038146973 -1.2448797960925293 24.670000076293949 0.29617587733547329 0.14828700812177245 -0.39825121268735048 12.769999980926515
decision_type=2 2 2 2 2 2 2 2
left_child=1 2 7 4 -3 -5 -4 -1
right_child=-2 3 6 5 -6 -7 -8 -9
leaf_value=-4.5213582301630229e-05 0.00043461695094141765 -0.0001063632160048498 -0.00012303410884103997 -0.00015428247254565796 -0.00092994762789828901 0.00056079138403477625 2.1271090575971765e-05 0.00040455837535189351
leaf_weight=120 249 577 4215 340 236 232 16151 718
leaf_count=120 249 577 4215 340 236 232 16151 718
internal_value=0 -4.80549e-06 4.4926e-06 -0.00015788 -0.000364712 0.000110042 -7.86278e-06 0.000322296
internal_weight=22838 22589 21204 1385 813 572 20366 838
internal_count=22838 22589 21204 1385 813 572 20366 838
is_linear=0
shrinkage=0.05


Tree=6
num_leaves=14
num_cat=0
split_feature=14 14 14 14 14 14 14 14 14 14 14 14 15
split_gain=0.0154394 0.0248756 0.0208121 0.0190836 0.0175743 0.0167731 0.0216184 0.0149423 0.0228542 0.0123356 0.00694987 0.00502096 0.00185214
threshold=11.899999618530275 11.82499980926514 12.065000057220461 11.844999790191652 11.97499990463257 10.315000057220461 10.339999675750734 12.22499990463257 14.460000038146974 11.965000152587892 12.210000038146974 9.4649996757507342 3.7726298632692115
decision_type=2 2 2 2 2 2 2 2 2 2 2 2 2
left_child=1 5 4 -3 9 11 -7 10 -9 -2 -4 -1 -6
right_child=2 3 7 -5 12 6 -8 8 -10 -11 -12 -13 -14
leaf_value=-7.5797791209592194e-05 0.00024543529128581872 -0.0010026161802958056 -6.7556557743639049e-05 0 0.00052011224577561566 -0.00077667616249329358 -5.7516029569234542e-05 0.00010094141114936863 -7.6230793369937665e-05 -8.5581447744887749e-05 -0.00039302321960645194 8.7828269844266926e-05 0
leaf_weight=458 575 118 1355 115 410 109 7834 5529 2622 462 231 2969 51
leaf_count=458 575 118 1355 115 410 109 7834 5529 2622 462 231 2969 51
internal_value=0 -4.04806e-05 4.17482e-05 -0.00055437 0.000215889 -2.85827e-05 -6.93696e-05 1.33975e-05 4.21066e-05 8.35708e-05 -0.00012463 6.15691e-05 0.000480242
internal_weight=22838 11603 11235 233 1498 11370 7943 9737 8151 1037 1586 3427 461
internal_count=22838 11603 11235 233 1498 11370 7943 9737 8151 1037 1586 3427 461
is_linear=0
shrinkage=0.05


Tree=7
num_leaves=14
num_cat=0
split_feature=14 14 14 14 14 14 14 14 14 14 14 14 0
split_gain=0.0139649 0.0226433 0.0188664 0.0170202 0.0158993 0.0156325 0.0234429 0.0135577 0.0206505 0.012468 0.0111824 0.00650993 0.00163714
threshold=11.899999618530275 11.82499980926514 12.065000057220461 11.844999790191652 11.97499990463257 9.9200000762939471 9.9600000381469744 12.22499990463257 14.460000038146974 9.4649996757507342 11.965000152587892 12.184999942779543 0.53673275721047353
decision_type=2 2 2 2 2 2 2 2 2 2 2 2 2
left_child=1 5 4 -3 10 9 -7 11 -9 -1 -2 -4 -6
right_child=2 3 7 -5 12 6 -8 8 -10 -11 -12 -13 -14
leaf_value=-7.2016159809561753e-05 0.00023318481927285165 -0.00095290664810772417 -2.6793982952133262e-05 0 0.00052059370968378664 -0.00077470514810267031 -4.1109246637878478e-05 9.5895255423623606e-05 -7.2420706999534439e-05 0.00022189473307750084 -8.1311613016436977e-05 -0.00025969426206260966 3.3359885314894206e-05
leaf_weight=458 575 118 1024 115 370 112 9774 5529 2622 1026 462 562 91
leaf_count=458 575 118 1024 115 370 112 9774 5529 2622 1026 462 562 91
internal_value=0 -3.86385e-05 3.95644e-05 -0.000529091 0.000205388 -2.72231e-05 -5.10149e-05 1.24943e-05 3.99094e-05 0.000121098 7.86774e-05 -0.000118886 0.000457163
internal_weight=22838 11603 11235 233 1498 11370 9886 9737 8151 1484 1037 1586 461
internal_count=22838 11603 11235 233 1498 11370 9886 9737 8151 1484 1037 1586 461
is_linear=0
shrinkage=0.05


Tree=8
num_leaves=9
num_cat=0
split_feature=13 13 13 14 13 14 14 14
split_gain=0.0171763 0.0122248 0.0374208 0.0352669 0.0290164 0.0311384 0.0263337 0.0260631
threshold=1.7382694693840908 -0.39825121268735048 -0.69276599147319862 12.045000076293947 -0.011353615510945046 24.875000000000004 11.739999771118166 13.769999980926515
decision_type=2 2 2 2 2 2 2 2
left_child=1 2 7 -4 6 -6 -3 -1
right_child=-2 4 3 -5 5 -7 -8 -9
leaf_value=0.00017465270331677135 0.00041187686177203441 2.6891585439092797e-05 -0.00038377720012397888 0 -4.016899157548606e-05 0.00054311414500781601 0.00026788205078860937 -9.9712746425491521e-05
leaf_weight=1738 249 3395 1384 1070 11273 230 1836 1663
leaf_count=1738 249 3395 1384 1070 11273 230 1836 1663
internal_value=0 -4.84387e-06 -6.75274e-05 -0.000217205 1.61946e-05 -2.71563e-05 0.000114378 3.60961e-05
internal_weight=22838 22589 5855 2454 16734 11503 5231 3401
internal_count=22838 22589 5855 2454 16734 11503 5231 3401
is_linear=0
shrinkage=0.05


Tree=9
num_leaves=14
num_cat=0
split_feature=14 14 14 14 14 14 14 20 14 14 7 14 2
split_gain=0.0112317 0.0198913 0.0166334 0.0145405 0.014253 0.0195652 0.0141007 0.0122192 0.0155586 0.00953358 0.00504512 0.00453751 0.00155343
threshold=11.899999618530275 11.82499980926514 12.065000057220461 11.844999790191652 10.315000057220461 10.339999675750734 11.97499990463257 1.1631866332849556 14.460000038146974 11.965000152587892 53.5979361735914 10.280000209808351 2.7066644051596094
decision_type=2 2 2 2 2 2 2 2 2 2 2 2 2
left_child=1 4 6 -3 11 -6 9 8 -4 -2 -9 -1 -8
right_child=2 3 7 -5 5 -7 12 10 -10 -11 -12 -13 -14
leaf_value=3.7882096521874383e-05 0.00021416485585784058 -0.00088663408446650049 3.6775645632283401e-05 0 -0.00073416842827150094 -5.0265395258187726e-05 0.00046387692276872721 0.0004005441193312767 -0.00011058855704333491 -7.5250705013427032e-05 0 0.00028112772475820429 0
leaf_weight=3191 575 118 6966 115 109 7834 411 274 2409 462 88 236 50
leaf_count=3191 575 118 6966 115 109 7834 411 274 2409 462 88 236 50
internal_value=0 -3.47062e-05 3.54271e-05 -0.000494401 -2.39241e-05 -6.16299e-05 0.000191073 9.92417e-06 0 7.08265e-05 0.000294612 5.9086e-05 0.000428355
internal_weight=22838 11603 11235 233 11370 7943 1498 9737 9375 1037 362 3427 461
internal_count=22838 11603 11235 233 11370 7943 1498 9737 9375 1037 362 3427 461
is_linear=0
shrinkage=0.05


Tree=10
num_leaves=10
num_cat=0
split_feature=13 13 13 13 13 13 14 13 4
split_gain=0.0155686 0.0119777 0.0315721 0.024175 0.0239053 0.0228077 0.0109853 0.00603565 0.00031471
threshold=1.7382694693840908 -1.2448797960925293 -0.42021305351745969 -1.964541388946228 -0.011353615510945046 -0.43357954555437445 12.769999980926515 -2.1295115427365112 2.9242896918604089
decision_type=2 2 2 2 2 2 2 2 2
left_child=1 3 5 7 -4 -3 -5 -1 -2
right_child=8 2 4 6 -6 -7 -8 -9 -10
leaf_value=0 0 -0.00011502814778084139 0.00010099703359879667 -6.3216132373721752e-05 -2.5537853138405658e-05 -0.00084267491652794627 0.00035708789726767001 -0.00030961070529556629 0.00044409550136220222
leaf_weight=344 51 3980 5464 120 11503 118 833 227 198
leaf_count=344 51 3980 5464 120 11503 118 833 227 198
internal_value=0 -4.5195e-06 -1.49551e-05 0.000129802 1.43306e-05 -0.00013984 0.00028843 -0.000108765 0.000392225
internal_weight=22838 22589 21065 1524 16967 4098 953 571 249
internal_count=22838 22589 21065 1524 16967 4098 953 571 249
is_linear=0
shrinkage=0.05


Tree=11
num_leaves=10
num_cat=0
split_feature=13 13 13 13 20 13 13 13 4
split_gain=0.0142059 0.0107086 0.0285628 0.0217302 0.0181029 0.0139128 0.00986038 0.00548405 0.000140196
threshold=1.7382694693840908 -1.2448797960925293 -0.95398890585195451 -1.964541388946228 -0.15791452275283099 -1.0363005613350849 -1.2468774419040816 -2.1295115427365112 2.9242896918604089
decision_type=2 2 2 2 2 2 2 2 2
left_child=1 3 5 7 -4 -3 -5 -1 -2
right_child=8 2 4 6 -6 -7 -8 -9 -10
leaf_value=0 0 -1.3090972832013697e-06 -0.00019222415797095395 0.0001877891279129174 7.2653208512331001e-06 -0.00057009417697284029 0.00074990881369419598 -0.00029419806842493577 0.00042200231148209661
leaf_weight=344 51 238 1204 836 19285 338 117 227 198
leaf_count=344 51 238 1204 836 19285 338 117 227 198
internal_value=0 -4.34337e-06 -1.4245e-05 0.000122603 -3.73407e-06 -0.000361481 0.000273238 -0.000102622 0.000374639
internal_weight=22838 22589 21065 1524 20489 576 953 571 249
internal_count=22838 22589 21065 1524 20489 576 953 571 249
is_linear=0
shrinkage=0.05


Tree=12
num_leaves=15
num_cat=0
split_feature=14 14 14 14 14 14 14 14 14 1 14 14 14 15
split_gain=0.0097944 0.0162417 0.0151809 0.0130892 0.012674 0.0114111 0.0165281 0.0113962 0.00842365 0.00811255 0.00585989 0.00536718 0.0105356 0.00134771
threshold=11.899999618530275 10.460000038146974 12.065000057220461 11.97499990463257 11.82499980926514 12.22499990463257 14.460000038146974 11.844999790191652 11.965000152587892 -0.38789706417887232 12.210000038146974 10.379999637603762 10.315000057220461 3.7726298632692115
decision_type=2 2 2 2 2 2 2 2 2 2 2 2 2 2
left_child=1 11 3 8 9 10 -7 -6 -2 -3 -4 12 -1 -5
right_child=2 4 5 13 7 6 -8 -9 -10 -11 -12 -13 -14 -15
leaf_value=5.4911670355782281e-05 0.00020067042161517497 -0.00021400338983527337 -5.8416686664627256e-05 0.00044447647586859027 -0.00079631012709353497 8.4239378245750033e-05 -6.6216356639115e-05 0 -7.0584647809861825e-05 -4.0324574809136428e-05 -0.00035878105809078519 0.00029110883035572563 -0.00029047658907195144 0
leaf_weight=3427 575 822 1355 410 118 5529 2622 115 462 6666 231 229 226 51
leaf_count=3427 575 822 1355 410 118 5529 2622 115 462 6666 231 229 226 51
internal_value=0 -3.23639e-05 3.31288e-05 0.000181806 -7.50848e-05 8.69871e-06 3.39988e-05 -0.000448018 6.54195e-05 -6.14192e-05 -0.000111815 4.87391e-05 2.93648e-05 0.000410436
internal_weight=22838 11603 11235 1498 7721 9737 8151 233 1037 7488 1586 3882 3653 461
internal_count=22838 11603 11235 1498 7721 9737 8151 233 1037 7488 1586 3882 3653 461
is_linear=0
shrinkage=0.05


Tree=13
num_leaves=11
num_cat=0
split_feature=13 13 14 14 13 13 14 14 14 20
split_gain=0.013331 0.0105806 0.0544152 0.0264925 0.0237543 0.0322773 0.0291 0.00914121 0.0206262 0.00017411
threshold=1.2545973005403501 0.36317388633246855 22.804999351501468 19.745000839233402 -0.34484582721632789 -0.29973634362466245 11.97499990463257 24.720000267028812 20.435000419616703 -0.06535694311348289
decision_type=2 2 2 2 2 2 2 2 2 2
left_child=1 4 3 -3 6 -6 -1 8 9 -2
right_child=7 2 -4 -5 5 -7 -8 -9 -10 -11
leaf_value=-0.00017965361288859412 0 -5.9693522562262883e-05 -0.001119557864071491 0.00047730933671864947 0.00042947129503910692 4.2694331338428735e-05 2.7706337034711306e-05 0.00049090447869439794 -0.00045617136691046556 0.00036787886797112762
leaf_weight=2753 62 6279 119 233 593 8110 4142 226 120 201
leaf_count=2753 62 6279 119 233 593 8110 4142 226 120 201
internal_value=0 -6.57269e-06 -5.99415e-05 -3.81061e-05 1.51562e-05 7.0818e-05 -5.29261e-05 0.00023035 3.66614e-05 0.000319222
internal_weight=22838 22229 6631 6512 15598 8703 6895 609 383 263
internal_count=22838 22229 6631 6512 15598 8703 6895 609 383 263
is_linear=0
shrinkage=0.05


Tree=14
num_leaves=13
num_cat=0
split_feature=13 13 13 13 13 13 13 1 13 13 13 7
split_gain=0.0121148 0.0100142 0.0252593 0.0193151 0.0119767 0.0110847 0.00859326 0.00597258 0.00712517 0.00676136 0.00497202 0.000282175
threshold=1.2545973005403501 -1.2448797960925293 -0.95398890585195451 -1.964541388946228 -1.0363005613350849 -0.39825121268735048 -1.2468774419040816 1.8229354469634249 1.63245346554618 1.7382694693840908 -2.1295115427365112 35.171336445777079
decision_type=2 2 2 2 2 2 2 2 2 2 2 2
left_child=1 3 4 10 -3 -4 -5 8 -2 -10 -1 -9
right_child=7 2 5 6 -6 -7 -8 11 9 -11 -12 -13
leaf_value=0 0.00031693576249923125 -3.0091785885442718e-06 -8.3768056653631319e-05 0.00017707151693010625 -0.00053672661905250865 1.1150541724553076e-05 0.00070718128150536175 5.4540032965921039e-06 -0.00042131523820509238 0.00010771195584975576 -0.00027766862083936165 0.00045337236949445186
leaf_weight=344 140 238 3755 836 338 16374 117 78 111 62 227 218
leaf_count=344 140 238 3755 836 338 16374 117 78 111 62 227 218
internal_value=0 -6.17744e-06 -1.59235e-05 0.00011632 -0.000342581 -5.81434e-06 0.00025855 0.000219682 1.36512e-05 -0.000145985 -9.48749e-05 0.000386261
internal_weight=22838 22229 20705 1524 576 20129 953 609 313 173 571 296
internal_count=22838 22229 20705 1524 576 20129 953 609 313 173 571 296
is_linear=0
shrinkage=0.05


Tree=15
num_leaves=12
num_cat=0
split_feature=14 14 14 1 14 14 14 0 14 7 5
split_gain=0.00893878 0.0336857 0.0287154 0.0278776 0.00962304 0.0146713 0.0124361 0.00635249 0.00429165 0.000733043 9.3524e-05
threshold=24.670000076293949 22.804999351501468 26.764999389648441 -1.0000000180025095e-35 11.899999618530275 11.679999828338625 12.065000057220461 -2.3797214083776788 27.344999313354496 32.363185929315883 3.3322730568391767
decision_type=2 2 2 2 2 2 2 2 2 2 2
left_child=1 4 7 10 5 -1 -6 -2 -4 -9 -3
right_child=2 3 8 -5 6 -7 -8 9 -10 -11 -12
leaf_value=-4.8613339034004393e-06 0 5.6299815128236472e-05 -0.00046039657018753181 -0.00082148689817455227 0.0001715550473218743 -0.00017014388855300379 1.2867352538212189e-05 5.1771879770482582e-05 0 0.00058664606589189418 0
leaf_weight=10012 102 73 112 228 1498 1591 8699 74 116 283 50
leaf_count=10012 102 73 112 228 1498 1591 8699 74 116 283 50
internal_value=0 -5.56406e-06 0.000177438 -0.000490956 1.58531e-06 -2.88302e-05 3.76649e-05 0.00041762 -0.000240296 0.00051813 2.45205e-06
internal_weight=22838 22151 687 351 21800 11603 10197 459 228 357 123
internal_count=22838 22151 687 351 21800 11603 10197 459 228 357 123
is_linear=0
shrinkage=0.05


Tree=16
num_leaves=14
num_cat=0
split_feature=14 14 14 1 14 14 14 0 14 19 14 21 19
split_gain=0.00809063 0.0302094 0.026276 0.0253782 0.00872408 0.0138741 0.011203 0.00568749 0.0038496 0.00067419 0.000427878 0.000278609 0.000201845
threshold=24.670000076293949 22.804999351501468 26.764999389648441 -1.0000000180025095e-35 11.899999618530275 10.460000038146974 12.065000057220461 -2.3797214083776788 27.344999313354496 -2.1310468679103405 23.085000038146976 0.14484549481101636 -0.34429826235015754
decision_type=2 2 2 2 2 2 2 2 2 2 2 2 2
left_child=1 4 7 12 5 -1 -6 -2 -4 -9 -5 -10 -3
right_child=2 3 8 10 6 -7 -8 9 11 -11 -12 -13 -14
leaf_value=4.7409844026880457e-05 0 8.6150612153099214e-05 -0.00043758044582680876 -0.0010494723352180285 0.00016298301342925422 -6.703826476388618e-05 1.2224057056491147e-05 0 -9.7940496573647925e-05 0.00053813787459851237 -0.00040261328952328768 4.7044057667381692e-05 0
leaf_weight=3882 102 67 112 109 1498 7721 8699 50 58 307 119 58 56
leaf_count=3882 102 67 112 109 1498 7721 8699 50 58 307 119 58 56
internal_value=0 -5.26242e-06 0.000168841 -0.000464935 1.47167e-06 -2.74541e-05 3.58561e-05 0.000399157 -0.000229037 0.000494407 -0.000780592 0 7.94839e-07
internal_weight=22838 22151 687 351 21800 11603 10197 459 228 357 228 116 123
internal_count=22838 22151 687 351 21800 11603 10197 459 228 357 228 116 123
is_linear=0
shrinkage=0.05


Tree=17
num_leaves=11
num_cat=0
split_feature=13 13 14 14 13 13 14 19 2 7
split_gain=0.0104796 0.00962935 0.0412683 0.0238875 0.0199415 0.02922 0.0255061 0.00624099 0.00558559 0.00142644
threshold=1.2545973005403501 0.36317388633246855 22.804999351501468 19.745000839233402 -0.34484582721632789 -0.29973634362466245 10.920000076293947 0.46778151978095728 -0.29819060136420655 31.329552165982104
decision_type=2 2 2 2 2 2 2 2 2 2
left_child=1 4 3 -3 6 -6 -1 9 -9 -2
right_child=7 2 -4 -5 5 -7 -8 8 -10 -11
leaf_value=-0.00027769344886735325 0 -5.7793057352550972e-05 -0.00098044542088367376 0.00045174150487396108 0.00040747180189465025 3.9322560914857463e-05 -4.3544523881810415e-06 -0.00036300114425977904 0.00021346234849121314 0.00033846459768345743
leaf_weight=1023 65 6279 119 233 593 8110 5872 78 77 389
leaf_count=1023 65 6279 119 233 593 8110 5872 78 77 389
internal_value=0 -5.57061e-06 -5.65269e-05 -3.71922e-05 1.51325e-05 6.61746e-05 -4.71189e-05 0.000204495 0 0.000300591
internal_weight=22838 22229 6631 6512 15598 8703 6895 609 155 454
internal_count=22838 22229 6631 6512 15598 8703 6895 609 155 454
is_linear=0
shrinkage=0.05


Tree=18
num_leaves=12
num_cat=0
split_feature=13 13 13 13 20 13 14 14 14 9 20
split_gain=0.00949648 0.00931345 0.0226938 0.0167573 0.0133206 0.0103109 0.00963146 0.00497718 0.0135923 0.0044488 0.000267308
threshold=1.2545973005403501 -1.2448797960925293 -0.95398890585195451 -1.964541388946228 -0.16424046339868628 -1.0363005613350849 12.769999980926515 24.720000267028812 20.435000419616703 0.0877372385578397 -0.06535694311348289
decision_type=2 2 2 2 2 2 2 2 2 2 2
left_child=1 3 5 9 -4 -3 -5 8 10 -1 -2
right_child=7 2 4 6 -6 -7 -8 -9 -10 -11 -12
leaf_value=5.2779579075144197e-05 0 -3.8918541887050755e-06 -0.00017674656689335567 -8.4753018548454297e-05 3.7890796267868596e-06 -0.00050504956069284928 0.00031098859736883403 0.00039269436235921172 -0.0003506566855160727 -0.00019791814662777023 0.00031721888132697947
leaf_weight=204 62 238 1073 120 19056 338 833 226 120 367 201
leaf_count=204 62 238 1073 120 19056 338 833 226 120 367 201
internal_value=0 -5.29303e-06 -1.47184e-05 0.000112849 -5.09773e-06 -0.000324336 0.000245398 0.000194677 3.805e-05 -8.21924e-05 0.000272881
internal_weight=22838 22229 20705 1524 20129 576 953 609 383 571 263
internal_count=22838 22229 20705 1524 20129 576 953 609 383 571 263
is_linear=0
shrinkage=0.05


Tree=19
num_leaves=13
num_cat=0
split_feature=2 4 16 1 5 5 1 10 15 10 10 5
split_gain=0.00414591 0.00505656 0.00697789 0.00652991 0.00437655 0.00315275 0.00248258 0.00275976 0.00344861 0.00270943 0.00180467 0.000938385
threshold=-3.749003867012362 7.0194085560811326 13.006257908470893 2.2701251086613223 3.2166586477788006 3.1022671811174694 0.85399291330118265 46.744457783104956 -4.9738436583411092 38.471765112754731 52.755644700012404 3.9814614020414156
decision_type=2 2 2 2 2 2 2 2 2 2 2 2
left_child=6 3 -3 4 -2 -5 7 8 -1 11 -9 -8
right_child=1 2 -4 5 -6 -7 9 10 -10 -11 -12 -13
leaf_value=-3.1785615755359537e-05 0 0 -0.00077999502632712181 0 -7.0207092790062906e-05 0.00032399260226433535 0 0.00029082392180172458 8.0979737864747233e-05 -0.0002442745348984073 4.8157458292131776e-05 0.00019145672712511444
leaf_weight=924 16167 126 50 125 2639 216 112 250 1630 133 403 63
leaf_count=924 16167 126 50 125 2639 216 112 250 1630 133 403 63
internal_value=0 -9.05737e-06 -0.000277023 -5.79651e-06 -1.04944e-05 0.000208706 4.99701e-05 6.55015e-05 3.43156e-05 -6.2892e-05 0.0001643 0
internal_weight=22838 19323 176 19147 18806 341 3515 3207 2554 308 653 175
internal_count=22838 19323 176 19147 18806 341 3515 3207 2554 308 653 175
is_linear=0
shrinkage=0.05


Tree=20
num_leaves=13
num_cat=0
split_feature=20 14 14 14 14 14 14 18 14 0 3 2
split_gain=0.00835492 0.00996801 0.0169419 0.0302369 0.0119228 0.0178135 0.0111028 0.00734302 0.00550714 0.00269324 0.000127985 0.000879507
threshold=1.0337538658628118 14.460000038146974 13.355000019073488 13.340000152587894 18.954999923706058 21.47500038146973 18.679999351501468 1.0000000180025095e-35 14.444999694824221 3.4754474315617663 2.2272320933890981 -2.3103213515662908
decision_type=2 2 2 2 2 2 2 2 2 2 2 2
left_child=1 2 3 -1 6 -6 -3 -4 10 -10 11 -2
right_child=8 4 7 -5 5 -7 -8 -9 9 -11 -12 -13
leaf_value=-2.9794022640660588e-06 0 -8.8857184396359828e-05 8.5239520916943815e-06 -0.00084355214624944595 0.00023684891233864935 -0.00012625445839387902 -0.0005978425968583039 0.00021965554894175796 0.00041106270241409061 0 -1.6962521267123529e-05 0.00015859093135481495
leaf_weight=17737 50 392 849 107 441 1314 217 1242 241 51 99 98
leaf_count=17737 50 392 849 107 441 1314 217 1242 241 51 99 98
internal_value=0 -4.72031e-06 6.08572e-06 -8.90738e-06 -0.000102151 -2.6388e-05 -0.000295493 0.000141146 0.000194319 0.00034144 0 4.42073e-05
internal_weight=22838 22299 19935 17844 2364 1755 609 2091 539 292 247 148
internal_count=22838 22299 19935 17844 2364 1755 609 2091 539 292 247 148
is_linear=0
shrinkage=0.05


Tree=21
num_leaves=15
num_cat=0
split_feature=13 13 13 20 13 13 13 13 13 2 13 12 13 13
split_gain=0.00866813 0.0281659 0.0169941 0.0138282 0.0134897 0.0114591 0.015596 0.01053 0.0179411 0.00911195 0.006692 0.00481006 0.00279553 0.00271595
threshold=-0.39825121268735048 -0.69276599147319862 -0.011353615510945046 1.0337538658628118 0.7059614949185834 -0.64278278086672958 -0.56734936417262005 -0.89704472932619062 -1.2448797960925293 1.484729686677422 -0.34484582721632789 0.89910860372351398 -0.66920619300663831 -0.15511208884687042
decision_type=2 2 2 2 2 2 2 2 2 2 2 2 2 2
left_child=1 7 9 4 -4 12 -7 8 -1 10 -2 -5 -3 -11
right_child=2 5 3 11 -6 6 -8 -9 -10 13 -12 -13 -14 -15
leaf_value=0.00010402457049413287 0 -8.6762037817080908e-05 -5.6644733887630844e-05 0.0003829653510335252 7.0818696590483306e-05 7.4433386920438015e-05 -0.00021473683638013037 0.00020793426973239796 -0.00015619744716546433 3.3404284412911253e-05 0.00016620620264105017 0 -0.00059345585577853636 -0.00010924640948189075
leaf_weight=1524 691 120 8710 282 2641 577 1525 715 1162 983 3080 119 232 477
leaf_count=1524 691 120 8710 282 2641 577 1525 715 1162 983 3080 119 232 477
internal_value=0 -5.25237e-05 1.80202e-05 -1.42488e-05 -2.56633e-05 -0.000182664 -0.000128229 3.69961e-05 -2.9848e-06 9.33719e-05 0.000134643 0.000270803 -0.000463947 -2.97739e-06
internal_weight=22838 5855 16983 11752 11351 2454 2102 3401 2686 5231 3771 401 352 1460
internal_count=22838 5855 16983 11752 11351 2454 2102 3401 2686 5231 3771 401 352 1460
is_linear=0
shrinkage=0.05


Tree=22
num_leaves=14
num_cat=0
split_feature=13 13 20 13 13 13 13 13 13 13 0 0 2
split_gain=0.00829083 0.00808492 0.0236129 0.0170945 0.0253449 0.0181478 0.0148016 0.00988806 0.00333156 0.0119485 0.000751193 0.000549617 0.000333795
threshold=1.2545973005403501 0.36317388633246855 -0.30191069211129828 -0.34484582721632789 -0.29973634362466245 -0.69276599147319862 0.36686518694094566 0.67494438532680345 1.63245346554618 1.7382694693840908 0.67427919742321774 1.2118276890188051 -1.3997728205322577
decision_type=2 2 2 2 2 2 2 2 2 2 2 2 2
left_child=1 3 7 5 -5 -1 -4 -3 10 12 -2 -11 -10
right_child=8 2 6 4 -6 -7 -8 -9 9 11 -12 -13 -14
leaf_value=3.5148596846186917e-05 0 -0.00070807922957366533 -0.00061884538287204291 0.0003792058129142436 3.6045817120491947e-05 -0.00012466335065673659 -1.6357994372524848e-05 0 -0.0004234179761947922 0 0.00041053829139690796 0.00031631722568305621 0
leaf_weight=3401 62 191 105 593 8110 3494 6230 105 71 53 176 196 51
leaf_count=3401 62 191 105 593 8110 3494 6230 105 71 53 176 196 51
internal_value=0 -5.02925e-06 -5.17632e-05 1.38786e-05 6.11921e-05 -4.36663e-05 -2.88075e-05 -0.000490805 0.000181816 3.80926e-05 0.000341997 0.000270829 -0.000313307
internal_weight=22838 22229 6631 15598 8703 6895 6335 296 609 371 238 249 122
internal_count=22838 22229 6631 15598 8703 6895 6335 296 609 371 238 249 122
is_linear=0
shrinkage=0.05


Tree=23
num_leaves=15
num_cat=0
split_feature=20 19 8 8 3 1 12 18 18 19 5 0 1 2
split_gain=0.00664288 0.00679012 0.0058421 0.0051744 0.00427836 0.00414839 0.00253958 0.002515 0.00133504 0.000448937 0.000379573 2.01416e-05 0.000487132 4.81376e-05
threshold=1.0337538658628118 0.79626664688849114 9.8257822672852537 7.5589899742001281 -1.4482241373060309 -0.068194616398227881 -5.2621909335674761 0.48743350890028514 1.11717062236525 1.2614746293695933 3.3116361026913768 2.5190147723102938 0.5065641178288417 0.80705432799713661
decision_type=2 2 2 2 2 2 2 2 2 2 2 2 2 2
left_child=1 3 5 6 8 -3 -1 -5 -2 -4 -10 13 -13 -6
right_child=4 2 9 7 11 -7 -8 -9 10 -11 -12 12 -14 -15
leaf_value=-2.2932559632471434e-05 0 0 0 -9.1097202222458287e-05 4.8714466444353636e-05 -0.00025786644306923504 2.124750620077707e-05 6.9256823827071737e-06 0 0.00019045467049455699 0.00041170596972140474 -0.00015216405180564047 0 0
leaf_weight=3884 53 335 58 2034 67 607 14728 571 80 82 183 52 54 50
leaf_count=3884 53 335 58 2034 67 607 14728 571 80 82 183 52 54 50
internal_value=0 -4.24222e-06 -0.000126539 1.29325e-06 0.000173237 -0.000178535 1.12213e-05 -6.38608e-05 0.000291314 0.000115725 0.000338442 0 -9.33643e-06 1.86463e-05
internal_weight=22838 22299 1082 21217 539 942 18612 2605 316 140 263 223 106 117
internal_count=22838 22299 1082 21217 539 942 18612 2605 316 140 263 223 106 117
is_linear=0
shrinkage=0.05


Tree=24
num_leaves=11
num_cat=0
split_feature=14 14 14 14 14 14 14 0 8 9
split_gain=0.00755316 0.0254124 0.010952 0.00808832 0.0119467 0.0118365 0.00402195 0.000782016 0.000571406 0.000250001
threshold=9.9200000762939471 9.9600000381469744 9.4649996757507342 11.899999618530275 11.82499980926514 14.460000038146974 9.7150001525878924 2.9299044835897701 4.0029606815080081 0.6145733336615874
decision_type=2 2 2 2 2 2 2 2 2 2
left_child=2 -2 9 4 -3 -5 7 -4 -8 -1
right_child=1 3 6 5 -6 -7 8 -9 -10 -11
leaf_value=-0.00011417391757018371 -0.00075596616617342122 -2.6094264712304253e-05 0.00029281107373269516 5.4733740467352384e-05 -0.00039399312251037525 -6.496257936782942e-05 7.5630619847402171e-05 0 -7.7870046524948185e-06 0
leaf_weight=224 112 9774 637 8613 233 2622 255 52 82 234
leaf_count=224 112 9774 637 8613 233 2622 255 52 82 234
internal_value=0 -7.5678e-06 0.000109051 -2.8803e-06 -3.61976e-05 2.5461e-05 0.000203982 0.000276484 1.09915e-05 -7.09111e-05
internal_weight=22838 21354 1484 21242 10007 11235 1026 689 337 458
internal_count=22838 21354 1484 21242 10007 11235 1026 689 337 458
is_linear=0
shrinkage=0.05


Tree=25
num_leaves=12
num_cat=0
split_feature=14 14 14 14 14 14 14 5 9 0 4
split_gain=0.0067528 0.0229491 0.0100096 0.00730474 0.010935 0.0106972 0.00363544 0.00339605 0.000207225 0.000157584 0.000101282
threshold=9.9200000762939471 9.9600000381469744 9.4649996757507342 11.899999618530275 11.679999828338625 14.460000038146974 9.7150001525878924 2.8359130014239513 0.6145733336615874 -0.35433662477194233 1.3513946074748893
decision_type=2 2 2 2 2 2 2 2 2 2 2
left_child=2 -2 8 4 -3 -5 7 -4 10 -8 -1
right_child=1 3 6 5 -6 -7 9 -9 -10 -11 -12
leaf_value=0 -0.00071850236068454992 -9.8167402980190911e-06 0.00030530192270810741 5.1997371338986738e-05 -0.00015533670471196414 -6.1715688884784165e-05 0 0 0 4.7728162000189245e-05 -0.00013424512990952835
leaf_weight=64 112 8416 602 8613 1591 2622 155 87 234 182 160
leaf_count=64 112 8416 602 8613 1591 2622 155 87 234 182 160
internal_value=0 -7.26243e-06 0.000103004 -2.7726e-06 -3.44648e-05 2.41211e-05 0.000193993 0.000262968 -6.81251e-05 8.233e-06 -0.000108491
internal_weight=22838 21354 1484 21242 10007 11235 1026 689 458 337 224
internal_count=22838 21354 1484 21242 10007 11235 1026 689 458 337 224
is_linear=0
shrinkage=0.05


Tree=26
num_leaves=13
num_cat=0
split_feature=13 13 14 14 13 13 14 14 14 0 16 20
split_gain=0.00781024 0.00753688 0.0331966 0.0212409 0.0151224 0.0229849 0.0206975 0.0043793 0.0102053 0.000933771 0.000658205 0.000347694
threshold=1.2545973005403501 0.36317388633246855 22.804999351501468 19.745000839233402 -0.34484582721632789 -0.29973634362466245 10.920000076293947 24.720000267028812 20.435000419616703 1.2118276890188051 1.2704220085717424 -0.06535694311348289
decision_type=2 2 2 2 2 2 2 2 2 2 2 2
left_child=1 4 3 -3 6 -6 -1 8 11 -9 -10 -2
right_child=7 2 -4 -5 5 -7 -8 9 10 -11 -12 -13
leaf_value=-0.00024849133057831319 0 -5.2144262505450734e-05 -0.00087925121503424947 0.00042838453827593752 0.00036065907678476967 3.3687800382451828e-05 -2.0941169321603997e-06 0 -0.00043992746858500381 0.00042731094473367977 0 0.00027740209922749184
leaf_weight=1023 62 6279 119 233 593 8110 5872 52 65 174 55 201
leaf_count=1023 62 6279 119 233 593 8110 5872 52 65 174 55 201
internal_value=0 -5.0389e-06 -5.0171e-05 -3.25847e-05 1.3188e-05 5.7729e-05 -4.08576e-05 0.000176306 2.7471e-05 0.000361224 -0.000303259 0.00023577
internal_weight=22838 22229 6631 6512 15598 8703 6895 609 383 226 120 263
internal_count=22838 22229 6631 6512 15598 8703 6895 609 383 226 120 263
is_linear=0
shrinkage=0.05


Tree=27
num_leaves=12
num_cat=0
split_feature=14 14 14 14 14 14 14 5 8 9 4
split_gain=0.00629106 0.0208181 0.0091324 0.00634882 0.0103404 0.0100006 0.00301267 0.00309186 0.000555762 0.000181759 8.24251e-05
threshold=9.9200000762939471 9.9600000381469744 9.4649996757507342 11.899999618530275 11.82499980926514 12.065000057220461 9.7150001525878924 2.8359130014239513 4.0029606815080081 0.6145733336615874 1.3513946074748893
decision_type=2 2 2 2 2 2 2 2 2 2 2
left_child=2 -2 9 4 -3 -5 7 -4 -8 10 -1
right_child=1 3 6 5 -6 -7 8 -9 -10 -11 -12
leaf_value=0 -0.00068456465504091 -2.285699699383256e-05 0.00029049432093257449 0.00014266510652991661 -0.00036530988484041429 2.1499966639814867e-06 7.4780872039639242e-05 0 -3.7896195223207193e-06 0 -0.00012404415684698659
leaf_weight=64 112 9774 602 1498 233 9737 255 87 82 234 160
leaf_count=64 112 9774 602 1498 233 9737 255 87 82 234 160
internal_value=0 -7.09313e-06 9.93353e-05 -2.78294e-06 -3.23651e-05 2.22314e-05 0.000186359 0.000250089 1.13295e-05 -6.29147e-05 -0.000100471
internal_weight=22838 21354 1484 21242 10007 11235 1026 689 337 458 224
internal_count=22838 21354 1484 21242 10007 11235 1026 689 337 458 224
is_linear=0
shrinkage=0.05


Tree=28
num_leaves=13
num_cat=0
split_feature=20 19 8 4 16 15 8 0 5 20 0 6
split_gain=0.00614506 0.00576744 0.00516178 0.00443437 0.00717389 0.00421259 0.00351252 0.00284535 0.00187527 0.00249078 0.00125792 0.000486479
threshold=1.0337538658628118 0.79626664688849114 9.8257822672852537 5.8271622751580532 13.43151014333886 7.4769720709562906 7.302203058320428 -1.240791625107543 3.8405482013584078 1.3281393001242445 2.5190147723102938 0.80097284496648113
decision_type=2 2 2 2 2 2 2 2 2 2 2 2
left_child=1 3 7 6 -5 8 -1 -3 10 -10 -2 -4
right_child=5 2 11 4 -6 -7 -8 -9 9 -11 -12 -13
leaf_value=1.3519577046560561e-05 0.00015809350350291177 0 0 -2.021772459834074e-05 -0.00056090226720455878 -0.00010885142374272443 -4.8373977516768931e-05 -0.00019890685634236521 0 0.00054606140629370466 0 0.00017697392124059013
leaf_weight=18129 221 104 50 432 89 50 2567 838 56 111 101 90
leaf_count=18129 221 104 50 432 89 50 2567 838 56 111 101 90
internal_value=0 -4.25995e-06 -0.000116941 7.84715e-07 -0.000142214 0.000166433 5.11599e-06 -0.000166305 0.000225358 0.000402149 8.6267e-05 0.000107647
internal_weight=22838 22299 1082 21217 521 539 20696 942 489 167 322 140
internal_count=22838 22299 1082 21217 521 539 20696 942 489 167 322 140
is_linear=0
shrinkage=0.05


Tree=29
num_leaves=13
num_cat=0
split_feature=13 13 13 13 14 13 14 14 14 14 16 10
split_gain=0.00718686 0.00735665 0.0195212 0.0145841 0.0119578 0.00877296 0.00794555 0.00558929 0.00391604 0.00922001 0.000523703 0.000138674
threshold=1.2545973005403501 -1.2448797960925293 -0.95398890585195451 -1.3136583756299167 16.579999923706058 -1.0363005613350849 25.494999885559086 26.764999389648441 24.720000267028812 20.435000419616703 1.2704220085717424 20.494913529414539
decision_type=2 2 2 2 2 2 2 2 2 2 2 2
left_child=1 3 5 7 -5 -3 -4 -1 9 11 -11 -2
right_child=8 2 6 4 -6 -7 -8 -9 -10 10 -12 -13
leaf_value=6.7660669363666856e-05 0 0 -7.4922444839833076e-06 0.00058676678045637592 0 -0.00046730796734881501 0.00040253759268819259 -0.00020546664435423575 0.0003447180168606015 -0.00041205973930614581 0 0.00025351988780648838
leaf_weight=940 50 238 20012 236 120 338 117 228 226 65 55 213
leaf_count=940 50 238 20012 236 120 338 117 228 226 65 55 213
internal_value=0 -4.87377e-06 -1.33208e-05 9.99852e-05 0.000380562 -0.000300483 -4.34391e-06 1.38309e-06 0.000169082 2.57525e-05 -0.000285997 0.000225358
internal_weight=22838 22229 20705 1524 356 576 20129 1168 609 383 120 263
internal_count=22838 22229 20705 1524 356 576 20129 1168 609 383 120 263
is_linear=0
shrinkage=0.05


Tree=30
num_leaves=12
num_cat=0
split_feature=19 2 5 11 8 1 2 11 1 4 5
split_gain=0.00459738 0.00403562 0.00406638 0.00574862 0.00304552 0.00284273 0.00242945 0.00304525 0.0013915 0.00142771 0.000373746
threshold=1.1712144921264713 -3.749003867012362 4.9736562757684055 3.5381481608423138 11.337874809830344 1.8229354469634249 4.869860877113009 -7.5284320324901772 0.85399291330118265 5.3362236413873099 4.0264127884465557
decision_type=2 2 2 2 2 2 2 2 2 2 2
left_child=1 8 5 -4 6 -3 7 -2 9 -1 -10
right_child=4 2 3 -5 -6 -7 -8 -9 10 -11 -12
leaf_value=7.6901601380007561e-05 0 -4.7005495291468227e-06 0 -0.00055761355902359357 4.6213690939205752e-05 0.00012682605972063075 0 -0.00024945510798399017 -7.5590347898397265e-05 -1.1752236090382181e-05 0
leaf_weight=2879 77 18040 152 79 96 417 92 517 176 206 107
leaf_count=2879 77 18040 152 79 96 417 92 517 176 206 107
internal_value=0 3.99942e-06 -4.34225e-06 -0.000212772 -0.000119282 -9.09596e-07 -0.000164309 -0.00020342 5.47248e-05 6.61192e-05 -1.64654e-05
internal_weight=22838 22056 18688 231 782 18457 686 594 3368 3085 283
internal_count=22838 22056 18688 231 782 18457 686 594 3368 3085 283
is_linear=0
shrinkage=0.05


Tree=31
num_leaves=14
num_cat=0
split_feature=13 13 14 14 14 14 14 14 13 13 14 7 13
split_gain=0.00650028 0.0229235 0.0213636 0.0206633 0.0192221 0.0379985 0.0178371 0.0153308 0.0124187 0.0119264 0.00407404 0.00113538 0.000842196
threshold=-0.39825121268735048 -0.69276599147319862 12.045000076293947 13.769999980926515 24.670000076293949 22.804999351501468 12.769999980926515 18.954999923706058 -1.022724571954797 -0.63545155834809341 11.82499980926514 32.363185929315883 1.7042689265110769
decision_type=2 2 2 2 2 2 2 2 2 2 2 2 2
left_child=1 3 10 6 5 7 -1 -2 -5 -4 -3 -6 -7
right_child=4 2 9 8 11 12 -8 -9 -10 -11 -12 -13 -14
leaf_value=6.3465495499996288e-05 9.8468131356003331e-06 -0.0002460815656550664 -0.0003083034741864412 0 0 -0.0008545618812052547 0.00047788925088961416 0.00041250685253941101 -0.00033846621924994453 9.3430299313139789e-05 -0.00066278155999288093 0.00044460392242040911 -0.00026839117929273375
leaf_weight=1377 16161 1266 236 1287 74 115 361 242 376 834 118 273 118
leaf_count=1377 16161 1266 236 1287 74 115 361 242 376 834 118 273 118
internal_value=0 -4.56627e-05 -0.000163222 3.47763e-05 1.54239e-05 6.81106e-06 0.000158396 1.67266e-05 -8.5422e-05 0 -0.000292893 0.000384034 -0.000624221
internal_weight=22838 5855 2454 3401 16983 16636 1738 16403 1663 1070 1384 347 233
internal_count=22838 5855 2454 3401 16983 16636 1738 16403 1663 1070 1384 347 233
is_linear=0
shrinkage=0.05


Tree=32
num_leaves=12
num_cat=0
split_feature=13 14 14 13 14 14 14 20 19 20 11
split_gain=0.00610791 0.00711689 0.0171926 0.0160535 0.0117214 0.017677 0.00990514 0.0068704 0.0030076 0.00213349 2.33713e-05
threshold=1.2545973005403501 14.460000038146974 14.230000019073488 -1.0363005613350849 18.954999923706058 21.47500038146973 18.679999351501468 -0.0053269374291113241 0.46778151978095728 -0.19178136812371041 -1.7276063851092021
decision_type=2 2 2 2 2 2 2 2 2 2 2
left_child=1 2 3 -1 6 -6 -3 -4 9 -2 -10
right_child=8 4 7 -5 5 -7 -8 -9 10 -11 -12
leaf_value=0.00025379648169058491 0 -7.6389045699951829e-05 0 -1.020442651296723e-05 0.00024332659182182872 -0.00012074699312355097 -0.00054370231350502703 0.00045357060696556302 -2.6218134154880644e-05 0.00027800550183762718 0
leaf_weight=592 97 408 90 18994 462 1156 234 293 84 357 71
leaf_count=592 97 408 90 18994 462 1156 234 293 84 357 71
internal_value=0 -4.51783e-06 4.28773e-06 -1.44646e-06 -8.8924e-05 -7.4392e-06 -0.000270627 0.000335827 0.000155848 0.000221558 0
internal_weight=22838 22229 19969 19586 2260 1618 642 383 609 454 155
internal_count=22838 22229 19969 19586 2260 1618 642 383 609 454 155
is_linear=0
shrinkage=0.05


Tree=33
num_leaves=15
num_cat=0
split_feature=13 13 14 14 14 14 14 13 13 13 14 19 5 13
split_gain=0.00611139 0.0202998 0.0193409 0.0183273 0.0171672 0.034439 0.0150013 0.0139526 0.0109388 0.010757 0.00352493 0.00105072 0.000630474 0.000263113
threshold=-0.39825121268735048 -0.69276599147319862 12.045000076293947 13.769999980926515 24.670000076293949 22.804999351501468 12.769999980926515 -0.18422338437944494 -1.022724571954797 -0.63545155834809341 11.82499980926514 -2.072846940384935 3.2745585859694737 1.7042689265110769
decision_type=2 2 2 2 2 2 2 2 2 2 2 2 2 2
left_child=1 3 10 6 5 7 -1 -2 -5 -4 -3 -6 -13 -7
right_child=4 2 9 8 11 13 -8 -9 -10 -11 -12 12 -14 -15
leaf_value=5.965487781423876e-05 0.00011145195882532209 -0.00023327738225492113 -0.00029238942805368196 -4.7260291054575556e-07 0 -0.00080621683256610819 0.00044162480838242919 -5.0706048390279848e-06 -0.00031943108220637334 8.9113337561951467e-05 -0.00062941503093933522 0 0.00045715064600826367 -0.00025585818469833521
leaf_weight=1377 3128 1266 236 1287 57 115 361 13275 376 834 118 51 239 118
leaf_count=1377 3128 1266 236 1287 57 115 361 13275 376 834 118 51 239 118
internal_value=0 -4.42813e-05 -0.000154929 3.11694e-05 1.49498e-05 6.75888e-06 0.000147828 1.62409e-05 -8.17513e-05 0 -0.000278313 0.000363389 0.000408587 -0.000593882
internal_weight=22838 5855 2454 3401 16983 16636 1738 16403 1663 1070 1384 347 290 233
internal_count=22838 5855 2454 3401 16983 16636 1738 16403 1663 1070 1384 347 290 233
is_linear=0
shrinkage=0.05


Tree=34
num_leaves=11
num_cat=0
split_feature=14 14 14 13 13 14 14 13 8 8
split_gain=0.00554767 0.018764 0.00837882 0.00563631 0.0179259 0.00638336 0.00277538 0.00536448 0.000483176 0.000137587
threshold=9.9200000762939471 9.9600000381469744 9.4649996757507342 0.7059614949185834 0.48761463514747089 19.029999732971195 9.7150001525878924 0.7137331665604153 4.0029606815080081 2.2921993995886143
decision_type=2 2 2 2 2 2 2 2 2 2
left_child=2 -2 9 4 -3 -5 7 -4 -8 -1
right_child=1 3 6 5 -6 -7 8 -9 -10 -11
leaf_value=-8.440000279310195e-05 -0.00065000727980817974 5.6670216871519269e-06 0.00033796727259589551 1.4300735957153576e-05 -0.00013681066733184895 0.00021363096438635108 6.9188261564647751e-05 0 -2.8045622825465535e-06 0
leaf_weight=291 112 16194 458 1934 2529 585 255 231 82 167
leaf_count=291 112 16194 458 1934 2529 585 255 231 82 167
internal_value=0 -6.78739e-06 9.31506e-05 -2.65941e-06 -1.27832e-05 6.6611e-05 0.000176784 0.000237794 7.33555e-06 -6.15e-05
internal_weight=22838 21354 1484 21242 18723 2519 1026 689 337 458
internal_count=22838 21354 1484 21242 18723 2519 1026 689 337 458
is_linear=0
shrinkage=0.05


Tree=35
num_leaves=14
num_cat=0
split_feature=19 2 5 16 6 11 1 0 1 10 10 5 1
split_gain=0.00373425 0.00330495 0.00379712 0.00618356 0.00244267 0.00242452 0.0019927 0.00133206 0.00129846 0.0019241 0.0018659 9.802e-05 0.000644907
threshold=1.1712144921264713 -3.749003867012362 4.9736562757684055 7.2341158452657153 1.123018678895765 2.0804141720085134 1.8229354469634249 3.1009454314373306 0.85399291330118265 46.744457783104956 40.250000699940422 3.9814614020414156 0.29182984873013046
decision_type=2 2 2 2 2 2 2 2 2 2 2 2 2
left_child=1 8 6 -4 5 7 -3 -2 9 -1 -10 12 -6
right_child=4 2 3 -5 11 -7 -8 -9 10 -11 -12 -13 -14
leaf_value=3.2555665781819035e-05 -0.00031400651224236889 -3.8634878579821727e-06 0 -0.0005126560959994701 -0.00010716337078695275 0 0.00010624300611054519 0 1.1815688202742343e-05 0.00014703094738331349 -0.00020884013117236029 1.0244616125419278e-05 0
leaf_weight=2457 248 18040 136 95 160 82 417 53 175 628 108 79 160
leaf_count=2457 248 18040 136 95 160 82 417 53 175 628 108 79 160
internal_value=0 3.57782e-06 -3.90092e-06 -0.000205227 -0.000107528 -0.000198693 -5.57569e-07 -0.000265083 4.95163e-05 6.07597e-05 -2.00141e-05 0 -2.71522e-05
internal_weight=22838 22056 18688 231 782 383 18457 301 3368 3085 283 399 320
internal_count=22838 22056 18688 231 782 383 18457 301 3368 3085 283 399 320
is_linear=0
shrinkage=0.05


Tree=36
num_leaves=15
num_cat=0
split_feature=13 13 13 13 13 13 13 13 13 2 13 13 13 13
split_gain=0.0056776 0.0183287 0.0129181 0.0098928 0.0132767 0.00944291 0.0122851 0.00861679 0.0123078 0.00669414 0.00483673 0.00248855 0.00234376 0.00228801
threshold=-0.39825121268735048 -0.69276599147319862 -0.011353615510945046 -0.64278278086672958 -0.56734936417262005 -0.89704472932619062 -1.2448797960925293 0.64779913388313137 0.48761463514747089 1.484729686677422 -0.34484582721632789 -0.66920619300663831 -0.85891014112878239 -0.3832591721591338
decision_type=2 2 2 2 2 2 2 2 2 2 2 2 2 2
left_child=1 5 9 11 -5 6 -1 8 -4 10 -2 -3 -7 -11
right_child=2 3 7 4 -6 12 -8 -9 -10 13 -12 -13 -14 -15
leaf_value=7.8345314242550732e-05 0 -5.1433222608526312e-05 -4.692483243407908e-06 9.0475571246142583e-05 -0.00017785461076728245 0.00045040570179905146 -0.00013617003722273877 5.1010470601680632e-05 -0.00014841916810019032 0.00019468993454938756 0.00014242833762235997 -0.00052599606959440222 0.00011387605370583276 -2.9560920286118966e-05
leaf_weight=1524 691 120 6251 577 1525 119 1162 3442 2059 119 3080 232 596 1341
leaf_count=1524 691 120 6251 577 1525 119 1162 3442 2059 119 3080 232 596 1341
internal_value=0 -4.26483e-05 1.44426e-05 -0.000147817 -9.70572e-05 2.88488e-05 -8.89064e-06 -1.35669e-05 -4.21226e-05 8.02265e-05 0.000115603 -0.00040731 0.000191386 -8.95252e-07
internal_weight=22838 5855 16983 2454 2102 3401 2686 11752 8310 5231 3771 352 715 1460
internal_count=22838 5855 16983 2454 2102 3401 2686 11752 8310 5231 3771 352 715 1460
is_linear=0
shrinkage=0.05


Tree=37
num_leaves=15
num_cat=0
split_feature=13 13 13 20 13 13 13 13 13 2 13 7 13 13
split_gain=0.00510659 0.0182964 0.0110258 0.00966407 0.00861372 0.0110932 0.00852434 0.00798991 0.014078 0.00593594 0.00499283 0.0035525 0.00201474 0.00200991
threshold=-0.42021305351745969 -0.69276599147319862 -0.011353615510945046 1.0544556046834999 -0.89704472932619062 -1.2448797960925293 0.7059614949185834 -0.64278278086672958 -0.56734936417262005 1.448376730048895 -0.34484582721632789 52.720096379091622 -0.66920619300663831 -0.85891014112878239
decision_type=2 2 2 2 2 2 2 2 2 2 2 2 2 2
left_child=1 4 9 6 5 -1 -4 12 -9 10 -2 -5 -3 -6
right_child=2 7 3 11 13 -7 -8 8 -10 -11 -12 -13 -14 -15
leaf_value=7.4430616328835221e-05 0 -4.8882811869822222e-05 -4.7233202972998272e-05 0.00031874488388773951 0.00042807307975150863 -0.0001293673932937449 5.3543670128887228e-05 8.5959618187758953e-05 -0.00019722788299348176 -2.1225848792516345e-06 0.0001349711384928577 0 -0.00049980914101862488 0.00010819178574399929
leaf_weight=1524 868 120 8721 287 119 1162 2645 577 1292 1524 3072 99 232 596
leaf_count=1524 868 120 8721 287 119 1162 2645 577 1292 1524 3072 99 232 596
internal_value=0 -4.15596e-05 1.33195e-05 -1.2889e-05 2.76342e-05 -8.16806e-06 -2.2459e-05 -0.000154231 -0.000101781 7.24255e-05 0.00010506 0.000229476 -0.000389151 0.000182904
internal_weight=22838 5622 17216 11752 3401 2686 11366 2221 1869 5464 3940 386 352 715
internal_count=22838 5622 17216 11752 3401 2686 11366 2221 1869 5464 3940 386 352 715
is_linear=0
shrinkage=0.05


Tree=38
num_leaves=12
num_cat=0
split_feature=14 14 14 13 13 14 13 13 8 9 4
split_gain=0.0046916 0.017242 0.00750384 0.00461526 0.00733864 0.00254122 0.00490534 0.00226735 0.000397518 0.00017986 6.49375e-05
threshold=9.9200000762939471 9.9600000381469744 9.4649996757507342 1.2545973005403501 0.36317388633246855 9.7150001525878924 0.7137331665604153 1.7042689265110769 4.0029606815080081 0.6145733336615874 1.3513946074748893
decision_type=2 2 2 2 2 2 2 2 2 2 2
left_child=2 -2 9 4 -3 6 -4 -5 -7 10 -1
right_child=1 3 5 7 -6 8 -8 -9 -10 -11 -12
leaf_value=0 -0.00062265642549826116 1.154052871109602e-05 0.00031886756580777235 0.00025913300409356375 -5.3542102507597066e-05 6.2314531807174944e-05 0 7.3452012181563923e-06 -3.5016124868900193e-06 0 -0.00011803765900802557
leaf_weight=64 112 14574 458 242 6059 255 231 367 82 234 160
leaf_count=64 112 14574 458 242 6059 255 231 367 82 234 160
internal_value=0 -6.13204e-06 8.57763e-05 -2.1461e-06 -6.84608e-06 0.000165278 0.000223303 0.00013225 1.95824e-06 -5.96139e-05 -9.61677e-05
internal_weight=22838 21354 1484 21242 20633 1026 689 609 337 458 224
internal_count=22838 21354 1484 21242 20633 1026 689 609 337 458 224
is_linear=0
shrinkage=0.05


Tree=39
num_leaves=13
num_cat=0
split_feature=13 13 14 14 14 14 14 14 14 13 13 19
split_gain=0.00472877 0.016651 0.0160044 0.0145773 0.0140318 0.030884 0.0132146 0.0126524 0.0112844 0.00879007 0.00278777 0.000914733
threshold=-0.42021305351745969 -0.69276599147319862 13.769999980926515 12.045000076293947 24.670000076293949 22.804999351501468 12.769999980926515 18.954999923706058 12.63499975204468 -1.022724571954797 -0.43357954555437445 -2.072846940384935
decision_type=2 2 2 2 2 2 2 2 2 2 2 2
left_child=1 2 6 10 5 7 -1 -2 -5 -4 -3 -6
right_child=4 3 9 8 11 -7 -8 -9 -10 -11 -12 -13
leaf_value=5.1829933651315888e-05 8.1517007732850786e-06 -0.00021175327006662972 -5.0557463907878309e-06 0.00017765005796547572 0 -0.00056337924117262736 0.00041098557642399908 0.00037400110634910942 -0.00016676274147467353 -0.00029327303990185562 -0.00057960143259740159 0.000369429250076354
leaf_weight=1377 16394 1153 1287 462 57 233 361 242 488 376 118 290
leaf_count=1377 16394 1153 1287 462 57 233 361 242 488 376 118 290
internal_value=0 -3.99268e-05 2.59032e-05 -0.000147449 1.28841e-05 5.49488e-06 0.000135249 1.43974e-05 0 -7.93724e-05 -0.000258126 0.000327952
internal_weight=22838 5622 3401 2221 17216 16869 1738 16636 950 1663 1271 347
internal_count=22838 5622 3401 2221 17216 16869 1738 16636 950 1663 1271 347
is_linear=0
shrinkage=0.05


Tree=40
num_leaves=11
num_cat=0
split_feature=20 4 16 19 6 15 8 4 12 18
split_gain=0.00410756 0.00399112 0.0075343 0.00368033 0.00423529 0.00349588 0.00292375 0.000839586 0.000812552 0.000669628
threshold=1.0337538658628118 5.8271622751580532 13.43151014333886 0.79626664688849114 1.123018678895765 7.4769720709562906 7.302203058320428 4.756837566660816 -2.7819310807517081 1.5295745391007993
decision_type=2 2 2 2 2 2 2 2 2 2
left_child=1 3 8 6 -5 7 -1 9 -3 -2
right_child=5 2 -4 4 -6 -7 -8 -9 -10 -11
leaf_value=1.2359477293781626e-05 4.4249559636801266e-05 -0.00010031815991609637 -0.00054865727410212156 -0.00018076570026231503 0 -0.00011158163033827558 -4.4057330558843605e-05 0 0 0.00031839641803224302
leaf_weight=18129 202 218 95 591 437 50 2567 76 262 211
leaf_count=18129 202 218 95 591 437 50 2567 76 262 211
internal_value=0 -3.39754e-06 -0.000133302 0 -9.22461e-05 0.000136161 4.63536e-06 0.000192281 -1.89417e-05 0.000220973
internal_weight=22838 22299 575 21724 1028 539 20696 489 480 413
internal_count=22838 22299 575 21724 1028 539 20696 489 480 413
is_linear=0
shrinkage=0.05


Tree=41
num_leaves=13
num_cat=0
split_feature=14 14 14 14 14 14 14 14 14 1 12 18
split_gain=0.00472622 0.0160812 0.0260704 0.0119422 0.0121582 0.00977301 0.00870187 0.00819213 0.00601954 0.00400245 0.00126815 0.000569912
threshold=14.460000038146974 13.355000019073488 13.340000152587894 18.954999923706058 19.835000038146976 18.679999351501468 14.364999771118166 24.670000076293949 13.230000019073488 -1.7088487734596292 -9.9220774266986407 1.4536365266293827
decision_type=2 2 2 2 2 2 2 2 2 2 2 2
left_child=1 2 8 5 -5 10 9 -6 -1 -3 -2 -8
right_child=3 6 -4 4 7 -7 11 -9 -10 -11 -12 -13
leaf_value=-6.1131207500711669e-06 2.1432766225189051e-06 -0.00016828588343720862 -0.00075421019906884643 0.00048383344985974746 -0.00012025822383737991 -0.00051864238175751767 7.1041574337868957e-05 9.1384240679258781e-05 0.00019928277876703058 0.00012033517490483144 -0.00011600490073988113 0.00077516217224599256
leaf_weight=17516 69 85 115 120 1161 234 63 687 362 2006 351 69
leaf_count=17516 69 85 115 120 1161 234 63 687 362 2006 351 69
internal_value=0 8.09298e-06 -6.79295e-06 -6.32438e-05 0 -0.00024819 0.000135273 -3.34601e-05 -1.10431e-06 0.000101358 -6.10064e-05 0.000554947
internal_weight=22838 20216 17993 2622 1968 654 2223 1848 17878 2091 420 132
internal_count=22838 20216 17993 2622 1968 654 2223 1848 17878 2091 420 132
is_linear=0
shrinkage=0.05


Tree=42
num_leaves=12
num_cat=0
split_feature=13 14 13 14 14 14 13 14 14 7 7
split_gain=0.00436176 0.0154748 0.0168051 0.0271043 0.0121047 0.0270625 0.0109667 0.0109519 0.00791693 0.00148857 0.00114867
threshold=-0.39825121268735048 10.920000076293947 -0.56734936417262005 12.065000057220461 24.670000076293949 22.804999351501468 -0.24290162539588597 12.164999961853029 10.704999923706056 66.682758563689788 32.363185929315883
decision_type=2 2 2 2 2 2 2 2 2 2 2
left_child=1 8 3 -3 5 6 -2 -4 9 -1 -6
right_child=4 2 7 -5 10 -7 -8 -9 -10 -11 -12
leaf_value=-0.00015438310420304494 0.00010736233088911748 0.00024984769689955774 -0.00029845049983757608 -3.6672042643220271e-05 0 -0.00052653553649264736 -2.6716731668460695e-06 0 -0.00052073755832902446 0 0.00035920548107473737
leaf_weight=340 2658 1149 693 2721 74 233 13745 605 228 119 273
leaf_count=340 2658 1149 693 2721 74 233 13745 605 228 119 273
internal_value=0 -3.72725e-05 -4.64289e-06 4.4563e-05 1.27686e-05 5.74276e-06 1.42497e-05 -0.00016282 -0.000260565 -9.78688e-05 0.000305515
internal_weight=22838 5855 5168 3870 16983 16636 16403 1298 687 459 347
internal_count=22838 5855 5168 3870 16983 16636 16403 1298 687 459 347
is_linear=0
shrinkage=0.05


Tree=43
num_leaves=12
num_cat=0
split_feature=14 14 14 14 14 14 14 5 8 8 4
split_gain=0.00408755 0.0155766 0.00692103 0.00375559 0.0152996 0.010936 0.00238243 0.00270133 0.000331056 0.000131043 7.20738e-06
threshold=9.9200000762939471 9.9600000381469744 9.4649996757507342 14.460000038146974 13.355000019073488 18.954999923706058 9.7150001525878924 2.8359130014239513 4.0029606815080081 2.2921993995886143 1.6689086248852953
decision_type=2 2 2 2 2 2 2 2 2 2 2
left_child=2 -2 9 4 -3 -5 7 -4 -8 10 -1
right_child=1 3 6 5 -6 -7 8 -9 -10 -11 -12
leaf_value=0 -0.00059170083498244334 -1.0580829817552812e-05 0.00025083353633951989 -0.00023537547242581626 0.00012886068432542069 0 5.6828943944644555e-05 0 -3.2558866372578899e-06 0 -0.00011731204085121369
leaf_weight=151 112 16397 602 654 2223 1968 255 87 82 167 140
leaf_count=151 112 16397 602 654 2223 1968 255 87 82 167 140
internal_value=0 -5.71214e-06 8.00761e-05 -1.88865e-06 5.26726e-06 -5.84073e-05 0.000156737 0.000212596 0 -5.89456e-05 -8.114e-05
internal_weight=22838 21354 1484 21242 18620 2622 1026 689 337 458 291
internal_count=22838 21354 1484 21242 18620 2622 1026 689 337 458 291
is_linear=0
shrinkage=0.05


Tree=44
num_leaves=10
num_cat=0
split_feature=14 14 14 14 14 14 14 14 14
split_gain=0.00383148 0.0182077 0.00753668 0.00832336 0.00370995 0.00228343 0.014785 0.0063353 0.000502718
threshold=10.315000057220461 10.339999675750734 10.460000038146974 11.039999961853029 10.280000209808351 9.9200000762939471 9.9600000381469744 9.4649996757507342 10.379999637603762
decision_type=2 2 2 2 2 2 2 2 2
left_child=4 -2 8 -4 5 7 -7 -1 -3
right_child=1 2 3 -5 -6 6 -8 -9 -10
leaf_value=-5.715650975292911e-05 -0.0006512975954101421 0 -9.6493222804485473e-05 2.3657492457017379e-06 0.00024879830560281866 -0.00056237761233109086 2.7809184985222203e-05 0.00014869301222137995 0.00028592409901039386
leaf_weight=458 109 117 2403 16553 236 112 1595 1026 229
leaf_count=458 109 117 2403 16553 236 112 1595 1026 229
internal_value=0 -8.83065e-06 -4.39195e-06 -9.3795e-06 4.85043e-05 2.89184e-05 -2.43865e-06 7.50659e-05 0.000224868
internal_weight=22838 19411 19302 18956 3427 3191 1707 1484 346
internal_count=22838 19411 19302 18956 3427 3191 1707 1484 346
is_linear=0
shrinkage=0.05


Tree=45
num_leaves=15
num_cat=0
split_feature=13 13 13 13 13 13 13 2 13 13 13 13 13 5
split_gain=0.00400613 0.0228707 0.00904547 0.0105591 0.0071079 0.00950573 0.00676123 0.00436667 0.00394007 0.0116427 0.00375807 0.00175581 0.000944769 0.000580687
threshold=-0.34484582721632789 -0.29973634362466245 -0.69276599147319862 -0.64278278086672958 -0.89704472932619062 -1.2448797960925293 -0.56734936417262005 2.4191296896932339 0.7059614949185834 0.36317388633246855 0.83243685891511998 -0.85891014112878239 -0.66920619300663831 1.9109770025661426
decision_type=2 2 2 2 2 2 2 2 2 2 2 2 2 2
left_child=2 7 4 12 5 -1 -5 13 9 -3 -10 -6 -4 -2
right_child=1 8 3 6 11 -7 -8 -9 10 -11 -12 -13 -14 -15
leaf_value=6.6366848943809722e-05 0 2.4395927216329079e-05 -5.2491273281928387e-05 8.7184613137550765e-05 0.00039298644218555028 -0.00012193361375508569 -9.2308140117668998e-05 0 0.00013871365251736869 -7.5403552921556017e-05 5.1947839327621886e-06 9.2591101077154765e-05 -0.00044917397770646947 0.00039914645698957098
leaf_weight=1524 85 8110 120 577 119 1162 2565 54 932 4490 1818 596 232 454
leaf_count=1524 85 8110 120 577 119 1162 2565 54 932 4490 1818 596 232 454
internal_value=0 1.36154e-05 -3.19958e-05 -8.94074e-05 2.25855e-05 -9.52711e-06 -5.45562e-05 0.000318142 8.53831e-07 -9.98032e-06 5.59321e-05 0.000164016 -0.000356966 0.000362701
internal_weight=22838 15943 6895 3494 3401 2686 3142 593 15350 12600 2750 715 352 539
internal_count=22838 15943 6895 3494 3401 2686 3142 593 15350 12600 2750 715 352 539
is_linear=0
shrinkage=0.05


Tree=46
num_leaves=10
num_cat=0
split_feature=14 14 14 1 14 14 0 7 21
split_gain=0.00387922 0.0117065 0.0145528 0.0124599 0.00826701 0.00337281 0.00203304 0.000797257 0.000242054
threshold=26.764999389648441 24.670000076293949 21.47500038146973 0.29617587733547329 18.954999923706058 27.344999313354496 -2.3797214083776788 32.363185929315883 0.14484549481101636
decision_type=2 2 2 2 2 2 2 2 2
left_child=1 2 4 -4 -1 -2 -3 -8 -7
right_child=5 6 3 -5 -6 8 7 -9 -10
leaf_value=0 -0.00039951147293805641 0 -5.4892734033250282e-05 -0.00052548221930725895 0.00021235848590718434 -8.4901226379107536e-05 0 0.0003575186929844331 5.5211462451429198e-05
leaf_weight=20870 112 102 577 236 468 58 74 283 58
leaf_count=20870 112 102 577 236 468 58 74 283 58
internal_value=0 2.04121e-06 -2.47347e-06 -0.000210402 4.75537e-06 -0.000204788 0.000252057 0.000309566 0
internal_weight=22838 22610 22151 813 21338 228 459 357 116
internal_count=22838 22610 22151 813 21338 228 459 357 116
is_linear=0
shrinkage=0.05


Tree=47
num_leaves=15
num_cat=0
split_feature=14 14 14 14 14 14 21 14 14 14 14 7 14 14
split_gain=0.00384237 0.0126764 0.0232801 0.0119539 0.010153 0.0156263 0.00790259 0.00673453 0.00598972 0.00537521 0.00524818 0.00319487 0.00261283 0.00110164
threshold=16.125000000000004 13.355000019073488 13.340000152587894 18.954999923706058 21.47500038146973 21.560000419616703 1.0000000180025095e-35 18.679999351501468 14.444999694824221 13.230000019073488 14.230000019073488 49.675290347014517 19.835000038146976 17.144999504089359
decision_type=2 2 2 2 2 2 2 2 2 2 2 2 2 2
left_child=1 2 9 7 12 -6 10 13 -8 -1 -3 -9 -5 -2
right_child=3 6 -4 4 5 -7 8 11 -10 -11 -12 -13 -14 -15
leaf_value=-5.6341904607592192e-06 -0.00015701556680744098 -6.6133529718892447e-05 -0.00071254746004656075 0.00044229975534258563 -0.00062751414527599048 -7.2131614647368829e-06 0.00014672082237305911 -0.00058257089155671097 0.00059674123794114142 0.00018847670342042637 0.00019158570360662205 0 7.480994334802072e-05 0
leaf_weight=17516 144 691 115 120 114 1386 1264 183 110 362 274 51 348 160
leaf_count=17516 144 691 115 120 114 1386 1264 183 110 362 274 51 348 160
internal_value=0 7.17205e-06 -6.27612e-06 -5.84333e-05 0 -6.4736e-05 0.000116992 -0.000267069 0.000194066 -8.5447e-07 0 -0.0004814 0.000201763 -5.18733e-05
internal_weight=22838 20332 17993 2506 1968 1500 2339 538 1374 17878 965 234 468 304
internal_count=22838 20332 17993 2506 1968 1500 2339 538 1374 17878 965 234 468 304
is_linear=0
shrinkage=0.05


Tree=48
num_leaves=12
num_cat=0
split_feature=13 14 14 13 14 13 14 20 19 18 11
split_gain=0.00386852 0.00535297 0.0130853 0.00925701 0.00732527 0.0126908 0.00756257 0.00196204 0.00135042 0.000709265 0.000257329
threshold=1.2545973005403501 14.460000038146974 14.364999771118166 -1.0363005613350849 18.954999923706058 0.67612298378809677 18.679999351501468 -0.19178136812371041 0.46778151978095728 1.4536365266293827 -1.7276063851092021
decision_type=2 2 2 2 2 2 2 2 2 2 2
left_child=1 2 3 -1 6 -6 -3 10 -9 -4 -2
right_child=7 4 9 -5 5 -7 -8 8 -10 -11 -12
leaf_value=0.00019497497850950044 -6.5464834950506448e-05 -4.754400704889149e-05 2.338289823983947e-05 -5.2152565351384402e-06 -7.6980999174101745e-05 0.00031556936290113652 -0.00045871723637770016 0.00022226051061451416 0 0.00070492734233682441 5.352232028685866e-05
leaf_weight=594 107 408 61 19245 1381 237 234 357 83 69 62
leaf_count=594 107 408 61 19245 1381 237 234 357 83 69 62
internal_value=0 -3.46803e-06 4.07771e-06 3.21212e-08 -7.67476e-05 -1.0057e-05 -0.000221219 0.000124162 0.00018013 0.000502249 0
internal_weight=22838 22229 19969 19839 2260 1618 642 609 440 130 169
internal_count=22838 22229 19969 19839 2260 1618 642 609 440 130 169
is_linear=0
shrinkage=0.05


Tree=49
num_leaves=12
num_cat=0
split_feature=14 14 14 14 14 14 14 14 11 14 4
split_gain=0.00350838 0.0162243 0.00697479 0.0075393 0.00351113 0.00940562 0.00690453 0.00565677 0.00115167 0.00150682 0.000680059
threshold=10.315000057220461 10.339999675750734 10.460000038146974 11.844999790191652 10.055000305175783 9.9200000762939471 9.9600000381469744 9.4649996757507342 7.4314362268211243 10.280000209808351 1.2675258183381091
decision_type=2 2 2 2 2 2 2 2 2 2 2
left_child=4 -2 10 -4 5 7 -7 -1 9 -6 -3
right_child=1 2 3 -5 8 6 -8 -9 -10 -11 -12
leaf_value=-5.2313896174418209e-05 -0.00061475533206628997 0 -4.7873911220393418e-05 1.5980315466619383e-05 7.46569062925798e-05 -0.00053517891130146396 -4.3535549153865043e-05 0.00014103525198085637 0 0.00026862376198691444 0.00024846293244884841
leaf_weight=458 109 56 7606 11350 1086 112 457 1026 56 232 290
leaf_count=458 109 56 7606 11350 1086 112 457 1026 56 232 290
internal_value=0 -8.25688e-06 -4.02318e-06 -8.85078e-06 4.66107e-05 0 -0.000167394 7.12668e-05 0.000108629 0.00012035 0.000216498
internal_weight=22838 19411 19302 18956 3427 2053 569 1484 1374 1318 346
internal_count=22838 19411 19302 18956 3427 2053 569 1484 1374 1318 346
is_linear=0
shrinkage=0.05


Tree=50
num_leaves=14
num_cat=0
split_feature=13 13 14 14 14 14 14 14 3 19 18 13 7
split_gain=0.00364321 0.0130104 0.0165861 0.0148184 0.00970614 0.0218969 0.00877406 0.00619892 0.00543233 0.000856169 0.000572234 0.000176671 8.01948e-08
threshold=-0.42021305351745969 -0.49107995841421442 10.920000076293947 12.175000190734863 24.670000076293949 22.804999351501468 18.954999923706058 10.704999923706056 5.0317932532211733 -2.072846940384935 0.74742078121326438 1.7042689265110769 32.363185929315883
decision_type=2 2 2 2 2 2 2 2 2 2 2 2 2
left_child=1 2 7 -4 5 6 -2 -1 10 -6 -3 -7 -11
right_child=4 8 3 -5 9 11 -8 -9 -10 12 -12 -13 -14
leaf_value=-6.89891620086835e-05 7.3502497383843659e-06 -0.00022576447975625343 0.00014300704664227466 -4.3424153708679963e-05 0 -0.00065370957647121098 0.0003125427486265985 -0.000477316286028823 0 0 -0.00061173790595126952 -0.00016803539860426223 0.00034421608634361563
leaf_weight=343 16394 449 1725 2622 57 115 242 228 172 53 83 118 237
leaf_count=343 16394 449 1725 2622 57 115 242 228 172 53 83 118 237
internal_value=0 -3.49792e-05 -3.07158e-06 2.71225e-05 1.13758e-05 5.0758e-06 1.27099e-05 -0.000258807 -0.000236282 0.000273645 -0.000315159 -0.000473618 0.000311295
internal_weight=22838 5622 4918 4347 17216 16869 16636 571 704 347 532 233 290
internal_count=22838 5622 4918 4347 17216 16869 16636 571 704 347 532 233 290
is_linear=0
shrinkage=0.05


Tree=51
num_leaves=15
num_cat=0
split_feature=13 13 13 13 13 4 3 2 13 13 5 15 13 11
split_gain=0.00335371 0.0118137 0.00867079 0.00609484 0.00892904 0.00498501 0.00496462 0.00471717 0.00428041 0.00419133 0.00180467 0.0017602 0.00126113 1.62217e-05
threshold=-0.42021305351745969 -0.49107995841421442 -0.011353615510945046 0.64779913388313137 0.48761463514747089 5.2039420849120406 4.9418880676403889 1.448376730048895 -1.2448797960925293 -0.34484582721632789 3.2535172103137087 -1.0860512738586179 -0.15511208884687042 1.7474107510807542
decision_type=2 2 2 2 2 2 2 2 2 2 2 2 2 2
left_child=1 5 7 4 -4 8 13 9 -1 -2 -7 -5 -9 -3
right_child=2 6 3 11 -6 10 -8 12 -10 -11 -12 -13 -14 -15
leaf_value=7.9969448739689944e-05 0 -0.00032125222518407414 -4.1833295808102645e-06 0 -0.00012704735187645886 0 0 1.7807630753412195e-05 -2.2845989443717695e-05 0.00011991801232324449 -0.0003198871023147755 6.8893485014075959e-05 -7.6612117238983811e-05 0
leaf_weight=1429 868 467 6251 1257 2059 83 178 1043 3242 3072 164 2185 481 59
leaf_count=1429 868 467 6251 1257 2059 83 178 1043 3242 3072 164 2185 481 59
internal_value=0 -3.36294e-05 1.08452e-05 -1.22899e-05 -3.64423e-05 -3.07501e-06 -0.000225492 6.33421e-05 5.40813e-06 9.24894e-05 -0.000223358 4.1658e-05 -2.18746e-06 -0.000302609
internal_weight=22838 5622 17216 11752 8310 4918 704 5464 4671 3940 247 3442 1524 526
internal_count=22838 5622 17216 11752 8310 4918 704 5464 4671 3940 247 3442 1524 526
is_linear=0
shrinkage=0.05


Tree=52
num_leaves=11
num_cat=0
split_feature=13 13 13 13 13 13 17 19 2 19
split_gain=0.00315399 0.00411629 0.0133965 0.00762807 0.0165493 0.00726083 0.00675719 0.00130588 0.00182764 0.00042771
threshold=1.2545973005403501 0.36317388633246855 0.36686518694094566 -0.34484582721632789 -0.29973634362466245 -0.69276599147319862 -1.0000000180025095e-35 0.31841771862112811 -0.29819060136420655 -2.072846940384935
decision_type=2 2 2 2 2 2 2 2 2 2
left_child=1 3 -3 5 -5 -1 -4 9 -9 -2
right_child=7 2 6 4 -6 -7 -8 8 -10 -11
leaf_value=2.0555650476815917e-05 0 -0.00057557473310664833 -0.00017755278032905949 0.00029859647248942664 2.1152101477965239e-05 -7.9562538432918472e-05 -5.1559633802001048e-06 -0.00017249329649660338 0.00015249836478340491 0.00018215374382680113
leaf_weight=3401 78 115 658 593 8110 3494 5858 83 88 360
leaf_count=3401 78 115 658 593 8110 3494 5858 83 88 360
internal_value=0 -3.29251e-06 -3.67887e-05 9.98719e-06 4.18119e-05 -2.80076e-05 -2.48912e-05 0.000111943 0 0.000157636
internal_weight=22838 22229 6631 15598 8703 6895 6516 609 171 438
internal_count=22838 22229 6631 15598 8703 6895 6516 609 171 438
is_linear=0
shrinkage=0.05


Tree=53
num_leaves=14
num_cat=0
split_feature=14 14 14 14 14 14 14 14 4 5 11 12 18
split_gain=0.00349472 0.0125624 0.0078964 0.00896304 0.0136262 0.00712984 0.00631543 0.0204453 0.00418683 0.00256753 0.00150327 0.000990921 6.9582e-05
threshold=14.460000038146974 14.364999771118166 18.954999923706058 21.47500038146973 21.560000419616703 18.679999351501468 13.355000019073488 13.340000152587894 3.9499689938616469 2.9461952163523764 -0.53206409292714241 -9.9220774266986407 1.4536365266293827
decision_type=2 2 2 2 2 2 2 2 2 2 2 2 2
left_child=1 6 5 9 -5 11 7 -1 -8 -4 -7 -2 -3
right_child=2 12 3 4 -6 10 8 -9 -10 -11 -12 -13 -14
leaf_value=-7.6190905026535697e-07 1.9189966106621026e-05 4.5816316323907826e-05 0 -0.00059036689141667804 -9.4497357543180857e-06 -0.00052915798261629773 0.00012008650228052948 -0.0006677822386882326 -4.350028926939039e-05 0.00026922352332672952 0 -9.4189851726795838e-05 0.00067850573154906409
leaf_weight=17878 69 63 156 114 1386 172 1742 115 349 312 62 351 69
leaf_count=17878 69 63 156 114 1386 172 1742 115 349 312 62 351 69
internal_value=0 6.84713e-06 -5.4493e-05 0 -6.39567e-05 -0.000205013 2.88777e-06 -5.89557e-06 8.5605e-05 0.000186242 -0.000436052 -3.99324e-05 0.000491937
internal_weight=22838 20216 2622 1968 1500 654 20084 17993 2091 468 234 420 132
internal_count=22838 20216 2622 1968 1500 654 20084 17993 2091 468 234 420 132
is_linear=0
shrinkage=0.05


Tree=54
num_leaves=9
num_cat=0
split_feature=14 14 14 1 13 13 19 21
split_gain=0.00342225 0.00938275 0.0113904 0.0104365 0.00707689 0.00306101 0.00236379 0.000218091
threshold=26.764999389648441 24.670000076293949 21.47500038146973 0.29617587733547329 -1.2448797960925293 -2.1295115427365112 -2.3302963712484965 0.14484549481101636
decision_type=2 2 2 2 2 2 2 2
left_child=1 2 4 -4 -1 7 -3 -2
right_child=5 6 3 -5 -6 -7 -8 -9
leaf_value=0.00014652489384995955 -7.8700827580178176e-05 0 -4.1901858046623293e-05 -0.00047433944658242669 -1.0813735111326931e-06 -0.00037798593690787827 0.00027701188773923241 5.5202695785753318e-05
leaf_weight=838 58 78 577 236 20500 112 381 58
leaf_count=838 58 78 577 236 20500 112 381 58
internal_value=0 1.67551e-06 -2.29652e-06 -0.000186287 4.01917e-06 -0.000192571 0.00022556 0
internal_weight=22838 22610 22151 813 21338 228 459 116
internal_count=22838 22610 22151 813 21338 228 459 116
is_linear=0
shrinkage=0.05


Tree=55
num_leaves=14
num_cat=0
split_feature=13 13 13 13 13 20 18 11 13 11 13 13 13
split_gain=0.00304733 0.0103195 0.00777124 0.00752144 0.0076367 0.00653418 0.00636002 0.00602155 0.00514985 0.00439904 0.00312654 0.0117352 0.00869493
threshold=-0.42021305351745969 -0.49107995841421442 -0.24290162539588597 -0.34484582721632789 -0.36212995724053115 -0.27842409241770155 1.4292195872896456 -1.8448229965732339 -0.29973634362466245 1.5613051513813525 -1.2448797960925293 -0.95398890585195451 -1.2468774419040816
decision_type=2 2 2 2 2 2 2 2 2 2 2 2 2
left_child=1 10 3 4 -2 7 -7 -4 -5 -3 12 -12 -1
right_child=2 9 5 8 -6 6 -8 -9 -10 -11 11 -13 -14
leaf_value=6.8053374494845491e-06 5.1284659226869076e-05 -0.00029544228635489567 -0.00028388326629900251 0.00028379472216157818 -0.00026712646202522154 -5.5267732241954203e-06 0.00012710144751169953 0 6.8368866871142069e-05 0 -0.00023913458413696916 3.8668465103720079e-06 0.00046803726981540996
leaf_weight=1407 1045 487 390 593 228 12620 966 349 1025 217 576 2818 117
leaf_count=1407 1045 487 390 593 228 12620 966 349 1025 217 576 2818 117
internal_value=0 -3.22823e-05 1.01058e-05 8.51287e-05 0 -3.99275e-06 2.8081e-06 -0.000149127 0.000156714 -0.000211707 -3.51082e-06 -3.30133e-05 5.23346e-05
internal_weight=22838 5622 17216 2891 1273 14325 13586 739 1618 704 4918 3394 1524
internal_count=22838 5622 17216 2891 1273 14325 13586 739 1618 704 4918 3394 1524
is_linear=0
shrinkage=0.05


Tree=56
num_leaves=15
num_cat=0
split_feature=13 13 20 13 13 13 13 13 3 2 8 20 8 12
split_gain=0.00299755 0.0078451 0.0147344 0.0107457 0.00663728 0.00837694 0.00260759 0.0112917 0.00462278 0.00269055 0.00236503 0.00207031 0.000554996 0.000339211
threshold=0.7059614949185834 0.36317388633246855 -0.27842409241770155 0.36686518694094566 0.13465620494010902 0.081626049855243479 0.83243685891511998 0.85534758393390764 1.67139595993151 -0.50497274781468027 0.91107849365506877 0.042908831871621589 1.7324375548344408 8.4803618774899689
decision_type=2 2 2 2 2 2 2 2 2 2 2 2 2 2
left_child=1 4 12 -4 5 -1 8 -8 10 -9 -2 -6 -3 -10
right_child=6 2 3 -5 11 -7 7 9 13 -11 -12 -13 -14 -15
leaf_value=8.0593017673012958e-06 0.00026373918959980572 -0.0005532319690610166 -0.0005485120726350163 -2.5122386024540977e-05 5.0536668575331957e-05 -0.00013307648780219074 -0.00045343348714717042 -7.3323001391334065e-07 6.1547793953887041e-06 0.00011002353281403663 0 0.00019411980778789363 0 -8.4666735912724428e-05
leaf_weight=12375 437 163 104 4173 1581 1142 119 847 245 852 134 500 50 116
leaf_count=12375 437 163 104 4173 1581 1142 119 847 245 852 134 500 50 116
internal_value=0 -6.95981e-06 -6.56099e-05 -4.14807e-05 8.96458e-06 -2.76406e-06 4.86861e-05 4.84677e-06 0.000118027 4.60166e-05 0.000207187 9.23165e-05 -0.000477568 0
internal_weight=22838 20088 4490 4277 15598 13517 2750 1818 932 1699 571 2081 213 361
internal_count=22838 20088 4490 4277 15598 13517 2750 1818 932 1699 571 2081 213 361
is_linear=0
shrinkage=0.05


Tree=57
num_leaves=9
num_cat=0
split_feature=14 14 14 13 13 13 0 21
split_gain=0.00311547 0.00807233 0.00985153 0.0090284 0.00602554 0.00276414 0.00136346 0.000197974
threshold=26.764999389648441 24.670000076293949 21.47500038146973 -1.0083224410618261 -1.2448797960925293 -2.1295115427365112 -2.3797214083776788 0.14484549481101636
decision_type=2 2 2 2 2 2 2 2
left_child=1 2 4 -4 -1 7 -3 -2
right_child=5 6 3 -5 -6 -7 -8 -9
leaf_value=0.00013524905616974352 -7.5563118004800492e-05 0 0 -0.00031756608547505968 -9.0045584412794731e-07 -0.00035999053872487377 0.00025647483781687704 5.1758711470954011e-05
leaf_weight=838 58 102 348 465 20500 112 357 58
leaf_count=838 58 102 348 465 20500 112 357 58
internal_value=0 1.55964e-06 -2.076e-06 -0.00017322 3.74965e-06 -0.00018377 0.000209245 0
internal_weight=22838 22610 22151 813 21338 228 459 116
internal_count=22838 22610 22151 813 21338 228 459 116
is_linear=0
shrinkage=0.05


Tree=58
num_leaves=15
num_cat=0
split_feature=13 13 13 13 13 13 13 13 13 13 13 13 9 13
split_gain=0.00284684 0.00969374 0.00701055 0.00954308 0.00695692 0.00682853 0.00689699 0.00644885 0.0063672 0.00456375 0.003786 0.00308805 0.00164949 0.000288118
threshold=-0.42021305351745969 -0.69276599147319862 -0.64278278086672958 -0.56734936417262005 -0.24290162539588597 -0.34484582721632789 -0.36212995724053115 -0.89704472932619062 -1.0363005613350849 -0.29973634362466245 -0.22703806390496625 0.7059614949185834 0.6054103880375169 -0.66920619300663831
decision_type=2 2 2 2 2 2 2 2 2 2 2 2 2 2
left_child=1 7 13 -4 5 6 -2 8 -1 -7 -6 -12 -9 -3
right_child=4 2 3 -5 10 9 -8 12 -10 -11 11 -13 -14 -15
leaf_value=3.7053082119925361e-05 4.8365277366333279e-05 -5.2357528980221022e-05 8.8937430313446611e-05 -0.0001447113050963347 -0.00028460818050374075 0.00026927153493473422 -0.0002541848426297364 0.00020094883035553005 -0.00012260648679423967 6.4596159109217666e-05 -1.2541296159918957e-05 4.6381416962106154e-05 0 -0.00040756965770932389
leaf_weight=1762 1045 120 577 1292 118 593 228 518 924 1025 11457 2750 197 232
leaf_count=1762 1045 120 577 1292 118 593 228 518 924 1025 11457 2750 197 232
internal_value=0 -3.11765e-05 -0.000113414 -6.45486e-05 9.79459e-06 8.07762e-05 0 1.81362e-05 -1.23135e-05 0.000148995 -3.48815e-06 -7.76248e-08 0.000153332 -0.000329459
internal_weight=22838 5622 2221 1869 17216 2891 1273 3401 2686 1618 14325 14207 715 352
internal_count=22838 5622 2221 1869 17216 2891 1273 3401 2686 1618 14325 14207 715 352
is_linear=0
shrinkage=0.05


Tree=59
num_leaves=13
num_cat=0
split_feature=14 14 14 14 14 14 14 1 12 11 16 12
split_gain=0.00304926 0.0116514 0.00699028 0.00701454 0.00622081 0.00549056 0.0179897 0.00432137 0.0031794 0.0011374 0.0010614 0.000916361
threshold=14.460000038146974 14.364999771118166 18.954999923706058 19.835000038146976 18.679999351501468 13.355000019073488 13.340000152587894 -0.75462597776610008 -4.6328922847565392 -0.53206409292714241 0.96689905717229918 -9.9220774266986407
decision_type=2 2 2 2 2 2 2 2 2 2 2 2
left_child=1 5 4 10 11 6 -1 -5 -7 -6 -4 -2
right_child=2 -3 3 7 9 8 -8 -9 -10 -11 -12 -13
leaf_value=-7.985217918965485e-07 1.9542843881936288e-05 0.00047344082923447605 0.00052502063604633264 5.8415607863369329e-05 -0.00049361217799216294 0 -0.00062657126909753378 -9.2381649403840905e-05 0.0001176141854216054 0 0 -8.9201075428904498e-05
leaf_weight=17878 69 132 67 690 172 558 115 1158 1533 62 53 351
leaf_count=17878 69 132 67 690 172 558 115 1158 1533 62 53 351
internal_value=0 6.31319e-06 -5.09812e-05 0 -0.000192584 2.4728e-06 -5.66628e-06 -2.79638e-05 7.96487e-05 -0.000408987 0.000364663 -3.57026e-05
internal_weight=22838 20216 2622 1968 654 20084 17993 1848 2091 234 120 420
internal_count=22838 20216 2622 1968 654 20084 17993 1848 2091 234 120 420
is_linear=0
shrinkage=0.05


Tree=60
num_leaves=15
num_cat=0
split_feature=14 13 13 13 14 14 14 14 13 1 13 14 13 3
split_gain=0.00296279 0.00785129 0.00932448 0.014561 0.00737004 0.00622012 0.0083373 0.00693664 0.0128369 0.00642766 0.00636234 0.00359302 0.00306651 0.000194056
threshold=10.460000038146974 -0.013045006246314992 0.58543975638573065 0.67612298378809677 10.300000190734865 11.844999790191652 11.82499980926514 12.065000057220461 -0.31185960005750685 -0.44052425663867234 0.99327539973204104 9.4649996757507342 -0.15511208884687042 -2.1177165840304872
decision_type=2 2 2 2 2 2 2 2 2 2 2 2 2 2
left_child=1 4 11 -4 12 6 9 8 -7 -2 -9 -3 -1 -6
right_child=5 2 3 -5 13 7 -8 10 -10 -11 -12 -13 -14 -15
leaf_value=-3.2796737460823666e-05 -0.00018018826730679973 -1.0969841385224799e-05 -0.00057579568679317489 3.294960666173603e-05 0 0.00038324031314953454 -0.00046981736063808518 -1.6347154112721192e-05 2.3455174198582352e-05 -1.7611134062272163e-05 0.00011098898656253342 0.00018302078774187997 -0.00024397041973695985 0.00022146194209640772
leaf_weight=796 714 114 109 690 52 346 118 8634 1267 6774 1103 1603 346 172
leaf_count=796 714 114 109 690 52 346 118 8634 1267 6774 1103 1603 346 172
internal_value=0 3.94961e-05 9.40542e-05 -3.19617e-05 -5.00154e-05 -8.43797e-06 -4.39146e-05 1.40164e-05 0.000110115 -3.51382e-05 -3.72339e-07 0.000161411 -0.000110058 0.000188558
internal_weight=22838 3882 2516 799 1366 18956 7606 11350 1613 7488 9737 1717 1142 224
internal_count=22838 3882 2516 799 1366 18956 7606 11350 1613 7488 9737 1717 1142 224
is_linear=0
shrinkage=0.05


Tree=61
num_leaves=14
num_cat=0
split_feature=4 12 2 12 0 0 4 9 0 4 10 21 4
split_gain=0.00241208 0.00465367 0.0021443 0.00279175 0.0020412 0.00237035 0.00189747 0.00180218 0.000672391 0.000807709 0.00066104 0.000396767 0.000122284
threshold=5.8271622751580532 11.548077866663524 -5.5710253133461336 -2.539625387348186 -1.7311525226243616 -5.2283019911338773 2.9562911645164749 0.032205559053282845 1.5123437609438959 6.607660807167778 53.521322471735537 1.0000000180025095e-35 7.0194085560811326
decision_type=2 2 2 2 2 2 2 2 2 2 2 2 2
left_child=2 8 4 7 5 -1 -5 -4 9 -2 -6 -10 -3
right_child=1 12 3 6 10 -7 -8 -9 11 -11 -12 -13 -14
leaf_value=0 -0.00014058058423790755 0 3.6764256173574943e-05 0 -1.6815510736277124e-05 0.00016015827799399046 4.4487912546824058e-05 -3.9182969681161964e-05 0 0 0.00011837594420510522 0.00013825285057385411 -0.00056437416573836734
leaf_weight=96 170 54 700 10994 640 642 3206 5833 54 222 104 68 55
leaf_count=96 170 54 700 10994 640 642 3206 5833 54 222 104 68 55
internal_value=0 -9.72645e-05 2.39033e-06 -1.0571e-06 6.07023e-05 0.000119581 1.06263e-05 -2.87453e-05 -3.45433e-06 -5.88305e-05 0 5.15561e-05 -0.000399219
internal_weight=22838 623 22215 20733 1482 738 14200 6533 514 392 744 122 109
internal_count=22838 623 22215 20733 1482 738 14200 6533 514 392 744 122 109
is_linear=0
shrinkage=0.05


Tree=62
num_leaves=10
num_cat=0
split_feature=14 14 14 13 13 13 19 5 3
split_gain=0.00286754 0.00719397 0.00885425 0.00794416 0.00529118 0.00240099 0.00203736 0.000862327 0.000449055
threshold=26.764999389648441 24.670000076293949 21.47500038146973 -1.0083224410618261 -1.2448797960925293 -2.1295115427365112 -2.3302963712484965 3.2745585859694737 -9.4159246339375429
decision_type=2 2 2 2 2 2 2 2 2
left_child=1 2 4 -4 -1 -2 -3 -8 -7
right_child=5 6 3 -5 -6 8 7 -9 -10
leaf_value=0.00012677461367188381 0 0 0 -0.00029953900641754654 -7.6572038764438294e-07 -0.00047935113077983253 0 0.00028464688571501999 0
leaf_weight=838 116 78 348 465 20500 61 71 310 51
leaf_count=838 116 78 348 465 20500 61 71 310 51
internal_value=0 1.45331e-06 -1.94137e-06 -0.000164215 3.5459e-06 -0.000176342 0.000197535 0.000245603 -0.00034079
internal_weight=22838 22610 22151 813 21338 228 459 381 112
internal_count=22838 22610 22151 813 21338 228 459 381 112
is_linear=0
shrinkage=0.05


Tree=63
num_leaves=15
num_cat=0
split_feature=14 14 14 14 1 14 1 4 14 8 7 5 5 16
split_gain=0.00275052 0.0107242 0.00646415 0.00648137 0.00577025 0.00552616 0.00383434 0.00339899 0.0034693 0.00263229 0.00227195 0.0019016 0.000871097 0.000850595
threshold=14.460000038146974 14.230000019073488 18.954999923706058 19.835000038146976 -0.24559781950701487 18.679999351501468 -0.66572872256166626 6.0211122646022908 13.38000011444092 2.3803438393474838 49.675290347014517 3.3742160615199741 3.4171147327634386 0.96689905717229918
decision_type=2 2 2 2 2 2 2 2 2 2 2 2 2 2
left_child=1 7 5 13 -3 12 -5 8 -1 -6 -7 -9 -2 -4
right_child=2 4 3 6 9 10 -8 11 -10 -11 -12 -13 -14 -15
leaf_value=-1.8723534208205654e-06 -0.0001035715972449476 0 0.00050062815797419344 4.9477869436569331e-05 0.00043620360729926017 -0.00047397279459761668 -9.0323466641757362e-05 0 7.300079607239351e-05 0 0 -0.0002433926298885938 0 0
leaf_weight=17765 248 79 67 738 254 183 1110 181 1667 52 51 218 172 53
leaf_count=17765 248 79 67 738 254 183 1110 181 1667 52 51 218 172 53
internal_value=0 5.89681e-06 -4.85132e-05 0 0.00026698 -0.000184654 -2.63847e-05 5.85721e-08 3.78228e-06 0.000369607 -0.000389521 -0.000143349 -3.42306e-05 0.000351105
internal_weight=22838 20216 2622 1968 385 654 1848 19831 19432 306 234 399 420 120
internal_count=22838 20216 2622 1968 385 654 1848 19831 19432 306 234 399 420 120
is_linear=0
shrinkage=0.05


Tree=64
num_leaves=15
num_cat=0
split_feature=13 13 13 13 13 13 13 20 11 13 13 13 13 13
split_gain=0.00271041 0.00770125 0.00727446 0.00697387 0.00727624 0.00581556 0.00577565 0.00573587 0.00691306 0.0047863 0.00417798 0.00645476 0.00551799 0.00169639
threshold=-0.39825121268735048 -0.69276599147319862 -0.18422338437944494 -0.64278278086672958 -0.56734936417262005 -0.89704472932619062 -0.93968043077759511 -0.16424046339868628 -2.8875993015675427 -0.12897990006948132 -0.34484582721632789 -0.36212995724053115 -0.29973634362466245 -0.85891014112878239
decision_type=2 2 2 2 2 2 2 2 2 2 2 2 2 2
left_child=1 5 10 -3 -5 6 -1 8 -4 -9 11 -2 -12 -7
right_child=2 3 7 4 -6 13 -8 9 -10 -11 12 -13 -14 -15
leaf_value=3.3262423177745588e-06 6.3022704336554962e-05 -0.00031381293573604801 -0.00030085229318181276 8.185574238466864e-05 -0.00011621406164159974 0.00036230380789493212 -0.00025125168230307143 -0.00011431272684557202 0 1.1383754894711746e-05 0.00025680825178787562 -0.00023741485333396081 5.5147364983822583e-05 7.475044019655564e-05
leaf_weight=2451 812 352 351 577 1525 119 235 800 529 12175 593 228 1495 596
leaf_count=2451 812 352 351 577 1525 119 235 800 529 12175 593 228 1495 596
internal_value=0 -2.96863e-05 9.75222e-06 -9.8088e-05 -5.46981e-05 1.52743e-05 -1.34497e-05 -4.78366e-06 -0.000128634 2.46949e-06 7.89115e-05 0 0.000119696 0.000143998
internal_weight=22838 5855 16983 2454 2102 3401 2686 13855 880 12975 3128 1040 2088 715
internal_count=22838 5855 16983 2454 2102 3401 2686 13855 880 12975 3128 1040 2088 715
is_linear=0
shrinkage=0.05


Tree=65
num_leaves=15
num_cat=0
split_feature=13 13 13 13 4 5 13 13 13 3 2 8 9 12
split_gain=0.00271273 0.00705871 0.00849799 0.0147426 0.0043716 0.00406757 0.00326159 0.00192159 0.00863091 0.00399921 0.00210557 0.00201626 0.0012492 0.000320954
threshold=0.7059614949185834 0.48761463514747089 0.49393563195667683 0.50979561016865083 5.2039420849120406 3.3116361026913768 -0.34484582721632789 0.83243685891511998 0.85534758393390764 1.67139595993151 -0.50497274781468027 0.91107849365506877 0.63325496812558735 8.4803618774899689
decision_type=2 2 2 2 2 2 2 2 2 2 2 2 2 2
left_child=1 4 12 -4 6 -6 -1 9 -9 11 -10 -2 -3 -11
right_child=7 2 3 -5 5 -7 -8 8 10 13 -12 -13 -14 -15
leaf_value=-1.5627351792656093e-05 0.00024195144947097434 -0.00046045655455652926 0.00049222601464588586 -7.9777942283842484e-05 0 -0.00021979265891630359 2.8733866070582052e-05 -0.00039134587266941408 0 2.3865505545703938e-06 0.00010013667251125218 0 0 -8.2740684867733065e-05
leaf_weight=6584 437 172 112 2416 288 406 10059 119 847 245 852 134 51 116
leaf_count=6584 437 172 112 2416 288 406 10059 119 847 245 852 134 51 116
internal_value=0 -6.66876e-06 -8.13592e-05 -4.83202e-05 4.32182e-06 -0.00011687 1.02834e-05 4.62651e-05 7.04687e-06 0.000106599 4.39881e-05 0.000189774 -0.000387048 0
internal_weight=22838 20088 2751 2528 17337 694 16643 2750 1818 932 1699 571 223 361
internal_count=22838 20088 2751 2528 17337 694 16643 2750 1818 932 1699 571 223 361
is_linear=0
shrinkage=0.05


Tree=66
num_leaves=15
num_cat=0
split_feature=13 13 20 13 13 13 19 5 13 13 12 6 11 4
split_gain=0.00243743 0.00661556 0.0115968 0.00871263 0.00565714 0.00770865 0.00379972 0.00334307 0.00175313 0.00778425 0.00331576 0.00181857 0.00113839 0.000603791
threshold=0.7059614949185834 0.36317388633246855 -0.16424046339868628 0.36686518694094566 0.13465620494010902 0.081626049855243479 -1.0000000180025095e-35 2.8468266812328697 0.83243685891511998 0.85534758393390764 7.0354105047491604 0.7171656394705922 -3.9187936061023172 2.8451865297251238
decision_type=2 2 2 2 2 2 2 2 2 2 2 2 2 2
left_child=1 4 7 -4 5 -1 -6 -3 10 -10 12 -11 -2 -12
right_child=8 2 3 -5 6 -7 -8 -9 9 11 13 -13 -14 -15
leaf_value=7.774608515660843e-06 0.00036571433085191531 0 -0.00050658920101322841 -2.0905210097510933e-05 0.00022060013085987976 -0.00012760776879593543 3.7702835838443623e-05 -0.00050384208265330402 -0.0003719416410070456 -1.8205716454766177e-05 0 7.7506584949806108e-05 9.2051355568966093e-05 -0.00015608604195700826
leaf_weight=12375 109 83 98 4120 457 1142 1624 189 119 483 79 1216 669 75
leaf_count=12375 109 83 98 4120 457 1142 1624 189 119 483 79 1216 669 75
internal_value=0 -6.37032e-06 -6.02624e-05 -3.58622e-05 8.18417e-06 -2.5623e-06 8.51594e-05 -0.000382182 4.3803e-05 5.98183e-06 0.000101416 4.14788e-05 0.000150068 -4.69797e-05
internal_weight=22838 20088 4490 4218 15598 13517 2081 272 2750 1818 932 1699 778 154
internal_count=22838 20088 4490 4218 15598 13517 2081 272 2750 1818 932 1699 778 154
is_linear=0
shrinkage=0.05


Tree=67
num_leaves=12
num_cat=0
split_feature=15 15 9 12 8 1 21 2 0 0 1
split_gain=0.00208293 0.00292568 0.00221398 0.00253345 0.00146224 0.00290353 0.00120982 0.00188216 0.000929713 0.00083614 6.27675e-05
threshold=8.7162477917075449 4.8654239304321285 0.032205559053282845 -2.2758398799028319 6.3821695238370078 0.24278525509066284 0.030250779997852532 3.3309392778223761 -5.2283019911338773 0.10841235025341568 1.3565666857997727
decision_type=2 2 2 2 2 2 2 2 2 2 2
left_child=1 2 8 -4 -2 -6 9 -8 -1 -3 -7
right_child=4 6 3 -5 5 10 7 -9 -10 -11 -12
leaf_value=-2.4528555535946837e-05 0 8.6784915899029743e-05 -3.3189660919927602e-05 4.2360009462508899e-06 0 -0.00045011131469618702 0 0.00019200872713885143 6.3250221880744605e-05 0 0
leaf_weight=95 188 329 6665 12449 127 79 96 395 1671 693 51
leaf_count=95 188 329 6665 12449 127 79 96 395 1671 693 51
internal_value=0 1.77591e-06 -2.39952e-06 -8.03056e-06 -0.000107318 -0.000184604 6.92696e-05 0.000141809 5.00281e-05 1.9652e-05 -0.000350039
internal_weight=22838 22393 20880 19114 445 257 1513 491 1766 1022 130
internal_count=22838 22393 20880 19114 445 257 1513 491 1766 1022 130
is_linear=0
shrinkage=0.05


Tree=68
num_leaves=15
num_cat=0
split_feature=14 13 13 13 14 14 14 14 13 13 13 14 13 12
split_gain=0.00263737 0.00711677 0.00862083 0.0128451 0.00678884 0.00563319 0.00724239 0.00611143 0.0114204 0.0055908 0.00412577 0.00338935 0.00251496 0.00015615
threshold=10.460000038146974 -0.013045006246314992 0.58543975638573065 0.67612298378809677 10.300000190734865 11.844999790191652 11.82499980926514 12.065000057220461 -0.31185960005750685 0.99327539973204104 -0.66920619300663831 9.4649996757507342 -0.15511208884687042 -1.9167628996020272
decision_type=2 2 2 2 2 2 2 2 2 2 2 2 2 2
left_child=1 4 11 -4 12 6 10 8 -7 -9 -2 -3 -1 -6
right_child=5 2 3 -5 13 7 -8 9 -10 -11 -12 -13 -14 -15
leaf_value=-3.3111366515622582e-05 6.6291461765172248e-05 -1.1588132602375249e-05 -0.00054233821366229181 2.8211335328865161e-05 0 0.00036118398360466045 -0.00043975829103268965 -1.5213205969468454e-05 2.1023205652121822e-05 0.00010416458662201461 -4.7673228599356698e-05 0.00017524377786825419 -0.00022893787382439958 0.00021351870485860139
leaf_weight=796 799 114 109 690 56 346 118 8634 1267 1103 6689 1603 346 168
leaf_count=796 799 114 109 690 56 346 118 8634 1267 1103 6689 1603 346 168
internal_value=0 3.71701e-05 8.92313e-05 -3.1454e-05 -4.77422e-05 -8.05043e-06 -4.18341e-05 1.32693e-05 0.000103462 -1.40514e-07 -3.35026e-05 0.000154108 -0.000105714 0.000180301
internal_weight=22838 3882 2516 799 1366 18956 7606 11350 1613 9737 7488 1717 1142 224
internal_count=22838 3882 2516 799 1366 18956 7606 11350 1613 9737 7488 1717 1142 224
is_linear=0
shrinkage=0.05


Tree=69
num_leaves=10
num_cat=0
split_feature=14 14 14 13 13 20 20 10 3
split_gain=0.00260491 0.00622529 0.0071735 0.00666883 0.00486978 0.00217021 0.000818044 0.000477575 0.000253606
threshold=26.764999389648441 24.670000076293949 21.47500038146973 -1.0083224410618261 -1.2448797960925293 -0.8249003218741312 -0.19178136812371041 30.329455215599957 -2.7732420744874027
decision_type=2 2 2 2 2 2 2 2 2
left_child=1 2 4 -4 -1 -2 -3 -7 -8
right_child=5 6 3 -5 -6 7 8 -9 -10
leaf_value=0.00012138771255843272 0 0 0 -0.00027195585384676282 -9.8554678177531562e-07 0 0.00026833376613859245 -0.00034813934775768389 0
leaf_weight=838 64 154 348 465 20500 57 252 107 53
leaf_count=838 64 154 348 465 20500 57 252 107 53
internal_value=0 1.36363e-06 -1.74742e-06 -0.000147848 3.1229e-06 -0.00016809 0.000183786 -0.000268506 0.000239708
internal_weight=22838 22610 22151 813 21338 228 459 164 305
internal_count=22838 22610 22151 813 21338 228 459 164 305
is_linear=0
shrinkage=0.05


Tree=70
num_leaves=15
num_cat=0
split_feature=14 14 14 14 14 14 14 1 7 4 14 16 4 8
split_gain=0.00240502 0.00575235 0.00297527 0.00509418 0.0114078 0.00284555 0.004996 0.00219828 0.00108774 0.000458272 0.000292656 0.00026421 0.000179153 4.97455e-05
threshold=9.7150001525878924 9.4649996757507342 10.055000305175783 10.315000057220461 10.339999675750734 9.9200000762939471 9.9600000381469744 0.48782570858826629 73.690294700072613 3.5212517529532765 9.1699995994567889 -0.077896427422940992 1.6689086248852953 0.86838147152229206
decision_type=2 2 2 2 2 2 2 2 2 2 2 2 2 2
left_child=1 10 5 8 -5 11 -7 9 -4 -3 12 -2 -1 -12
right_child=2 7 3 4 -6 6 -8 -9 -10 -11 13 -13 -14 -15
leaf_value=0 -8.5381568688565837e-06 0.00022361093786347843 0.000107573419739038 -0.00051541898486373778 -3.0782839673124177e-06 -0.00048217218219927423 -4.9537992081201393e-05 0 0 0 -2.8890422517783404e-05 6.6318573382274316e-05 -0.00017722312417390641 0
leaf_weight=51 191 516 1258 109 19302 112 457 119 116 54 148 146 63 196
leaf_count=51 191 516 1258 109 19302 112 457 119 116 54 148 146 63 196
internal_value=0 7.02119e-05 -4.03533e-06 0 -6.75439e-06 -9.2684e-05 -0.000161709 0.000166853 9.28336e-05 0.000208006 -4.2539e-05 0 -0.000116553 0
internal_weight=22838 1147 21691 20785 19411 906 569 689 1374 570 458 337 114 344
internal_count=22838 1147 21691 20785 19411 906 569 689 1374 570 458 337 114 344
is_linear=0
shrinkage=0.05


Tree=71
num_leaves=11
num_cat=0
split_feature=14 14 14 1 14 14 0 16 3 21
split_gain=0.00235221 0.0057525 0.00641442 0.0069142 0.00389085 0.00215579 0.00104619 0.000278067 0.0001589 0.000156578
threshold=26.764999389648441 24.670000076293949 21.47500038146973 0.29617587733547329 18.954999923706058 27.344999313354496 -2.3797214083776788 1.119460356859703 -1.6532072359196068 0.14484549481101636
decision_type=2 2 2 2 2 2 2 2 2 2
left_child=1 2 4 -4 -1 7 -3 -2 -8 -7
right_child=5 6 3 -5 -6 9 8 -9 -10 -11
leaf_value=0 -0.00043870530938992515 0 -1.8021368358950302e-05 -0.00037334984024595011 0.00014524876787591119 -6.515610400021031e-05 0.0002389491265009718 0 0 4.8880962402386191e-05
leaf_weight=20870 61 102 577 236 468 58 303 51 54 58
leaf_count=20870 61 102 577 236 468 58 303 51 54 58
internal_value=0 1.19897e-06 -1.76605e-06 -0.000139927 2.80138e-06 -0.000159804 0.00017659 -0.000315352 0.000217657 0
internal_weight=22838 22610 22151 813 21338 228 459 112 357 116
internal_count=22838 22610 22151 813 21338 228 459 112 357 116
is_linear=0
shrinkage=0.05


Tree=72
num_leaves=15
num_cat=0
split_feature=13 14 13 14 13 14 14 13 13 1 14 13 14 11
split_gain=0.00244651 0.00983138 0.0101776 0.0214863 0.00655605 0.0137608 0.0133505 0.0100863 0.00766371 0.00624793 0.00592598 0.00572281 0.00559011 0.00107617
threshold=-0.42021305351745969 10.920000076293947 -0.56734936417262005 12.175000190734863 -0.011353615510945046 10.84500026702881 11.739999771118166 0.55270249734205035 0.58543975638573065 0.16368074422288742 10.704999923706056 -0.013045006246314992 12.164999961853029 1.1566420282888823
decision_type=2 2 2 2 2 2 2 2 2 2 2 2 2 2
left_child=1 10 3 -3 6 8 11 -7 -6 -8 13 -2 -4 -1
right_child=4 2 12 -5 5 7 9 -9 -10 -11 -12 -13 -14 -15
leaf_value=-0.00013072862739505698 -2.0657885745490105e-05 0.0001941153218496129 -0.00024594113089505034 -4.9502726238935473e-05 0.00013449711003966195 -8.4345686851681467e-05 0.00022446766229174245 2.6003268783012193e-05 -2.1874279506388769e-05 9.2644256033788181e-06 -0.00043012543327180678 0.00023689386716306099 0 0
leaf_weight=260 3279 1376 580 2494 2064 5671 1294 2992 1025 662 228 229 485 199
leaf_count=260 3279 1376 580 2494 2064 5671 1294 2992 1025 662 228 229 485 199
internal_value=0 -2.90702e-05 -1.30231e-06 3.32698e-05 8.90214e-06 -1.10855e-05 5.46305e-05 -4.45038e-05 7.77649e-05 0.00015934 -0.000206444 0 -0.000140915 -6.20319e-05
internal_weight=22838 5622 4935 3870 17216 11752 5464 8663 3089 1956 687 3508 1065 459
internal_count=22838 5622 4935 3870 17216 11752 5464 8663 3089 1956 687 3508 1065 459
is_linear=0
shrinkage=0.05


Tree=73
num_leaves=15
num_cat=0
split_feature=8 18 15 19 18 19 1 6 9 9 3 0 8 1
split_gain=0.00197208 0.00293175 0.00281242 0.00269175 0.00309603 0.00517269 0.00320166 0.00202811 0.0018767 0.00126677 0.00113411 0.000532724 0.000380199 0.000269753
threshold=7.5589899742001281 1.2405625645435256 9.2537807614334913 0.87774934856306575 1.4228728781297446 -2.0308634955439664 -0.94458639390226196 1.123018678895765 0.90809929585977522 0.77966470170026525 -7.4692841345505068 0.15807641261710501 -0.34965206007840693 0.41769584951348043
decision_type=2 2 2 2 2 2 2 2 2 2 2 2 2 2
left_child=3 8 11 4 6 -6 -1 9 10 -5 -2 -3 -9 -10
right_child=1 2 -4 7 5 -7 -8 12 13 -11 -12 -13 -14 -15
leaf_value=-0.00010075679037105168 0 0 -0.00011092286088064109 -0.00017594425902792198 -6.1002955509575674e-05 0.0001341394413118949 8.1252543217650916e-06 4.6067130416594548e-05 2.0679803227598369e-05 0 -0.00010381922776781931 0.000231298239262693 -4.9284449692730899e-05 -4.1761791301884364e-05
leaf_weight=693 69 140 71 440 357 1167 16861 234 536 53 1602 176 185 254
leaf_count=693 69 140 71 440 357 1167 16861 234 536 53 1602 176 185 254
internal_value=0 -3.93602e-05 7.16576e-05 5.08272e-06 9.79709e-06 7.85809e-05 2.96684e-06 -7.70098e-05 -6.29327e-05 -0.000145686 -9.29403e-05 0.00016022 0 0
internal_weight=22838 2848 387 19990 19078 1524 17554 912 2461 493 1671 316 419 790
internal_count=22838 2848 387 19990 19078 1524 17554 912 2461 493 1671 316 419 790
is_linear=0
shrinkage=0.05


Tree=74
num_leaves=10
num_cat=0
split_feature=14 14 14 14 14 14 12 0 7
split_gain=0.00211771 0.00521951 0.00578877 0.00597359 0.00377258 0.00201219 0.00136131 0.000859506 0.000768158
threshold=26.764999389648441 24.670000076293949 21.47500038146973 21.560000419616703 13.355000019073488 27.344999313354496 -7.1150457549877482 -2.3797214083776788 35.80096982971191
decision_type=2 2 2 2 2 2 2 2 2
left_child=1 2 4 -4 -1 6 -2 -3 -9
right_child=5 7 3 -5 -6 -7 -8 8 -10
leaf_value=-5.7229749835177325e-06 -0.00047009557432066949 0 -0.0004877173833788813 -5.3072684888528394e-05 5.1822827029692918e-05 0 0 0 0.00026677088589379614
leaf_weight=17993 61 102 114 699 3345 116 51 118 239
leaf_count=17993 61 102 114 699 3345 116 51 118 239
internal_value=0 1.0855e-06 -1.70722e-06 -0.000132971 2.59712e-06 -0.000151667 -0.000301883 0.00016818 0.00020578
internal_weight=22838 22610 22151 813 21338 228 112 459 357
internal_count=22838 22610 22151 813 21338 228 112 459 357
is_linear=0
shrinkage=0.05


Tree=75
num_leaves=15
num_cat=0
split_feature=13 14 13 14 13 14 14 13 13 14 14 14 9 9
split_gain=0.00216708 0.00891421 0.00934444 0.0118757 0.00602219 0.0125711 0.0119759 0.00893916 0.00697038 0.00528519 0.00526821 0.00396049 0.00345494 0.00119555
threshold=-0.42021305351745969 10.920000076293947 -0.49107995841421442 12.175000190734863 -0.011353615510945046 10.84500026702881 11.739999771118166 0.55270249734205035 0.58543975638573065 10.704999923706056 11.534999847412111 11.899999618530275 0.63763030731123482 0.35388808833076796
decision_type=2 2 2 2 2 2 2 2 2 2 2 2 2 2
left_child=1 9 3 -3 6 8 10 -7 -6 13 -2 -8 -4 -1
right_child=4 2 12 -5 5 7 11 -9 -10 -11 -12 -13 -14 -15
leaf_value=-0.00016804937613960647 2.4055411872636314e-05 0.0001255163386166965 -0.00027389840585944968 -4.1378342064793302e-05 0.0001282007449081542 -8.030158290867405e-05 0.00048161400780619433 2.3329754175904158e-05 -2.0410242452079276e-05 -0.0004083750840736803 -0.00014077544073869954 0.00012191811431991704 0 0
leaf_weight=159 2930 1725 399 2622 2064 5671 117 2992 1025 228 578 1839 189 300
leaf_count=159 2930 1725 399 2622 2064 5671 117 2992 1025 228 578 1839 189 300
internal_value=0 -2.74109e-05 -8.28142e-07 2.14135e-05 8.32353e-06 -1.07931e-05 5.21788e-05 -4.27799e-05 7.40432e-05 -0.000196285 0 0.000151334 -0.000190481 -5.7665e-05
internal_weight=22838 5622 4935 4347 17216 11752 5464 8663 3089 687 3508 1956 588 459
internal_count=22838 5622 4935 4347 17216 11752 5464 8663 3089 687 3508 1956 588 459
is_linear=0
shrinkage=0.05


Tree=76
num_leaves=10
num_cat=0
split_feature=20 12 14 14 14 14 18 14 18
split_gain=0.00210066 0.00410827 0.00349987 0.00676471 0.0141945 0.00611529 0.00513381 0.00450918 0.00377522
threshold=1.3281393001242445 0.89910860372351398 16.125000000000004 13.355000019073488 13.340000152587894 18.954999923706058 0.51872274921437322 21.47500038146973 0.53287902139087606
decision_type=2 2 2 2 2 2 2 2 2
left_child=2 -2 3 4 -1 8 -5 -7 -4
right_child=1 -3 5 6 -6 7 -8 -9 -10
leaf_value=-1.4029273546518711e-06 0.00027241502759536976 -2.2616780158865917e-05 0 0 -0.00057500843267883558 0.00011771895361668611 0.00015293761895541038 -6.1040302052240111e-05 -0.00027579676333625019
leaf_weight=17815 206 93 85 1010 108 452 1258 1376 435
leaf_count=17815 206 93 85 1010 108 452 1258 1376 435
internal_value=0 0.00013088 -2.23704e-06 3.78781e-06 -5.7281e-06 -6.04114e-05 8.55681e-05 -8.59804e-06 -0.000213399
internal_weight=22838 299 22539 20191 17923 2348 2268 1828 520
internal_count=22838 299 22539 20191 17923 2348 2268 1828 520
is_linear=0
shrinkage=0.05


Tree=77
num_leaves=14
num_cat=0
split_feature=4 12 1 14 14 14 1 14 14 14 4 2 6
split_gain=0.00186189 0.00421145 0.00229698 0.00227527 0.00897146 0.00624686 0.00543735 0.00525703 0.00408079 0.00204975 0.000486368 0.00118574 0.000630313
threshold=5.8271622751580532 11.548077866663524 0.42307288658719988 14.460000038146974 13.655000209808351 18.954999923706058 -0.53279833954869671 18.679999351501468 19.835000038146976 9.7800002098083514 6.607660807167778 5.2256095864489103 1.3198984806627609
decision_type=2 2 2 2 2 2 2 2 2 2 2 2 2
left_child=3 10 -3 4 9 7 -6 -5 -7 -1 11 -2 -12
right_child=1 2 -4 5 6 8 -8 -9 -10 -11 12 -13 -14
leaf_value=6.1415613759908871e-05 -0.00015195114495068158 0 -0.00061565915496943156 -2.503341324732808e-05 -2.1677599457033298e-05 0.0002901918086642801 0.00018801260815572916 -0.00038186619647696509 -1.5729231326755329e-05 -5.2915165205730549e-06 0.0001058004284814474 0 0
leaf_weight=1230 178 55 54 389 268 115 1052 225 1751 17185 144 50 142
leaf_count=1230 178 55 54 389 268 115 1052 225 1751 17185 144 50 142
internal_value=0 -8.56339e-05 -0.000370559 1.88371e-06 8.19865e-06 -4.23056e-05 0.0001341 -0.000180593 0 -1.83201e-08 0 -7.1436e-05 1.28389e-05
internal_weight=22838 623 109 22215 19735 2480 1320 614 1866 18415 514 228 286
internal_count=22838 623 109 22215 19735 2480 1320 614 1866 18415 514 228 286
is_linear=0
shrinkage=0.05


Tree=78
num_leaves=13
num_cat=0
split_feature=13 13 13 13 13 4 13 13 9 16 6 13
split_gain=0.00205282 0.00639235 0.00532348 0.00495204 0.00558106 0.00404541 0.00395224 0.00330875 0.00252064 0.00245097 0.00128142 0.00029162
threshold=-0.42021305351745969 -0.43357954555437445 0.015546919509756842 0.12528889017450198 0.36317388633246855 5.2039420849120406 -0.67858172478649215 0.081626049855243479 0.89255160035632419 -5.4018903885598872 1.129752317193315 -0.29479932225512367
decision_type=2 2 2 2 2 2 2 2 2 2 2 2
left_child=1 5 8 7 -5 6 -1 -4 9 -2 -7 -10
right_child=2 -3 3 4 -6 10 -8 -9 11 -11 -12 -13
leaf_value=2.7858437056410878e-05 0 -0.00039527191473205355 -1.1148299073524295e-05 6.9160229664146772e-05 -1.8140408304376365e-05 0 -6.0737468876161128e-05 -0.00016533443044790692 -7.3064576193697522e-05 8.0184434384164465e-05 -0.00030295332621881245 0
leaf_weight=3217 1167 118 1043 2428 7240 111 2017 795 245 3881 159 417
leaf_count=3217 1167 118 1043 2428 7240 111 2017 795 245 3881 159 417
internal_value=0 -2.68073e-05 7.96105e-06 -1.05683e-05 2.23762e-06 -1.61127e-05 -3.42307e-06 -8.60495e-05 4.79207e-05 6.10726e-05 -0.000205832 -2.96842e-05
internal_weight=22838 5622 17216 11506 9668 5504 5234 1838 5710 5048 270 662
internal_count=22838 5622 17216 11506 9668 5504 5234 1838 5710 5048 270 662
is_linear=0
shrinkage=0.05


Tree=79
num_leaves=14
num_cat=0
split_feature=13 13 13 0 13 13 19 1 2 13 13 6 2
split_gain=0.0020483 0.00550562 0.00831297 0.00531127 0.00495913 0.00604633 0.0031231 0.00244269 0.0025302 0.00275111 0.00164976 0.000918154 0.000820401
threshold=0.7059614949185834 0.36317388633246855 0.36686518694094566 0.19670819775795353 0.13465620494010902 0.081626049855243479 -1.0000000180025095e-35 0.18936021624326235 2.2219671682015778 0.80579453475153617 0.99327539973204104 0.52494637552272527 1.2210908878426354
decision_type=2 2 2 2 2 2 2 2 2 2 2 2 2
left_child=1 4 -3 -4 5 -1 -6 11 9 -9 -10 -2 -13
right_child=7 2 3 -5 6 -7 -8 8 10 -11 -12 12 -14
leaf_value=5.9470032296438464e-06 0 -0.00048579158148672364 -0.00010746468676490127 0 0.00020285694655639095 -0.000113811883196782 3.4915988461792113e-05 7.4574128672377598e-05 0 -8.8830145887045366e-05 0.00016930759280069796 0.000154429862437375 0
leaf_weight=12375 213 115 1773 2602 457 1142 1624 268 172 901 303 619 274
leaf_count=12375 213 115 1773 2602 457 1142 1624 268 172 901 303 619 274
internal_value=-7.12718e-08 -6.26248e-06 -5.54369e-05 -4.05885e-05 6.93378e-06 -3.06901e-06 7.90812e-05 3.96871e-05 0 -3.85165e-05 9.81956e-05 9.71116e-05 0.000119353
internal_weight=22838 20088 4490 4375 15598 13517 2081 2750 1644 1169 475 1106 893
internal_count=22838 20088 4490 4375 15598 13517 2081 2750 1644 1169 475 1106 893
is_linear=0
shrinkage=0.05


Tree=80
num_leaves=9
num_cat=0
split_feature=15 20 12 0 20 3 8 1
split_gain=0.00173166 0.00346679 0.00213057 0.00190658 0.00182794 0.00136465 0.0013098 0.00261261
threshold=8.7162477917075449 1.1631866332849556 -2.539625387348186 -1.5164893063633611 -0.33036924865237044 -1.4482241373060309 6.3821695238370078 0.24278525509066284
decision_type=2 2 2 2 2 2 2 2
left_child=1 2 4 -4 -1 -3 -2 -8
right_child=6 5 3 -5 -6 -7 7 -9
leaf_value=-8.4178467854412539e-05 0 0.0002214484504276867 6.0110127219418362e-05 2.1697990269354827e-06 -9.8305073099777474e-06 0 0 -0.00032800400608311628
leaf_weight=1098 188 246 1710 12567 6632 140 127 130
leaf_count=1098 188 246 1710 12567 6632 140 127 130
internal_value=0 1.35881e-06 -5.72493e-07 1.01638e-05 -2.2341e-05 0.000149945 -9.80506e-05 -0.000171205
internal_weight=22838 22393 22007 14277 7730 386 445 257
internal_count=22838 22393 22007 14277 7730 386 445 257
is_linear=0
shrinkage=0.05


Tree=81
num_leaves=15
num_cat=0
split_feature=13 13 14 14 14 13 14 13 13 14 13 1 6 6
split_gain=0.00192731 0.0120903 0.00873499 0.00616007 0.012085 0.00610916 0.00512555 0.00494061 0.0063956 0.00342676 0.00191294 0.000678148 0.000674847 0.000648801
threshold=-0.34484582721632789 -0.29973634362466245 10.920000076293947 10.84500026702881 11.039999961853029 -0.013045006246314992 10.704999923706056 -0.36212995724053115 -0.3973374346368907 11.954999923706056 -0.34746401527293019 0.56862655237759763 1.2376747728998441 1.6429476836091912
decision_type=2 2 2 2 2 2 2 2 2 2 2 2 2 2
left_child=2 9 6 5 -5 -3 13 8 -4 11 -9 -2 -11 -1
right_child=1 3 7 4 -6 -7 -8 10 -10 12 -12 -13 -14 -15
leaf_value=-9.2244965251191957e-05 0.00037796641418450015 -4.1854586223172269e-05 -1.0251331211221461e-06 -0.0002707430071170861 -7.2274371141566759e-06 8.5782982010215549e-05 -0.00038506581194090809 -0.00037942617483571192 0.00021359726934229719 9.6509508396767604e-05 0 0 0 0
leaf_weight=686 291 1128 5282 462 10442 3318 228 114 362 187 114 55 60 109
leaf_count=686 291 1128 5282 462 10442 3318 228 114 362 187 114 55 60 109
internal_value=0 8.99733e-06 -2.26172e-05 0 -1.97919e-05 5.00247e-05 -0.000157387 0 1.01187e-05 0.000230343 -0.000226744 0.000339602 1.60557e-05 -7.2844e-05
internal_weight=22838 15943 6895 15350 10904 4446 1023 5872 5644 593 228 346 247 795
internal_count=22838 15943 6895 15350 10904 4446 1023 5872 5644 593 228 346 247 795
is_linear=0
shrinkage=0.05


Tree=82
num_leaves=10
num_cat=0
split_feature=14 14 14 1 14 20 19 5 19
split_gain=0.00176042 0.00473391 0.00483423 0.00605602 0.00305904 0.00190474 0.00154392 0.000700746 0.000196184
threshold=26.764999389648441 24.670000076293949 21.47500038146973 0.29617587733547329 18.954999923706058 -0.61842125568226181 -2.3302963712484965 3.2745585859694737 -0.73835163648389412
decision_type=2 2 2 2 2 2 2 2 2
left_child=1 2 4 -4 -1 -2 -3 -8 -7
right_child=5 6 3 -5 -6 8 7 -9 -10
leaf_value=-1.2386712548312942e-07 0 0 -6.7070209329153932e-06 -0.00033872592739176587 0.00012840213221514238 -0.00036093898760186302 0 0.0002364087923110981 0
leaf_weight=20870 101 78 577 236 468 73 71 310 54
leaf_count=20870 101 78 577 236 468 73 71 310 54
internal_value=0 7.54563e-07 -1.87429e-06 -0.000121812 1.998e-06 -0.000138428 0.000159958 0.000202275 -0.000267366
internal_weight=22838 22610 22151 813 21338 228 459 381 127
internal_count=22838 22610 22151 813 21338 228 459 381 127
is_linear=0
shrinkage=0.05


Tree=83
num_leaves=14
num_cat=0
split_feature=14 14 14 18 14 4 3 14 9 18 16 18 14
split_gain=0.00165887 0.00858307 0.00478308 0.00415622 0.00388504 0.00316226 0.00393952 0.00393279 0.00216581 0.00147875 0.000827655 0.000233557 0.000168565
threshold=14.460000038146974 14.364999771118166 18.954999923706058 0.53287902139087606 19.835000038146976 6.0211122646022908 11.912103076490313 13.38000011444092 0.0877372385578397 2.2870873252114099 0.96689905717229918 1.4536365266293827 17.144999504089359
decision_type=2 2 2 2 2 2 2 2 2 2 2 2 2
left_child=1 5 3 12 10 7 -7 -1 -6 -5 -4 -3 -2
right_child=2 11 4 9 8 6 -8 -9 -10 -11 -12 -13 -14
leaf_value=-2.1771589798128074e-06 0 0 0.00040663542650530441 -0.00027768992030120391 5.8962803730801533e-05 -1.5724273765203744e-06 -0.00043718989858382057 7.2675431821392572e-05 -5.5881908258940777e-05 0 0 0.00056543304380362051 8.8339979749973841e-05
leaf_weight=17765 149 63 67 386 494 314 90 1915 1354 66 53 69 53
leaf_count=17765 149 63 67 386 494 314 90 1915 1354 66 53 69 53
internal_value=-2.93537e-08 4.16127e-06 -3.80476e-05 -0.000155091 0 7.61122e-07 -0.000136493 4.34768e-06 -1.70543e-05 -0.000240242 0.000275363 0.000404822 0
internal_weight=22838 20216 2622 654 1968 20084 404 19680 1848 452 120 132 202
internal_count=22838 20216 2622 654 1968 20084 404 19680 1848 452 120 132 202
is_linear=0
shrinkage=0.05


Tree=84
num_leaves=15
num_cat=0
split_feature=13 13 20 20 4 16 2 5 2 13 13 4 5 7
split_gain=0.00200391 0.00525808 0.00743895 0.00428436 0.00341411 0.00484912 0.00290431 0.00104138 0.00132775 0.00100117 0.00503127 0.00193199 0.000700687 0.000100523
threshold=0.7059614949185834 0.48761463514747089 -0.33680328362156026 0.6925986311629585 5.2039420849120406 13.43151014333886 -5.5710253133461336 3.3116361026913768 -2.0444143460440873 1.0361546124647794 0.83243685891511998 3.57711184697955 1.7753657813029289 39.45694764919768
decision_type=2 2 2 2 2 2 2 2 2 2 2 2 2 2
left_child=1 4 -3 -4 6 -6 -1 8 13 10 -9 -11 -10 -2
right_child=7 2 3 -5 5 -7 -8 9 12 11 -12 -13 -14 -15
leaf_value=8.6447409196222067e-05 0 -0.00043637881822601034 -6.5618207577017255e-05 0.00018666228516620674 -2.242927103338272e-05 -0.00044156921084093006 1.9951286482276773e-06 5.3467477091939863e-05 0 -3.2562964435118407e-05 -0.00027596763762882112 0.00013062095555934765 9.5700284607914136e-05 -3.4927634885264627e-05
leaf_weight=1128 235 141 2456 154 596 98 15515 183 134 196 180 315 1302 205
leaf_count=1128 235 141 2456 154 596 98 15515 183 134 196 180 315 1302 205
internal_value=0 -6.11315e-06 -7.05876e-05 -4.4922e-05 3.25585e-06 -0.000103749 8.62506e-06 3.93468e-05 6.04656e-05 0 -6.89894e-05 3.87916e-05 8.41754e-05 0
internal_weight=22838 20088 2751 2610 17337 694 16643 2750 1876 874 363 511 1436 440
internal_count=22838 20088 2751 2610 17337 694 16643 2750 1876 874 363 511 1436 440
is_linear=0
shrinkage=0.05


Tree=85
num_leaves=10
num_cat=0
split_feature=20 12 4 16 12 0 21 12 21
split_gain=0.00140277 0.00336141 0.00255529 0.00595338 0.00192659 0.00231945 0.00163885 0.000500532 0.000118428
threshold=1.3281393001242445 0.89910860372351398 5.8271622751580532 13.43151014333886 -2.539625387348186 -1.5164893063633611 0.045138767115519451 -2.2106759167649712 0.25049357855631799
decision_type=2 2 2 2 2 2 2 2 2
left_child=2 8 4 7 6 -6 -1 -4 -2
right_child=1 -3 3 -5 5 -7 -8 -9 -10
leaf_value=0 0.00028932644190566252 -2.4868926167131431e-05 -7.3203491553531301e-05 -0.00046454011338570083 6.7431670403055524e-05 2.947441138271266e-06 -5.0331055237284639e-05 4.190448560773749e-06 0
leaf_weight=4814 143 93 232 98 1666 12697 2771 261 63
leaf_count=4814 143 93 232 98 1666 12697 2771 261 63
internal_value=0 0.000106657 -2.04398e-06 -0.000104642 3.99465e-08 1.14756e-05 -1.9636e-05 -1.94032e-06 0.000238333
internal_weight=22838 299 22539 591 21948 14363 7585 493 206
internal_count=22838 299 22539 591 21948 14363 7585 493 206
is_linear=0
shrinkage=0.05


Tree=86
num_leaves=14
num_cat=0
split_feature=13 13 13 13 13 13 18 1 2 18 13 13 21
split_gain=0.00186522 0.00769816 0.0151846 0.00617518 0.00468948 0.00846889 0.00444395 0.00147271 0.0018039 0.00280101 0.00147468 0.00096529 0.00041269
threshold=0.64779913388313137 0.52555861591733211 0.53714975524669095 0.54635359327875899 0.49393563195667683 0.48761463514747089 1.038688203465256 -0.0060100409163885826 3.3309392778223761 1.2405625645435256 0.83243685891511998 0.7137331665604153 0.22757888395442313
decision_type=2 2 2 2 2 2 2 2 2 2 2 2 2
left_child=1 4 -3 -4 5 -1 -6 11 10 -10 -9 -2 -13
right_child=7 2 3 -5 6 -7 -8 8 9 -11 -12 12 -14
leaf_value=2.9890419962969367e-06 0 -0.00048717628028732533 0.00013133913322418433 -0.00010496898306494042 0 -0.00030631374683983792 0.00047860313542478252 3.4734366403114029e-05 0 0.00026231952581388891 -4.4803958029747843e-05 0.00016161714529060449 0
leaf_weight=17337 111 236 337 1028 136 223 99 1022 461 173 1225 400 50
leaf_count=17337 111 236 337 1028 136 223 99 1022 461 173 1225 400 50
internal_value=0 -6.60456e-06 -0.000111786 -3.55933e-05 2.02138e-06 -1.01946e-07 0.000223571 3.32958e-05 1.27638e-05 8.8475e-05 -1.95569e-06 0.000111837 0.000144695
internal_weight=22838 19396 1601 1365 17795 17560 235 3442 2881 634 2247 561 450
internal_count=22838 19396 1601 1365 17795 17560 235 3442 2881 634 2247 561 450
is_linear=0
shrinkage=0.05


Tree=87
num_leaves=15
num_cat=0
split_feature=8 21 9 12 20 9 3 10 6 10 10 5 12 12
split_gain=0.00156569 0.00187482 0.00189062 0.00182536 0.00389103 0.00298358 0.00135929 0.00142976 0.00101929 0.00153851 0.000961795 0.000829654 0.00057765 0.000457139
threshold=7.5589899742001281 1.0000000180025095e-35 0.90809929585977522 -2.4645674036932674 1.3281393001242445 0.032205559053282845 2.7925963614608533 26.994454605196712 0.49157368245775618 50.261642066313989 15.053229766045183 3.8405482013584078 6.7834786214676308 2.3034483971893764
decision_type=2 2 2 2 2 2 2 2 2 2 2 2 2 2
left_child=3 2 10 4 5 -1 7 -3 13 -10 -2 -6 -8 -5
right_child=1 6 -4 8 11 -7 12 -9 9 -11 -12 -13 -14 -15
leaf_value=3.8228345360529238e-05 0 0 0 1.2906947706193262e-06 0 -3.8255484239704235e-05 -7.6772223670748822e-05 0.00015861725596014433 1.4862455855616636e-05 8.1479836600549508e-05 -0.00010963530799108269 0.00034872029820268461 0 -3.5854521729762074e-05
leaf_weight=1445 58 82 681 1030 80 5900 268 277 9242 1148 1261 81 221 1064
leaf_count=1445 58 82 681 1030 80 5900 268 277 9242 1148 1261 81 221 1064
internal_value=0 -3.51204e-05 -6.33801e-05 4.47406e-06 -1.39468e-05 -2.11635e-05 1.38581e-05 9.74667e-05 1.67513e-05 2.36738e-05 -9.8337e-05 0.000220795 -1.69846e-05 -1.04317e-05
internal_weight=22838 2848 2000 19990 7506 7345 848 359 12484 10390 1319 161 489 2094
internal_count=22838 2848 2000 19990 7506 7345 848 359 12484 10390 1319 161 489 2094
is_linear=0
shrinkage=0.05


Tree=88
num_leaves=15
num_cat=0
split_feature=13 13 13 13 13 13 13 21 20 7 18 3 13 6
split_gain=0.00192274 0.010873 0.0038991 0.00632141 0.00626286 0.00660086 0.00503119 0.00303928 0.00270387 0.0037948 0.00333365 0.00147618 0.00187199 0.000350674
threshold=-0.34484582721632789 -0.29973634362466245 -1.2448797960925293 -1.2468774419040816 -0.95398890585195451 -0.78909905694107263 -1.0363005613350849 0.12568594187945589 -0.33036924865237044 34.547084137840628 1.4292195872896456 8.4476857796237823 -0.33360624145318257 1.2471817762044608
decision_type=2 2 2 2 2 2 2 2 2 2 2 2 2 2
left_child=2 11 3 7 6 -6 -4 -1 9 -3 -10 12 -2 -5
right_child=1 8 4 13 5 -7 -8 -9 10 -11 -12 -13 -14 -15
leaf_value=-0.00012545508355862791 0 -0.00025905272473213933 0 0.00054005979619826418 7.6377928911974349e-05 -5.7301679757870373e-05 -0.00032736638924723915 5.1159840415362718e-05 0 0 9.1865116004350008e-05 0 0.00028961403716227157 0
leaf_weight=298 96 234 238 66 1169 3626 338 1109 13597 476 1043 58 439 51
leaf_count=298 96 234 238 66 1169 3626 338 1109 13597 476 1043 58 439 51
internal_value=0 9.21146e-06 -2.23801e-05 4.34142e-05 -4.38458e-05 -2.15744e-05 -0.000202892 3.03718e-06 1.09169e-07 -9.40079e-05 5.70422e-06 0.000219178 0.000245199 0.000397714
internal_weight=22838 15943 6895 1524 5371 4795 576 1407 15350 710 14640 593 535 117
internal_count=22838 15943 6895 1524 5371 4795 576 1407 15350 710 14640 593 535 117
is_linear=0
shrinkage=0.05


Tree=89
num_leaves=13
num_cat=0
split_feature=15 4 16 15 18 20 11 12 5 0 4 16
split_gain=0.00138498 0.00364553 0.00299554 0.00253472 0.00247793 0.00158786 0.00234196 0.00200489 0.00134712 0.00106355 0.000470802 9.77658e-06
threshold=8.7162477917075449 5.2039420849120406 11.619969645039705 4.8654239304321285 1.2405625645435256 -0.33036924865237044 -2.1425950113003762 -9.2347614267499871 2.6352748339655521 0.10841235025341568 3.4216109834113086 17.11085254679006
decision_type=2 2 2 2 2 2 2 2 2 2 2 2
left_child=3 10 -3 5 9 6 -1 -7 -6 -5 11 -2
right_child=1 2 -4 4 8 7 -8 -9 -10 -11 -12 -13
leaf_value=-9.4462119953520401e-05 -5.2961209277281597e-05 0 -0.00052012157813658485 8.8470744520602774e-05 0 6.1848755012644142e-05 1.081095277073337e-05 -2.5988242736896066e-06 0.00024207351621236852 0 8.0715438394399832e-05 0
leaf_weight=1104 137 59 73 384 51 1282 587 17907 263 815 124 52
leaf_count=1104 137 59 73 384 51 1282 587 17907 263 815 124 52
internal_value=0 -8.75202e-05 -0.000306939 1.43605e-06 6.43135e-05 -2.40465e-06 -4.90684e-05 9.28203e-07 0.000196012 1.71891e-05 0 -4.36875e-05
internal_weight=22838 445 132 22393 1513 20880 1691 19189 314 1199 313 189
internal_count=22838 445 132 22393 1513 20880 1691 19189 314 1199 313 189
is_linear=0
shrinkage=0.05


Tree=90
num_leaves=15
num_cat=0
split_feature=13 14 13 14 14 13 14 13 14 13 14 14 14 9
split_gain=0.00171578 0.00676064 0.00697997 0.017891 0.00649354 0.00485549 0.00562561 0.00684645 0.00535897 0.00945518 0.00811606 0.00435795 0.00359372 0.00106413
threshold=-0.39825121268735048 10.920000076293947 -0.56734936417262005 12.175000190734863 12.164999961853029 -0.18422338437944494 11.739999771118166 -0.22703806390496625 10.860000133514406 -0.013045006246314992 11.039999961853029 10.704999923706056 12.375000000000002 0.35388808833076796
decision_type=2 2 2 2 2 2 2 2 2 2 2 2 2 2
left_child=1 11 3 -3 -4 6 7 -2 9 -7 -10 13 -8 -1
right_child=5 2 4 -5 -6 8 12 -9 10 -11 -12 -13 -14 -15
leaf_value=-0.00014778635992661294 -2.9653618443768506e-05 0.0001766035640908894 -0.00020894280322431314 -4.553068460102884e-05 0 -0.00010684559023266888 0.00022510823876585853 0.00026142473673608827 -0.00031941344762116328 8.0129743619186984e-05 -1.6539903519541027e-05 -0.00036330333706815094 2.4570446082612225e-05 0
leaf_weight=159 1588 1376 693 2494 605 784 702 229 234 3430 9407 228 609 300
leaf_count=159 1588 1376 693 2494 605 784 702 229 234 3430 9407 228 609 300
internal_value=0 -2.3628e-05 -1.07955e-06 2.96006e-05 -0.000104053 7.75017e-06 6.43168e-05 0 -3.94185e-06 4.17678e-05 -2.54791e-05 -0.0001712 0.000143475 -4.25849e-05
internal_weight=22838 5855 5168 3870 1298 16983 3128 1817 13855 4214 9641 687 1311 459
internal_count=22838 5855 5168 3870 1298 16983 3128 1817 13855 4214 9641 687 1311 459
is_linear=0
shrinkage=0.05


Tree=91
num_leaves=15
num_cat=0
split_feature=8 18 16 4 19 18 19 3 9 15 9 3 15 1
split_gain=0.00138177 0.00236275 0.00234735 0.00321871 0.00201133 0.0021122 0.00447011 0.00226193 0.00165933 0.00144011 0.00145233 0.000996049 0.000636466 0.000211581
threshold=7.5589899742001281 1.2405625645435256 3.8077805252766557 2.9868423513969966 1.2614746293695933 1.5001198135030045 -2.0308634955439664 -2.6979178635914978 0.90809929585977522 4.8654239304321285 0.14290096561846807 -7.4692841345505068 9.2537807614334913 0.41769584951348043
decision_type=2 2 2 2 2 2 2 2 2 2 2 2 2 2
left_child=4 8 3 -3 5 7 -7 -1 11 10 -6 -2 -4 -10
right_child=1 2 12 -5 9 6 -8 -9 13 -11 -12 -13 -14 -15
leaf_value=-1.9804647326635385e-05 0 0 4.2928185288769197e-06 0.00041850594118933372 0 -6.5273662438223657e-05 0.00011900223199519828 1.6650182379525637e-05 2.2762731410893815e-05 0 -0.00016533361158499661 -9.3315632081146616e-05 -0.00017308280990069969 -3.1355684281294876e-05
leaf_weight=6708 69 63 184 88 84 348 1133 11207 536 92 418 1602 52 254
leaf_count=6708 69 63 184 88 84 348 1133 11207 536 92 418 1602 52 254
internal_value=0 -3.29131e-05 6.56639e-05 0.000222742 4.29148e-06 7.78027e-06 6.55655e-05 2.16264e-06 -5.45277e-05 -8.42401e-05 -0.000124707 -8.282e-05 0 0
internal_weight=22838 2848 387 151 19990 19396 1481 17915 2461 594 502 1671 236 790
internal_count=22838 2848 387 151 19990 19396 1481 17915 2461 594 502 1671 236 790
is_linear=0
shrinkage=0.05


Tree=92
num_leaves=13
num_cat=0
split_feature=13 13 13 13 13 5 19 6 16 4 19 2
split_gain=0.00178013 0.00273198 0.00828263 0.00415592 0.00556639 0.00308784 0.00247461 0.00195938 0.00093866 0.00143026 0.000237594 0.000428436
threshold=0.99327539973204104 0.36317388633246855 0.36686518694094566 0.13465620494010902 0.081626049855243479 3.2166586477788006 -1.0000000180025095e-35 0.71303016537316866 -8.4619208583383276 2.9242896918604089 -0.33031455112169616 1.1331197718682187
decision_type=2 2 2 2 2 2 2 2 2 2 2 2
left_child=1 3 -3 4 -1 -4 -5 10 -9 -10 -2 -12
right_child=7 2 5 6 -6 -7 -8 8 9 -11 11 -13
leaf_value=5.9293060773304234e-06 0 -0.00045852595996809123 -2.3979448983979449e-06 0.00018380610087641042 -0.00010899120785285679 -0.00010382806602395321 3.1793915923374768e-05 0 2.9535169205941027e-06 0.00017652041730208535 -0.00010149968311539159 0
leaf_weight=12375 69 115 4818 457 1142 974 1624 93 416 477 167 111
leaf_count=12375 69 115 4818 457 1142 974 1624 93 416 477 167 111
internal_value=0 -3.78149e-06 -3.31715e-05 6.38839e-06 -2.6776e-06 -2.2059e-05 7.24536e-05 5.57274e-05 9.53612e-05 0.000112537 -1.37393e-05 -4.86254e-05
internal_weight=22838 21505 5907 15598 13517 5792 2081 1333 986 893 347 278
internal_count=22838 21505 5907 15598 13517 5792 2081 1333 986 893 347 278
is_linear=0
shrinkage=0.05


Tree=93
num_leaves=14
num_cat=0
split_feature=13 13 13 13 13 18 13 15 5 8 16 10 5
split_gain=0.00165087 0.00421767 0.0158633 0.00426325 0.00728835 0.00383065 0.00378157 0.000950515 0.001556 0.00125607 0.00119305 0.000877136 0.000707153
threshold=0.7059614949185834 0.52555861591733211 0.53714975524669095 0.49393563195667683 0.48761463514747089 1.038688203465256 0.54635359327875899 -2.2927264115988217 3.3322730568391767 -30.56304263854285 -2.6970912322366312 34.556534708396526 1.7753657813029289
decision_type=2 2 2 2 2 2 2 2 2 2 2 2 2
left_child=1 3 -3 4 -1 -5 -4 9 12 -2 -11 -10 -9
right_child=7 2 6 5 -6 -7 -8 8 11 10 -12 -13 -14
leaf_value=2.9831160135464364e-06 0.00015368862807994756 -0.00045967137961377513 0.00012351525224389178 0 -0.00028399714874857246 0.00045075315579888413 -5.3322522688880759e-05 0 4.5687982313546333e-05 0 -0.0001287748260947102 -7.0445177479544428e-05 9.1911628071782132e-05
leaf_weight=17337 82 236 337 136 223 99 1720 132 284 308 250 321 1373
leaf_count=17337 82 236 337 136 223 99 1720 132 284 308 250 321 1373
internal_value=0 -5.25203e-06 -6.92947e-05 2.16082e-06 0 0.000213339 -1.70165e-05 3.6039e-05 5.30872e-05 0 -4.59388e-05 0 8.08295e-05
internal_weight=22838 20088 2293 17795 17560 235 2057 2750 2110 640 558 605 1505
internal_count=22838 20088 2293 17795 17560 235 2057 2750 2110 640 558 605 1505
is_linear=0
shrinkage=0.05


Tree=94
num_leaves=15
num_cat=0
split_feature=13 13 14 14 14 14 14 13 13 13 14 13 4 1
split_gain=0.00167774 0.00941991 0.00709136 0.00507737 0.0142661 0.00494463 0.00532601 0.00481615 0.00393748 0.00346126 0.00322612 0.00287469 0.00102956 0.000544995
threshold=-0.34484582721632789 -0.29973634362466245 11.38000011444092 10.860000133514406 11.039999961853029 11.534999847412111 11.570000171661379 -0.013045006246314992 -0.66920619300663831 -0.50203922587736527 11.954999923706056 -0.86877073142472272 2.75996668306033 0.56862655237759763
decision_type=2 2 2 2 2 2 2 2 2 2 2 2 2 2
left_child=2 10 8 7 -5 12 -7 -3 11 -10 13 -1 -4 -2
right_child=1 3 5 4 -6 6 -8 -9 9 -11 -12 -13 -14 -15
leaf_value=-0.00010772476646176348 0.00034214572332492846 -3.556033013420815e-05 0.0002886860329522404 -0.00033190500039384328 -5.5384923402825195e-06 -0.00034294418819594833 2.9735050588351744e-06 7.6320667105139522e-05 -0.00027661090958684253 -6.5197707784234602e-05 0 0.00014038413562595208 0 0
leaf_weight=226 291 1128 180 350 10442 112 4835 3430 465 797 247 230 50 55
leaf_count=226 291 1128 180 350 10442 112 4835 3430 465 797 247 230 50 55
internal_value=0 8.69499e-06 -2.0819e-05 1.54483e-07 -1.75426e-05 5.67504e-06 -1.89426e-06 4.53408e-05 -0.000109339 -0.000155129 0.000204144 0 0.000232719 0.000307543
internal_weight=22838 15943 6895 15350 10792 5177 4947 4558 1718 1262 593 456 230 346
internal_count=22838 15943 6895 15350 10792 5177 4947 4558 1718 1262 593 456 230 346
is_linear=0
shrinkage=0.05


Tree=95
num_leaves=13
num_cat=0
split_feature=13 14 14 13 13 14 14 14 14 13 0 11
split_gain=0.00163725 0.00335164 0.00699469 0.00900065 0.00388131 0.00609654 0.00388301 0.0037054 0.00263114 0.00156688 0.00154235 0.000667634
threshold=0.99327539973204104 21.47500038146973 23.085000038146976 -1.0083224410618261 -1.2448797960925293 12.769999980926515 18.954999923706058 26.764999389648441 12.244999885559084 1.1133505751721564 0.87903025889602115 1.11804388040956
decision_type=2 2 2 2 2 2 2 2 2 2 2 2
left_child=1 4 3 -3 5 -1 -6 -4 11 -10 -11 -2
right_child=8 2 7 -5 6 -7 -8 -9 9 10 -12 -13
leaf_value=-0.00016512484079965755 -0.00013811944076623801 0 0.00012596087006116119 -0.00045986188144865007 -6.1310771912834448e-06 0.0001724838810363624 0.00027281939261170448 -0.00012728871618249854 0.00022433080091230364 -2.824378128752139e-05 8.927337131233175e-05 0
leaf_weight=120 140 230 349 229 19508 718 123 228 238 248 617 90
leaf_count=120 140 230 349 229 19508 718 123 228 238 248 617 90
internal_value=0 -3.55521e-06 -9.13333e-05 -0.000238369 1.58975e-07 0.000106121 -3.60542e-06 0 5.35214e-05 9.21678e-05 3.82659e-05 -6.64749e-05
internal_weight=22838 21505 1036 459 20469 838 19631 577 1333 1103 865 230
internal_count=22838 21505 1036 459 20469 838 19631 577 1333 1103 865 230
is_linear=0
shrinkage=0.05


Tree=96
num_leaves=13
num_cat=0
split_feature=13 13 13 13 13 4 7 13 9 3 6 13
split_gain=0.00160188 0.00537602 0.00433681 0.00415681 0.00374732 0.00334641 0.00293145 0.00286471 0.00233746 0.00189686 0.00102715 0.000740114
threshold=-0.42021305351745969 -0.43357954555437445 0.015546919509756842 0.12528889017450198 0.36317388633246855 5.2039420849120406 67.288301787816934 -1.2448797960925293 0.65880452530037392 -5.832973645963107 1.129752317193315 -0.18422338437944494
decision_type=2 2 2 2 2 2 2 2 2 2 2 2
left_child=1 5 6 8 -5 7 9 -1 -4 -2 -7 -8
right_child=2 -3 3 4 -6 10 11 -9 -10 -11 -12 -13
leaf_value=5.5497469449110716e-05 0 -0.00036132985378159194 -0.00012479364721839162 5.7344353722644076e-05 -1.4067102785658039e-05 0 0 -2.698096280589783e-05 0 7.6628320409695194e-05 -0.00027278105372352003 -7.9141965964428149e-05
leaf_weight=1429 1017 118 1102 2428 7240 111 517 3805 736 3769 159 407
leaf_count=1429 1017 118 1102 2428 7240 111 517 3805 736 3769 159 407
internal_value=0 -2.34093e-05 7.32314e-06 -9.2936e-06 2.31974e-06 -1.33755e-05 4.34292e-05 -1.59086e-06 -7.85052e-05 6.02809e-05 -0.000185624 -2.76113e-05
internal_weight=22838 5622 17216 11506 9668 5504 5710 5234 1838 4786 270 924
internal_count=22838 5622 17216 11506 9668 5504 5710 5234 1838 4786 270 924
is_linear=0
shrinkage=0.05


Tree=97
num_leaves=15
num_cat=0
split_feature=14 14 1 14 18 14 1 6 14 14 18 18 16 14
split_gain=0.00142506 0.00686069 0.00441699 0.00404422 0.00371581 0.00315744 0.00239686 0.00175518 0.00148811 0.0107093 0.00721138 0.00134616 0.000758052 0.000172336
threshold=14.460000038146974 14.230000019073488 -0.12866163155802532 18.954999923706058 0.53287902139087606 19.835000038146976 -0.66572872256166626 0.58361597260807418 13.355000019073488 13.340000152587894 1.0000000180025095e-35 2.2870873252114099 0.96689905717229918 17.144999504089359
decision_type=2 2 2 2 2 2 2 2 2 2 2 2 2 2
left_child=1 8 -3 4 13 12 -7 -4 9 -1 -10 -6 -5 -2
right_child=3 2 7 5 11 6 -8 -9 10 -11 -12 -13 -14 -15
leaf_value=-3.4368202801390358e-07 0 0 0 0.00037083822081352563 -0.00025909699471433906 4.2824440499392857e-05 -6.7581264297255497e-05 0.00039789408930941 -7.1216868890991875e-05 -0.00048336468918493884 0.00012493268633935001 0 0 8.9322616221141778e-05
leaf_weight=17878 149 109 69 67 386 738 1110 207 692 115 1146 66 53 53
leaf_count=17878 149 109 69 67 386 738 1110 207 692 115 1146 66 53 53
internal_value=0 4.15089e-06 0.000212925 -3.50062e-05 -0.00014263 0 -1.53789e-05 0.000321001 0 -4.29115e-06 4.2928e-05 -0.000223431 0.000248238 0
internal_weight=22838 20216 385 2622 654 1968 1848 276 19831 17993 1838 452 120 202
internal_count=22838 20216 385 2622 654 1968 1848 276 19831 17993 1838 452 120 202
is_linear=0
shrinkage=0.05


Tree=98
num_leaves=14
num_cat=0
split_feature=13 14 1 13 8 14 14 14 9 13 0 7 1
split_gain=0.00165119 0.0031075 0.00747811 0.00323547 0.0057724 0.00328376 0.00249377 0.0018808 0.00135915 0.00129046 0.00145482 0.000556975 0.000118145
threshold=0.99327539973204104 21.47500038146973 -0.5532590393959772 -1.2448797960925293 -0.93376545788568033 18.954999923706058 12.244999885559084 21.614999771118168 0.075367244917302026 1.1133505751721564 0.87903025889602115 64.572957385233778 0.1948430937943246
decision_type=2 2 2 2 2 2 2 2 2 2 2 2 2
left_child=1 3 7 4 -1 -5 11 -3 -4 -8 -11 12 -2
right_child=6 2 8 5 -6 -7 9 -9 -10 10 -12 -13 -14
leaf_value=-5.6300392265885762e-06 0 -0.00025480882760316962 0 -5.9047513110035354e-06 0.00022622974959178737 0.00025036695238023026 0.00021509941791192285 3.9370173674176736e-05 -0.00030745940040895529 -2.2295244898742686e-05 8.8812143518923948e-05 0 -0.00016091747336428275
leaf_weight=404 76 57 58 19508 434 123 238 603 318 248 617 56 98
leaf_count=404 76 57 58 19508 434 123 238 603 318 248 617 56 98
internal_value=0 -3.69464e-06 -8.8174e-05 0 9.66982e-05 -3.52233e-06 5.36132e-05 0 -0.000266411 9.12529e-05 3.96471e-05 -6.15721e-05 -0.000113847
internal_weight=22838 21505 1036 20469 838 19631 1333 660 376 1103 865 230 174
internal_count=22838 21505 1036 20469 838 19631 1333 660 376 1103 865 230 174
is_linear=0
shrinkage=0.05


Tree=99
num_leaves=15
num_cat=0
split_feature=13 13 14 14 14 13 14 13 13 13 14 13 1 1
split_gain=0.00149914 0.0085078 0.00628396 0.00468311 0.0126493 0.00460089 0.00692193 0.00455753 0.00364035 0.00294308 0.00285942 0.00260943 0.00142496 0.000422079
threshold=-0.34484582721632789 -0.29973634362466245 11.38000011444092 10.860000133514406 11.039999961853029 -0.36212995724053115 12.175000190734863 -0.013045006246314992 -0.66920619300663831 -0.50203922587736527 11.954999923706056 -0.86877073142472272 -0.1958132784072151 0.56862655237759763
decision_type=2 2 2 2 2 2 2 2 2 2 2 2 2 2
left_child=2 10 8 7 -5 6 -4 -3 11 -10 13 -1 -7 -2
right_child=1 3 5 4 -6 12 -8 -9 9 -11 -12 -13 -14 -15
leaf_value=-9.9933464364723073e-05 0.00032323395769895326 -3.5206085546312785e-05 0.00010017824051049222 -0.00031320028992818457 -5.6780487719993181e-06 -0.00033261113897476124 -2.1701215298508711e-05 7.3544495178320059e-05 -0.00026074943540581541 -6.2041822109416023e-05 0 0.00013574540543338009 0 0
leaf_weight=226 291 1128 1730 350 10442 122 3219 3430 465 797 247 230 106 55
leaf_count=226 291 1128 1730 350 10442 122 3219 3430 465 797 247 230 106 55
internal_value=0 8.05682e-06 -1.98343e-05 0 -1.70693e-05 4.93798e-06 1.7885e-05 4.33392e-05 -0.000103168 -0.000147283 0.000193777 0 -0.00020944 0.00029134
internal_weight=22838 15943 6895 15350 10792 5177 4949 4558 1718 1262 593 456 228 346
internal_count=22838 15943 6895 15350 10792 5177 4949 4558 1718 1262 593 456 228 346
is_linear=0
shrinkage=0.05


Tree=100
num_leaves=14
num_cat=0
split_feature=13 14 13 14 13 13 1 14 13 4 11 11 1
split_gain=0.0015636 0.00281679 0.00495704 0.00494001 0.00455149 0.00425139 0.00303139 0.00212897 0.00113974 0.00136917 0.000765209 0.000569208 1.05411e-05
threshold=0.99327539973204104 15.695000171661379 0.83243685891511998 14.230000019073488 0.52157362889866399 -1.0363005613350849 -0.12866163155802532 12.244999885559084 1.1133505751721564 3.8193057262932855 -0.53206409292714241 1.11804388040956 0.1948430937943246
decision_type=2 2 2 2 2 2 2 2 2 2 2 2 2
left_child=1 3 4 5 -3 -1 -5 11 -9 -10 -4 12 -2
right_child=7 2 10 6 -6 -7 -8 8 9 -11 -12 -13 -14
leaf_value=0.00012863672451476457 0 -5.3239532907762633e-05 -0.00034500911371266869 0 0.00024504063250421407 -6.9201362220818517e-06 0.00024736389365481536 0.00020467216154756746 0 0.00012299537669220671 0 0 -0.0001583866997621774
leaf_weight=592 60 1557 174 142 128 18524 324 238 561 304 64 90 80
leaf_count=592 60 1557 174 142 128 18524 324 238 561 304 64 90 80
internal_value=0 -3.70488e-06 -6.16306e-05 1.22046e-06 -2.15522e-05 -1.93095e-06 0.000162343 5.20481e-05 8.69866e-05 3.70861e-05 -0.000281341 -5.02212e-05 -0.000119266
internal_weight=22838 21505 1923 19582 1685 19116 466 1333 1103 865 238 230 140
internal_count=22838 21505 1923 19582 1685 19116 466 1333 1103 865 238 230 140
is_linear=0
shrinkage=0.05


Tree=101
num_leaves=15
num_cat=0
split_feature=13 13 13 13 13 13 13 13 13 13 13 13 13 5
split_gain=0.00141225 0.00444023 0.00335999 0.00591231 0.00536674 0.00355237 0.00317212 0.0073859 0.00371024 0.00274612 0.00269712 0.00233637 0.00469382 0.00256207
threshold=-0.3973374346368907 -0.18422338437944494 -0.69276599147319862 -0.64278278086672958 -0.56734936417262005 -0.83643774170704666 -0.12897990006948132 -0.075603740240881553 -0.15511208884687042 -1.2448797960925293 -0.78909905694107263 -0.34484582721632789 -0.36212995724053115 2.8468266812328697
decision_type=2 2 2 2 2 2 2 2 2 2 2 2 2 2
left_child=2 11 5 -4 -5 9 8 -8 -3 -1 -7 12 -2 -13
right_child=1 6 3 4 -6 10 7 -9 -10 -11 -12 13 -14 -15
leaf_value=3.6042080606516645e-05 6.0434372885492785e-05 0 -0.00026108060118039178 9.2474234519909497e-05 -7.8544906227759012e-05 0.00026028679655422008 0.00015894563919908027 -7.0376700823466746e-06 -0.00022372404667691427 -5.7322087454112783e-05 0 0.00012079463707425345 -0.00020023549262848211 0
leaf_weight=1524 698 453 352 577 1639 231 706 12349 347 1514 132 1640 228 448
leaf_count=1524 698 453 352 577 1639 231 706 12349 347 1514 132 1640 228 448
internal_value=0 6.9652e-06 -2.13144e-05 -6.52102e-05 -2.72276e-05 7.43035e-06 -3.99113e-06 8.01114e-07 -0.000100825 -5.55406e-06 0.000157024 6.22899e-05 0 9.16297e-05
internal_weight=22838 16869 5969 2568 2216 3401 13855 13055 800 3038 363 3014 926 2088
internal_count=22838 16869 5969 2568 2216 3401 13855 13055 800 3038 363 3014 926 2088
is_linear=0
shrinkage=0.05


Tree=102
num_leaves=13
num_cat=0
split_feature=13 13 13 17 13 13 19 4 13 16 0 7
split_gain=0.00142307 0.00224554 0.0074429 0.00391413 0.003456 0.00491273 0.00221545 0.00131579 0.00169221 0.000828127 0.000473094 0.000158914
threshold=0.99327539973204104 0.36317388633246855 0.36686518694094566 -1.0000000180025095e-35 0.13465620494010902 0.081626049855243479 -0.63120135793274257 3.57711184697955 1.0080271615568794 -8.1858105585412506 1.5123437609438959 34.764150042933558
decision_type=2 2 2 2 2 2 2 2 2 2 2 2
left_child=1 4 -3 -4 5 -1 -6 8 -2 -9 -10 -11
right_child=7 2 3 -5 6 -7 -8 9 10 11 -12 -13
leaf_value=5.4402106348825713e-06 0.0001993280765799892 -0.00043338636937074494 -0.00015144789899913856 -3.6953326607278159e-06 0.00020350924157361644 -0.00010248535023547981 3.4098405301184539e-05 0 -5.3174899429875945e-05 0 9.1441345118135046e-07 0.00016972442066189847
leaf_weight=12375 103 115 519 5273 301 1142 1780 53 452 81 331 313
leaf_count=12375 103 115 519 5273 301 1142 1780 53 452 81 331 313
internal_value=0 -3.54034e-06 -3.02158e-05 -1.95481e-05 5.60141e-06 -2.57529e-06 6.58929e-05 4.96474e-05 0 0.00012117 -1.12049e-05 0.000147964
internal_weight=22838 21505 5907 5792 15598 13517 2081 1333 886 447 783 394
internal_count=22838 21505 5907 5792 15598 13517 2081 1333 886 447 783 394
is_linear=0
shrinkage=0.05


Tree=103
num_leaves=15
num_cat=0
split_feature=13 13 13 13 13 13 13 14 14 13 14 7 5 13
split_gain=0.00139381 0.00588367 0.0111944 0.00480115 0.00355775 0.00533697 0.00279794 0.00146915 0.00957467 0.00225944 0.00197344 0.00121541 0.0011779 0.000240703
threshold=0.64779913388313137 0.52555861591733211 0.53714975524669095 0.54635359327875899 0.49393563195667683 0.48761463514747089 0.50979561016865083 19.029999732971195 18.679999351501468 1.63245346554618 12.244999885559084 49.675290347014517 3.0135651836497437 1.7720080047240796
decision_type=2 2 2 2 2 2 2 2 2 2 2 2 2 2
left_child=1 4 -3 -4 5 -1 -6 8 10 12 -2 -10 -9 -11
right_child=7 2 3 -5 6 -7 -8 9 11 13 -12 -13 -14 -15
leaf_value=2.3985906163378883e-06 0 -0.0004208294777575397 0.00011461097614042934 -9.2625240697771232e-05 0.00037570906538115525 -0.00024314413355641914 0 0 -0.00035339504886742064 -6.2373009151230711e-05 9.5071797645736094e-05 0 0.00022439456143879383 3.3042884195310766e-05
leaf_weight=17337 1601 236 337 1028 112 223 123 52 182 120 1022 50 296 119
leaf_count=17337 1601 236 337 1028 112 223 123 52 182 120 1022 50 296 119
internal_value=0 -5.57886e-06 -9.75714e-05 -3.0434e-05 1.85976e-06 0 0.000194805 2.89261e-05 8.2047e-06 0.000104013 4.05419e-05 -0.000291628 0.000185507 0
internal_weight=22838 19396 1601 1365 17795 17560 235 3442 2855 587 2623 232 348 239
internal_count=22838 19396 1601 1365 17795 17560 235 3442 2855 587 2623 232 348 239
is_linear=0
shrinkage=0.05


Tree=104
num_leaves=15
num_cat=0
split_feature=5 18 14 19 19 4 14 14 10 4 14 4 16 5
split_gain=0.00134474 0.00462614 0.00498104 0.00280259 0.00237098 0.00218874 0.00276189 0.00380085 0.00208151 0.00207882 0.0025439 0.00131805 0.00096091 0.0008558
threshold=3.5766719434842367 1.234778214372964 13.769999980926515 -2.3794225624645597 1.0528254484745154 3.1106996900024977 16.125000000000004 13.230000019073488 31.274037878899197 3.5212517529532765 15.125000000000002 4.8941229472114598 -1.3700898100771906 2.2488276060423744
decision_type=2 2 2 2 2 2 2 2 2 2 2 2 2 2
left_child=5 9 4 -4 -3 6 7 -1 11 12 -11 -7 -2 -10
right_child=1 2 3 -5 -6 8 -8 -9 13 10 -12 -13 -14 -15
leaf_value=-6.6704377983349243e-06 -8.5736021402024962e-05 0.00023463599607276113 -0.00025341418308246015 0 0 1.9291556593110569e-05 -9.3102050841996876e-05 7.3390064862091704e-05 0 -0.00021740949012998223 0 -9.8016983337853369e-05 1.1825040694708965e-05 9.0201884793107148e-05
leaf_weight=13765 333 337 118 833 96 1599 809 1652 272 531 212 280 398 1603
leaf_count=13765 333 337 118 833 96 1599 809 1652 272 531 212 280 398 1603
internal_value=0 -3.23729e-05 2.49731e-05 -2.58379e-05 0.000170934 4.27763e-06 -2.83011e-06 9.39715e-07 3.89868e-05 -9.63673e-05 -0.000158903 0 -1.21826e-05 7.62642e-05
internal_weight=22838 2858 1384 951 433 19980 16226 15417 3754 1474 743 1879 731 1875
internal_count=22838 2858 1384 951 433 19980 16226 15417 3754 1474 743 1879 731 1875
is_linear=0
shrinkage=0.05


Tree=105
num_leaves=12
num_cat=0
split_feature=13 13 13 13 13 4 8 21 3 9 13
split_gain=0.00134162 0.00490582 0.00355272 0.00357981 0.00305859 0.00298647 0.00271379 0.00223314 0.00217334 0.00209503 0.000859462
threshold=-0.42021305351745969 -0.43357954555437445 0.015546919509756842 0.12528889017450198 0.36317388633246855 5.2039420849120406 0.20165789685975002 0.12245514988035738 -5.832973645963107 0.65880452530037392 -0.17312279720478327
decision_type=2 2 2 2 2 2 2 2 2 2 2
left_child=1 5 6 9 -5 7 8 -1 -2 -4 -8
right_child=2 -3 3 4 -6 -7 10 -9 -10 -11 -12
leaf_value=-2.5007516349575106e-05 0 -0.0003442385247707985 -0.00011637381125730823 5.2128343758505012e-05 -1.2314705153772512e-05 -0.00017431783820576562 1.9384042004896715e-05 4.5437865929560308e-05 9.1129224913238845e-05 0 -4.4629857517392431e-05
leaf_weight=3630 910 118 1102 2428 7240 270 1466 1604 2533 736 801
leaf_count=3630 910 118 1102 2428 7240 270 1466 1604 2533 736 801
internal_value=0 -2.15328e-05 6.58635e-06 -8.35252e-06 2.32175e-06 -1.18283e-05 3.93118e-05 -5.49096e-07 6.73248e-05 -7.26272e-05 0
internal_weight=22838 5622 17216 11506 9668 5504 5710 5234 3443 1838 2267
internal_count=22838 5622 17216 11506 9668 5504 5710 5234 3443 1838 2267
is_linear=0
shrinkage=0.05


Tree=106
num_leaves=15
num_cat=0
split_feature=13 13 13 13 13 13 20 1 2 8 12 4 21 2
split_gain=0.00132453 0.0052443 0.0101623 0.00458875 0.00323962 0.00474756 0.00279616 0.00141506 0.00206251 0.00153189 0.00109727 0.00125843 0.00100041 5.90727e-05
threshold=0.64779913388313137 0.52555861591733211 0.53714975524669095 0.58543975638573065 0.49393563195667683 0.48761463514747089 0.16876716483753709 0.23157059086770754 -0.43360504931643779 -8.1667897091277375 5.6773846694882293 3.7875833961424727 0.26887690866649844 0.6997567560379282
decision_type=2 2 2 2 2 2 2 2 2 2 2 2 2 2
left_child=1 4 -3 -4 5 -1 -6 10 9 -9 11 -2 -10 -12
right_child=7 2 3 -5 6 -7 -8 8 12 -11 13 -13 -14 -15
leaf_value=1.9864348083875868e-06 4.6165596890969793e-05 -0.00040042001843459946 1.2500999057603858e-05 -0.00018825458793793833 0 -0.00022952497919504823 0.00041701957491098039 0 9.0792983666790052e-06 -0.00010972122844180425 0 0.00024021558611363715 0.00017621784838582169 -2.7379801656121893e-05
leaf_weight=17337 1020 236 1017 348 149 223 86 264 998 562 82 172 148 196
leaf_count=17337 1020 236 1017 348 149 223 86 264 998 562 82 172 148 196
internal_value=0 -5.46575e-06 -9.23061e-05 -2.78e-05 1.50906e-06 -1.12339e-07 0.000185712 2.81682e-05 0 -5.9706e-05 6.52845e-05 8.69173e-05 4.38768e-05 0
internal_weight=22838 19396 1601 1365 17795 17560 235 3442 1972 826 1470 1192 1146 278
internal_count=22838 19396 1601 1365 17795 17560 235 3442 1972 826 1470 1192 1146 278
is_linear=0
shrinkage=0.05


Tree=107
num_leaves=10
num_cat=0
split_feature=14 14 14 14 14 14 5 16 16
split_gain=0.00127765 0.00317158 0.00302667 0.00430959 0.0017917 0.00163914 0.000499616 0.000520467 0.0002052
threshold=26.764999389648441 24.670000076293949 21.47500038146973 21.560000419616703 18.954999923706058 27.344999313354496 3.1185336033420774 8.1087266026329168 1.119460356859703
decision_type=2 2 2 2 2 2 2 2 2
left_child=1 2 4 -4 -1 8 -3 -8 -2
right_child=5 6 3 -5 -6 -7 7 -9 -10
leaf_value=0 -0.00035434011148378973 0 -0.00039379292267182351 -2.5644565011407399e-05 9.8516624902273526e-05 0 0.00017348596906189434 0 0
leaf_weight=20870 61 60 114 699 468 116 347 52 51
leaf_count=20870 61 60 114 699 468 116 347 52 51
internal_value=0 9.51121e-07 -1.07743e-06 -9.61147e-05 1.84499e-06 -0.000117723 0.000131246 0.000151432 -0.000253673
internal_weight=22838 22610 22151 813 21338 228 459 399 112
internal_count=22838 22610 22151 813 21338 228 459 399 112
is_linear=0
shrinkage=0.05


Tree=108
num_leaves=15
num_cat=0
split_feature=5 18 14 19 19 14 14 14 14 14 14 7 5 15
split_gain=0.00125866 0.00485281 0.00453298 0.00267511 0.00181617 0.00152461 0.00350561 0.0127554 0.00611944 0.00158496 0.00536791 0.00177248 0.0014776 0.00221473
threshold=3.6285126932233207 1.234778214372964 13.769999980926515 -2.0308634955439664 1.0528254484745154 10.580000400543215 11.039999961853029 11.179999828338625 10.920000076293947 10.055000305175783 9.9200000762939471 29.318840377819033 5.6464827929910699 -1.5332373532927599
decision_type=2 2 2 2 2 2 2 2 2 2 2 2 2 2
left_child=5 12 4 -4 -3 9 8 -8 -7 10 -1 -11 -2 -14
right_child=1 2 3 -5 -6 6 7 -9 -10 11 -12 -13 13 -15
leaf_value=4.8318238118418965e-05 -0.0001189252582434054 0.00022575837178556523 -0.00020315051711680438 1.0228114626944929e-06 0 -2.8220061348888682e-06 0.00031493920790128947 -1.1448123898983055e-06 -0.00022732790179314026 -3.7112846904193611e-05 -0.00013552120610243378 7.5959734485690525e-05 0.00024724328433017542 -0.00014921543164425258
leaf_weight=1444 1247 322 171 724 93 1333 324 13730 459 222 546 2102 71 50
leaf_count=1444 1247 322 171 724 93 1333 324 13730 459 222 546 2102 71 50
internal_value=0 -3.24762e-05 2.76303e-05 -2.1429e-05 0.000169288 3.99074e-06 -2.31587e-06 5.09682e-06 -6.87872e-05 3.06273e-05 0 5.86956e-05 -0.000100969 0
internal_weight=22838 2678 1310 895 415 20160 15846 14054 1792 4314 1990 2324 1368 121
internal_count=22838 2678 1310 895 415 20160 15846 14054 1792 4314 1990 2324 1368 121
is_linear=0
shrinkage=0.05


Tree=109
num_leaves=15
num_cat=0
split_feature=9 12 20 13 6 13 13 13 6 12 21 6 7 13
split_gain=0.00118814 0.00194921 0.00426533 0.00206639 0.00394921 0.00274071 0.0011459 0.00175589 0.00170359 0.000989034 0.000857085 0.00112802 0.000729694 0.000726379
threshold=0.032205559053282845 -2.2758398799028319 1.3281393001242445 -1.2448797960925293 1.2376747728998441 -0.95398890585195451 -0.86877073142472272 0.38711088025348289 2.0725810379759766 -9.2347614267499871 0.13381943002440336 0.87356173499091783 26.572429875432906 0.7059614949185834
decision_type=2 2 2 2 2 2 2 2 2 2 2 2 2 2
left_child=6 2 9 4 -3 -5 10 8 -8 -2 11 -1 -12 -9
right_child=1 3 -4 5 -6 -7 7 13 -10 -11 12 -13 -14 -15
leaf_value=0 0 0.00019813907978482993 0.00021944560750111771 -0.00014819629114822265 -4.1848459406117826e-05 5.5560978041185331e-06 0.00013105449655993274 -0.00010108954546312282 0 -4.3353673131938281e-05 0.00012964834066585076 -0.0001590052547383226 0 2.5092011868109698e-05
leaf_weight=57 1270 388 156 293 155 13382 826 169 120 5428 120 187 163 124
leaf_count=57 1270 388 156 293 155 13382 826 169 120 5428 120 187 163 124
internal_value=0 -3.64411e-06 -2.59851e-05 6.07183e-06 0.00010211 1.1544e-06 3.90211e-05 6.69332e-05 0.000102477 -3.39723e-05 0 -8.88267e-05 2.71678e-05 0
internal_weight=22838 21072 6854 14218 543 13675 1766 1239 946 6698 527 244 283 293
internal_count=22838 21072 6854 14218 543 13675 1766 1239 946 6698 527 244 283 293
is_linear=0
shrinkage=0.05


Tree=110
num_leaves=15
num_cat=0
split_feature=13 13 14 14 14 14 14 13 13 13 14 13 4 15
split_gain=0.00119711 0.00698869 0.00549817 0.00443059 0.0043656 0.010637 0.00420624 0.00412652 0.00337775 0.00254995 0.00242519 0.00221122 0.00087752 0.000418304
threshold=-0.34484582721632789 -0.29973634362466245 11.38000011444092 11.534999847412111 10.860000133514406 11.039999961853029 11.570000171661379 -0.013045006246314992 -0.66920619300663831 -0.50203922587736527 11.954999923706056 -0.86877073142472272 2.75996668306033 1.5828091147880976
decision_type=2 2 2 2 2 2 2 2 2 2 2 2 2 2
left_child=2 10 8 12 7 -6 -5 -3 11 -10 13 -1 -4 -2
right_child=1 4 3 6 5 -7 -8 -9 9 -11 -12 -13 -14 -15
leaf_value=-8.6125400717270719e-05 0.00029300869075406222 -3.2518776282397958e-05 0.00027211644885500696 -0.00030488961168917194 -0.00028837788228130144 -6.0386583186431598e-06 2.2955407083189534e-06 7.0511255402276791e-05 -0.00024496115139787875 -5.7254683184592277e-05 0 0.00012900310375997838 0 0
leaf_weight=226 295 1128 180 112 350 10442 4835 3430 465 797 247 230 50 51
leaf_count=226 295 1128 180 112 350 10442 4835 3430 465 797 247 230 50 51
internal_value=0 7.22529e-06 -1.76999e-05 5.31733e-06 0 -1.6611e-05 -1.68781e-06 4.1722e-05 -9.57486e-05 -0.000138433 0.000175542 0 0.000220279 0.000264994
internal_weight=22838 15943 6895 5177 15350 10792 4947 4558 1718 1262 593 456 230 346
internal_count=22838 15943 6895 5177 15350 10792 4947 4558 1718 1262 593 456 230 346
is_linear=0
shrinkage=0.05


Tree=111
num_leaves=14
num_cat=0
split_feature=13 13 13 13 13 13 20 15 8 12 12 20 6
split_gain=0.00117953 0.00470955 0.00911076 0.0043145 0.00300187 0.00419297 0.00246191 0.000895668 0.00123929 0.00120297 0.000935403 0.00178864 0.000301893
threshold=0.64779913388313137 0.52555861591733211 0.53714975524669095 0.58543975638573065 0.49393563195667683 0.48761463514747089 0.16876716483753709 -1.0860512738586179 -30.56304263854285 -9.0489933367253901 9.2255528921557808 0.11741635030255292 1.5422740629444054
decision_type=2 2 2 2 2 2 2 2 2 2 2 2 2
left_child=1 4 -3 -4 5 -1 -6 8 -2 -10 11 -9 -12
right_child=7 2 3 -5 6 -7 -8 10 9 -11 12 -13 -14
leaf_value=1.8642587931120396e-06 0.00013701498835563632 -0.00037939238164573356 1.3051357746642176e-05 -0.00018164440044808172 0 -0.00021570296393536278 0.00039679684345466591 9.0417842852566927e-05 5.2265927567071141e-05 -5.797388995161387e-05 -5.7408837417022285e-05 0 0
leaf_weight=17337 129 236 1017 348 149 223 86 1405 210 918 228 497 55
leaf_count=17337 129 236 1017 348 149 223 86 1405 210 918 228 497 55
internal_value=0 -5.09492e-06 -8.74055e-05 -2.5701e-05 1.47209e-06 -5.66565e-08 0.000178781 2.66501e-05 0 -2.41363e-05 4.6292e-05 6.07494e-05 0
internal_weight=22838 19396 1601 1365 17795 17560 235 3442 1257 1128 2185 1902 283
internal_count=22838 19396 1601 1365 17795 17560 235 3442 1257 1128 2185 1902 283
is_linear=0
shrinkage=0.05


Tree=112
num_leaves=10
num_cat=0
split_feature=14 14 14 1 14 20 19 10 21
split_gain=0.00114192 0.00288385 0.00266108 0.00395591 0.00368701 0.00160713 0.00108804 0.000427645 0.000107732
threshold=26.764999389648441 24.670000076293949 16.125000000000004 0.68109404730179768 13.355000019073488 -0.61842125568226181 -2.3302963712484965 33.986423999019948 0.11942378936196879
decision_type=2 2 2 2 2 2 2 2 2
left_child=1 2 4 -4 -1 -2 -3 -7 -8
right_child=5 6 3 -5 -6 7 8 -9 -10
leaf_value=-3.4189526846369092e-06 0 0 -8.1014964527382778e-06 -0.0001984630656037888 6.2881195338239951e-05 0 0 -0.00032079511396163572 0.00017737613246262535
leaf_weight=17993 101 78 1408 411 2339 51 58 76 323
leaf_count=17993 101 78 1408 411 2339 51 58 76 323
internal_value=0 8.84831e-07 -1.01844e-06 -5.94405e-05 3.47324e-06 -0.000111306 0.000125146 -0.000231417 0.000161184
internal_weight=22838 22610 22151 1819 20332 228 459 127 381
internal_count=22838 22610 22151 1819 20332 228 459 127 381
is_linear=0
shrinkage=0.05


Tree=113
num_leaves=13
num_cat=0
split_feature=15 15 5 18 5 13 13 13 7 6 6 0
split_gain=0.00116209 0.00215308 0.00197308 0.00144484 0.00130465 0.00128712 0.00466104 0.00373549 0.00070059 0.000203361 9.80844e-05 1.30429e-05
threshold=8.7162477917075449 4.8654239304321285 2.2960406272098326 0.97157444329076459 2.9021170643524346 -0.3973374346368907 -0.011353615510945046 -0.49107995841421442 58.593553039680394 1.6026724332115776 1.2046686775301156 1.4550770885035182
decision_type=2 2 2 2 2 2 2 2 2 2 2 2
left_child=1 5 9 -4 11 7 -7 -1 -6 -3 -10 -2
right_child=4 2 3 -5 8 6 -8 -9 10 -11 -12 -13
leaf_value=-5.9696826355838352e-07 2.1134646384568562e-05 -4.3367035833793215e-05 2.9167185169220882e-05 0.00018881498338558996 0 4.6493992211593747e-05 -1.2746527723985963e-05 -0.00011209074042690783 0 0 -0.00023673002374888366 0
leaf_weight=4425 72 274 739 370 71 4716 10756 983 74 130 144 84
leaf_count=4425 72 274 739 370 71 4716 10756 983 74 130 144 84
internal_value=0 1.29524e-06 5.92783e-05 9.60667e-05 -8.01855e-05 -2.19059e-06 4.3429e-06 -2.36531e-05 -0.00014538 -4.65868e-06 -0.000189698 0
internal_weight=22838 22393 1513 1109 445 20880 15472 5408 289 404 218 156
internal_count=22838 22393 1513 1109 445 20880 15472 5408 289 404 218 156
is_linear=0
shrinkage=0.05


Tree=114
num_leaves=15
num_cat=0
split_feature=8 18 16 4 19 9 20 18 19 5 20 9 18 16
split_gain=0.00117612 0.00181294 0.00192917 0.00278477 0.00149819 0.00145311 0.00128329 0.00122837 0.00363961 0.00267474 0.00120964 0.00111057 0.000211542 2.02599e-05
threshold=7.5589899742001281 1.2405625645435256 3.8077805252766557 2.9868423513969966 1.2614746293695933 0.90809929585977522 -0.11458977145471523 1.5001198135030045 -2.0308634955439664 3.6285126932233207 0.78356721738805568 0.77966470170026525 1.4012345550121599 8.1087266026329168
decision_type=2 2 2 2 2 2 2 2 2 2 2 2 2 2
left_child=4 5 3 -3 7 6 -2 9 -9 -1 11 -6 -4 -7
right_child=1 2 12 -5 10 13 -8 8 -10 -11 -12 -13 -14 -15
leaf_value=8.886021407314297e-06 0 0 8.0798570468852568e-06 0.00038046094521571451 -0.00014347173126372614 1.0177326899209106e-05 -9.1626649803081846e-05 -6.5889581679496202e-05 0.00010072110455044947 -6.3545666652411092e-05 0 0 -5.3575130148830225e-05 0
leaf_weight=16555 135 63 54 88 431 488 1536 348 1133 1360 69 94 182 302
leaf_count=16555 135 63 54 88 431 488 1536 348 1133 1360 69 94 182 302
internal_value=0 -3.03738e-05 5.3195e-05 0.000197365 3.94991e-06 -4.96241e-05 -7.61498e-05 7.0554e-06 5.1432e-05 2.54696e-06 -7.20856e-05 -0.00010783 0 0
internal_weight=22838 2848 387 151 19990 2461 1671 19396 1481 17915 594 525 236 790
internal_count=22838 2848 387 151 19990 2461 1671 19396 1481 17915 594 525 236 790
is_linear=0
shrinkage=0.05


Tree=115
num_leaves=15
num_cat=0
split_feature=13 13 14 13 13 14 14 14 14 14 14 13 13 5
split_gain=0.00114116 0.00260313 0.0097197 0.0138246 0.0118025 0.00353263 0.0153246 0.00890921 0.00128341 0.00737 0.00343361 0.00190495 0.00179769 0.000846163
threshold=0.7059614949185834 0.36317388633246855 10.920000076293947 0.39980588754765517 0.58543975638573065 11.739999771118166 11.679999828338625 12.175000190734863 13.694999694824221 19.029999732971195 12.244999885559084 1.1358560565844946 1.63245346554618 4.1791585659338022
decision_type=2 2 2 2 2 2 2 2 2 2 2 2 2 2
left_child=1 5 4 -4 -3 6 -1 -7 10 11 -2 -10 -11 -12
right_child=8 2 3 -5 -6 7 -8 -9 9 12 13 -13 -14 -15
leaf_value=0 0 0.00016284283165580483 -0.0003957196287528201 -4.6748254912484154e-05 -0.00013533234727334132 0.00011446216354123358 -0.00027007327086347918 -1.3602206689496647e-06 -0.00025723432576587143 0.00016880209668273348 0.00015841982290469461 0 0 0
leaf_weight=6945 1042 1014 344 2688 444 2185 562 5906 268 346 651 146 239 58
leaf_count=6945 1042 1014 344 2688 444 2185 562 5906 268 346 651 146 239 58
internal_value=0 -4.4188e-06 -3.83359e-05 -9.14043e-05 6.1729e-05 4.38473e-06 -1.91505e-05 2.80746e-05 2.99075e-05 -2.33789e-06 5.6857e-05 -0.000177243 9.59349e-05 0.000141659
internal_weight=22838 20088 4490 3032 1458 15598 7507 8091 2750 999 1751 414 585 709
internal_count=22838 20088 4490 3032 1458 15598 7507 8091 2750 999 1751 414 585 709
is_linear=0
shrinkage=0.05


Tree=116
num_leaves=13
num_cat=0
split_feature=13 13 13 13 13 13 4 13 13 6 7 6
split_gain=0.00112078 0.00448467 0.00296687 0.00306413 0.0058775 0.0030378 0.00265016 0.00232205 0.00375357 0.00236052 0.00212523 0.000940497
threshold=-0.42021305351745969 -0.43357954555437445 -0.18422338437944494 -0.12897990006948132 -0.075603740240881553 -0.15511208884687042 5.2039420849120406 -0.34484582721632789 -0.36212995724053115 1.7694373149116667 16.814594671928393 1.129752317193315
decision_type=2 2 2 2 2 2 2 2 2 2 2 2
left_child=1 6 7 5 -5 -4 10 8 -2 -9 -1 -8
right_child=2 -3 3 4 -6 -7 11 9 -10 -11 -12 -13
leaf_value=0.00015455159891803084 3.5151232828356817e-05 -0.00032810534383346396 0 0.00014252746714829806 -5.3967641195688552e-06 -0.00021017053924670214 0 0.00010095274967649466 -0.00018797319566573998 -3.7475171626616418e-05 -8.833705905108562e-06 -0.00024447362731370959
leaf_weight=205 1045 118 453 706 12349 347 111 1895 228 193 5029 159
leaf_count=205 1045 118 453 706 12349 347 111 1895 228 193 5029 159
internal_value=0 -1.97134e-05 5.98523e-06 -3.23403e-06 1.46422e-06 -9.85364e-05 -1.03186e-05 4.8441e-05 0 8.09652e-05 0 -0.000163128
internal_weight=22838 5622 17216 13855 13055 800 5504 3361 1273 2088 5234 270
internal_count=22838 5622 17216 13855 13055 800 5504 3361 1273 2088 5234 270
is_linear=0
shrinkage=0.05


Tree=117
num_leaves=15
num_cat=0
split_feature=2 14 14 14 12 14 14 0 0 4 11 11 20 20
split_gain=0.00108174 0.00198823 0.00325831 0.00580826 0.00308577 0.0020665 0.0018654 0.00141216 0.00173349 0.00111039 0.00103149 0.000749784 0.00136549 0.00109608
threshold=-5.5710253133461336 14.460000038146974 13.230000019073488 13.019999980926515 -4.6328922847565392 23.085000038146976 26.764999389648441 -1.7311525226243616 -5.2283019911338773 5.633558929032378 -7.7066768246645916 -5.3150188019726343 0.042908831871621589 0.23797756499068903
decision_type=2 2 2 2 2 2 2 2 2 2 2 2 2 2
left_child=7 2 3 -2 -4 10 -7 8 -1 -10 -3 12 -9 -13
right_child=1 5 4 -5 -6 6 -8 11 9 -11 -12 13 -14 -15
leaf_value=-6.3923693140204053e-06 -2.774488477823634e-06 0 -3.066690057243609e-05 -0.00035251188605880918 8.873699812503305e-05 6.0680939469465508e-05 -0.00012123173841037093 -0.00010677789507465301 0.00014310756711207156 0 -0.00010425625907699416 0.00012787812290326506 1.5086956525147655e-05 0
leaf_weight=101 16610 143 536 120 1869 571 173 374 638 56 1191 226 178 52
leaf_count=101 16610 143 536 120 1869 571 173 374 638 56 1191 226 178 52
internal_value=0 -3.45804e-06 8.21964e-07 -6.20052e-06 5.58895e-05 -5.00664e-05 0 3.88223e-05 8.66827e-05 0.000121801 -8.81672e-05 0 -4.03999e-05 5.90207e-05
internal_weight=22838 21213 19135 16730 2405 2078 744 1625 795 694 1334 830 552 278
internal_count=22838 21213 19135 16730 2405 2078 744 1625 795 694 1334 830 552 278
is_linear=0
shrinkage=0.05


Tree=118
num_leaves=14
num_cat=0
split_feature=14 14 14 14 14 1 1 3 14 4 14 4 8
split_gain=0.00108438 0.00341378 0.00317993 0.00271593 0.00908842 0.00167223 0.00151567 0.00109487 0.000871535 0.000655269 0.000228315 0.000153868 6.26266e-05
threshold=9.7800002098083514 9.4649996757507342 10.055000305175783 10.315000057220461 10.339999675750734 0.46780530926067138 0.48782570858826629 -4.6355841403447275 10.280000209808351 3.5212517529532765 9.1699995994567889 1.6689086248852953 0.86838147152229206
decision_type=2 2 2 2 2 2 2 2 2 2 2 2 2
left_child=1 10 5 8 -5 7 9 -2 -4 -3 11 -1 -12
right_child=2 6 3 4 -6 -7 -8 -9 -10 -11 12 -13 -14
leaf_value=0 0 0.0001613444563187694 3.2715462935892604e-05 -0.00045774886808067094 -8.2913773494469808e-07 0 0 -0.00016514138852953545 0.00017680500899848011 0 -3.2415756747328166e-05 -0.00016626915670713062 0
leaf_weight=51 101 600 1138 109 19302 144 140 552 236 58 148 63 196
leaf_count=51 101 600 1138 109 19302 144 140 552 236 58 148 63 196
internal_value=0 4.45726e-05 -3.14616e-06 0 -4.19108e-06 -0.000101143 0.000113086 -0.000137385 6.84841e-05 0.000145791 -4.21081e-05 -0.000109728 0
internal_weight=22838 1256 21582 20785 19411 797 798 653 1374 658 458 114 344
internal_count=22838 1256 21582 20785 19411 797 798 653 1374 658 458 114 344
is_linear=0
shrinkage=0.05


Tree=119
num_leaves=15
num_cat=0
split_feature=5 14 14 14 11 11 14 14 14 14 14 14 9 17
split_gain=0.000998562 0.00208997 0.00381727 0.00228155 0.00199954 0.00191504 0.0012349 0.00302431 0.0102482 0.00504333 0.00130647 0.00416337 0.00134882 0.00118974
threshold=3.5766719434842367 11.739999771118166 12.194999694824221 12.59500026702881 5.1975599459687709 -6.0119659848903408 10.580000400543215 11.039999961853029 11.179999828338625 10.920000076293947 10.055000305175783 9.9200000762939471 0.13624504646630772 -1.0000000180025095e-35
decision_type=2 2 2 2 2 2 2 2 2 2 2 2 2 2
left_child=6 5 4 -4 -3 -2 10 9 -9 -8 11 -1 -12 -7
right_child=1 2 3 -5 -6 13 7 8 -10 -11 12 -13 -14 -15
leaf_value=4.2132345161829344e-05 0 0.00022771520094625643 -0.00020975617164284896 -8.0353748662115383e-06 0 0 -2.9311149907276696e-06 0.00028322979823396766 -8.7330859398070672e-07 -0.00020862555680766163 -3.2531637364666928e-05 -0.00011989528947533439 6.7328997119385029e-05 -0.00021584281425877542
leaf_weight=1441 76 238 175 1921 52 70 1327 322 13569 457 183 545 2136 326
leaf_count=1441 76 238 175 1921 52 70 1327 322 13569 457 183 545 2136 326
internal_value=0 -2.81306e-05 -2.50279e-06 -3.21226e-05 0.000159405 -0.000125689 3.42213e-06 -2.22063e-06 4.65249e-06 -6.41137e-05 2.74473e-05 0 5.29725e-05 -0.000175731
internal_weight=22838 2858 2386 2096 290 472 19980 15675 13891 1784 4305 1986 2319 396
internal_count=22838 2858 2386 2096 290 472 19980 15675 13891 1784 4305 1986 2319 396
is_linear=0
shrinkage=0.05


Tree=120
num_leaves=15
num_cat=0
split_feature=13 13 13 13 13 13 18 14 14 0 13 4 7 13
split_gain=0.0010504 0.00407814 0.0081158 0.003491 0.00278559 0.00343913 0.0021467 0.00116881 0.00710955 0.00210366 0.00170082 0.00133077 0.00109347 0.000134323
threshold=0.64779913388313137 0.52555861591733211 0.53714975524669095 0.54635359327875899 0.49393563195667683 0.48761463514747089 1.038688203465256 19.029999732971195 18.679999351501468 1.4550770885035182 1.63245346554618 2.6655052687713678 49.675290347014517 1.7720080047240796
decision_type=2 2 2 2 2 2 2 2 2 2 2 2 2 2
left_child=1 4 -3 -4 5 -1 -6 8 9 -2 11 -9 -10 -12
right_child=7 2 3 -5 6 -7 -8 10 12 -11 13 -13 -14 -15
leaf_value=1.126365112358855e-06 0 -0.00035738185842717725 9.8686278731465192e-05 -7.7292136134748729e-05 0 -0.0001957218249871013 0.00035129211095918434 0 -0.00030931698402108073 9.3665676292781398e-05 -4.6774082804389291e-05 0.00020743081641943145 0 2.4338102649683915e-05
leaf_weight=17337 1672 236 337 1028 136 223 99 58 182 951 120 290 50 119
leaf_count=17337 1672 236 337 1028 136 223 99 58 182 951 120 290 50 119
internal_value=0 -5.1359e-06 -8.16961e-05 -2.2824e-05 9.1347e-07 -5.3031e-07 0.000171902 2.47812e-05 5.74752e-06 3.43326e-05 9.16779e-05 0.000162309 -0.000251819 0
internal_weight=22838 19396 1601 1365 17795 17560 235 3442 2855 2623 587 348 232 239
internal_count=22838 19396 1601 1365 17795 17560 235 3442 2855 2623 587 348 232 239
is_linear=0
shrinkage=0.05


Tree=121
num_leaves=10
num_cat=0
split_feature=14 14 14 14 14 20 19 5 10
split_gain=0.00095126 0.00230918 0.00248198 0.00384296 0.00159925 0.00146816 0.00091392 0.000510055 0.00036227
threshold=26.764999389648441 24.670000076293949 21.47500038146973 21.560000419616703 18.954999923706058 -0.61842125568226181 -2.3302963712484965 3.4763262762921188 33.986423999019948
decision_type=2 2 2 2 2 2 2 2 2
left_child=1 2 4 -4 -1 -2 -3 -8 -7
right_child=5 6 3 -5 -6 8 7 -9 -10
leaf_value=0 0 0 -0.00036749013777380635 -1.9626780089259101e-05 9.2818078500015642e-05 0 0 0.00018167306542210931 -0.00030041841132409099
leaf_weight=20870 101 78 114 699 468 51 100 281 76
leaf_count=20870 101 78 114 699 468 51 100 281 76
internal_value=0 4.64213e-07 -1.17019e-06 -8.72237e-05 1.40953e-06 -0.000101802 0.000111779 0.000145007 -0.000217293
internal_weight=22838 22610 22151 813 21338 228 459 381 127
internal_count=22838 22610 22151 813 21338 228 459 381 127
is_linear=0
shrinkage=0.05


Tree=122
num_leaves=13
num_cat=0
split_feature=5 2 2 4 1 14 14 10 2 10 4 5
split_gain=0.000958758 0.00214331 0.00224283 0.00199148 0.00270196 0.00232568 0.00198082 0.00186565 0.0018328 0.00144507 0.00107204 0.000741121
threshold=3.5766719434842367 11.688009148350922 4.5505602069515154 3.1106996900024977 -1.1568539991239535 21.099999427795414 18.679999351501468 31.274037878899197 -2.6413582968370926 29.200368716554955 4.8941229472114598 2.2488276060423744
decision_type=2 2 2 2 2 2 2 2 2 2 2 2
left_child=3 2 8 4 5 -1 -6 10 -2 -4 -5 -9
right_child=1 -3 9 7 6 -7 -8 11 -10 -11 -12 -13
leaf_value=-0.00020767668339185302 0 -0.00028026309599472063 0 1.7056058299721144e-05 3.1238828009554906e-06 0 -9.3619120335032858e-05 0 -7.7683867200369696e-05 0.00019242650672196603 -8.8776881862274345e-05 8.4718626257574591e-05
leaf_weight=295 1249 88 100 1599 15276 108 547 272 1236 185 280 1603
leaf_count=295 1249 88 100 1599 15276 108 547 272 1236 185 280 1603
internal_value=0 -2.76322e-05 -1.40949e-05 3.2722e-06 -3.48658e-06 -0.000131181 0 3.64736e-05 -3.40545e-05 0.000107002 0 7.17564e-05
internal_weight=22838 2858 2770 19980 16226 403 15823 3754 2485 285 1879 1875
internal_count=22838 2858 2770 19980 16226 403 15823 3754 2485 285 1879 1875
is_linear=0
shrinkage=0.05


Tree=123
num_leaves=13
num_cat=0
split_feature=13 13 13 13 13 13 13 13 5 10 13 2
split_gain=0.000970205 0.00407164 0.00273784 0.00267584 0.00512906 0.00260265 0.00206372 0.00333249 0.00217471 0.00199095 0.00170219 0.00101167
threshold=-0.42021305351745969 -0.43357954555437445 -0.18422338437944494 -0.12897990006948132 -0.075603740240881553 -0.15511208884687042 -0.34484582721632789 -0.36212995724053115 2.8468266812328697 24.500646715391245 -1.2448797960925293 -3.9446160200841902
decision_type=2 2 2 2 2 2 2 2 2 2 2 2
left_child=1 9 6 5 -5 -4 7 -2 -8 10 -1 -11
right_child=2 -3 3 4 -6 -7 8 -9 -10 11 -12 -13
leaf_value=1.8069733586775056e-06 3.3634820777864169e-05 -0.00031252818566758261 0 0.00013270846438902649 -5.5434519758432919e-06 -0.00019593099790978451 0.00010401646328044402 -0.00017667342085353412 0 5.1018969701656753e-05 -8.7666012110978911e-05 -3.921143675846505e-06
leaf_weight=398 1045 118 453 706 12349 347 1640 228 448 1021 1242 2843
leaf_count=398 1045 118 453 706 12349 347 1640 228 448 1021 1242 2843
internal_value=0 -1.85753e-05 5.30936e-06 -3.51651e-06 7.93754e-07 -9.24944e-05 4.6144e-05 0 7.6789e-05 -9.49286e-06 -5.68238e-05 6.72436e-06
internal_weight=22838 5622 17216 13855 13055 800 3361 1273 2088 5504 1640 3864
internal_count=22838 5622 17216 13855 13055 800 3361 1273 2088 5504 1640 3864
is_linear=0
shrinkage=0.05


Tree=124
num_leaves=15
num_cat=0
split_feature=13 13 13 13 13 13 13 14 14 0 13 2 4 13
split_gain=0.000941813 0.0036834 0.00733081 0.00321454 0.00254204 0.0030305 0.00169735 0.000983811 0.00634759 0.00189963 0.00150143 0.00126236 0.000274942 0.000101475
threshold=0.64779913388313137 0.52555861591733211 0.53714975524669095 0.58543975638573065 0.49393563195667683 0.48761463514747089 0.50979561016865083 19.029999732971195 18.679999351501468 1.4550770885035182 1.63245346554618 -2.5043293088383316 1.7628073356553922 1.7720080047240796
decision_type=2 2 2 2 2 2 2 2 2 2 2 2 2 2
left_child=1 4 12 -4 5 -1 -6 8 9 -2 11 -9 -3 -12
right_child=7 2 3 -5 6 -7 -8 10 -10 -11 13 -13 -14 -15
leaf_value=9.8727057442910122e-07 0 0 1.0538326283818242e-05 -0.00015635742503445596 0.00030636305126219374 -0.00018376042666042329 0 0.00027026715792173036 -0.00023746267236428697 8.9143164745169204e-05 -4.1834865093004156e-05 0 -0.00040045682955865884 1.8690185517092084e-05
leaf_weight=17337 1672 62 1017 348 112 223 123 152 232 951 120 196 174 119
leaf_count=17337 1672 62 1017 348 112 223 123 152 232 951 120 196 174 119
internal_value=0 -4.88144e-06 -7.7647e-05 -2.11133e-05 8.26316e-07 -5.15064e-07 0.000164196 2.34439e-05 5.47325e-06 3.27593e-05 8.51799e-05 0.00015159 -0.000339872 0
internal_weight=22838 19396 1601 1365 17795 17560 235 3442 2855 2623 587 348 236 239
internal_count=22838 19396 1601 1365 17795 17560 235 3442 2855 2623 587 348 236 239
is_linear=0
shrinkage=0.05


Tree=125
num_leaves=11
num_cat=0
split_feature=15 15 18 14 14 14 0 8 2 6
split_gain=0.00094665 0.00198139 0.00155717 0.00127177 0.0101801 0.00451058 0.00104873 0.000948573 0.000848399 0.000442273
threshold=8.7162477917075449 4.8654239304321285 1.2405625645435256 11.219999790191652 11.039999961853029 11.844999790191652 0.10841235025341568 6.3821695238370078 3.3309392778223761 1.1943631590052974
decision_type=2 2 2 2 2 2 2 2 2 2
left_child=1 3 6 4 -1 -5 -3 -2 -4 -9
right_child=7 2 8 5 -6 -7 -8 9 -10 -11
leaf_value=-4.9518582755152606e-06 0 8.7190459128590178e-05 0 -5.6014107404942527e-05 0.00018978433525223656 5.044284125110504e-06 0 0 0.00020388153708089825 -0.00018350505841710211
leaf_weight=5782 188 384 61 4099 742 10257 815 85 253 172
leaf_count=5782 188 384 61 4099 742 10257 815 85 253 172
internal_value=0 8.99522e-07 5.65947e-05 -2.4204e-06 1.49231e-05 -1.13473e-05 1.59427e-05 -7.25652e-05 0.00016366 -0.000135257
internal_weight=22838 22393 1513 20880 6524 14356 1199 445 314 257
internal_count=22838 22393 1513 20880 6524 14356 1199 445 314 257
is_linear=0
shrinkage=0.05


Tree=126
num_leaves=15
num_cat=0
split_feature=13 14 13 14 14 14 13 14 13 14 14 13 14 3
split_gain=0.000891837 0.00402845 0.00409126 0.0150648 0.00431445 0.00338706 0.00281703 0.00498758 0.00542351 0.00425352 0.00325656 0.00639459 0.00414309 0.000906006
threshold=-0.3973374346368907 10.920000076293947 -0.56734936417262005 12.175000190734863 12.085000038146976 10.704999923706056 -0.18422338437944494 11.739999771118166 -0.22703806390496625 12.375000000000002 10.860000133514406 -0.013045006246314992 12.275000095367433 1.67139595993151
decision_type=2 2 2 2 2 2 2 2 2 2 2 2 2 2
left_child=1 5 3 -3 -4 13 7 8 -2 -9 11 -8 -12 -1
right_child=6 2 4 -5 -6 -7 10 9 -10 -11 12 -13 -14 -15
leaf_value=-0.00010017778383463971 -3.5569393938807713e-05 0.00015952558773568021 -0.00016427893079343835 -4.433642372432979e-05 0 -0.00029678617456067521 -8.8858289617798909e-05 0.00022735341318375291 0.00022407694425276964 8.7346707775291412e-06 -5.1051695479959901e-05 6.4217813851360624e-05 1.267948688900005e-05 6.4158019933125242e-06
leaf_weight=235 1588 1376 693 2494 719 228 784 588 229 609 5203 3430 4438 224
leaf_count=235 1588 1376 693 2494 719 228 784 588 229 609 5203 3430 4438 224
internal_value=0 -1.70951e-05 0 2.42954e-05 -7.49769e-05 -0.00013105 5.36135e-06 4.95049e-05 0 0.000128747 -3.1619e-06 3.21655e-05 -2.01606e-05 -1.56487e-05
internal_weight=22838 5969 5282 3870 1412 687 16869 3014 1817 1197 13855 4214 9641 459
internal_count=22838 5969 5282 3870 1412 687 16869 3014 1817 1197 13855 4214 9641 459
is_linear=0
shrinkage=0.05


Tree=127
num_leaves=14
num_cat=0
split_feature=2 5 3 12 12 13 13 13 12 12 15 5 8
split_gain=0.000881946 0.00298017 0.00406712 0.00149257 0.00192106 0.00164235 0.00109855 0.000763872 0.000697728 0.00129262 0.000669233 0.000524683 0.000849868
threshold=-5.5710253133461336 4.9736562757684055 7.3606926745071863 -5.2621909335674761 -9.2347614267499871 0.79675748132704849 -0.53258404265513193 0.20721149365346972 -7.0022059657700106 -8.2068581265689016 -2.9523519672538407 4.4465032215505742 -8.4690398826485271
decision_type=2 2 2 2 2 2 2 2 2 2 2 2 2
left_child=7 3 6 4 -2 -5 -3 8 9 -1 -10 12 -9
right_child=1 2 -4 5 -6 -7 -8 11 10 -11 -12 -13 -14
leaf_value=4.7488791965919185e-05 1.5383143719305355e-05 -0.00021421568786211408 -0.00043554818839146851 0 -5.6029936640196577e-05 5.676988401106348e-05 3.4313703752316847e-05 0 0.00012219987728687037 -0.00014711733225577399 0 6.8758758256506637e-05 -0.00013305618423130227
leaf_weight=549 1074 55 93 15936 2493 1413 149 183 489 91 52 93 168
leaf_count=549 1074 55 93 15936 2493 1413 149 183 489 91 52 93 168
internal_value=0 -3.18257e-06 -0.000160371 -2.25864e-07 -3.03256e-05 5.09956e-06 0 3.49837e-05 5.74388e-05 0 0.000102045 0 -4.96378e-05
internal_weight=22838 21213 297 20916 3567 17349 204 1625 1181 640 541 444 351
internal_count=22838 21213 297 20916 3567 17349 204 1625 1181 640 541 444 351
is_linear=0
shrinkage=0.05


Tree=128
num_leaves=9
num_cat=0
split_feature=4 4 14 14 18 12 12 20
split_gain=0.000845678 0.000861781 0.00264317 0.00312044 0.0011728 0.00141861 0.00127121 0.000954579
threshold=8.9933173442597347 2.9868423513969966 16.125000000000004 13.230000019073488 1.234778214372964 -9.2347614267499871 -2.9968948369872996 1.0337538658628118
decision_type=2 2 2 2 2 2 2 2
left_child=1 2 3 -1 6 -6 -3 -4
right_child=-2 4 7 -5 5 -7 -8 -9
leaf_value=-7.6728965272257864e-06 -0.00015323055553340562 -3.5408197210031451e-05 -9.770940004201195e-05 6.368611676444669e-05 0.0001254603366397504 8.6641519807246382e-06 2.1579582587492813e-05 0
leaf_weight=13804 89 1437 985 1722 515 1237 2952 97
leaf_count=13804 89 1437 985 1722 515 1237 2952 97
internal_value=0 2.12804e-07 -5.02318e-06 0 1.68139e-05 5.16051e-05 0 -8.05511e-05
internal_weight=22838 22749 16608 15526 6141 1752 4389 1082
internal_count=22838 22749 16608 15526 6141 1752 4389 1082
is_linear=0
shrinkage=0.05


Tree=129
num_leaves=15
num_cat=0
split_feature=8 0 0 19 13 13 13 13 15 6 15 13 6 1
split_gain=0.000864239 0.00116078 0.00111355 0.00111124 0.00106331 0.00473307 0.00185161 0.00096903 0.00135898 0.000888923 0.00220706 0.000702577 0.000667373 0.000307813
threshold=7.5589899742001281 0.53673275721047353 -1.4859845695331695 1.2614746293695933 -0.34484582721632789 -0.29973634362466245 -1.1082133161088357 0.10974257862870208 4.3023842200459637 1.8704431766452754 8.7162477917075449 -1.2448797960925293 0.91182347446658041 0.40601852083936824
decision_type=2 2 2 2 2 2 2 2 2 2 2 2 2 2
left_child=3 2 13 4 6 -6 -1 -5 -9 12 -11 -4 -3 -2
right_child=1 9 11 7 5 -7 -8 8 -10 10 -12 -13 -14 -15
leaf_value=3.5023174012281628e-05 4.6878371168985054e-05 1.2428907707228145e-05 0 0 0.00016046603722195106 7.0426565965290678e-06 -2.7926210776708597e-05 -0.00016827663166673977 0 0.00023044822919699324 0 -8.629338008535026e-05 -5.9407915024556649e-05 -4.731951477175069e-05
leaf_weight=1425 286 502 63 243 541 12954 4476 285 66 144 72 1259 461 61
leaf_count=1425 286 502 63 243 541 12954 4476 285 66 144 72 1259 461 61
internal_value=0 -2.60993e-05 -5.3848e-05 3.31682e-06 6.08999e-06 1.43161e-05 -1.018e-05 -6.18842e-05 -0.000115567 4.82251e-07 0.000100294 -7.59232e-05 -6.42605e-06 0
internal_weight=22838 2848 1669 19990 19396 13495 5901 594 351 1179 216 1322 963 347
internal_count=22838 2848 1669 19990 19396 13495 5901 594 351 1179 216 1322 963 347
is_linear=0
shrinkage=0.05


Tree=130
num_leaves=15
num_cat=0
split_feature=5 18 13 13 13 8 13 13 13 5 5 16 16 1
split_gain=0.00084172 0.00356494 0.00176289 0.00518146 0.00345231 0.00313733 0.00169359 0.00136606 0.00380235 0.00133967 0.0013075 0.00172626 0.00153199 0.00118868
threshold=3.6285126932233207 1.2165270556687946 -1.2448797960925293 -0.95398890585195451 -0.92168973315990266 -0.93376545788568033 -2.0767459620809721 -1.3136583756299167 0.22338802883968836 2.0452088395564298 5.6464827929910699 8.7364114145243494 17.11085254679006 -0.44052425663867234
decision_type=2 2 2 2 2 2 2 2 2 2 2 2 2 2
left_child=2 10 5 9 -5 13 -7 -3 -9 -4 12 -12 -2 -1
right_child=1 7 3 4 -6 6 -8 8 -10 -11 11 -13 -14 -15
leaf_value=5.1352162083940974e-05 -0.00012312397299851831 -3.9758390319790033e-05 0 0.00016815428676176153 4.2090539580279999e-07 0 0.00019841740946057538 0.00017836284930854607 0 -0.00020462700680613156 0.00023200482278054911 -9.7465680625576261e-05 0 -9.8626476684949625e-05
leaf_weight=248 1134 345 98 315 18400 58 423 410 574 381 70 51 94 237
leaf_count=248 1134 345 98 315 18400 58 423 410 574 381 70 51 94 237
internal_value=0 -2.66043e-05 3.21299e-06 0 4.05438e-06 6.90859e-05 0.000160773 2.29611e-05 6.01977e-05 -0.000162314 -8.65269e-05 0 -0.000104325 0
internal_weight=22838 2678 20160 19194 18715 966 481 1329 984 479 1349 121 1228 485
internal_count=22838 2678 20160 19194 18715 966 481 1329 984 479 1349 121 1228 485
is_linear=0
shrinkage=0.05


Tree=131
num_leaves=12
num_cat=0
split_feature=4 16 10 6 4 2 21 4 2 6 11
split_gain=0.000803803 0.00479673 0.0012698 0.00112554 0.000920514 0.00103217 0.000759543 0.000219274 0.00121197 0.000572811 5.79885e-05
threshold=5.8271622751580532 13.43151014333886 70.731206504103213 0.98983689064275759 2.9868423513969966 5.5070975516459244 0.051828991476381016 6.607660807167778 5.2256095864489103 1.2133145831199397 -4.1200011353402415
decision_type=2 2 2 2 2 2 2 2 2 2 2
left_child=2 7 4 10 6 -6 -1 8 -2 -9 -4
right_child=1 -3 3 -5 5 -7 -8 9 -10 -11 -12
leaf_value=0 -0.00013305482593326209 -0.0003699880934864803 0 0.00020897937511872968 5.94100760681443e-06 7.8909931074518306e-05 -2.8356478065092715e-05 0.00011587330121511438 3.5590066006133234e-05 0 2.5967000459998017e-05
leaf_weight=13127 179 101 74 137 4842 651 3170 130 50 163 214
leaf_count=13127 179 101 74 137 4842 651 3170 130 50 163 214
internal_value=0 -5.6203e-05 1.31526e-06 8.68452e-05 0 1.73319e-05 -6.31966e-06 0 -3.10208e-05 3.33432e-05 0
internal_weight=22838 623 22215 425 21790 5493 16297 522 229 293 288
internal_count=22838 623 22215 425 21790 5493 16297 522 229 293 288
is_linear=0
shrinkage=0.05


Tree=132
num_leaves=14
num_cat=0
split_feature=14 14 14 14 8 10 14 14 14 14 4 14 4
split_gain=0.000826559 0.00337841 0.00351188 0.0026541 0.00107139 0.000985354 0.000882985 0.00384394 0.0021861 0.000215841 0.000129809 5.66535e-05 4.96877e-07
threshold=9.865000247955324 9.9600000381469744 9.9200000762939471 9.4649996757507342 2.7631268155521003 23.598482669231711 10.460000038146974 10.379999637603762 11.844999790191652 9.1699995994567889 1.6689086248852953 9.2849998474121112 2.0822323098205295
decision_type=2 2 2 2 2 2 2 2 2 2 2 2 2
left_child=3 2 -2 9 5 -5 7 -3 -8 10 -1 -11 -6
right_child=1 6 -4 4 12 -7 8 -9 -10 11 -12 -13 -14
leaf_value=0 0 0 -0.00039209142680836487 0 0 0.00017414409620771515 -2.534880479529744e-05 0.00022363400238669859 8.8637051595641817e-06 0 -0.00015720432127409368 -2.4978743163847922e-05 -3.3604536640930139e-06
leaf_weight=51 119 2057 112 262 109 427 7606 229 11350 118 63 226 109
leaf_count=51 119 2057 112 262 109 427 7606 229 11350 118 63 226 109
internal_value=0 -2.61098e-06 -0.000192448 3.74909e-05 9.29079e-05 0.000123454 0 2.87697e-05 -4.07324e-06 -3.95376e-05 -0.000104554 0 0
internal_weight=22838 21473 231 1365 907 689 21242 2286 18956 458 114 344 218
internal_count=22838 21473 231 1365 907 689 21242 2286 18956 458 114 344 218
is_linear=0
shrinkage=0.05


Tree=133
num_leaves=10
num_cat=0
split_feature=14 13 13 14 14 13 13 13 12
split_gain=0.000802233 0.00215872 0.00522283 0.00424449 0.0041186 0.00340871 0.00292319 0.00136869 0.00108223
threshold=26.764999389648441 -1.2448797960925293 -0.95398890585195451 12.769999980926515 13.769999980926515 -1.0363005613350849 -0.93968043077759511 -2.1295115427365112 -7.1150457549877482
decision_type=2 2 2 2 2 2 2 2 2
left_child=1 3 5 -1 -5 -3 -4 -2 -9
right_child=7 2 6 4 -6 -7 -8 8 -10
leaf_value=-0.00017739459954145412 0 0 0.00014422876244924251 0.00024913405180694586 1.9016478781274964e-05 -0.00025284687531362517 -6.7167616713211968e-07 -0.0003618684328243798 0
leaf_weight=120 116 238 351 355 821 338 20387 61 51
leaf_count=120 116 238 351 355 821 338 20387 61 51
internal_value=0 7.88244e-07 -2.34743e-06 6.38848e-05 0.000101379 -0.00015097 1.06439e-06 -9.32559e-05 -0.000218872
internal_weight=22838 22610 21314 1296 1176 576 20738 228 112
internal_count=22838 22610 21314 1296 1176 576 20738 228 112
is_linear=0
shrinkage=0.05


Tree=134
num_leaves=12
num_cat=0
split_feature=15 4 1 2 20 14 12 1 4 13 1
split_gain=0.000792676 0.00246698 0.00282587 0.00178561 0.000987887 0.00116003 0.00114774 0.000500642 0.000282112 0.000230777 9.11415e-05
threshold=8.7162477917075449 5.2039420849120406 0.17991924282603097 8.2222933002996559 1.1631866332849556 14.159999847412109 -5.2621909335674761 0.23730984190662677 3.4216109834113086 0.0090739758951352573 0.087361744019235535
decision_type=2 2 2 2 2 2 2 2 2 2 2
left_child=3 8 -3 4 6 -6 -1 -5 9 -2 -10
right_child=1 2 -4 7 5 -7 -8 -9 10 -11 -12
leaf_value=-2.4553593319825789e-05 -8.2800111278909488e-05 0 -0.00042772946599099488 0 0 0.0001515375684523573 3.4049008936116272e-06 0.00021970915970683072 0 0 0.00010826631976027892
leaf_weight=4535 103 50 82 119 152 230 17239 118 57 86 67
leaf_count=4535 103 50 82 119 152 230 17239 118 57 86 67
internal_value=0 -6.61725e-05 -0.000247094 1.13299e-06 0 7.92348e-05 -1.73018e-06 0.000137394 0 -2.67607e-05 6.74812e-05
internal_weight=22838 445 132 22393 22156 382 21774 237 313 189 124
internal_count=22838 445 132 22393 22156 382 21774 237 313 189 124
is_linear=0
shrinkage=0.05


Tree=135
num_leaves=15
num_cat=0
split_feature=9 9 20 10 20 2 2 6 20 15 7 4 6 4
split_gain=0.000824866 0.00108095 0.00239483 0.00191952 0.00181834 0.00141203 0.000939699 0.000573494 0.00127602 0.000901616 0.000861046 0.000747215 0.000523537 0.00037291
threshold=0.032205559053282845 0.33906226253677701 -0.33036924865237044 15.239741448557579 -0.42221246925246075 -3.749003867012362 -0.60380502732978447 1.2133145831199397 -0.1363571726687868 -4.8608220562231343 22.611589235449546 4.4790236033135171 0.44856712923286352 1.6349890038729582
decision_type=2 2 2 2 2 2 2 2 2 2 2 2 2 2
left_child=7 2 5 12 -5 -2 -4 8 -1 -10 11 -9 -3 -12
right_child=1 3 6 4 -6 -7 -8 10 9 -11 13 -13 -14 -15
leaf_value=0 0 0 1.8143441269087468e-06 8.8758044301088114e-05 -4.8753993394751738e-06 -0.00015679815831187076 -4.0664113284982214e-05 0.00014443543219043505 0 0.00012579228886657975 0 0 8.3273606329523482e-05 -5.0800123633169676e-05
leaf_weight=179 328 141 4831 539 12273 482 1559 169 194 553 73 54 919 544
leaf_count=179 328 141 4831 539 12273 482 1559 169 194 553 73 54 919 544
internal_value=0 -2.87079e-06 -1.90161e-05 4.42865e-06 0 -0.000101437 -6.20703e-06 3.26918e-05 5.98653e-05 9.33074e-05 0 8.65622e-05 6.91329e-05 -2.76999e-05
internal_weight=22838 21072 7200 13872 12812 810 6390 1766 926 747 840 223 1060 617
internal_count=22838 21072 7200 13872 12812 810 6390 1766 926 747 840 223 1060 617
is_linear=0
shrinkage=0.05


Tree=136
num_leaves=13
num_cat=0
split_feature=13 13 14 14 14 13 14 13 1 14 13 14
split_gain=0.00077815 0.00330742 0.00377565 0.00818039 0.00326548 0.00220628 0.0045128 0.00525612 0.00363185 0.00287784 0.00564026 0.00408277
threshold=-0.42021305351745969 -0.43357954555437445 10.920000076293947 12.175000190734863 10.704999923706056 -0.18422338437944494 11.739999771118166 -0.22703806390496625 0.20507806887932351 10.860000133514406 -0.013045006246314992 11.039999961853029
decision_type=2 2 2 2 2 2 2 2 2 2 2 2
left_child=1 2 4 -4 -1 6 7 -2 -8 10 -7 -11
right_child=5 -3 3 -5 -6 9 8 -9 -10 11 -12 -13
leaf_value=-5.7904895132631531e-06 -3.854585174902292e-05 -0.00028136787230048394 8.6335028335622578e-05 -4.5665269194764933e-05 -0.0002788647642124909 -8.2642642486717026e-05 0.00016437578102481421 0.0002148026352779593 0 -0.00022835603487328626 6.0740393088319834e-05 -1.1871449694261743e-05
leaf_weight=459 1701 118 1958 2859 228 784 970 229 461 234 3430 9407
leaf_count=459 1701 118 1958 2859 228 784 970 229 461 234 3430 9407
internal_value=0 -1.62687e-05 -7.81036e-06 4.88328e-06 -0.000118494 5.15281e-06 4.18026e-05 -6.21664e-07 0.000109456 -2.65765e-06 3.04925e-05 -1.87047e-05
internal_weight=22838 5622 5504 4817 687 17216 3361 1930 1431 13855 4214 9641
internal_count=22838 5622 5504 4817 687 17216 3361 1930 1431 13855 4214 9641
is_linear=0
shrinkage=0.05


Tree=137
num_leaves=15
num_cat=0
split_feature=13 13 13 1 13 13 20 1 13 14 14 13 14 11
split_gain=0.000773154 0.0034635 0.00652596 0.00336004 0.00237691 0.00266549 0.0015812 0.00113164 0.000739577 0.00073779 0.00565505 0.000965764 0.000503368 9.80358e-05
threshold=0.64779913388313137 0.52555861591733211 0.53714975524669095 0.59832934100269441 0.49393563195667683 0.48761463514747089 0.16876716483753709 -0.0060100409163885826 0.7137331665604153 19.029999732971195 13.694999694824221 1.63245346554618 12.769999980926515 1.206369080812286
decision_type=2 2 2 2 2 2 2 2 2 2 2 2 2 2
left_child=1 4 13 -4 5 -1 -6 8 -2 10 -9 -11 -10 -3
right_child=7 2 3 -5 6 -7 -8 9 12 11 -12 -13 -14 -15
leaf_value=1.4808858413227453e-06 0 -0.00036708581789119039 -6.0358047190678334e-05 0.00016249108912213408 0 -0.00017198566012374222 0.00033783619348280898 2.442284016556013e-05 0 0.00012354306937712472 -0.00018520527006686766 0 0.00017612905790823682 0
leaf_weight=17337 111 184 1190 175 149 223 86 1992 209 279 377 233 241 52
leaf_count=17337 111 184 1190 175 149 223 86 1992 209 279 377 233 241 52
internal_value=0 -4.1278e-06 -7.47653e-05 -2.07086e-05 1.38835e-06 0 0.000159137 2.15732e-05 8.84809e-05 3.31377e-06 -2.6721e-06 6.02011e-05 0.000117709 -0.000322726
internal_weight=22838 19396 1601 1365 17795 17560 235 3442 561 2881 2369 512 450 236
internal_count=22838 19396 1601 1365 17795 17560 235 3442 561 2881 2369 512 450 236
is_linear=0
shrinkage=0.05


Tree=138
num_leaves=15
num_cat=0
split_feature=13 14 14 13 14 13 13 14 6 14 14 14 13 13
split_gain=0.000737132 0.00310634 0.00599669 0.0106077 0.0101647 0.00264182 0.00237944 0.00614173 0.00387281 0.00335274 0.00241761 0.00833003 0.00512014 0.00211955
threshold=-0.3973374346368907 11.38000011444092 12.175000190734863 -0.56734936417262005 12.769999980926515 -0.66920619300663831 -0.24290162539588597 11.739999771118166 1.3084544156457962 11.309999942779543 10.860000133514406 11.039999961853029 -0.013045006246314992 -0.50203922587736527
decision_type=2 2 2 2 2 2 2 2 2 2 2 2 2 2
left_child=1 5 3 -3 -4 -1 7 9 -9 -2 12 -12 -8 -7
right_child=6 2 4 -5 -6 13 10 8 -10 -11 11 -13 -14 -15
leaf_value=0 4.0822121508474286e-05 0.00018293733657369162 -0.00025231694517611331 -7.0970481496793764e-05 0 -0.00021200119237548958 -7.8589722695043501e-05 0.00019532522617956758 0 -0.00011106517433803726 -0.00025641350674218146 -5.7880946931181948e-06 5.7793290260853141e-05 -1.5259450549212719e-05
leaf_weight=456 911 1029 463 579 2516 465 784 820 252 561 350 9761 3430 461
leaf_count=456 911 1029 463 579 2516 465 784 820 252 561 350 9761 3430 461
internal_value=0 -1.52655e-05 1.38331e-06 8.22017e-05 -3.72201e-05 -8.13315e-05 5.17399e-06 4.9978e-05 0.000142016 -6.91708e-06 -1.7387e-06 -1.59716e-05 2.88484e-05 -0.000130359
internal_weight=22838 5969 4587 1608 2979 1382 16869 2544 1072 1472 14325 10111 4214 926
internal_count=22838 5969 4587 1608 2979 1382 16869 2544 1072 1472 14325 10111 4214 926
is_linear=0
shrinkage=0.05


Tree=139
num_leaves=15
num_cat=0
split_feature=9 9 20 1 4 1 20 14 16 4 15 6 14 14
split_gain=0.000713154 0.000966154 0.00167048 0.00172797 0.00149197 0.00427693 0.0017051 0.000951762 0.000646594 0.00198437 0.00082436 0.00133192 0.00087215 0.000752872
threshold=0.032205559053282845 0.29767353416579517 -0.33036924865237044 -0.36060513754137802 7.0194085560811326 0.66769845393931559 -0.62586688193503159 11.844999790191652 -7.0035038969353911 3.3699707279565638 -4.8608220562231343 1.0667887179408473 14.175000190734863 10.920000076293947
decision_type=2 2 2 2 2 2 2 2 2 2 2 2 2 2
left_child=8 2 3 -2 6 -6 -3 -4 9 13 12 -12 -10 -1
right_child=1 4 7 -5 5 -7 -8 -9 10 -11 11 -13 -14 -15
leaf_value=0 0 0.00010644236129980921 -3.0444966053507879e-05 -0.00014949322620797081 0 -0.00048820777490371991 1.93528341460942e-06 8.9393797681753644e-06 -0.00013810440022680678 0 9.3939124410375769e-05 -2.0783788799481225e-06 0 0.00018933352654454096
leaf_weight=51 259 416 2631 475 111 58 14277 2845 177 228 472 482 76 280
leaf_count=51 259 416 2631 475 111 58 14277 2845 177 228 472 482 76 280
internal_value=0 -2.83543e-06 -1.97768e-05 -9.27129e-05 3.23505e-06 -0.000140799 5.92204e-06 -7.24661e-06 3.02177e-05 7.59458e-05 0 2.9769e-05 -6.91509e-05 0.000157071
internal_weight=22838 21072 6210 734 14862 169 14693 5476 1766 559 1207 954 253 331
internal_count=22838 21072 6210 734 14862 169 14693 5476 1766 559 1207 954 253 331
is_linear=0
shrinkage=0.05


Tree=140
num_leaves=15
num_cat=0
split_feature=13 13 14 13 13 13 13 14 14 14 14 13 13 5
split_gain=0.00074573 0.00173708 0.00685139 0.0126813 0.00860527 0.00245612 0.00369068 0.00103063 0.000869718 0.00480223 0.00289166 0.00126065 0.0012455 0.000708282
threshold=0.73574375614918763 0.36317388633246855 10.920000076293947 0.39980588754765517 0.58543975638573065 0.13465620494010902 0.081626049855243479 12.194999694824221 13.694999694824221 19.029999732971195 12.244999885559084 1.63245346554618 1.1358560565844946 4.2228700085630715
decision_type=2 2 2 2 2 2 2 2 2 2 2 2 2 2
left_child=1 5 4 -4 -3 6 -1 -7 10 12 -2 -11 -10 -12
right_child=8 2 3 -5 -6 7 -8 -9 9 11 13 -13 -14 -15
leaf_value=3.8029104502929976e-06 0 0.00014250438816669362 -0.00036757020155694237 -3.4369672039335113e-05 -7.9906530592148225e-05 0.00010391240990581233 -8.9559433517114365e-05 1.250407070312102e-05 -0.00020687846607948942 0.00014043675773754924 0.00013935968341507549 0 0 0
leaf_weight=12375 813 1014 344 2690 673 797 1142 1284 266 346 658 239 146 51
leaf_count=12375 813 1014 344 2690 673 797 1142 1284 266 346 658 239 146 51
internal_value=0 -3.43638e-06 -3.0393e-05 -7.71995e-05 4.48963e-05 3.76231e-06 -2.98133e-06 5.47502e-05 2.53888e-05 0 4.9942e-05 7.93755e-05 -0.000141879 0.000124628
internal_weight=22838 20319 4721 3034 1687 15598 13517 2081 2519 997 1522 585 412 709
internal_count=22838 20319 4721 3034 1687 15598 13517 2081 2519 997 1522 585 412 709
is_linear=0
shrinkage=0.05


Tree=141
num_leaves=14
num_cat=0
split_feature=2 5 10 15 14 14 4 4 5 7 14 21 5
split_gain=0.000758565 0.0025234 0.00280712 0.00189207 0.00120833 0.003521 0.00169484 0.000726042 0.0010252 0.00113822 0.000552189 0.000647621 0.000118038
threshold=-5.5710253133461336 4.9736562757684055 16.95877861695962 -0.70694043161126918 14.460000038146974 13.230000019073488 3.2314439093223859 4.756837566660816 4.9736562757684055 23.147115781660435 14.444999694824221 0.19100408747341271 4.538150254863198
decision_type=2 2 2 2 2 2 2 2 2 2 2 2 2
left_child=7 4 -3 -4 5 -2 -6 8 9 -1 12 -12 -9
right_child=1 2 3 -5 6 -7 -8 10 -10 -11 11 -13 -14
leaf_value=0.00010454982650675055 -4.0767609784860861e-06 0 0 -0.00035947495044412584 -8.1162826250215348e-05 6.1123392200811261e-05 0 -0.00010869511480934231 0.00025304105327006438 0 0 0.00017209935651838103 0
leaf_weight=338 16600 61 96 140 1072 2332 912 140 81 897 61 54 54
leaf_count=338 16600 61 96 140 1072 2332 912 140 81 897 61 54 54
internal_value=0 -2.77935e-06 -0.000147375 -0.00023858 -2.07221e-09 3.16498e-06 -3.77662e-05 3.26423e-05 5.18994e-05 2.63771e-05 -8.87233e-07 9.26089e-06 -8.38426e-05
internal_weight=22838 21213 297 236 20916 18932 1984 1625 1316 1235 309 115 194
internal_count=22838 21213 297 236 20916 18932 1984 1625 1316 1235 309 115 194
is_linear=0
shrinkage=0.05


Tree=142
num_leaves=13
num_cat=0
split_feature=2 5 3 12 12 6 1 19 6 19 5 20
split_gain=0.000688169 0.00224198 0.00338805 0.00111187 0.00176033 0.000755695 0.000577277 0.0004739 0.000379282 0.000323579 0.000775246 0.000167112
threshold=-5.5710253133461336 4.9736562757684055 7.2224410722931411 -5.2621909335674761 -9.2347614267499871 1.2133145831199397 0.49196850779539886 -2.072846940384935 2.5262321498111526 -0.98811943022233029 4.538150254863198 -0.1534828601749815
decision_type=2 2 2 2 2 2 2 2 2 2 2 2
left_child=6 3 11 4 -2 -5 7 -1 -9 -8 -11 -3
right_child=1 2 -4 5 -6 -7 9 8 -10 10 -12 -13
leaf_value=0 1.782358176198275e-05 -8.7794227338572805e-05 -0.0003829087072457715 1.0786102924954307e-05 -5.0985636241703149e-05 -1.3204705692306224e-05 1.7028028405654965e-05 6.798985140579705e-05 0 -0.00012196965131498657 0 3.2325495948004047e-06
leaf_weight=93 1074 53 96 13449 2493 3900 84 1113 99 182 54 148
leaf_count=93 1074 53 96 13449 2493 3900 84 1113 99 182 54 148
internal_value=0 -2.63211e-06 -0.000138931 0 -2.60644e-05 4.52804e-06 3.11076e-05 4.80607e-05 5.88527e-05 0 -5.75264e-05 0
internal_weight=22838 21213 297 20916 3567 17349 1625 1305 1212 320 236 201
internal_count=22838 21213 297 20916 3567 17349 1625 1305 1212 320 236 201
is_linear=0
shrinkage=0.05


Tree=143
num_leaves=15
num_cat=0
split_feature=13 14 14 13 14 13 13 14 1 14 13 13 14 13
split_gain=0.000724762 0.00276535 0.00540932 0.00958248 0.00914203 0.00241354 0.00220703 0.00446316 0.00461915 0.00423222 0.00549269 0.00483157 0.00365221 0.00184153
threshold=-0.3973374346368907 11.38000011444092 12.175000190734863 -0.56734936417262005 12.769999980926515 -0.66920619300663831 0.015546919509756842 11.739999771118166 0.16368074422288742 10.860000133514406 0.55270249734205035 0.58543975638573065 11.534999847412111 -0.50203922587736527
decision_type=2 2 2 2 2 2 2 2 2 2 2 2 2 2
left_child=1 5 3 -3 -4 -1 7 12 -9 11 -11 -8 -2 -7
right_child=6 2 4 -5 -6 13 9 8 -10 10 -12 -13 -14 -15
leaf_value=0 2.0740118998806707e-05 0.00017328064780321195 -0.00024018838483369048 -6.7462182902216158e-05 0 -0.00020105164558424302 8.5358366163562001e-05 0.00014675520156365323 0 -5.7550906526534011e-05 2.459856367634639e-05 -3.9004066105470674e-05 -0.00011694415638867338 -1.417262447612066e-05
leaf_weight=456 2817 1029 463 579 2516 465 2176 1309 659 5313 2992 1025 578 461
leaf_count=456 2817 1029 463 579 2516 465 2176 1309 659 5313 2992 1025 578 461
internal_value=0 -1.51966e-05 2.96889e-07 7.72846e-05 -3.62379e-05 -7.74301e-05 5.06749e-06 3.20439e-05 9.20003e-05 -6.20449e-06 -2.615e-05 4.08517e-05 0 -0.000124313
internal_weight=22838 5969 4587 1608 2979 1382 16869 5363 1968 11506 8305 3201 3395 926
internal_count=22838 5969 4587 1608 2979 1382 16869 5363 1968 11506 8305 3201 3395 926
is_linear=0
shrinkage=0.05


Tree=144
num_leaves=14
num_cat=0
split_feature=13 13 13 13 13 13 6 2 5 2 7 6 16
split_gain=0.000711681 0.00430283 0.00397747 0.00282197 0.00211566 0.00533856 0.00123023 0.0014275 0.00119164 0.00104841 0.000986328 0.000503736 0.000259283
threshold=-1.2448797960925293 -0.95398890585195451 -1.2468774419040816 -1.0363005613350849 -0.93968043077759511 -0.89704472932619062 0.82497765281583757 -6.1164985407473216 2.0144719733571654 -1.3997728205322577 36.889604398033306 1.2471817762044608 2.2927875848670456
decision_type=2 2 2 2 2 2 2 2 2 2 2 2 2
left_child=2 3 6 12 10 -6 9 -8 -5 -1 -3 -4 -2
right_child=1 4 11 8 5 -7 7 -9 -10 -11 -12 -13 -14
leaf_value=0 5.1284541486476242e-05 0 0.00043765637678929966 0 -0.00023778871580676784 1.0434336708030287e-06 5.2345741195486722e-05 -7.2137073136733287e-05 -0.00027693276205118244 0.0001691095530908539 0.00020288145908125443 0 -5.2533178645335429e-05
leaf_weight=331 108 164 66 66 235 20152 217 681 272 178 187 51 130
leaf_count=331 108 164 66 66 235 20152 217 681 272 178 187 51 130
internal_value=0 -2.64251e-06 3.2697e-05 -0.000137462 3.85278e-07 -9.85375e-07 0 -2.53461e-05 -0.000230158 6.99864e-05 0.000122387 0.000313185 0
internal_weight=22838 21314 1524 576 20738 20387 1407 898 338 509 351 117 238
internal_count=22838 21314 1524 576 20738 20387 1407 898 338 509 351 117 238
is_linear=0
shrinkage=0.05


Tree=145
num_leaves=15
num_cat=0
split_feature=8 18 15 14 14 14 14 14 1 14 14 14 6 1
split_gain=0.000690421 0.00146857 0.00171087 0.000894343 0.00699926 0.00614233 0.00325324 0.00974404 0.00441102 0.00220705 0.00084808 0.00070352 0.000877147 0.000226813
threshold=7.5589899742001281 1.2405625645435256 9.2537807614334913 11.219999790191652 11.039999961853029 10.920000076293947 11.739999771118166 11.679999828338625 0.18936021624326235 11.179999828338625 11.899999618530275 10.460000038146974 0.40749758035371314 0.41769584951348043
decision_type=2 2 2 2 2 2 2 2 2 2 2 2 2 2
left_child=3 11 10 4 5 -1 7 -5 -8 -6 -3 13 -13 -2
right_child=1 2 -4 6 9 -7 8 -9 -10 -11 -12 12 -14 -15
leaf_value=1.5230155048925098e-05 2.8123536014924925e-05 0 -6.5668700691377243e-05 -6.0233516785946587e-06 0.0002814876360125095 -0.00018562441480538246 3.5843952920566683e-05 -0.0002648865699490794 -2.8395644965426103e-05 4.082407335327895e-05 0.0001634239827426393 0 -6.9485579708934153e-05 -4.1023918179357805e-05
leaf_weight=4999 401 50 71 2580 310 411 6480 451 4353 406 266 234 1679 147
leaf_count=4999 401 50 71 2580 310 411 6480 451 4353 406 266 234 1679 147
internal_value=0 -2.31918e-05 5.18722e-05 3.11273e-06 1.93947e-05 0 -3.00072e-06 -4.9563e-05 8.64593e-06 0.00016619 0.000125724 -4.11047e-05 -5.56081e-05 0
internal_weight=22838 2848 387 19990 6126 5410 13864 3031 10833 716 316 2461 1913 548
internal_count=22838 2848 387 19990 6126 5410 13864 3031 10833 716 316 2461 1913 548
is_linear=0
shrinkage=0.05


Tree=146
num_leaves=15
num_cat=0
split_feature=5 18 6 5 15 16 12 0 16 5 6 1 5 5
split_gain=0.00060553 0.00233643 0.00113193 0.00104751 0.00158163 0.00112112 0.000939937 0.00212964 0.00111799 0.00129444 0.00117268 0.000872298 0.000825556 0.000688751
threshold=3.5766719434842367 1.234778214372964 2.7503589026376223 5.6464827929910699 -1.5332373532927599 17.11085254679006 3.314342325988759 -0.032786381946881278 -7.1007378207475877 2.4933703337760869 1.129752317193315 -1.1568539991239535 3.9814614020414156 2.3647634772755892
decision_type=2 2 2 2 2 2 2 2 2 2 2 2 2 2
left_child=6 3 12 5 -5 -2 8 11 10 -10 -1 -8 -3 -9
right_child=1 2 -4 4 -6 -7 7 13 9 -11 -12 -13 -14 -15
leaf_value=0 -9.8962076662033769e-05 0 -0.00014658114431821399 0.0002268759546415014 -6.973792429027313e-05 0 -1.0337911399788868e-05 -2.6964890669108929e-05 2.4894356425722852e-07 -3.2419082123845941e-05 8.6840992193470086e-05 6.509414725112702e-05 6.7912453927638705e-05 1.5414490712890202e-05
leaf_weight=1454 1247 490 67 71 50 106 70 1718 7548 4265 614 2325 827 1986
leaf_count=1454 1247 490 67 71 50 106 70 1718 7548 4265 614 2325 827 1986
internal_value=0 -2.1696e-05 1.66975e-05 -6.79017e-05 0 -8.34073e-05 2.90004e-06 1.96641e-05 -3.38605e-06 -1.02777e-05 2.87169e-05 5.66256e-05 3.64898e-05 -1.95426e-07
internal_weight=22838 2858 1384 1474 121 1353 19980 6099 13881 11813 2068 2395 1317 3704
internal_count=22838 2858 1384 1474 121 1353 19980 6099 13881 11813 2068 2395 1317 3704
is_linear=0
shrinkage=0.05


Tree=147
num_leaves=10
num_cat=0
split_feature=14 14 14 14 14 20 19 3 20
split_gain=0.000644217 0.00192497 0.00177419 0.00269359 0.00139146 0.00124882 0.000845196 0.000773158 0.000174519
threshold=26.764999389648441 24.670000076293949 21.47500038146973 21.560000419616703 18.954999923706058 -0.61842125568226181 -2.072846940384935 -9.244649405495112 -0.19178136812371041
decision_type=2 2 2 2 2 2 2 2 2
left_child=1 2 4 -4 -1 -2 -3 -7 -8
right_child=5 6 3 -5 -6 7 8 -9 -10
leaf_value=0 0 0 -0.00030955025473984122 -1.3302494865445172e-05 8.6594632209173404e-05 -0.00029397863676044306 0 0 0.00017368380728795111
leaf_weight=20870 101 117 114 699 468 76 99 51 243
leaf_count=20870 101 117 114 699 468 76 99 51 243
internal_value=0 6.93755e-07 -7.38434e-07 -7.35995e-05 1.33803e-06 -8.35788e-05 0.00010227 -0.000192063 0.000142082
internal_weight=22838 22610 22151 813 21338 228 459 127 342
internal_count=22838 22610 22151 813 21338 228 459 127 342
is_linear=0
shrinkage=0.05


Tree=148
num_leaves=15
num_cat=0
split_feature=13 13 13 13 13 13 18 14 14 0 13 7 7 4
split_gain=0.000670648 0.00318806 0.00567679 0.00280407 0.00230366 0.00216897 0.0013451 0.000727137 0.00464509 0.00168012 0.00116742 0.000913691 0.000677588 0.000278979
threshold=0.64779913388313137 0.52555861591733211 0.53714975524669095 0.58543975638573065 0.49393563195667683 0.48761463514747089 1.038688203465256 19.029999732971195 18.679999351501468 1.4550770885035182 1.1133505751721564 49.675290347014517 45.475465580061318 1.7628073356553922
decision_type=2 2 2 2 2 2 2 2 2 2 2 2 2 2
left_child=1 4 13 -4 5 -1 -6 8 9 -2 12 -10 -9 -3
right_child=7 2 3 -5 6 -7 -8 10 11 -11 -12 -13 -14 -15
leaf_value=1.3753017246891444e-06 0 0 8.2782139103352621e-06 -0.0001466344053292923 0 -0.00015511568120341935 0.00030265722814656329 0.00020680623961827501 -0.0002548280511880955 8.1073787353492843e-05 0 0 0 -0.00035886301337793289
leaf_weight=17337 1672 62 1017 348 136 223 99 181 182 951 352 50 54 174
leaf_count=17337 1672 62 1017 348 136 223 99 181 182 951 352 50 54 174
internal_value=0 -3.79462e-06 -7.15932e-05 -2.03135e-05 1.46595e-06 0 0.000156733 2.01456e-05 3.91385e-06 2.79996e-05 7.34409e-05 -0.000202975 0.000160639 -0.000303562
internal_weight=22838 19396 1601 1365 17795 17560 235 3442 2855 2623 587 232 235 236
internal_count=22838 19396 1601 1365 17795 17560 235 3442 2855 2623 587 232 235 236
is_linear=0
shrinkage=0.05


Tree=149
num_leaves=15
num_cat=0
split_feature=8 18 9 3 12 20 14 2 9 20 14 6 14 5
split_gain=0.000618806 0.00135631 0.00141522 0.00131394 0.00110158 0.00186384 0.00206818 0.0012686 0.00132189 0.000984359 0.00090165 0.00087999 0.000668616 0.000610425
threshold=7.5589899742001281 0.48743350890028514 0.90809929585977522 1.8879292054919563 -2.4645674036932674 1.3281393001242445 11.219999790191652 -1.160972845305652 0.70748448341806702 -0.55975082770268847 9.7150001525878924 0.62839567442278821 14.355000019073488 3.8405482013584078
decision_type=2 2 2 2 2 2 2 2 2 2 2 2 2 2
left_child=4 2 10 11 5 6 -1 8 -6 -9 -2 -3 -5 -7
right_child=1 3 -4 12 7 13 -8 9 -10 -11 -12 -13 -14 -15
leaf_value=2.2506397776309518e-05 0 0 0 0 4.5898227101797105e-05 0 -3.404715053477864e-05 0.00010827253483668236 -8.4301353463580702e-05 -3.8863226460595388e-07 -9.1171376677680338e-05 0.00016888971669491517 -0.000131333472848373 0.00024867209610220461
leaf_weight=1988 120 95 693 415 3581 80 5357 209 129 8565 1225 204 96 81
leaf_count=1988 120 95 693 415 3581 80 5357 209 129 8565 1225 204 96 81
internal_value=0 -2.19443e-05 -4.6446e-05 2.11888e-05 2.95934e-06 -1.11491e-05 -1.66974e-05 1.26437e-05 3.73075e-05 5.0236e-07 -7.67885e-05 0.000110263 -1.74767e-06 0.000147921
internal_weight=22838 2848 2038 810 19990 7506 7345 12484 3710 8774 1345 299 511 161
internal_count=22838 2848 2038 810 19990 7506 7345 12484 3710 8774 1345 299 511 161
is_linear=0
shrinkage=0.05


Tree=150
num_leaves=15
num_cat=0
split_feature=13 13 14 13 14 13 13 14 13 17 13 13 1 1
split_gain=0.000630086 0.00366411 0.0035203 0.00300824 0.00480545 0.00258844 0.00712081 0.00248469 0.00223659 0.00199705 0.00133177 0.00133113 0.000819418 0.000500883
threshold=-0.34484582721632789 -0.29973634362466245 11.38000011444092 -0.36212995724053115 11.650000095367433 -0.29479932225512367 -0.27067507371424376 11.954999923706056 -0.66920619300663831 -1.0000000180025095e-35 -0.86877073142472272 -0.50203922587736527 -0.1958132784072151 0.56862655237759763
decision_type=2 2 2 2 2 2 2 2 2 2 2 2 2 2
left_child=2 7 8 4 -4 9 -7 13 10 -3 -1 -10 -5 -2
right_child=1 5 3 12 -6 6 -8 -9 11 -11 -12 -13 -14 -15
leaf_value=-6.215656593238813e-05 0.00024190618474350474 0 0.00019420211563329491 -0.00026149569117611774 0 0.00027456263053936254 0 0 -0.00019194591017000282 -0.00021127753841216281 0.00010303669294908854 -4.3671544130129425e-05 0 0
leaf_weight=226 291 93 352 122 4597 238 14768 247 465 251 230 797 106 55
leaf_count=226 291 93 352 122 4597 238 14768 247 465 251 230 797 106 55
internal_value=0 5.39001e-06 -1.26986e-05 5.2212e-06 1.62031e-05 0 3.78424e-06 0.000127284 -7.53954e-05 -0.000134662 0 -0.00011029 -0.000166681 0.000213623
internal_weight=22838 15943 6895 5177 4949 15350 15006 593 1718 344 456 1262 228 346
internal_count=22838 15943 6895 5177 4949 15350 15006 593 1718 344 456 1262 228 346
is_linear=0
shrinkage=0.05


Tree=151
num_leaves=13
num_cat=0
split_feature=13 13 13 13 21 14 13 13 14 7 8 3
split_gain=0.000620633 0.00371451 0.0036462 0.00239728 0.00207394 0.00199145 0.00183873 0.00471621 0.00182185 0.000821312 0.000419045 6.98955e-05
threshold=-1.2448797960925293 -0.95398890585195451 -1.2468774419040816 -1.0363005613350849 0.12245514988035738 12.184999942779543 -0.93968043077759511 -0.89704472932619062 13.284999847412111 36.889604398033306 1.5321120179988654 -0.60958605511833286
decision_type=2 2 2 2 2 2 2 2 2 2 2 2
left_child=2 3 4 11 10 -5 9 -8 -6 -3 -1 -2
right_child=1 6 -4 5 8 -7 7 -9 -10 -11 -12 -13
leaf_value=-0.00014353179537159735 3.2146451552622388e-05 0 0.00029909004370723375 0 -0.00011805841233866637 -0.0002975610658515665 -0.00022338970639870917 1.1119983017520075e-06 6.8094611497401125e-05 0.00018798075036682621 0 -2.4105478444619589e-05
leaf_weight=222 77 164 117 109 101 229 235 20152 1028 187 56 161
leaf_count=222 77 164 117 109 101 229 235 20152 1028 187 56 161
internal_value=0 -2.28633e-06 3.07306e-05 -0.000127589 0 -0.000213042 4.76676e-07 -7.50925e-07 3.80773e-05 0.000114192 -0.000112745 0
internal_weight=22838 21314 1524 576 1407 338 20738 20387 1129 351 278 238
internal_count=22838 21314 1524 576 1407 338 20738 20387 1129 351 278 238
is_linear=0
shrinkage=0.05


Tree=152
num_leaves=12
num_cat=0
split_feature=10 13 14 14 13 14 14 13 6 3 3
split_gain=0.000627366 0.00072777 0.00230334 0.00376407 0.00222165 0.00421636 0.00184474 0.00180711 0.000641536 2.15949e-07 1.42114e-05
threshold=70.731206504103213 -0.3973374346368907 11.38000011444092 12.175000190734863 -0.24290162539588597 11.739999771118166 9.7800002098083514 -0.66920619300663831 0.98983689064275759 -11.908600966266118 18.808526227122218
decision_type=2 2 2 2 2 2 2 2 2 2 2
left_child=1 2 7 -4 5 -3 -6 -1 9 -2 -11
right_child=8 4 3 -5 6 -7 -8 -9 -10 10 -12
leaf_value=0 0 0 6.2663457026425947e-05 -3.313120744248177e-05 5.9868912858068728e-05 0.00012393525946629652 -9.3845680764788376e-06 -0.00011436202648819009 0.00014367353952749048 1.4275020307162124e-05 0
leaf_weight=443 60 1435 1575 2934 1009 1049 13036 912 151 176 58
leaf_count=443 60 1435 1575 2934 1009 1049 13036 912 151 176 58
internal_value=0 -1.24407e-06 -1.68475e-05 0 3.38479e-06 4.74164e-05 -3.33753e-06 -7.39881e-05 5.86423e-05 0 1.51569e-06
internal_weight=22838 22393 5864 4509 16529 2484 14045 1355 445 294 234
internal_count=22838 22393 5864 4509 16529 2484 14045 1355 445 294 234
is_linear=0
shrinkage=0.05


Tree=153
num_leaves=12
num_cat=0
split_feature=13 13 13 16 5 13 13 1 2 16 7
split_gain=0.000601377 0.00329864 0.00329651 0.00227802 0.00167034 0.00163617 0.00422688 0.00161382 0.00180765 0.00115431 0.000710886
threshold=-1.2448797960925293 -0.95398890585195451 -1.2468774419040816 -8.1858105585412506 2.0452088395564298 -0.93968043077759511 -0.89704472932619062 -0.46952013107126028 -1.8168143949527147 2.3663520787747196 36.889604398033306
decision_type=2 2 2 2 2 2 2 2 2 2 2
left_child=2 3 7 -2 -5 10 -7 9 -9 -1 -3
right_child=1 5 -4 4 -6 6 -8 8 -10 -11 -12
leaf_value=0 2.2067403587491515e-05 0 0.00028581583951301458 0 -0.00020665864205349495 -0.0002115463718789631 9.4670713748400927e-07 -0.00013081124660180361 0 0.00013481510844219933 0.00017651667594672038
leaf_weight=459 54 164 117 97 425 235 20152 351 300 297 187
leaf_count=459 54 164 117 97 425 235 20152 351 300 297 187
internal_value=0 -2.22171e-06 3.02799e-05 -0.000120293 -0.000163715 3.40091e-07 -7.7722e-07 0 -4.80309e-05 5.7816e-05 0.000107668
internal_weight=22838 21314 1524 576 522 20738 20387 1407 651 756 351
internal_count=22838 21314 1524 576 522 20738 20387 1407 651 756 351
is_linear=0
shrinkage=0.05


Tree=154
num_leaves=15
num_cat=0
split_feature=2 0 0 15 2 12 9 10 14 15 10 1 14 3
split_gain=0.000576352 0.00114494 0.00142993 0.000932921 0.000922228 0.0019462 0.00141465 0.000824301 0.00105335 0.000779235 0.000563041 0.000276583 0.00139831 0.000464596
threshold=-5.5710253133461336 -1.7311525226243616 -5.2283019911338773 -2.5608999229109135 -1.572433032119319 -2.539625387348186 0.33123457492249869 45.630187606514575 11.204999923706056 -7.3027270156289452 52.755644700012404 0.31839326829800968 13.525000095367433 -5.832973645963107
decision_type=2 2 2 2 2 2 2 2 2 2 2 2 2 2
left_child=1 2 -1 7 5 -5 -6 8 -2 -4 -9 13 -13 -3
right_child=3 11 9 4 6 -7 -8 10 -10 -11 -12 12 -14 -15
leaf_value=-6.39852301580558e-06 0 0 0 -3.7967948687082883e-06 -3.5891870608516342e-05 6.4205793219575093e-05 3.0687065477015907e-06 7.150903077501056e-05 -6.3552869960694484e-05 0.00013572234658252208 -5.3164430663187806e-06 -0.00015374717456655739 0 7.9933165527832633e-05
leaf_weight=101 607 317 167 1806 2779 1702 11948 275 1751 527 345 175 153 185
leaf_count=101 607 317 167 1806 2779 1702 11948 275 1751 527 345 175 153 185
internal_value=0 2.87604e-05 7.27019e-05 -2.12635e-06 1.33638e-06 2.49307e-05 -3.26666e-06 -2.83581e-05 -4.33979e-05 0.000105789 4.66506e-06 0 -4.49429e-05 7.31592e-06
internal_weight=22838 1625 795 21213 18235 3508 14727 2978 2358 694 620 830 328 502
internal_count=22838 1625 795 21213 18235 3508 14727 2978 2358 694 620 830 328 502
is_linear=0
shrinkage=0.05


Tree=155
num_leaves=15
num_cat=0
split_feature=13 13 13 1 13 13 18 1 12 15 3 5 18 15
split_gain=0.000601212 0.00288603 0.00513135 0.00306423 0.00214396 0.00194679 0.00115261 0.00093518 0.00122808 0.000824794 0.00128393 0.000776169 0.000482949 0.000476432
threshold=0.64779913388313137 0.52555861591733211 0.53714975524669095 0.59832934100269441 0.49393563195667683 0.48761463514747089 1.038688203465256 0.23157059086770754 1.0339346370256994 2.1267779745544453 0.28995184246369826 2.2031988749776041 1.9107575291485668 8.7162477917075449
decision_type=2 2 2 2 2 2 2 2 2 2 2 2 2 2
left_child=1 4 11 -4 5 -1 -6 8 12 10 -9 -3 -2 -11
right_child=7 2 3 -5 6 -7 -8 9 -10 13 -12 -13 -14 -15
leaf_value=1.4921029441969751e-06 0.00010038314549157284 0 -5.69278054431887e-05 0.00015580346725968752 0 -0.00014681685208610621 0.00028788357257290045 0 0 7.1008822472366575e-05 -9.5568001148044337e-05 -0.00036473702113151241 0 0
leaf_weight=17337 783 74 1190 175 136 223 99 987 632 491 435 162 55 59
leaf_count=17337 783 74 1190 175 136 223 99 987 632 491 435 162 55 59
internal_value=0 -3.35531e-06 -6.79059e-05 -1.85795e-05 1.61285e-06 0 0.000151352 1.93164e-05 4.96254e-05 0 -2.32962e-05 -0.000288631 8.93148e-05 4.83804e-05
internal_weight=22838 19396 1601 1365 17795 17560 235 3442 1470 1972 1422 236 838 550
internal_count=22838 19396 1601 1365 17795 17560 235 3442 1470 1972 1422 236 838 550
is_linear=0
shrinkage=0.05


Tree=156
num_leaves=11
num_cat=0
split_feature=14 13 13 14 14 13 13 13 12 21
split_gain=0.000579507 0.00181502 0.00294022 0.00293239 0.00303783 0.00219501 0.00146298 0.00114137 0.000933608 0.000102854
threshold=26.764999389648441 -1.2448797960925293 -0.95398890585195451 12.769999980926515 13.769999980926515 -1.0363005613350849 -0.93968043077759511 -2.1295115427365112 -7.1150457549877482 0.15483359860964968
decision_type=2 2 2 2 2 2 2 2 2 2
left_child=1 3 5 -1 -5 -3 -4 9 -9 -2
right_child=7 2 6 4 -6 -7 -8 8 -10 -11
leaf_value=-0.00013092423687460024 0 0 0.00010189485934678156 0.00021908066003645851 1.7069589102858426e-05 -0.00019518007019635883 -5.7666206314651028e-07 -0.00032673395627963122 0 6.965337784626997e-05
leaf_weight=120 64 238 351 355 821 338 20387 61 51 52
leaf_count=120 64 238 351 355 821 338 20387 61 51 52
internal_value=0 8.7702e-07 -1.94003e-06 5.87372e-05 9.09294e-05 -0.000113452 4.39269e-07 -7.90604e-05 -0.000194727 0
internal_weight=22838 22610 21314 1296 1176 576 20738 228 112 116
internal_count=22838 22610 21314 1296 1176 576 20738 228 112 116
is_linear=0
shrinkage=0.05


Tree=157
num_leaves=15
num_cat=0
split_feature=5 18 4 4 1 5 18 8 1 0 6 12 0 8
split_gain=0.000572031 0.00251428 0.00212014 0.00148342 0.0017456 0.00143363 0.00140152 0.00111691 0.00148716 0.00108976 0.00153424 0.00129739 0.000841098 0.000751278
threshold=3.6285126932233207 1.2165270556687946 3.29805081535461 3.1106996900024977 -1.1568539991239535 5.6464827929910699 1.2116180121924374 -6.1363115212563626 -0.36060513754137802 -2.3797214083776788 1.7136893735448784 -5.2621909335674761 -3.5197789864954454 0.91107849365506877
decision_type=2 2 2 2 2 2 2 2 2 2 2 2 2 2
left_child=3 2 -2 4 6 -4 -1 8 -3 10 -5 -11 -6 -9
right_child=1 7 5 9 12 -7 -8 13 -10 11 -12 -13 -14 -15
leaf_value=-0.00018106293789760903 0 0.00019463208420584914 -0.00015414962463204402 0.00020296433318103604 0.00010785204933199567 0 0 -4.6129048857155265e-05 0 -3.0298096494644103e-05 0 3.6520684865801619e-05 -1.4319245715495555e-06 4.5568496363294374e-05
leaf_weight=243 580 183 671 221 177 98 167 585 258 748 95 2788 15721 303
leaf_count=243 580 183 671 221 177 98 167 585 258 748 95 2788 15721 303
internal_value=0 -2.16703e-05 -7.24375e-05 2.92098e-06 -2.83887e-06 -0.00012682 -0.000104584 1.85984e-05 8.57799e-05 3.11936e-05 0.00012942 1.81405e-05 0 0
internal_weight=22838 2678 1349 20160 16308 769 410 1329 441 3852 316 3536 15898 888
internal_count=22838 2678 1349 20160 16308 769 410 1329 441 3852 316 3536 15898 888
is_linear=0
shrinkage=0.05


Tree=158
num_leaves=13
num_cat=0
split_feature=19 19 4 16 21 16 12 1 7 0 21 21
split_gain=0.000590355 0.00131241 0.00113093 0.00199004 0.00106232 0.00100799 0.000765579 0.000533163 0.000272417 0.000130363 7.02871e-05 3.98118e-05
threshold=-2.0308634955439664 -0.93695588192469637 7.65351235667843 7.2341158452657153 0.11608728755175936 -9.9960599603620235 -11.707550582479501 -0.53279833954869671 62.573024431761304 1.4550770885035182 0.085304558623965618 0.18062846700423538
decision_type=2 2 2 2 2 2 2 2 2 2 2 2
left_child=6 4 5 -4 10 -3 11 -8 -6 -9 -2 -1
right_child=1 2 3 -5 8 -7 7 9 -10 -11 -12 -13
leaf_value=0 0 -4.9049049657114667e-05 0 -0.00038417307336272168 8.602126279297653e-05 2.3845047839095769e-06 0 -0.00016648175916264671 0 0 -4.2129884641326504e-05 4.0066357121817902e-05
leaf_weight=64 86 999 78 52 895 20076 101 180 97 51 98 61
leaf_count=64 86 999 78 52 895 20076 101 180 97 51 98 61
internal_value=0 1.19609e-06 -9.66134e-07 -0.000147424 5.28961e-05 0 -5.61476e-05 -0.000100417 7.74015e-05 -0.000142192 0 0
internal_weight=22838 22381 21205 130 1176 21075 457 332 992 231 184 125
internal_count=22838 22381 21205 130 1176 21075 457 332 992 231 184 125
is_linear=0
shrinkage=0.05


Tree=159
num_leaves=11
num_cat=0
split_feature=10 13 13 14 13 14 14 6 11 11
split_gain=0.000588888 0.000705204 0.00287297 0.00211984 0.00170996 0.0035164 0.0033937 0.000567563 2.12139e-06 0.000106653
threshold=70.731206504103213 -0.42021305351745969 -0.43357954555437445 10.920000076293947 0.015546919509756842 11.739999771118166 10.860000133514406 0.98983689064275759 -4.1200011353402415 7.220326533162881
decision_type=2 2 2 2 2 2 2 2 2 2
left_child=1 2 3 -1 5 -3 -6 8 -2 -10
right_child=7 4 -4 -5 6 -7 -8 -9 9 -11
leaf_value=-9.1934459269905775e-05 0 -9.0227039575556387e-07 -0.00026747780328150838 0 3.5165427635685678e-05 7.6476952692345807e-05 -2.515887347828931e-05 0.00013721935854607039 4.0353014352846438e-05 0
leaf_weight=677 75 3434 116 4728 3146 2168 8124 151 166 53
leaf_count=677 75 3434 116 4728 3146 2168 8124 151 166 53
internal_value=0 -1.13987e-06 -1.71234e-05 -8.92717e-06 3.2021e-06 2.6375e-05 -6.98698e-06 5.68833e-05 0 4.90986e-06
internal_weight=22838 22393 5521 5405 16872 5602 11270 445 294 219
internal_count=22838 22393 5521 5405 16872 5602 11270 445 294 219
is_linear=0
shrinkage=0.05


Tree=160
num_leaves=15
num_cat=0
split_feature=12 0 12 16 8 4 14 10 4 16 8 11 12 20
split_gain=0.000547358 0.0020984 0.00198501 0.00153207 0.00121858 0.00126471 0.00117792 0.000970668 0.000754536 0.000673342 0.000337575 0.00174454 0.000819077 3.30237e-06
threshold=-9.2347614267499871 0.86101579454698596 -5.3585950419976998 -6.9009662953651567 6.961100412302426 2.2829814594056272 10.84500026702881 15.239741448557579 3.57711184697955 -9.9960599603620235 -14.758454303354196 -8.4387815672709419 -10.959467813415449 0.38954199843603926
decision_type=2 2 2 2 2 2 2 2 2 2 2 2 2 2
left_child=1 10 3 9 5 -4 -5 -6 13 -2 11 -1 -12 -3
right_child=2 8 4 6 7 -7 -8 -9 -10 -11 12 -13 -14 -15
leaf_value=0.00014992141345464294 -4.9281220266719514e-05 8.7030084110548721e-06 -1.9515646457788786e-06 0 7.5361378704964034e-05 2.5480849306300747e-05 -8.8024630255532669e-05 -3.7571018594920949e-05 0.00020280294798084798 3.7800272704196488e-05 -5.5012115602152438e-05 -1.9526316198557845e-05 1.9714815429738972e-05 0
leaf_weight=218 305 108 8699 352 126 6805 1507 2567 203 657 700 145 394 52
leaf_count=218 305 108 8699 352 126 6805 1507 2567 203 657 700 145 394 52
internal_value=0 2.62835e-05 -2.29189e-06 -4.17101e-05 2.99662e-06 9.12248e-06 -6.85475e-05 -2.66932e-05 0.000133672 0 0 4.11592e-05 -1.44074e-05 0
internal_weight=22838 1820 21018 2821 18197 15504 1859 2693 363 962 1457 363 1094 160
internal_count=22838 1820 21018 2821 18197 15504 1859 2693 363 962 1457 363 1094 160
is_linear=0
shrinkage=0.05


Tree=161
num_leaves=11
num_cat=0
split_feature=10 9 9 10 17 6 21 1 21 4
split_gain=0.00052784 0.0006745 0.000779575 0.00175146 0.000835575 0.000509972 0.000422576 0.000483472 0.000101808 1.98296e-07
threshold=70.731206504103213 0.038358356195065495 0.33906226253677701 15.239741448557579 -1.0000000180025095e-35 0.98983689064275759 0.17664222373873248 -0.63473258205396543 0.23859016967795693 1.7203368285571161
decision_type=2 2 2 2 2 2 2 2 2 2
left_child=1 6 4 -4 -3 9 7 -1 -8 -2
right_child=5 2 3 -5 -6 -7 8 -9 -10 -11
leaf_value=0 2.5050347516920396e-06 -5.5055570361684708e-05 6.3993776006268245e-05 -2.3965127539447694e-06 -6.4114697562406441e-06 0.00013001477545290791 -3.5944110903415676e-05 5.449990940558415e-05 0 0
leaf_weight=238 78 1368 1060 12539 5581 151 196 1210 201 216
leaf_count=238 78 1368 1060 12539 5581 151 196 1210 201 216
internal_value=0 -1.05969e-06 -4.29777e-06 1.67979e-06 -1.81525e-05 5.38736e-05 2.68603e-05 4.05984e-05 0 0
internal_weight=22838 22393 20548 13599 6949 445 1845 1448 397 294
internal_count=22838 22393 20548 13599 6949 445 1845 1448 397 294
is_linear=0
shrinkage=0.05


Tree=162
num_leaves=12
num_cat=0
split_feature=15 4 16 2 10 6 9 6 4 12 11
split_gain=0.000535119 0.00187103 0.0020415 0.00160855 0.000906297 0.000686894 0.000643199 0.000412056 0.000239333 0.000418268 9.36273e-05
threshold=8.7162477917075449 5.2039420849120406 12.630680222272028 8.2222933002996559 70.731206504103213 0.98983689064275759 0.038358356195065495 0.74693332845832883 3.4216109834113086 15.236144266819622 8.205191520747114
decision_type=2 2 2 2 2 2 2 2 2 2 2
left_child=3 8 -3 4 6 -6 -1 -5 9 -2 -10
right_child=1 2 -4 7 5 -7 -8 -9 10 -11 -12
leaf_value=2.5264925249539888e-05 -9.1458632939503778e-05 0 -0.00039527017899467545 0 0 0.00016789437772301996 -4.986471611109568e-06 0.00017082775408156544 0 0 9.9922505626454954e-05
leaf_weight=1845 134 62 70 64 289 138 19884 173 50 55 74
leaf_count=1845 134 62 70 64 289 138 19884 173 50 55 74
internal_value=0 -5.42296e-05 -0.000212206 1.08121e-06 0 7.17109e-05 -1.7265e-06 0.000130409 0 -2.09715e-05 6.41729e-05
internal_weight=22838 445 132 22393 22156 427 21729 237 313 189 124
internal_count=22838 445 132 22393 22156 427 21729 237 313 189 124
is_linear=0
shrinkage=0.05


Tree=163
num_leaves=15
num_cat=0
split_feature=13 1 13 13 13 14 13 18 13 14 12 12 4 11
split_gain=0.00057614 0.00144821 0.00140546 0.00571641 0.00201198 0.00168385 0.00153601 0.000982392 0.000655501 0.00140223 0.000549844 0.000480453 0.00068107 0.000237903
threshold=0.73574375614918763 -1.0000000180025095e-35 0.52555861591733211 0.53714975524669095 0.49393563195667683 11.219999790191652 0.54635359327875899 1.038688203465256 0.73648888134474355 13.694999694824221 -5.4479538440383557 7.4189637057411337 3.8193057262932855 0.47783840678994266
decision_type=2 2 2 2 2 2 2 2 2 2 2 2 2 2
left_child=2 11 4 13 5 -1 -5 -6 10 -10 -3 12 -2 -4
right_child=1 8 3 6 7 -7 -8 -9 9 -11 -12 -13 -14 -15
leaf_value=2.283682784195726e-05 3.1839423112784106e-05 0.00022553538853772208 -0.00033500846510278498 8.1000371374089091e-05 0 -1.0773655733760619e-05 -2.9776298920422341e-05 0.00027426341072132345 2.3539579269050465e-05 -6.0947172917196706e-05 0 0 0.00029635251866249527 0
leaf_weight=5354 343 58 163 337 136 12206 1951 99 1159 773 51 51 84 73
leaf_count=5354 343 58 163 337 136 12206 1951 99 1159 773 51 51 84 73
internal_value=0 2.26211e-05 -2.72449e-06 -3.79074e-05 1.42473e-06 0 -6.87864e-06 0.000146514 0 -2.51795e-06 0.000121599 0.000101245 0.000119492 -0.000274139
internal_weight=22838 2519 20319 2524 17795 17560 2288 235 2041 1932 109 478 427 236
internal_count=22838 2519 20319 2524 17795 17560 2288 235 2041 1932 109 478 427 236
is_linear=0
shrinkage=0.05


Tree=164
num_leaves=15
num_cat=0
split_feature=10 12 6 6 6 6 2 10 7 15 10 10 15 6
split_gain=0.000518575 0.000813817 0.00160549 0.00138355 0.0015888 0.00103114 0.000812274 0.00143458 0.000738798 0.000559533 0.000879192 0.000681128 0.000489811 0.000470935
threshold=46.513882467118513 -5.3585950419976998 1.1510058648192076 1.3418272244237002 1.9799542868872109 0.57964606165489896 -3.6829988076187976 52.755644700012404 69.934209356039375 2.4936845097142286 72.382421981977842 63.995436496475989 -1.3760534406563882 0.57964606165489896
decision_type=2 2 2 2 2 2 2 2 2 2 2 2 2 2
left_child=1 2 5 8 -5 -1 7 13 -3 10 -8 -11 -4 -2
right_child=6 3 12 4 -6 -7 9 -9 -10 11 -12 -13 -14 -15
leaf_value=0 0 1.3304102629186906e-05 0 -6.2402666312004598e-05 4.1374368095841101e-06 -7.8805650728397641e-05 -1.8451628046996113e-05 0 -2.2904892299655371e-05 6.2839169622368207e-05 8.1766253905135242e-05 0 7.6654520961522499e-05 0.00017819550536904742
leaf_weight=538 51 11134 806 1688 1115 1404 2585 466 1354 765 209 246 231 246
leaf_count=538 51 11134 806 1688 1115 1404 2585 466 1354 765 209 246 231 246
internal_value=0 -3.61066e-06 -2.76157e-05 8.66028e-08 -3.05923e-05 -5.62495e-05 1.52188e-05 6.34869e-05 8.1756e-06 1.58457e-06 -5.56172e-06 3.61422e-05 1.15589e-05 0.000149561
internal_weight=22838 18270 2979 15291 2803 1942 4568 763 12488 3805 2794 1011 1037 297
internal_count=22838 18270 2979 15291 2803 1942 4568 763 12488 3805 2794 1011 1037 297
is_linear=0
shrinkage=0.05


Tree=165
num_leaves=14
num_cat=0
split_feature=13 13 13 4 13 2 1 21 12 5 21 4 4
split_gain=0.000572179 0.00252238 0.00499337 0.00105393 0.00205333 0.000969793 0.000766781 0.00134558 0.00111555 0.000916532 0.000744648 0.000299466 1.23333e-05
threshold=0.64779913388313137 0.58543975638573065 0.59102062739697658 5.2039420849120406 -0.29718837871138265 -5.4580021531550544 0.23157059086770754 0.27020071789362288 1.0339346370256994 3.2745585859694737 0.25246869915673148 3.1106996900024977 2.6905027591985253
decision_type=2 2 2 2 2 2 2 2 2 2 2 2 2
left_child=1 3 -3 5 -5 -1 8 9 10 -8 -2 -9 -10
right_child=6 2 -4 4 -6 -7 7 11 12 -11 -12 -13 -14
leaf_value=4.3687252116823739e-05 0.00010055656841220435 -0.00041539761923195333 0 -0.00014890585707208871 0 -6.2951744306143724e-07 0 0 -8.2604455544051354e-06 -6.8898975365218459e-05 0 0.00015040888582736869 3.7369762336851561e-06
leaf_weight=1293 771 109 239 347 408 17000 1179 56 404 576 67 161 228
leaf_count=1293 771 109 239 347 408 17000 1179 56 404 576 67 161 228
internal_value=0 -3.14379e-06 -0.000136447 0 -5.84508e-05 1.68519e-06 1.8968e-05 0 4.63171e-05 -1.59678e-05 8.41741e-05 0.00011566 0
internal_weight=22838 19396 348 19048 755 18293 3442 1972 1470 1755 838 217 632
internal_count=22838 19396 348 19048 755 18293 3442 1972 1470 1755 838 217 632
is_linear=0
shrinkage=0.05


Tree=166
num_leaves=13
num_cat=0
split_feature=4 5 16 4 20 4 1 0 21 21 0 5
split_gain=0.000487231 0.000676497 0.00199661 0.00318745 0.0018786 0.00102725 0.00166414 0.000963698 0.000411541 0.000334001 0.000186301 0.000241942
threshold=1.2297571949862787 3.6285126932233207 8.4257660532662673 5.8271622751580532 0.60607920438176055 3.1106996900024977 -0.38789706417887232 -2.3797214083776788 0.098354568973469683 0.21169594965875824 1.4816305722693353 2.5492637980630204
decision_type=2 2 2 2 2 2 2 2 2 2 2 2
left_child=8 5 4 -4 -3 6 -2 -7 10 -10 11 -1
right_child=1 2 3 -5 -6 7 -8 -9 9 -11 -12 -13
leaf_value=-4.9667532329043812e-05 -4.4820052962018656e-05 -1.8675794620129343e-05 -7.8684668186797793e-06 -0.00036005827837774025 0.00010930693034277928 0.00012205544853845922 6.5594339913583538e-06 1.6697279778655334e-05 8.7524643131264984e-05 0 0 0
leaf_weight=1300 1796 1783 434 107 340 316 12793 3536 108 69 148 108
leaf_count=1300 1796 1783 434 107 340 316 12793 3536 108 69 148 108
internal_value=0 2.26365e-06 -2.00199e-05 -0.000105736 0 6.29702e-06 0 2.92629e-05 -2.53001e-05 0 -3.70629e-05 -4.29942e-05
internal_weight=22838 21105 2664 541 2123 18441 14589 3852 1733 177 1556 1408
internal_count=22838 21105 2664 541 2123 18441 14589 3852 1733 177 1556 1408
is_linear=0
shrinkage=0.05


Tree=167
num_leaves=15
num_cat=0
split_feature=14 14 14 14 0 14 14 14 14 5 14 11 19 1
split_gain=0.000532992 0.0067437 0.0091724 0.00309911 0.00509352 0.00213345 0.00203342 0.00438141 0.00257997 0.00182228 0.00201122 0.00175292 0.000856815 0.000379724
threshold=11.844999790191652 11.679999828338625 11.719999790191652 12.065000057220461 -0.25317804921295206 11.82499980926514 12.22499990463257 12.244999885559084 12.210000038146974 3.600920309051078 11.38000011444092 2.7849399617660562 -0.26042018224648528 0.016508180033524705
decision_type=2 2 2 2 2 2 2 2 2 2 2 2 2 2
left_child=1 9 -3 4 11 -4 8 -8 -5 10 -1 -2 -11 -6
right_child=3 2 5 6 13 -7 7 -9 -10 12 -12 -13 -14 -15
leaf_value=4.2420134633409892e-07 0.00019978294098729071 -0.00040902205436888698 -5.8569447888627539e-06 -1.5578522779243061e-05 2.9724677262206375e-05 -0.00024935528165513903 0.00021814524592095246 0 -0.00021576900186056296 0 6.7942006808591134e-05 0 -0.00013139564383629214 -3.4512990677036348e-05
leaf_weight=8249 639 226 1132 1355 367 118 238 7913 231 63 1368 84 332 523
leaf_count=8249 639 226 1132 1355 367 118 238 7913 231 63 1368 84 332 523
internal_value=0 -7.43664e-06 -0.000107757 7.83664e-06 7.22636e-05 -4.10145e-05 -1.30209e-06 7.17653e-06 -5.43055e-05 5.86415e-06 1.15941e-05 0.000170966 -9.54408e-05 0
internal_weight=22838 11488 1476 11350 1613 1250 9737 8151 1586 10012 9617 723 395 890
internal_count=22838 11488 1476 11350 1613 1250 9737 8151 1586 10012 9617 723 395 890
is_linear=0
shrinkage=0.05


Tree=168
num_leaves=14
num_cat=0
split_feature=19 14 19 14 21 9 4 3 15 2 9 0 4
split_gain=0.000503034 0.00140498 0.00123363 0.00128443 0.00163686 0.000962704 0.000857405 0.00204429 0.000869896 0.000199973 0.000115865 0.000119061 1.10079e-05
threshold=-2.0308634955439664 13.769999980926515 -0.93695588192469637 11.899999618530275 0.11608728755175936 0.080087067879951832 7.65351235667843 6.3700766750593223 4.8654239304321285 -4.1657706567818575 0.16893778544842489 -1.3622519376465043 2.8755999969548656
decision_type=2 2 2 2 2 2 2 2 2 2 2 2 2
left_child=1 10 3 9 -5 -3 8 -8 -4 -2 -1 -12 -7
right_child=2 5 6 4 -6 12 7 -9 -10 -11 11 -13 -14
leaf_value=0 0 0 -3.1943356136962699e-06 0 0.00011048761418949642 0 0 -0.00037041679635876792 3.3473896237209409e-05 -6.9768887554346303e-05 0.00010627550365685381 0 -0.00024151059366479645
leaf_weight=58 51 106 19311 162 844 51 78 52 1764 119 51 69 122
leaf_count=58 51 106 19311 162 844 51 78 52 1764 119 51 69 122
internal_value=0 -5.17707e-05 1.15872e-06 5.12902e-05 7.86126e-05 -0.00013011 -9.16446e-07 -0.000128447 0 -2.21889e-05 0 4.89275e-05 -0.000202665
internal_weight=22838 457 22381 1176 1006 279 21205 130 21075 170 178 120 173
internal_count=22838 457 22381 1176 1006 279 21205 130 21075 170 178 120 173
is_linear=0
shrinkage=0.05


Tree=169
num_leaves=15
num_cat=0
split_feature=10 12 9 0 10 3 3 0 3 0 9 8 15 7
split_gain=0.000493484 0.00122949 0.000971767 0.000896625 0.000892876 0.0010574 0.000854638 0.00082954 0.0018523 0.000723058 0.000700511 0.00044034 0.000249948 0.000149348
threshold=26.994454605196712 -2.5980191055162778 1.0824888602906417 0.41145109614373215 15.861101466906232 -2.3126596998180147 -0.33371006229903072 -1.6327121641210269 -9.244649405495112 0.96343162083731826 -0.0086342561989159964 1.164255331557837 9.2537807614334913 38.696493227904845
decision_type=2 2 2 2 2 2 2 2 2 2 2 2 2 2
left_child=1 3 7 10 6 -6 -3 8 -2 -9 -1 -4 -13 -5
right_child=2 4 11 13 5 -7 -8 9 -10 -11 -12 12 -14 -15
leaf_value=0 -1.4126565457471758e-05 0 0 -5.3012669261975874e-06 3.9672383570024222e-05 -2.0524573102568764e-05 6.6343907084057699e-05 -4.4289945155979036e-06 7.0704584847595435e-05 2.2790896188986293e-05 -7.5123056912369815e-05 0 -0.00021327964946424259 3.3020047376015937e-05
leaf_weight=443 689 593 52 210 769 4166 918 8294 1512 3249 1385 144 78 336
leaf_count=443 689 593 52 210 769 4166 918 8294 1512 3249 1385 144 78 336
internal_value=0 -9.2533e-06 5.84183e-06 -4.01524e-05 0 -8.0993e-06 3.5527e-05 8.69848e-06 3.73427e-05 1.9345e-06 -5.76114e-05 -8.24147e-05 -0.00011538 0
internal_weight=22838 8820 14018 2374 6446 4935 1511 13744 2201 11543 1828 274 222 546
internal_count=22838 8820 14018 2374 6446 4935 1511 13744 2201 11543 1828 274 222 546
is_linear=0
shrinkage=0.05


Tree=170
num_leaves=13
num_cat=0
split_feature=13 13 13 13 13 2 21 5 4 4 13 12
split_gain=0.000535282 0.00291047 0.00219924 0.0058731 0.00213722 0.00176519 0.00131187 0.00120744 0.00105992 0.00101392 0.000919293 0.000324074
threshold=-0.34484582721632789 -0.29973634362466245 -0.29479932225512367 -0.27067507371424376 -0.36212995724053115 1.484729686677422 0.097206202627095242 1.9109770025661426 1.2550700576744869 1.9664200414926036 -0.42021305351745969 4.2320279045092652
decision_type=2 2 2 2 2 2 2 2 2 2 2 2
left_child=4 5 6 -4 8 7 -3 -2 11 -6 -10 -1
right_child=1 2 3 -5 9 -7 -8 -9 10 -11 -12 -13
leaf_value=-9.1218338189254046e-05 0 -0.0001886691497288685 0.0002495341774807594 0 0 0 0 0.00018654811307909215 -6.3937715933219744e-06 -0.00026491882773825636 4.7933923370575032e-05 0
leaf_weight=429 81 240 238 14768 105 79 104 433 5240 123 906 92
leaf_count=429 81 240 238 14768 105 79 104 433 5240 123 906 92
internal_value=0 4.98084e-06 0 3.64268e-06 -1.16917e-05 0.000113646 -0.000123933 0.000153184 -4.20572e-06 -0.000164114 0 -7.28163e-05
internal_weight=22838 15943 15350 15006 6895 593 344 514 6667 228 6146 521
internal_count=22838 15943 15350 15006 6895 593 344 514 6667 228 6146 521
is_linear=0
shrinkage=0.05


Tree=171
num_leaves=15
num_cat=0
split_feature=12 12 16 14 14 6 6 12 14 14 6 15 1 16
split_gain=0.000483611 0.00172171 0.00134738 0.00110801 0.00264517 0.00231819 0.00109688 0.00109004 0.00106787 0.000794467 0.000771862 0.000770946 0.000763329 0.000606106
threshold=-9.2347614267499871 -5.3585950419976998 -6.9009662953651567 13.230000019073488 13.055000305175783 0.96843770554860298 1.115052810698159 -10.959467813415449 10.84500026702881 26.764999389648441 0.83705494786629442 -7.3027270156289452 1.20626940505647 -9.9960599603620235
decision_type=2 2 2 2 2 2 2 2 2 2 2 2 2 2
left_child=6 2 13 4 -3 -5 7 12 -4 11 -9 -8 -1 -2
right_child=1 3 8 5 -6 -7 9 10 -10 -11 -12 -13 -14 -15
leaf_value=-7.759279946669426e-05 -4.6703774579049829e-05 0 0 6.7715891501518601e-05 -0.00026259887020551475 -9.8622389663157717e-06 0 0.00010838360053419435 -8.2753746873986633e-05 0 0 0.0001201857857362487 0 3.5895107471955171e-05
leaf_weight=574 305 14827 352 1847 96 1427 159 263 1507 82 138 536 68 657
leaf_count=574 305 14827 352 1847 96 1427 159 263 1507 82 138 536 68 657
internal_value=0 -2.26666e-06 -3.89849e-05 2.60316e-06 -2.25699e-06 2.933e-05 2.45893e-05 0 -6.41629e-05 7.02843e-05 5.39844e-05 9.15181e-05 -4.91538e-05 0
internal_weight=22838 21018 2821 18197 14923 3274 1820 1043 1859 777 401 695 642 962
internal_count=22838 21018 2821 18197 14923 3274 1820 1043 1859 777 401 695 642 962
is_linear=0
shrinkage=0.05


Tree=172
num_leaves=15
num_cat=0
split_feature=14 14 14 14 14 14 14 1 14 14 10 0 15 10
split_gain=0.000478569 0.00755435 0.00602187 0.00265769 0.00363436 0.00787624 0.00409903 0.00282659 0.00407754 0.00110717 0.00105003 0.000885689 0.00081905 0.000543361
threshold=11.219999790191652 11.039999961853029 10.920000076293947 11.844999790191652 11.679999828338625 11.719999790191652 11.38000011444092 0.15864618990901277 12.175000190734863 11.179999828338625 45.630187606514575 -0.42938277767989247 1.194173079233807 17.824750504930616
decision_type=2 2 2 2 2 2 2 2 2 2 2 2 2 2
left_child=1 2 11 4 6 -6 -2 8 -5 12 -9 -1 -3 -11
right_child=3 9 -4 7 5 -7 -8 10 -10 13 -12 -13 -14 -15
leaf_value=-1.7144664929240676e-05 -6.5041783062378859e-05 0.00029013016159243663 -0.00017789872458679807 0.0001039408604727554 -0.00038308780904341527 -3.9885403049904631e-05 5.2171308030202052e-05 -3.4416096654997906e-05 4.9088516264403625e-06 0 1.4099647516165683e-05 2.1993384543683867e-05 0 8.4518509433527568e-05
leaf_weight=1955 1468 272 473 1444 226 1250 1482 3754 5081 65 1071 3857 62 378
leaf_count=1955 1468 272 473 1444 226 1250 1482 3754 5081 65 1071 3857 62 378
internal_value=0 1.06476e-05 -5.25111e-06 -5.00794e-06 -3.84084e-05 -0.000102815 -1.07636e-06 6.69753e-06 2.9136e-05 0.000158371 -2.05383e-05 6.24729e-06 0.000249969 5.51194e-05
internal_weight=22838 7062 6285 15776 4426 1476 2950 11350 6525 777 4825 5812 334 443
internal_count=22838 7062 6285 15776 4426 1476 2950 11350 6525 777 4825 5812 334 443
is_linear=0
shrinkage=0.05


Tree=173
num_leaves=12
num_cat=0
split_feature=19 18 19 5 19 4 6 6 1 6 20
split_gain=0.000454887 0.00147891 0.00338815 0.00145626 0.00145508 0.00106598 0.00101834 0.000924033 0.000920322 0.000683231 0.000372771
threshold=-2.0308634955439664 1.5732033296478891 0.88983098314556142 3.6285126932233207 -0.93695588192469637 3.7195842433058157 0.65428957078911221 0.74693332845832883 -0.20411110854499864 1.123018678895765 0.34127183502747344
decision_type=2 2 2 2 2 2 2 2 2 2 2
left_child=7 3 6 5 -5 -2 -3 -1 -9 -4 -10
right_child=1 2 9 4 -6 -7 -8 8 10 -11 -12
leaf_value=0 -1.7347263977144245e-06 0 -9.169178811191175e-05 3.3214965755147427e-05 -6.8719105165898509e-05 3.8464847328434078e-05 0.00013042888937930515 0 -0.00020868129628593269 0 0
leaf_weight=66 17279 158 257 236 1496 1785 833 167 152 337 72
leaf_count=66 17279 158 257 236 1496 1785 833 167 152 337 72
internal_value=0 8.76794e-07 4.7858e-05 -1.98483e-06 -4.6163e-05 1.24428e-06 0.000108332 -4.94514e-05 -9.35427e-05 -2.78359e-05 -0.000159595
internal_weight=22838 22381 1585 20796 1732 19064 991 457 391 594 224
internal_count=22838 22381 1585 20796 1732 19064 991 457 391 594 224
is_linear=0
shrinkage=0.05


Tree=174
num_leaves=15
num_cat=0
split_feature=13 13 13 1 13 13 20 14 14 0 13 2 7 1
split_gain=0.00054021 0.00242002 0.00418433 0.00275664 0.00185381 0.00167633 0.000828773 0.000703904 0.00401807 0.00151024 0.000901405 0.000926146 0.000816934 0.000159048
threshold=0.64779913388313137 0.52555861591733211 0.53714975524669095 0.59832934100269441 0.49393563195667683 0.48761463514747089 0.16876716483753709 19.029999732971195 18.679999351501468 1.4550770885035182 1.63245346554618 -2.5043293088383316 49.675290347014517 0.14896785268135096
decision_type=2 2 2 2 2 2 2 2 2 2 2 2 2 2
left_child=1 4 13 -4 5 -1 -6 8 9 -2 11 -9 -10 -3
right_child=7 2 3 -5 6 -7 -8 10 12 -11 -12 -13 -14 -15
leaf_value=9.9172307160695047e-07 0 0 -5.3624111567225178e-05 0.00014787734206286339 0 -0.00013650250126504815 0.00027809751019665932 0.00022060118114584871 -0.00023911354125953212 7.5410712670112727e-05 0 0 0 -0.00030066891798412906
leaf_weight=17337 1672 52 1190 175 149 223 86 152 182 951 239 196 50 184
leaf_count=17337 1672 52 1190 175 149 223 86 152 182 951 239 196 50 184
internal_value=0 -3.36529e-06 -6.24498e-05 -1.67203e-05 1.11082e-06 0 0.000140467 1.81232e-05 2.19508e-06 2.49863e-05 6.99471e-05 0.000121244 -0.000190107 -0.000262467
internal_weight=22838 19396 1601 1365 17795 17560 235 3442 2855 2623 587 348 232 236
internal_count=22838 19396 1601 1365 17795 17560 235 3442 2855 2623 587 348 232 236
is_linear=0
shrinkage=0.05


Tree=175
num_leaves=15
num_cat=0
split_feature=13 13 10 6 6 6 13 20 13 3 10 13 18 13
split_gain=0.000527267 0.00254761 0.00206295 0.00202564 0.0017021 0.00148171 0.0014136 0.00119995 0.00116649 0.00116347 0.00133071 0.00102709 0.000767866 8.5573e-05
threshold=-0.34484582721632789 -0.24290162539588597 24.500646715391245 1.7694373149116667 0.32431953334256697 0.93160424558754984 -0.22703806390496625 -0.27842409241770155 -1.0363005613350849 12.241763810359375 40.250000699940422 -0.49107995841421442 1.1058989035711573 -0.29722079198188917
decision_type=2 2 2 2 2 2 2 2 2 2 2 2 2 2
left_child=2 3 5 4 -2 8 -3 -8 -1 11 -11 -4 -7 -5
right_child=1 6 9 13 -6 12 7 -9 -10 10 -12 -13 -14 -15
leaf_value=8.385385328690115e-05 -2.060474275985962e-07 -0.00017254040868901023 1.1023687942434473e-05 -9.8847559027873171e-05 0.00010820285729850814 -0.00012316189583981915 -6.1264192996925368e-05 4.0638858635309628e-06 -3.8100375036428682e-05 0 0.00014841789958154551 -4.2714730462975295e-05 0 0
leaf_weight=230 138 118 3232 75 1326 767 739 13468 889 77 285 1191 224 79
leaf_count=230 138 118 3232 75 1326 767 739 13468 889 77 285 1191 224 79
internal_value=0 4.91552e-06 -1.16312e-05 6.45487e-05 8.77519e-05 -5.34271e-05 -7.77002e-07 0 0 3.67236e-06 9.05022e-05 -6.24719e-08 -9.90378e-05 -5.84008e-05
internal_weight=22838 15943 6895 1618 1464 2110 14325 14207 1119 4785 362 4423 991 154
internal_count=22838 15943 6895 1618 1464 2110 14325 14207 1119 4785 362 4423 991 154
is_linear=0
shrinkage=0.05


Tree=176
num_leaves=10
num_cat=0
split_feature=14 14 14 1 14 14 3 5 21
split_gain=0.000487863 0.00171367 0.00145501 0.00189998 0.00102842 0.00102716 0.000517332 0.00062675 9.54255e-05
threshold=26.764999389648441 24.670000076293949 21.47500038146973 0.29617587733547329 18.954999923706058 27.344999313354496 -1.7337418592951401 3.4763262762921188 0.15483359860964968
decision_type=2 2 2 2 2 2 2 2 2
left_child=1 2 4 -4 -1 -2 7 -3 -7
right_child=5 6 3 -5 -6 8 -8 -9 -10
leaf_value=0 -0.000182907838501609 0 0 -0.00018799437381424657 7.438517305278914e-05 0 0 0.00015175225282184563 6.7091007312794913e-05
leaf_weight=20870 112 88 577 236 468 64 62 309 52
leaf_count=20870 112 88 577 236 468 64 62 309 52
internal_value=0 5.60398e-07 -7.5358e-07 -6.67432e-05 1.06077e-06 -7.27668e-05 9.64445e-05 0.000118322 0
internal_weight=22838 22610 22151 813 21338 228 459 397 116
internal_count=22838 22610 22151 813 21338 228 459 397 116
is_linear=0
shrinkage=0.05


Tree=177
num_leaves=15
num_cat=0
split_feature=13 1 13 13 13 13 13 20 6 13 9 19 11 9
split_gain=0.000501776 0.00122462 0.00119578 0.00473857 0.00172181 0.00140333 0.00139282 0.000700259 0.000649949 0.000712539 0.000704301 0.000473419 0.000183066 0.000170771
threshold=0.73574375614918763 -1.0000000180025095e-35 0.52555861591733211 0.53714975524669095 0.49393563195667683 0.54635359327875899 0.48761463514747089 0.16876716483753709 1.9799542868872109 0.73648888134474355 0.41469020864512879 0.88983098314556142 0.47783840678994266 0.75044658697862199
decision_type=2 2 2 2 2 2 2 2 2 2 2 2 2 2
left_child=2 11 4 12 6 -5 -1 -6 9 -3 -10 13 -4 -2
right_child=1 8 3 5 7 -7 -8 -9 10 -11 -12 -13 -14 -15
leaf_value=7.2045297682933019e-07 0.0001268873058607473 0.00010422241102919956 -0.00030591437206899954 7.7178670090102084e-05 0 -2.8522395980276406e-05 -0.00012451809147186004 0.00026415160196157907 0 -1.8397123856249127e-05 0.0002037374564899415 0 0 0
leaf_weight=17337 357 109 163 337 149 1951 223 86 51 1801 80 54 73 67
leaf_count=17337 357 109 163 337 149 1951 223 86 51 1801 80 54 73 67
internal_value=0 2.08159e-05 -2.82803e-06 -3.52452e-05 9.28782e-07 -6.37367e-06 -2.28255e-08 0.000135294 0 -3.49929e-06 0.000110147 9.31188e-05 -0.000250654 0.000112061
internal_weight=22838 2519 20319 2524 17795 2288 17560 235 2041 1910 131 478 236 424
internal_count=22838 2519 20319 2524 17795 2288 17560 235 2041 1910 131 478 236 424
is_linear=0
shrinkage=0.05


Tree=178
num_leaves=15
num_cat=0
split_feature=6 10 6 6 5 16 12 4 5 5 4 10 12 12
split_gain=0.000431915 0.000724486 0.00124366 0.002235 0.00111389 0.00233097 0.00109326 0.00106343 0.00047271 0.000796074 0.000752752 0.000409243 0.000385973 0.000210282
threshold=0.43974277612710944 26.994454605196712 1.36506037886196 1.9799542868872109 4.9736562757684055 8.2631304980358546 -5.3585950419976998 3.0924464589793454 2.4076970167834779 4.7287254153163607 2.6518978054995674 28.787145391361211 3.157470926727763 -1.363040341399832
decision_type=2 2 2 2 2 2 2 2 2 2 2 2 2 2
left_child=8 2 6 -4 7 -6 -2 -3 10 12 11 -1 -10 -12
right_child=1 4 3 -5 5 -7 -8 -9 9 -11 13 -13 -14 -15
leaf_value=0 -5.9745471095004753e-05 2.9387184957029554e-06 -9.6353735005563795e-05 3.7482065713180318e-06 0 -0.00030083294057540647 8.9358635708316704e-06 3.8974406364553e-05 -7.5359216958166325e-05 2.606946253165318e-05 0 -4.47698613531073e-05 0 0.00015189742589161208
leaf_weight=459 640 8883 996 679 164 84 5573 3194 885 110 56 571 446 98
leaf_count=459 640 8883 996 679 164 84 5573 3194 885 110 56 571 446 98
internal_value=0 2.3289e-06 -8.49338e-06 -4.68472e-05 1.04722e-05 -8.65472e-05 0 1.37134e-05 -1.92208e-05 -3.86306e-05 0 -1.09392e-05 -5.52545e-05 0.000106514
internal_weight=22838 20213 7888 1675 12325 248 6213 12077 2625 1441 1184 1030 1331 154
internal_count=22838 20213 7888 1675 12325 248 6213 12077 2625 1441 1184 1030 1331 154
is_linear=0
shrinkage=0.05


Tree=179
num_leaves=15
num_cat=0
split_feature=13 14 13 13 13 14 14 13 13 12 17 4 2 10
split_gain=0.00048315 0.00253521 0.00234313 0.00345907 0.00226339 0.00231423 0.00203195 0.0019248 0.00507142 0.00166819 0.00141336 0.000894252 0.000426928 0.000114859
threshold=-0.34484582721632789 10.920000076293947 -0.36212995724053115 -0.3973374346368907 -0.29973634362466245 11.954999923706056 10.704999923706056 -0.29479932225512367 -0.27067507371424376 -0.27031051447782289 -1.0000000180025095e-35 1.9664200414926036 0.8802289116954799 44.598944242967981
decision_type=2 2 2 2 2 2 2 2 2 2 2 2 2 2
left_child=1 6 3 -3 5 12 9 10 -9 -1 -6 -4 -2 -7
right_child=4 2 11 -5 7 13 -8 8 -10 -11 -12 -13 -14 -15
leaf_value=-0.00011563435863070696 0.00020917541250437476 0 0 0.0001574501045374733 0 -3.5000630602417761e-05 -0.00022729117622717583 0.00023215164464414234 0 1.2120994028292193e-05 -0.00017976151348539999 -0.00024987391432542577 0 3.1015591810180079e-05
leaf_weight=339 293 5282 105 362 93 180 228 238 14768 456 251 123 53 67
leaf_count=339 293 5282 105 362 93 180 228 238 14768 456 251 123 53 67
internal_value=0 -1.11378e-05 0 7.8885e-06 4.7015e-06 0.000100595 -8.38145e-05 1.35045e-08 3.67074e-06 -2.35884e-05 -0.000115593 -0.000155068 0.000184379 0
internal_weight=22838 6895 5872 5644 15943 593 1023 15350 15006 795 344 228 346 247
internal_count=22838 6895 5872 5644 15943 593 1023 15350 15006 795 344 228 346 247
is_linear=0
shrinkage=0.05


Tree=180
num_leaves=15
num_cat=0
split_feature=14 14 14 14 14 14 14 14 0 5 14 5 14 15
split_gain=0.000466393 0.00686869 0.00523769 0.00241748 0.00337622 0.00688643 0.00376398 0.00255837 0.00450537 0.0020329 0.0017847 0.00100682 0.000760987 0.000674223
threshold=11.219999790191652 11.039999961853029 10.920000076293947 11.844999790191652 11.679999828338625 11.719999790191652 11.38000011444092 12.065000057220461 -0.25317804921295206 3.712315178318589 12.144999980926515 1.8409028895012356 11.179999828338625 1.194173079233807
decision_type=2 2 2 2 2 2 2 2 2 2 2 2 2 2
left_child=1 2 9 4 6 -6 -2 8 -5 -1 -9 -4 13 -3
right_child=3 12 11 7 5 -7 -8 10 -10 -11 -12 -13 -14 -15
leaf_value=1.3281960299705603e-05 -6.2119995890817884e-05 0.00027133658970879569 0 0.0001579511821186246 -0.0003619111783182995 -3.8989487974083357e-05 5.0233955516494864e-05 -8.911050739222465e-05 0 -0.0001727627332391219 1.7581644259162885e-06 -0.00019432803639295735 5.464095128773224e-05 0
leaf_weight=5669 1468 272 63 723 226 1250 1482 562 890 143 9175 410 443 62
leaf_count=5669 1468 272 63 723 226 1250 1482 562 890 143 9175 410 443 62
internal_value=0 1.05794e-05 -4.46686e-06 -4.87836e-06 -3.67488e-05 -9.88014e-05 -5.95499e-07 6.23039e-06 6.49055e-05 6.09511e-06 -1.95485e-06 -0.000165632 0.000151415 0.000234449
internal_weight=22838 7062 6285 15776 4426 1476 2950 11350 1613 5812 9737 473 777 334
internal_count=22838 7062 6285 15776 4426 1476 2950 11350 1613 5812 9737 473 777 334
is_linear=0
shrinkage=0.05


Tree=181
num_leaves=14
num_cat=0
split_feature=13 13 13 14 14 13 14 14 14 17 1 12 5
split_gain=0.000468496 0.00225924 0.00440474 0.00182693 0.00538548 0.00273946 0.000669064 0.00158777 0.00320631 0.00104477 0.000978062 0.000829146 0.000637331
threshold=0.64779913388313137 0.58543975638573065 0.59102062739697658 11.219999790191652 11.039999961853029 0.36317388633246855 12.184999942779543 13.694999694824221 19.029999732971195 -1.0000000180025095e-35 0.35413409018976844 1.3534542603659578 2.6200919721975278
decision_type=2 2 2 2 2 2 2 2 2 2 2 2 2
left_child=1 3 -3 4 -1 -5 10 9 -9 -8 11 -2 -12
right_child=6 2 -4 5 -6 -7 7 8 -10 -11 12 -13 -14
leaf_value=7.1297299056525987e-07 7.0606039842677085e-05 -0.00039136887946832841 0 0 0.00014511620801311784 -6.199320195658019e-05 0 -0.00011486660954853489 6.5040001409292958e-05 0.00010164114409108314 0 -5.1594651588294226e-06 -0.00016024725790264022
leaf_weight=5145 476 109 239 10917 777 2209 172 418 587 893 354 398 144
leaf_count=5145 476 109 239 10917 777 2209 172 418 587 893 354 398 144
internal_value=0 -3.11909e-06 -0.000129323 -1.92853e-08 2.22133e-05 -1.11935e-05 1.68929e-05 3.58014e-05 0 7.88277e-05 -7.15527e-07 1.89948e-05 -6.53364e-05
internal_weight=22838 19396 348 19048 5922 13126 3442 2070 1005 1065 1372 874 498
internal_count=22838 19396 348 19048 5922 13126 3442 2070 1005 1065 1372 874 498
is_linear=0
shrinkage=0.05


Tree=182
num_leaves=15
num_cat=0
split_feature=13 13 10 5 13 13 16 21 13 17 10 21 16 16
split_gain=0.000459865 0.00206703 0.00178714 0.0016939 0.00114124 0.00102618 0.00100047 0.00180211 0.000951753 0.000632755 0.000473303 0.000466792 0.000328639 0.000179794
threshold=-0.34484582721632789 -0.24290162539588597 24.500646715391245 2.9130777541678738 -0.22703806390496625 -1.2448797960925293 1.7891111409787277 0.14382084044578766 -0.18422338437944494 1.0000000180025095e-35 39.655359830592083 0.14644854367459739 -6.6043724733327691 10.339010933039612
decision_type=2 2 2 2 2 2 2 2 2 2 2 2 2 2
left_child=2 3 5 9 -3 13 7 -4 -6 -2 -5 -8 -7 -1
right_child=1 4 6 10 8 12 11 -9 -10 -11 -12 -13 -14 -15
leaf_value=3.4225879915894269e-05 9.497798996053783e-05 -0.00015494520454639385 -4.142546418435029e-05 0 8.1703469741707121e-05 0 4.5277284459613613e-05 4.7018586351435046e-05 -1.2868819100746312e-06 0 -9.5783373080233388e-05 0 -7.38582482786008e-05 -2.836339133164775e-05
leaf_weight=347 1248 118 2012 177 352 130 1578 690 13855 61 132 505 1582 51
leaf_count=347 1248 118 2012 177 352 130 1578 690 13855 61 132 505 1582 51
internal_value=0 4.50492e-06 -1.0945e-05 5.82178e-05 -5.18511e-07 -4.98614e-05 3.08836e-06 -1.32814e-05 0 8.59838e-05 -1.09167e-05 3.15166e-05 -6.75384e-05 0
internal_weight=22838 15943 6895 1618 14325 2110 4785 2702 14207 1309 309 2083 1712 398
internal_count=22838 15943 6895 1618 14325 2110 4785 2702 14207 1309 309 2083 1712 398
is_linear=0
shrinkage=0.05


Tree=183
num_leaves=10
num_cat=0
split_feature=14 14 14 9 13 20 19 18 19
split_gain=0.000450565 0.00146666 0.0013676 0.0019728 0.0011398 0.0010222 0.000686908 0.000201628 0.000180915
threshold=26.764999389648441 24.670000076293949 21.47500038146973 0.080087067879951832 -1.2448797960925293 -0.61842125568226181 -2.3302963712484965 0.97802573955635019 -0.73835163648389412
decision_type=2 2 2 2 2 2 2 2 2
left_child=1 2 4 -4 -1 -2 -3 -8 -7
right_child=5 6 3 -5 -6 8 7 -9 -10
leaf_value=5.848027862184424e-05 0 0 1.6400182244555237e-05 -0.00011659772277515106 -5.2449895880249272e-07 -0.0002361887939546373 0 0.00013313683504726127 0
leaf_weight=838 101 78 205 608 20500 73 50 331 54
leaf_count=838 101 78 205 608 20500 73 50 331 54
internal_value=0 5.18947e-07 -6.46324e-07 -6.46555e-05 1.09247e-06 -6.99445e-05 8.92419e-05 0.000118684 -0.000169462
internal_weight=22838 22610 22151 813 21338 228 459 381 127
internal_count=22838 22610 22151 813 21338 228 459 381 127
is_linear=0
shrinkage=0.05


Tree=184
num_leaves=15
num_cat=0
split_feature=14 14 13 13 14 13 14 13 13 13 4 4 5 13
split_gain=0.000438616 0.00354419 0.00410417 0.00319436 0.00218636 0.00266779 0.00194457 0.00148688 0.00102956 0.000779581 0.00011313 0.000211225 9.35776e-05 4.02288e-05
threshold=9.865000247955324 10.055000305175783 -0.15511208884687042 0.36686518694094566 9.4649996757507342 0.7137331665604153 10.154999732971193 -0.013045006246314992 0.67494438532680345 0.23042911338914121 2.8905916210303872 1.6689086248852953 2.3464702918759439 -0.28435670424829523
decision_type=2 2 2 2 2 2 2 2 2 2 2 2 2 2
left_child=4 2 13 -4 10 7 9 -6 -8 -3 11 -1 -7 -2
right_child=1 6 3 -5 5 12 8 -9 -10 -11 -12 -13 -14 -15
leaf_value=0 -3.9547812201291276e-07 0 -0.00034440954381034913 0 0 0 -6.3473881442099115e-06 0.0001864988533955953 2.5787442457886832e-05 0.00011009643196856396 0 -9.1985391942650205e-05 -6.2475457500427815e-05 2.9567371009287186e-05
leaf_weight=214 227 123 228 119 218 151 17244 458 2857 561 52 192 80 114
leaf_count=214 227 123 228 119 218 151 17244 458 2857 561 52 192 80 114
internal_value=0 -1.92914e-06 -0.000113764 -0.000234751 2.72807e-05 7.89551e-05 1.05634e-06 0.000134503 -1.03274e-06 8.42587e-05 -4.23221e-05 -5.21048e-05 -1.88247e-05 0
internal_weight=22838 21473 688 347 1365 907 20785 676 20101 684 458 406 231 341
internal_count=22838 21473 688 347 1365 907 20785 676 20101 684 458 406 231 341
is_linear=0
shrinkage=0.05


Tree=185
num_leaves=13
num_cat=0
split_feature=19 18 19 5 19 4 6 6 1 19 13 13
split_gain=0.000420764 0.00124525 0.00288069 0.00125329 0.00130013 0.000936519 0.000885395 0.000872786 0.000787112 0.000611878 0.000243367 3.51e-05
threshold=-2.0308634955439664 1.5732033296478891 0.88983098314556142 3.6285126932233207 -0.93695588192469637 3.7195842433058157 0.65428957078911221 0.74693332845832883 -0.20411110854499864 2.9610859976290045 1.5171939835738393 -1.6231581869856568
decision_type=2 2 2 2 2 2 2 2 2 2 2 2
left_child=7 3 6 5 -5 -2 -3 -1 11 -4 -10 -9
right_child=1 2 9 4 -6 -7 -8 8 10 -11 -12 -13
leaf_value=0 -1.6111212656642552e-06 0 -6.2092218133191686e-05 3.0396235166097907e-05 -6.4399292210557269e-05 3.6047606566009513e-05 0.00012055032851142423 -2.9009816024945186e-05 -0.00019034820661181583 6.8447875905845579e-06 0 1.3610369792057828e-05
leaf_weight=66 17279 158 486 236 1496 1785 833 85 159 108 65 82
leaf_count=66 17279 158 486 236 1496 1785 833 85 159 108 65 82
internal_value=0 7.5859e-07 4.3909e-05 -1.81089e-06 -4.2817e-05 1.12986e-06 9.9932e-05 -4.76301e-05 -9.06467e-05 -2.43577e-05 -0.000151859 0
internal_weight=22838 22381 1585 20796 1732 19064 991 457 391 594 224 167
internal_count=22838 22381 1585 20796 1732 19064 991 457 391 594 224 167
is_linear=0
shrinkage=0.05


Tree=186
num_leaves=15
num_cat=0
split_feature=9 2 4 1 6 12 14 14 14 6 4 4 1 14
split_gain=0.000405244 0.00104328 0.0016161 0.000883576 0.000808529 0.0011476 0.000576606 0.005677 0.00207101 0.000499786 0.00029872 0.00105618 0.000122952 5.5751e-07
threshold=0.99362140949327771 4.9783224171433007 1.9573153316573528 2.577544822013786 1.9799542868872109 5.7767152263005768 11.219999790191652 11.039999961853029 11.899999618530275 0.94600482669924202 5.0981630614953817 2.8160587202894658 0.43408678272003848 10.525000095367433
decision_type=2 2 2 2 2 2 2 2 2 2 2 2 2 2
left_child=1 6 12 -4 5 13 7 -1 -8 -7 11 -6 -3 -2
right_child=4 2 3 -5 10 9 8 -9 -10 -11 -12 -13 -14 -15
leaf_value=-3.7048668379320087e-06 3.287011937756284e-06 -4.8517312244501498e-05 9.859209081599125e-05 0 0 0 -3.7219562239652829e-05 0.00014145372376407869 4.0627110748347851e-06 -0.00013624502320712595 -1.4061071071335225e-05 0.0001616969482130335 0 0
leaf_weight=5477 128 204 896 60 220 120 4092 744 10051 382 72 128 68 196
leaf_count=5477 128 204 896 60 220 120 4092 744 10051 382 72 128 68 196
internal_value=0 1.41728e-06 4.6393e-05 8.2479e-05 -2.78865e-05 -6.01395e-05 -5.60448e-07 1.12645e-05 -6.82277e-06 -0.000107936 0 4.58091e-05 -2.53311e-05 0
internal_weight=22838 21592 1228 956 1246 826 20364 6221 14143 502 420 348 272 324
internal_count=22838 21592 1228 956 1246 826 20364 6221 14143 502 420 348 272 324
is_linear=0
shrinkage=0.05


Tree=187
num_leaves=15
num_cat=0
split_feature=8 18 16 9 8 10 12 20 13 13 13 13 13 12
split_gain=0.000420969 0.00107739 0.00143444 0.00119906 0.000942859 0.000751035 0.000730709 0.00138796 0.001846 0.00152974 0.000959246 0.00349641 0.00113992 0.000338385
threshold=7.5589899742001281 0.48743350890028514 5.0775427804887761 0.90809929585977522 43.033544005454459 15.053229766045183 -2.4645674036932674 -0.33036924865237044 -0.33360624145318257 -0.43357954555437445 -0.075603740240881553 -0.11692168393516721 0.16321711356648286 6.7834786214676308
decision_type=2 2 2 2 2 2 2 2 2 2 2 2 2 2
left_child=6 3 4 5 -3 -2 7 9 -9 -1 11 -8 -12 -4
right_child=1 2 13 -5 -6 -7 10 8 -10 -11 12 -13 -14 -15
leaf_value=0 0 0.00014246036666334125 -6.5074146233933946e-05 0 0 -7.9874807679120648e-05 1.1888918857735295e-05 -4.0567243493190671e-05 1.7406537111152794e-05 -0.00014104340708099723 -3.4983174995858442e-05 0.00017369051732013554 1.0228993977388362e-05 0
leaf_weight=646 59 301 226 693 75 1286 5206 1977 4487 396 1901 388 4989 208
leaf_count=646 59 301 226 693 75 1286 5206 1977 4487 396 1901 388 4989 208
internal_value=0 -1.81975e-05 1.92694e-05 -4.04474e-05 0.000100026 -6.85958e-05 2.33478e-06 -8.96514e-06 0 -6.24926e-05 1.03305e-05 2.58215e-05 -7.18791e-08 -1.62807e-05
internal_weight=22838 2848 810 2038 376 1345 19990 7506 6464 1042 12484 5594 6890 434
internal_count=22838 2848 810 2038 376 1345 19990 7506 6464 1042 12484 5594 6890 434
is_linear=0
shrinkage=0.05


Tree=188
num_leaves=14
num_cat=0
split_feature=15 15 4 16 4 14 14 14 10 10 4 13 11
split_gain=0.000412002 0.001343 0.0013411 0.00162981 0.00124515 0.000669515 0.00549992 0.00182165 0.000582809 0.000365449 0.000163331 0.000192779 0.000110234
threshold=8.7162477917075449 4.8654239304321285 5.2039420849120406 12.630680222272028 3.0226166143249489 11.219999790191652 11.039999961853029 11.844999790191652 20.745835982905593 23.29307702305665 3.4216109834113086 0.0090739758951352573 8.205191520747114
decision_type=2 2 2 2 2 2 2 2 2 2 2 2 2
left_child=1 5 10 -4 9 6 -1 -7 -6 -3 11 -2 -12
right_child=2 4 3 -5 8 7 -8 -9 -10 -11 12 -13 -14
leaf_value=-3.499241115630957e-06 -7.2936034439058316e-05 5.5289895863659486e-05 0 -0.00034486710991548308 0 -3.6849069475551613e-05 0.00013917261157860952 1.3939798886202778e-06 0.00012150541072526841 -1.4251703973908057e-05 0 0 9.03780796332285e-05
leaf_weight=5782 103 258 62 70 124 4099 742 10257 532 599 50 86 74
leaf_count=5782 103 258 62 70 124 4099 742 10257 532 599 50 86 74
internal_value=0 7.61876e-07 -4.77523e-05 -0.00018126 4.66803e-05 -1.84917e-06 1.04474e-05 -8.48239e-06 9.87899e-05 0 0 -1.93714e-05 5.19253e-05
internal_weight=22838 22393 445 132 1513 20880 6524 14356 656 857 313 189 124
internal_count=22838 22393 445 132 1513 20880 6524 14356 656 857 313 189 124
is_linear=0
shrinkage=0.05


Tree=189
num_leaves=15
num_cat=0
split_feature=12 0 12 16 2 4 8 8 4 15 16 8 11 12
split_gain=0.000396061 0.00175229 0.00146718 0.00116302 0.00100876 0.00132543 0.00098391 0.00090657 0.00109358 0.00105693 0.000524448 0.000277923 0.00156901 0.000708106
threshold=-9.2347614267499871 0.86101579454698596 -5.2621909335674761 -6.9009662953651567 -6.276552597552131 3.8193057262932855 -0.93376545788568033 4.5304339255557311 3.038286379125382 2.0349621002537681 -9.9960599603620235 -14.758454303354196 -8.4387815672709419 -10.959467813415449
decision_type=2 2 2 2 2 2 2 2 2 2 2 2 2 2
left_child=1 11 3 10 -3 -6 -5 8 -4 -9 -2 12 -1 -13
right_child=2 4 7 6 5 -7 -8 9 -10 -11 -12 13 -14 -15
leaf_value=0.00014041794526925829 -4.2604236612144253e-05 0 2.9094895105984044e-08 -9.2605673548302444e-05 0 0.00029126278957208076 -6.5823084946533663e-08 -5.2053783031896679e-05 3.452400158836858e-05 0 3.3249267211944479e-05 -5.2519287765633083e-05 -1.989965141447475e-05 1.406640990447884e-05
leaf_weight=218 309 56 11426 1051 177 130 876 1450 3202 2028 676 700 145 394
leaf_count=218 309 56 11426 1051 177 130 876 1450 3202 2028 676 700 145 394
internal_value=0 2.21949e-05 -2.10464e-06 -3.54193e-05 0.000120413 0.000159134 -5.83397e-05 2.42663e-06 8.60707e-06 -1.92509e-05 0 0 3.52917e-05 -1.48491e-05
internal_weight=22838 1820 21018 2912 363 307 1927 18106 14628 3478 985 1457 363 1094
internal_count=22838 1820 21018 2912 363 307 1927 18106 14628 3478 985 1457 363 1094
is_linear=0
shrinkage=0.05


Tree=190
num_leaves=12
num_cat=0
split_feature=10 13 13 13 13 10 13 6 8 11 6
split_gain=0.000387302 0.000470488 0.00262065 0.00259731 0.0022005 0.00139694 0.000795851 0.000682682 0.000445864 0.000422758 0.000198315
threshold=70.731206504103213 -1.2448797960925293 -1.2468774419040816 -0.95398890585195451 -1.0363005613350849 53.13938399405496 -0.93968043077759511 1.2471817762044608 3.4368595997250764 -6.157873279551529 0.50778392796175387
decision_type=2 2 2 2 2 2 2 2 2 2 2
left_child=1 2 5 4 -3 -1 -5 -4 9 -2 -11
right_child=8 3 7 6 -6 -7 -8 -9 -10 10 -12
leaf_value=2.4927566621139464e-05 0 0 0.00037304825672463543 7.455681202097979e-05 -0.00019252392283355567 -0.00012345875979695445 -1.9682737458706374e-06 0 0 0 0.00014009118800122845
leaf_weight=1204 81 237 65 343 330 179 19985 50 119 62 183
leaf_count=1204 81 237 65 343 330 179 19985 50 119 62 183
internal_value=0 -1.04589e-06 2.48619e-05 -3.6222e-06 -0.000109154 0 0 0.000253904 4.60005e-05 7.93401e-05 0.000112534
internal_weight=22838 22393 1498 20895 567 1383 20328 115 445 326 245
internal_count=22838 22393 1498 20895 567 1383 20328 115 445 326 245
is_linear=0
shrinkage=0.05


Tree=191
num_leaves=10
num_cat=0
split_feature=14 13 14 14 13 16 13 19 13
split_gain=0.000394302 0.00124423 0.00259108 0.0025925 0.00218367 0.00187661 0.00105737 0.000934162 0.000212658
threshold=26.764999389648441 -1.2448797960925293 12.769999980926515 13.769999980926515 -0.95398890585195451 -8.1858105585412506 -0.93968043077759511 -0.37789335993273043 -2.1295115427365112
decision_type=2 2 2 2 2 2 2 2 2
left_child=1 2 -1 -4 5 -3 -6 8 -2
right_child=7 4 3 -5 6 -7 -8 -9 -10
leaf_value=-0.00013055934088351782 0 2.7351801878963186e-05 0.00019737350317013754 1.0387627171041499e-05 8.662555117139576e-05 -0.00013941238452535446 -4.4403926828760563e-07 0 -0.00021524121700112811
leaf_weight=120 54 54 355 821 351 522 20387 92 82
leaf_count=120 54 54 355 821 351 522 20387 92 82
internal_value=0 5.76565e-07 4.85782e-05 7.96972e-05 -1.64059e-06 -9.77614e-05 3.10484e-07 -6.53589e-05 -0.000155522
internal_weight=22838 22610 1296 1176 21314 576 20738 228 136
internal_count=22838 22610 1296 1176 21314 576 20738 228 136
is_linear=0
shrinkage=0.05


Tree=192
num_leaves=15
num_cat=0
split_feature=14 14 14 14 15 5 4 3 10 6 8 14 10 14
split_gain=0.000389056 0.00319202 0.00197854 0.0017443 0.00137654 0.000945347 0.000728828 0.000601665 0.000550064 0.000521879 0.000186248 0.000122154 8.91929e-05 6.98864e-05
threshold=9.865000247955324 10.055000305175783 9.4649996757507342 10.154999732971193 1.9799591119971984 2.8468266812328697 1.157736078862077 -5.0017651024148888 46.744457783104956 1.8047444216745421 2.2921993995886143 9.9600000381469744 38.085395585633186 9.2849998474121112
decision_type=2 2 2 2 2 2 2 2 2 2 2 2 2 2
left_child=2 4 10 9 7 6 -4 -2 -5 -3 13 -6 -7 -1
right_child=1 3 5 8 11 12 -8 -9 -10 -11 -12 -13 -14 -15
leaf_value=0 0 9.4982841074174194e-05 0 -5.6502934970445348e-06 -5.9362615867812997e-05 -6.2004208970204786e-05 0.0001128072684323628 -0.00018821118323381609 1.4857321319472183e-05 0 0 3.6068366009010556e-06 0 -0.00010050108051839731
leaf_weight=158 60 628 62 16139 85 57 732 365 3962 56 167 178 56 133
leaf_count=158 60 628 62 16139 85 57 732 365 3962 56 167 178 56 133
internal_value=0 -1.72008e-06 2.57977e-05 1.07746e-06 -0.000107885 7.52553e-05 9.71655e-05 -0.000164022 -8.61415e-07 7.98719e-05 -3.94164e-05 0 0 -6.35358e-05
internal_weight=22838 21473 1365 20785 688 907 794 425 20101 684 458 263 113 291
internal_count=22838 21473 1365 20785 688 907 794 425 20101 684 458 263 113 291
is_linear=0
shrinkage=0.05


Tree=193
num_leaves=14
num_cat=0
split_feature=12 0 12 5 5 8 4 10 5 0 7 4 4
split_gain=0.000360127 0.0015915 0.00136369 0.00106384 0.00191315 0.000812456 0.000937362 0.00077303 0.000693853 0.000918203 0.000624999 0.000478269 0.000162748
threshold=-9.2347614267499871 0.86101579454698596 -5.2621909335674761 4.3915160015930654 3.4375270932831481 6.961100412302426 2.2829814594056272 15.239741448557579 4.6268630563214632 -2.2726521513074238 25.755263001077768 3.57711184697955 4.3140601956753803
decision_type=2 2 2 2 2 2 2 2 2 2 2 2 2
left_child=1 8 3 4 -2 6 -4 -7 9 -1 -10 -3 -5
right_child=2 11 5 12 -6 7 -8 -9 10 -11 -12 -13 -14
leaf_value=7.3974534834879042e-05 -1.9355493108925515e-05 0 -1.8115754047805484e-06 0.00012666521203489258 -0.00015043137434650063 6.7653877295086888e-05 2.172111993333464e-05 -3.1935042112499521e-05 -0.00018193738656976311 -4.6995657297475146e-06 0 0.00017140611081195662 0
leaf_weight=443 2385 160 8662 64 410 126 6760 2558 94 830 90 203 53
leaf_count=443 2385 160 8662 64 410 126 6760 2558 94 830 90 203 53
internal_value=0 2.12089e-05 -1.96553e-06 -3.41045e-05 -4.39948e-05 2.3766e-06 7.53179e-06 -2.16498e-05 0 1.09414e-05 -9.2477e-05 0.000114808 7.34151e-05
internal_weight=22838 1820 21018 2912 2795 18106 15422 2684 1457 1273 184 363 117
internal_count=22838 1820 21018 2912 2795 18106 15422 2684 1457 1273 184 363 117
is_linear=0
shrinkage=0.05


Tree=194
num_leaves=13
num_cat=0
split_feature=19 18 19 10 20 13 13 12 19 13 1 21
split_gain=0.000370206 0.00108945 0.00258169 0.00103486 0.000727399 0.00110662 0.000967632 0.000588658 0.000562222 0.000458614 0.000721299 4.05186e-05
threshold=-2.0308634955439664 1.5732033296478891 0.88983098314556142 26.260279108362301 0.17805047470371765 0.29530246179098057 0.79675748132704849 -11.707550582479501 2.9610859976290045 1.0361546124647794 -0.53279833954869671 0.18062846700423538
decision_type=2 2 2 2 2 2 2 2 2 2 2 2
left_child=7 4 3 -3 6 -6 -2 11 -4 10 -9 -1
right_child=1 2 8 -5 5 -7 -8 9 -10 -11 -12 -13
leaf_value=0 -2.0222410715730312e-06 0 -5.9160536521636603e-05 0.00012896631784148298 0 -7.7086491898964229e-05 4.1319344086355574e-05 0 3.998394503627713e-06 0 -0.00018257286060466526 4.0420455188723292e-05
leaf_weight=64 17898 305 486 686 745 779 1374 99 108 74 159 61
leaf_count=64 17898 305 486 686 745 779 1374 99 108 74 159 61
internal_value=0 7.8202e-07 4.11508e-05 9.43956e-05 -1.57532e-06 -3.50032e-05 2.91496e-07 -4.46194e-05 -2.24796e-05 -8.46025e-05 -0.000116745 0
internal_weight=22838 22381 1585 991 20796 1524 19272 457 594 332 258 125
internal_count=22838 22381 1585 991 20796 1524 19272 457 594 332 258 125
is_linear=0
shrinkage=0.05


Tree=195
num_leaves=15
num_cat=0
split_feature=10 16 6 2 10 1 6 10 6 10 6 1 2 2
split_gain=0.00033177 0.00169221 0.00121852 0.000633306 0.00127622 0.000843765 0.00058936 0.00105351 0.000657551 0.000510442 0.000412383 0.00036158 0.000280952 0.000251285
threshold=46.513882467118513 -9.9960599603620235 1.0556568019663042 -3.6829988076187976 52.755644700012404 1.2674106992600846 1.3418272244237002 27.302075147777416 1.1575623170826168 72.382421981977842 0.57964606165489896 0.58849159456374367 5.8611042258757911 -5.3395929523030956
decision_type=2 2 2 2 2 2 2 2 2 2 2 2 2 2
left_child=1 2 11 4 10 9 8 -8 -3 -5 -2 -1 -7 -6
right_child=3 6 -4 5 13 12 7 -9 -10 -11 -12 -13 -14 -15
leaf_value=-0.00017628528604348684 0 0 0 -1.1572465306012876e-05 3.5779487598423054e-05 0.00013564087477980618 -4.7185442527318497e-05 1.3048670895864597e-06 3.6986838017722484e-05 5.344437586642716e-05 0.00016166366077005121 0 0 -3.7639864453516565e-05
leaf_weight=268 51 12951 236 3307 254 151 1739 1653 1369 296 246 54 51 212
leaf_count=268 51 12951 236 3307 254 151 1739 1653 1369 296 246 54 51 212
internal_value=0 -3.12845e-06 -8.88139e-05 1.19329e-05 5.40732e-05 0 0 -1.91407e-05 4.0103e-06 -2.0557e-06 0.000134918 -0.000151929 0.000101569 0
internal_weight=22838 18270 558 4568 763 3805 17712 3392 14320 3603 297 322 202 466
internal_count=22838 18270 558 4568 763 3805 17712 3392 14320 3603 297 322 202 466
is_linear=0
shrinkage=0.05


Tree=196
num_leaves=10
num_cat=0
split_feature=14 14 14 14 1 14 1 4 14
split_gain=0.000379076 0.00112274 0.00234469 0.00156759 0.00140046 0.000881037 0.00120228 0.000124517 8.47265e-05
threshold=9.1699995994567889 9.7800002098083514 10.055000305175783 10.154999732971193 0.46780530926067138 9.4649996757507342 0.48782570858826629 1.6689086248852953 9.2849998474121112
decision_type=2 2 2 2 2 2 2 2 2
left_child=7 5 4 -4 -3 8 -7 -1 -2
right_child=1 2 3 -5 -6 6 -8 -9 -10
leaf_value=0 1.2355196576354243e-06 -0.00011979708466321568 7.5755253607184361e-05 -7.4233262158977785e-07 0 0.00010999452831271173 0 -0.00014002666171336389 -3.0533777064457133e-05
leaf_weight=51 118 653 684 20101 144 658 140 63 226
leaf_count=51 118 653 684 20101 144 658 140 63 226
internal_value=0 4.25021e-07 -1.46212e-06 1.05696e-06 -8.58733e-05 4.91825e-05 7.88482e-05 -9.0582e-05 0
internal_weight=22838 22724 21582 20785 797 1142 798 114 344
internal_count=22838 22724 21582 20785 797 1142 798 114 344
is_linear=0
shrinkage=0.05


Tree=197
num_leaves=10
num_cat=0
split_feature=14 14 14 9 13 20 19 19 6
split_gain=0.000367295 0.00116985 0.00112878 0.00174953 0.000970221 0.000910348 0.000590778 0.000584533 0.00017897
threshold=26.764999389648441 24.670000076293949 21.47500038146973 0.080087067879951832 -0.78909905694107263 -0.8249003218741312 -2.072846940384935 -0.37789335993273043 0.91182347446658041
decision_type=2 2 2 2 2 2 2 2 2
left_child=1 2 4 -4 -1 -2 -3 -7 -8
right_child=5 6 3 -5 -6 7 8 -9 -10
leaf_value=3.1035944836827148e-05 0 0 1.5247111133575551e-05 -0.00010816060572984296 -1.9955503859671963e-06 -0.00021346962402436903 0 0 0.00016374231988110048
leaf_weight=2467 64 117 205 608 18871 101 162 63 180
leaf_count=2467 64 117 205 608 18871 101 162 63 180
internal_value=0 5.71001e-07 -3.96904e-07 -5.8635e-05 1.12173e-06 -6.3068e-05 7.97894e-05 -0.000138973 0.000113331
internal_weight=22838 22610 22151 813 21338 228 459 164 342
internal_count=22838 22610 22151 813 21338 228 459 164 342
is_linear=0
shrinkage=0.05


Tree=198
num_leaves=14
num_cat=0
split_feature=15 4 1 15 18 0 20 1 12 4 12 4 7
split_gain=0.000357418 0.00121346 0.00211616 0.0012129 0.00116248 0.000844952 0.00076617 0.00273077 0.000880466 0.000560895 0.000157359 0.000266577 1.16574e-05
threshold=8.7162477917075449 5.2039420849120406 0.17991924282603097 4.8654239304321285 1.2405625645435256 0.14651070450288903 -0.33036924865237044 -0.28987645369612919 -9.2347614267499871 2.3376767261101397 13.644398378468946 3.8193057262932855 79.564041211540882
decision_type=2 2 2 2 2 2 2 2 2 2 2 2 2
left_child=3 10 -3 6 5 -5 7 -1 -8 -6 11 -2 -12
right_child=1 2 -4 4 9 -7 8 -9 -10 -11 12 -13 -14
leaf_value=3.9104669418313869e-05 -6.9996690278321074e-05 0 -0.00033295684991648466 7.4665195119563319e-05 0 -5.496048052613521e-06 4.1040263051402797e-05 -8.3771633982644196e-05 -1.5808716432576017e-06 0.00016803702304230228 8.1684360198518608e-05 0 0
leaf_weight=562 145 50 82 387 59 812 1282 1129 17907 255 55 58 55
leaf_count=562 145 50 82 387 59 812 1282 1129 17907 255 55 58 55
internal_value=0 -4.43527e-05 -0.000171482 8.50245e-07 4.44795e-05 7.91817e-06 -1.59483e-06 -3.40698e-05 4.86942e-07 0.000136001 0 -1.54808e-05 5.57106e-05
internal_weight=22838 445 132 22393 1513 1199 20880 1691 19189 314 313 203 110
internal_count=22838 445 132 22393 1513 1199 20880 1691 19189 314 313 203 110
is_linear=0
shrinkage=0.05


Tree=199
num_leaves=13
num_cat=0
split_feature=9 0 7 15 5 11 3 5 8 18 18 2
split_gain=0.000359409 0.00111305 0.00101704 0.000950613 0.000854627 0.000958819 0.000802601 0.000544097 0.000489951 0.00107922 0.000720668 8.4079e-05
threshold=0.99362140949327771 4.1716334918593674 68.858895845002706 4.8654239304321285 4.9736562757684055 3.3490764616405695 5.6817349332703673 2.5562440012820811 7.5589899742001281 0.56623270258090985 0.75378454287722996 7.259709628758416
decision_type=2 2 2 2 2 2 2 2 2 2 2 2
left_child=3 2 11 8 5 -5 -4 -3 10 -10 -1 -2
right_child=1 7 6 4 -6 -7 -8 -9 9 -11 -12 -13
leaf_value=7.4546648242344937e-06 -1.0804227337987641e-05 0.00017436466280265625 0 0 -4.1106204109876118e-05 9.6656616816991232e-05 -0.00013165185914764069 0 -5.1006405593429278e-05 2.1297361316407603e-05 -1.5773995734291308e-05 3.8355149682549966e-05
leaf_weight=14337 363 62 156 406 58 733 439 113 1413 462 4183 113
leaf_count=14337 363 62 156 406 58 733 439 113 1413 462 4183 113
internal_value=0 -2.61018e-05 -5.35761e-05 1.50543e-06 4.49771e-05 6.25507e-05 -9.71029e-05 5.61627e-05 -3.126e-07 -2.51932e-05 1.39769e-06 0
internal_weight=22838 1246 1071 21592 1197 1139 595 175 20395 1875 18520 476
internal_count=22838 1246 1071 21592 1197 1139 595 175 20395 1875 18520 476
is_linear=0
shrinkage=0.05


Tree=200
num_leaves=15
num_cat=0
split_feature=6 10 9 1 10 9 6 5 0 0 5 4 10 4
split_gain=0.000317892 0.000547899 0.00104872 0.00128524 0.00100604 0.00162556 0.00101406 0.000721029 0.000490651 0.000980352 0.0014626 0.000203262 0.000360557 0.000335601
threshold=0.43974277612710944 26.994454605196712 1.0824888602906417 0.17991924282603097 15.239741448557579 0.32055466813746142 1.36506037886196 4.9736562757684055 -0.16101076643022758 0.80078405870746805 2.3696608568172293 1.4180652417130337 29.613681268956363 1.6850382528401082
decision_type=2 2 2 2 2 2 2 2 2 2 2 2 2 2
left_child=8 4 7 -4 5 -2 -6 -3 11 10 -10 12 -1 -13
right_child=1 2 3 -5 6 -7 -8 -9 9 -11 -12 13 -14 -15
leaf_value=0 -2.5120181180867537e-05 1.5358046068548249e-05 0 -0.00017139128266674506 -3.4950601183591866e-06 7.0083600366343716e-05 -5.6272838480115241e-05 -6.1065191986291054e-05 0 0 -0.00012553903509950602 7.9978175084654469e-05 -9.4508543844522839e-05 0
leaf_weight=86 539 11807 104 169 5004 963 1382 245 500 366 509 169 129 866
leaf_count=86 539 11807 104 169 5004 963 1382 245 500 366 509 169 129 866
internal_value=0 2.12303e-06 9.268e-06 -8.06147e-05 -7.13936e-06 2.59452e-05 -1.72723e-05 1.2555e-05 -1.6369e-05 -3.74539e-05 -6.58616e-05 0 -3.46778e-05 1.54846e-05
internal_weight=22838 20213 12325 273 7888 1502 6386 12052 2625 1375 1009 1250 215 1035
internal_count=22838 20213 12325 273 7888 1502 6386 12052 2625 1375 1009 1250 215 1035
is_linear=0
shrinkage=0.05


Tree=201
num_leaves=15
num_cat=0
split_feature=13 13 7 14 14 14 7 14 14 13 14 14 14 8
split_gain=0.000364258 0.00229412 0.00325166 0.00211312 0.00893807 0.00693262 0.00120882 0.00221109 0.00338131 0.00262544 0.000894187 0.0033449 0.000544469 7.62822e-05
threshold=-0.42021305351745969 -0.49107995841421442 49.480455845151447 12.175000190734863 11.804999828338625 12.769999980926515 25.407733130300809 12.22499990463257 12.210000038146974 -0.075203156853087524 12.50999975204468 14.444999694824221 11.650000095367433 -10.361660926073004
decision_type=2 2 2 2 2 2 2 2 2 2 2 2 2 2
left_child=1 3 12 4 -1 -5 10 8 -8 -9 13 -12 -3 -2
right_child=6 2 -4 5 -6 -7 7 9 -10 -11 11 -13 -14 -15
leaf_value=-2.812822166254266e-05 1.0245696226477531e-05 0 0 -0.00020573054345394948 0.00017294689095683315 1.2089198844204546e-06 0 0.00011036662069044284 -0.00020202373776278583 1.3176267870873446e-05 -0.00023257307471838905 0 -0.00026310452578700671 -1.8818354378472718e-05
leaf_weight=1490 274 120 355 463 806 2159 10844 1009 209 3952 236 236 229 456
leaf_count=1490 274 120 355 463 806 2159 10844 1009 209 3952 236 236 229 456
internal_value=0 -1.11246e-05 -9.55105e-05 0 3.59726e-05 -2.96789e-05 3.53182e-06 7.96161e-06 -3.26134e-06 3.59847e-05 -4.29741e-05 -9.70727e-05 -0.000203963 0
internal_weight=22838 5622 704 4918 2296 2622 17216 16014 11053 4961 1202 472 349 730
internal_count=22838 5622 704 4918 2296 2622 17216 16014 11053 4961 1202 472 349 730
is_linear=0
shrinkage=0.05


Tree=202
num_leaves=14
num_cat=0
split_feature=13 13 14 14 15 14 14 13 10 12 14 8 14
split_gain=0.000349353 0.0021071 0.00207185 0.00193529 0.00167783 0.00167569 0.00621267 0.00282786 0.00161254 0.001412 0.00134721 0.000768664 0.000468665
threshold=-0.33360624145318257 -0.29973634362466245 10.920000076293947 10.704999923706056 1.8947151355922012 10.860000133514406 11.039999961853029 0.58543975638573065 24.500646715391245 -0.27031051447782289 21.47500038146973 17.093569602841104 11.954999923706056
decision_type=2 2 2 2 2 2 2 2 2 2 2 2 2
left_child=2 4 3 9 12 7 -7 -3 11 -1 -10 -4 -2
right_child=1 5 8 -5 -6 6 -8 -9 10 -11 -12 -13 -14
leaf_value=-0.00010349999331634428 0.00018927516284556508 4.9406697010025076e-05 -2.1222471740247239e-05 -0.00021326518439706597 0 -0.00021726164022315309 -1.5038511685956789e-06 -3.9145837936232078e-05 3.3446245539146915e-05 1.5288978472917677e-05 -3.7740338618959872e-05 -0.00023389193311584733 0
leaf_weight=339 303 3533 1750 228 68 350 10442 1025 3535 456 639 66 104
leaf_count=339 303 3533 1750 228 68 350 10442 1025 3535 456 639 66 104
internal_value=0 4.02861e-06 -9.37551e-06 -7.5235e-05 0.000107732 0 -9.91046e-06 2.61986e-05 0 -1.65866e-05 1.8949e-05 -3.73315e-05 0.000154342
internal_weight=22838 15825 7013 1023 475 15350 10792 4558 5990 795 4174 1816 407
internal_count=22838 15825 7013 1023 475 15350 10792 4558 5990 795 4174 1816 407
is_linear=0
shrinkage=0.05


Tree=203
num_leaves=14
num_cat=0
split_feature=13 13 13 9 12 5 1 13 4 6 11 13 0
split_gain=0.000349084 0.00201307 0.00391567 0.000901237 0.00140872 0.00123662 0.000632332 0.000482785 0.00056116 0.000463749 0.000730542 0.000465624 0.000220431
threshold=0.64779913388313137 0.58543975638573065 0.59102062739697658 0.99362140949327771 3.157470926727763 2.8280846333082152 -0.0060100409163885826 0.7137331665604153 3.8193057262932855 1.9799542868872109 -2.2225135516160699 0.83243685891511998 0.018575677815612285
decision_type=2 2 2 2 2 2 2 2 2 2 2 2 2
left_child=1 3 -3 4 -1 -5 7 -2 -9 11 -11 -8 -4
right_child=6 2 12 5 -6 -7 9 8 -10 10 -12 -13 -14
leaf_value=-5.9265673751770155e-06 0 -0.00036899637251785447 -7.8930170690197184e-05 0 2.4827779935334511e-05 -0.00015151695106855502 1.4966973910151044e-05 9.9632578191328041e-06 0.00023012486227680319 0 0.0001444788835912217 -2.4916520945387942e-05 2.3222334116680238e-05
leaf_weight=12984 111 109 73 758 5077 229 1266 359 91 55 142 1418 166
leaf_count=12984 111 109 73 758 5077 229 1266 359 91 55 142 1418 166
internal_value=0 -2.83212e-06 -0.000121926 0 1.88899e-06 -4.70662e-05 1.44321e-05 6.39445e-05 8.81558e-05 0 7.64968e-05 -5.18952e-07 0
internal_weight=22838 19396 348 19048 18061 987 3442 561 450 2881 197 2684 239
internal_count=22838 19396 348 19048 18061 987 3442 561 450 2881 197 2684 239
is_linear=0
shrinkage=0.05


Tree=204
num_leaves=14
num_cat=0
split_feature=2 5 3 4 14 5 0 0 4 0 1 14 3
split_gain=0.000343541 0.00144565 0.0024488 0.000868344 0.0014682 0.0010322 0.00084261 0.0012218 0.000791942 0.000267965 0.000219781 0.00106197 0.000380989
threshold=-5.5710253133461336 4.9736562757684055 7.3606926745071863 3.7875833961424727 16.914999961853031 3.3116361026913768 -1.7311525226243616 -5.2283019911338773 5.633558929032378 0.84085443824986983 0.31839326829800968 13.525000095367433 -5.832973645963107
decision_type=2 2 2 2 2 2 2 2 2 2 2 2 2
left_child=6 3 9 4 -2 -5 7 -1 -9 -3 12 -12 -8
right_child=1 2 -4 5 -6 -7 10 8 -10 -11 11 -13 -14
leaf_value=-1.2172545373722844e-05 0 -5.6378385353346233e-05 -0.00032313286528694741 5.5998862024882792e-05 -5.4649944573706705e-05 0 0 0.00011122978535626407 0 5.8095717189195515e-05 -0.0001348820495348429 0 7.1649332954836219e-05
leaf_weight=101 17158 128 93 1417 1330 1011 317 638 56 76 175 153 185
leaf_count=101 17158 128 93 1417 1330 1011 317 638 56 76 175 153 185
internal_value=0 -1.92815e-06 -0.000111322 0 -4.05953e-06 2.7718e-05 2.19019e-05 6.02185e-05 9.23389e-05 0 0 -4.07778e-05 2.17598e-06
internal_weight=22838 21213 297 20916 18488 2428 1625 795 694 204 830 328 502
internal_count=22838 21213 297 20916 18488 2428 1625 795 694 204 830 328 502
is_linear=0
shrinkage=0.05


Tree=205
num_leaves=10
num_cat=0
split_feature=14 14 14 5 14 14 12 10 6
split_gain=0.000326055 0.000953786 0.00218221 0.00144509 0.00135397 0.000919535 0.000858148 0.000295322 6.84756e-05
threshold=9.1699995994567889 9.7800002098083514 10.055000305175783 2.9346192240340518 10.154999732971193 9.9200000762939471 1.2833228252296802 38.085395585633186 0.67642652670817771
decision_type=2 2 2 2 2 2 2 2 2
left_child=8 3 5 6 -4 -3 -2 -5 -1
right_child=1 2 4 7 -6 -7 -8 -9 -10
leaf_value=0 0.00010902450827983397 0 7.0315993955912998e-05 -0.00013944512915259113 -7.8826410959680234e-07 -0.00011692826037234912 0 0 -0.00013389267379534432
leaf_weight=60 637 228 684 63 20101 569 383 59 54
leaf_count=60 637 228 684 63 20101 569 383 59 54
internal_value=0 1.20082e-07 -1.57043e-06 4.51649e-05 8.3329e-07 -8.29766e-05 7.29813e-05 -6.41499e-05 -8.41742e-05
internal_weight=22838 22724 21582 1142 20785 797 1020 122 114
internal_count=22838 22724 21582 1142 20785 797 1020 122 114
is_linear=0
shrinkage=0.05


Tree=206
num_leaves=13
num_cat=0
split_feature=13 13 13 13 13 13 5 8 8 14 14 5
split_gain=0.000340071 0.00193353 0.00314242 0.00180839 0.00172638 0.00122091 0.000771862 0.000691835 0.00126545 0.000767076 0.000686663 0.000682153
threshold=0.64779913388313137 0.52555861591733211 0.53714975524669095 0.54635359327875899 0.49393563195667683 0.48761463514747089 2.2031988749776041 -30.56304263854285 -2.9937423834251837 10.260000228881838 19.029999732971195 2.6069238007892706
decision_type=2 2 2 2 2 2 2 2 2 2 2 2
left_child=1 4 6 -4 5 -1 -3 -2 10 -10 -9 -6
right_child=7 2 3 -5 11 -7 -8 8 9 -11 -12 -13
leaf_value=6.8983080776217019e-07 0.00011080074436791299 0 6.8015443837191262e-05 -5.6147371794755176e-05 0 -0.00011657341389390499 -0.00029804685630144511 -6.8399691981994024e-05 -1.3842832401367338e-05 4.2697725660208858e-05 0 0.00022433616050238924
leaf_weight=17337 192 74 337 1028 116 223 162 680 373 1966 231 119
leaf_count=17337 192 74 337 1028 116 223 162 680 373 1966 231 119
internal_value=0 -2.91257e-06 -5.57578e-05 -1.44849e-05 1.00184e-06 0 -0.000230116 1.41116e-05 3.75323e-06 2.72689e-05 -4.01397e-05 0.000135513
internal_weight=22838 19396 1601 1365 17795 17560 236 3442 3250 2339 911 235
internal_count=22838 19396 1601 1365 17795 17560 236 3442 3250 2339 911 235
is_linear=0
shrinkage=0.05


Tree=207
num_leaves=14
num_cat=0
split_feature=13 13 4 13 12 13 13 1 7 12 15 13 1
split_gain=0.000327432 0.00199378 0.00136628 0.0011736 0.00123526 0.00106565 0.0033872 0.00260532 0.00100574 0.00157957 0.000750301 0.000481593 0.000210409
threshold=-0.33360624145318257 -0.24290162539588597 4.8941229472114598 -0.36212995724053115 1.2833228252296802 -0.12897990006948132 -0.075603740240881553 0.25189418790817691 16.814594671928393 -1.7908957435946133 3.3927175516354109 -1.4098792687186776 0.034510256601805372
decision_type=2 2 2 2 2 2 2 2 2 2 2 2 2
left_child=3 2 10 8 12 7 -7 -3 11 -10 -2 -1 -5
right_child=1 5 -4 4 -6 6 -8 -9 9 -11 -12 -13 -14
leaf_value=0 8.9365455871424969e-05 -0.00010101319154257908 -6.6675430211594533e-05 -0.00023490764069268949 0 0.00010919317349825353 -2.7994884576036211e-06 3.2077788514335075e-05 -3.8062903192216725e-05 1.0180567616081532e-05 0 0.00013600404165336135 0
leaf_weight=72 1267 852 77 128 168 706 12349 418 2769 3648 156 178 50
leaf_count=72 1267 852 77 128 168 706 12349 418 2769 3648 156 178 50
internal_value=0 3.67083e-06 5.87557e-05 -9.2899e-06 -0.000100492 -1.05387e-06 2.11595e-06 -4.54159e-05 -2.29281e-06 -8.30249e-06 7.61187e-05 9.1621e-05 -0.000191909
internal_weight=22838 15825 1500 7013 346 14325 13055 1270 6667 6417 1423 250 178
internal_count=22838 15825 1500 7013 346 14325 13055 1270 6667 6417 1423 250 178
is_linear=0
shrinkage=0.05


Tree=208
num_leaves=13
num_cat=0
split_feature=13 13 13 21 13 14 14 13 13 7 8 5
split_gain=0.00033887 0.00226865 0.00179955 0.00155623 0.00155486 0.00175802 0.0012768 0.000837105 0.00349843 0.000655351 0.000326065 0.000146948
threshold=-1.2448797960925293 -1.2468774419040816 -0.95398890585195451 0.12245514988035738 -1.0363005613350849 12.184999942779543 13.284999847412111 -0.93968043077759511 -0.89704472932619062 36.889604398033306 1.5321120179988654 3.1666081981174474
decision_type=2 2 2 2 2 2 2 2 2 2 2 2
left_child=1 3 4 10 11 -6 -5 9 -9 -4 -1 -2
right_child=2 -3 7 6 5 -7 -8 8 -10 -11 -12 -13
leaf_value=-0.00012776153039833482 -1.5629654727495946e-05 0.00023358283653116381 0 -9.2051789577132751e-05 0 -0.00023647456271077237 5.7426039658151575e-05 -0.00019256905175390814 6.6262739607647255e-07 0.00014060679020947144 0 6.7769840917707654e-05
leaf_weight=222 168 117 164 101 109 229 1028 235 20152 187 56 70
leaf_count=222 168 117 164 101 109 229 1028 235 20152 187 56 70
internal_value=0 2.24204e-05 -1.94454e-06 0 -8.9088e-05 -0.000158036 3.07098e-05 0 -8.38354e-07 7.68417e-05 -0.000100623 0
internal_weight=22838 1524 21314 1407 576 338 1129 20738 20387 351 278 238
internal_count=22838 1524 21314 1407 576 338 1129 20738 20387 351 278 238
is_linear=0
shrinkage=0.05


Tree=209
num_leaves=15
num_cat=0
split_feature=6 6 8 13 13 13 13 5 4 4 0 6 4 2
split_gain=0.000324524 0.00111509 0.00115232 0.00102333 0.00101372 0.0023812 0.0013167 0.000986684 0.000913911 0.000776863 0.000772693 0.000394958 0.000720666 0.000603359
threshold=1.9799542868872109 1.3418272244237002 -21.434636308755461 0.47082689340989253 -1.1082133161088357 -0.95398890585195451 -1.3136583756299167 2.0452088395564298 2.6655052687713678 4.2121625044355744 0.72777321696953878 3.1128405093501876 2.6009231209991066 4.4449714256017856
decision_type=2 2 2 2 2 2 2 2 2 2 2 2 2 2
left_child=1 4 9 11 6 -6 -1 -4 -5 -3 -10 13 -13 -2
right_child=3 2 7 8 5 -7 -8 -9 10 -11 -12 12 -14 -15
leaf_value=0 0 0.00012694079625925366 0 0 -0.00015690302778239131 5.7315292682482945e-07 0.00011441057801016134 -6.2746418957398246e-05 0 0 0.00023150273321828407 0 -0.00010607433595260482 8.9118900330328895e-05
leaf_weight=868 662 154 529 180 241 16921 447 1933 66 54 139 197 220 227
leaf_count=868 662 154 529 180 241 16921 447 1933 66 54 139 197 220 227
internal_value=0 -1.98186e-06 -3.25064e-05 2.07462e-05 1.6188e-06 -7.7327e-07 4.42127e-05 -4.57165e-05 9.22738e-05 5.15551e-05 0.000164455 0 -4.04808e-05 1.84336e-05
internal_weight=22838 21147 2670 1691 18477 17162 1315 2462 385 208 205 1306 417 889
internal_count=22838 21147 2670 1691 18477 17162 1315 2462 385 208 205 1306 417 889
is_linear=0
shrinkage=0.05


Tree=210
num_leaves=15
num_cat=0
split_feature=12 0 12 1 5 13 13 15 13 1 5 0 13 8
split_gain=0.000312926 0.00140535 0.00113445 0.00128638 0.000980079 0.000831353 0.00128131 0.00108043 0.000639797 0.00128053 0.000590495 0.0008197 0.0005422 0.000533978
threshold=-9.2347614267499871 0.86101579454698596 -5.2621909335674761 0.36736883863333852 4.2739413970958688 0.79675748132704849 0.52555861591733211 -1.6294221364107628 1.7042689265110769 0.10873491796530067 4.6268630563214632 -2.2726521513074238 0.097734825159323538 -15.463488291252622
decision_type=2 2 2 2 2 2 2 2 2 2 2 2 2 2
left_child=1 10 3 12 -5 6 -4 -7 9 -3 11 -1 -2 -12
right_child=2 8 5 4 -6 7 -8 -9 -10 -11 13 -13 -14 -15
leaf_value=6.9701856523270091e-05 -2.6156441648844254e-05 0 4.3570935994855019e-06 -0.00010358383963372916 0 -2.4945163032278256e-06 -3.5324049087545453e-05 6.6552662812925444e-05 0 0.00021397526012723975 0 -4.1696465014196801e-06 2.4641123034761358e-05 -0.00014112973648890923
leaf_weight=443 1391 94 14254 791 50 408 2351 1093 73 196 50 830 680 134
leaf_count=443 1391 94 14254 791 50 408 2351 1093 73 196 50 830 680 134
internal_value=0 1.96836e-05 -1.91121e-06 -3.12353e-05 -8.47496e-05 1.97805e-06 -3.59617e-07 3.78085e-05 0.000107659 0.000141402 0 9.798e-06 -2.23415e-06 -8.55485e-05
internal_weight=22838 1820 21018 2912 841 18106 16605 1501 363 290 1457 1273 2071 184
internal_count=22838 1820 21018 2912 841 18106 16605 1501 363 290 1457 1273 2071 184
is_linear=0
shrinkage=0.05


Tree=211
num_leaves=13
num_cat=0
split_feature=14 14 14 7 14 14 14 14 4 14 0 17
split_gain=0.000335824 0.00516618 0.0040008 0.00572567 0.00283357 0.0047418 0.00198533 0.00448179 0.00178368 0.00123332 0.00110808 0.00105333
threshold=11.534999847412111 11.38000011444092 11.739999771118166 52.157077225080009 11.75500011444092 11.775000095367433 11.219999790191652 11.039999961853029 3.29805081535461 11.679999828338625 1.1151863803628903 -1.0000000180025095e-35
decision_type=2 2 2 2 2 2 2 2 2 2 2 2
left_child=1 6 3 11 -4 -6 7 -1 -3 -5 -8 -2
right_child=2 8 4 9 5 -7 10 -9 -10 -11 -12 -13
leaf_value=-3.2718606912336564e-06 0 0.00019487654654912187 0.00024912089686463803 5.2240398761824465e-05 -0.00031874319438318947 3.7672527646189046e-06 -7.8173173654801231e-05 0.00012231720379141456 0 -7.7755570729318992e-05 0 -0.00020977180378312722
leaf_weight=6285 61 469 115 524 114 12035 1183 777 101 272 285 617
leaf_count=6285 61 469 115 524 114 12035 1183 777 101 272 285 617
internal_value=0 7.25685e-06 -5.12088e-06 -8.33498e-05 3.06443e-06 0 -7.49591e-07 8.43776e-06 0.000153134 0 -5.51332e-05 -0.000190191
internal_weight=22838 9100 13738 1474 12264 12149 8530 7062 570 796 1468 678
internal_count=22838 9100 13738 1474 12264 12149 8530 7062 570 796 1468 678
is_linear=0
shrinkage=0.05


Tree=212
num_leaves=15
num_cat=0
split_feature=14 14 14 7 1 14 13 13 13 13 13 14 8 9
split_gain=0.000298119 0.00464118 0.00361282 0.00516616 0.00319368 0.00275811 0.00229467 0.00227998 0.00232513 0.00202417 0.00169087 0.0011134 0.0010323 0.000531041
threshold=11.534999847412111 11.38000011444092 11.739999771118166 52.157077225080009 0.15864618990901277 12.175000190734863 0.53714975524669095 -0.32532842971015324 0.55071779110856822 -0.36212995724053115 -0.66920619300663831 11.679999828338625 1.412730889242811 0.043951484787502021
decision_type=2 2 2 2 2 2 2 2 2 2 2 2 2 2
left_child=1 7 3 9 5 -4 -6 10 -9 -2 -1 -5 13 -3
right_child=2 12 4 11 6 -7 -8 8 -10 -11 -12 -13 -14 -15
leaf_value=9.1872044518152248e-07 0 0 7.6922071453802828e-05 4.9633354527655426e-05 -5.0909192173076792e-05 3.3866706292234026e-06 1.3327957394636756e-05 2.8357772211933666e-05 -3.8579070744281795e-05 -0.00022990812415576959 -8.52318741852246e-05 -7.3882031956433696e-05 0 0.00020110890445787963
leaf_weight=456 164 64 1957 524 3374 5081 1852 5222 1590 514 1262 272 113 393
leaf_count=456 164 64 1957 524 3374 5081 1852 5222 1590 514 1262 272 113 393
internal_value=0 6.85363e-06 -4.80952e-06 -7.91734e-05 2.91094e-06 2.59731e-05 -2.52768e-05 -6.44081e-07 1.05289e-05 -0.00018066 -5.36521e-05 0 0.000145131 0.00017859
internal_weight=22838 9100 13738 1474 12264 7038 5226 8530 6812 678 1718 796 570 457
internal_count=22838 9100 13738 1474 12264 7038 5226 8530 6812 678 1718 796 570 457
is_linear=0
shrinkage=0.05


Tree=213
num_leaves=15
num_cat=0
split_feature=6 6 3 4 13 4 13 13 13 11 6 4 7 11
split_gain=0.000296136 0.00101244 0.00114977 0.0013203 0.000923703 0.0008255 0.000558713 0.00200677 0.00127698 0.000399742 0.000344213 0.000915088 0.000339164 0.000112744
threshold=1.9799542868872109 1.7393716730304034 -1.9177712514824528 1.6776277696723461 0.47082689340989253 2.9729663703925153 -1.2448797960925293 -1.2468774419040816 -0.95398890585195451 -5.3150188019726343 3.6656230136846752 2.6242914922906224 49.835912480025151 -1.7276063851092021
decision_type=2 2 2 2 2 2 2 2 2 2 2 2 2 2
left_child=1 6 9 -4 10 -6 7 -1 -8 -3 12 -12 -2 -7
right_child=4 2 3 -5 5 13 8 -9 -10 -11 11 -13 -14 -15
leaf_value=1.7856505138121772e-06 0 -4.7899119029856348e-05 0 -0.0001775878480368205 0 0 -8.0924659535217482e-05 0.00025294853372010166 0 7.1292986540356657e-05 0 -0.00013965944665151735 4.2726496037827767e-05 0.00022756793813765331
leaf_weight=1254 462 120 85 277 200 83 498 98 18674 141 129 151 564 102
leaf_count=1254 462 120 85 277 200 83 498 98 18674 141 129 151 564 102
internal_value=0 -1.70017e-06 -6.44531e-05 -0.000122718 2.00356e-05 8.79895e-05 0 3.12512e-05 -1.98296e-06 0 0 -4.90843e-05 1.3368e-05 0.00016481
internal_weight=22838 21147 623 362 1691 385 20524 1352 19172 261 1306 280 1026 185
internal_count=22838 21147 623 362 1691 385 20524 1352 19172 261 1306 280 1026 185
is_linear=0
shrinkage=0.05


Tree=214
num_leaves=15
num_cat=0
split_feature=9 13 13 6 18 0 9 0 16 10 3 0 10 13
split_gain=0.000306326 0.000664948 0.000881959 0.0010943 0.000687896 0.000646297 0.000508893 0.00128093 0.00175617 0.00102696 0.00101139 0.000909827 0.000726988 0.000275219
threshold=0.032205559053282845 -0.86877073142472272 0.38711088025348289 2.0725810379759766 1.2287484875684402 -2.5022480346592881 0.29767353416579517 1.5123437609438959 -8.0146080970061409 15.239741448557579 -1.5890854738879576 2.1188371783717312 20.372565998803267 0.7059614949185834
decision_type=2 2 2 2 2 2 2 2 2 2 2 2 2 2
left_child=1 4 3 -3 5 -1 7 12 -9 10 -8 -11 -2 -4
right_child=6 2 13 -5 -6 -7 9 8 -10 11 -12 -13 -14 -15
leaf_value=-0.00015262523384341616 -6.4239646657001092e-05 9.3846973770726294e-05 -6.3618638717477616e-05 0 1.0490800246189992e-05 0 0 0.00021144697298400704 0 3.6497753449098998e-06 7.4090043294129597e-05 -3.435581194260727e-05 -1.0561706490036213e-05 0
leaf_weight=142 1059 826 169 120 262 123 196 128 461 11930 944 1792 4562 124
leaf_count=142 1059 826 169 120 262 123 196 128 461 11930 944 1792 4562 124
internal_value=0 1.99766e-05 4.3468e-05 6.92991e-05 -6.82158e-06 -8.0304e-05 -1.6968e-06 -1.41334e-05 4.83127e-05 2.49115e-06 4.82739e-05 -2.22583e-07 -2.33524e-05 0
internal_weight=22838 1766 1239 946 527 265 21072 6210 589 14862 1140 13722 5621 293
internal_count=22838 1766 1239 946 527 265 21072 6210 589 14862 1140 13722 5621 293
is_linear=0
shrinkage=0.05


Tree=215
num_leaves=14
num_cat=0
split_feature=19 14 18 19 14 13 20 13 13 19 18 8 13
split_gain=0.000288446 0.00121037 0.00100819 0.00229387 0.00270884 0.000699214 0.000644507 0.000981999 0.000830244 0.000492858 0.000447602 0.000205216 5.69264e-05
threshold=-2.0308634955439664 13.769999980926515 1.5732033296478891 0.88983098314556142 12.889999866485597 -2.1295115427365112 0.17805047470371765 0.36317388633246855 0.79675748132704849 2.9610859976290045 1.6791373460418366 -2.8214968992332046 0.36317388633246855
decision_type=2 2 2 2 2 2 2 2 2 2 2 2 2
left_child=1 11 6 4 -4 -3 8 -8 -2 -5 -7 -1 -13
right_child=2 5 3 9 -6 10 7 -9 -10 -11 -12 12 -14
leaf_value=0 -1.8538070933297422e-06 0 -9.3585380126202412e-06 -5.450322078255635e-05 0.00013890139202482591 0 0 -7.4083910560696927e-05 3.8282478434590635e-05 2.1272671873611342e-06 -0.00020186062497183838 0.00010629781894185101 0
leaf_weight=68 17898 67 227 486 764 51 776 748 1374 108 161 57 53
leaf_count=68 17898 67 227 486 764 51 776 748 1374 108 161 57 53
internal_value=0 -3.9322e-05 7.60473e-07 3.96057e-05 8.98446e-05 -0.000115482 -1.48068e-06 -3.29514e-05 2.31262e-07 -1.90104e-05 -0.00016043 0 6.79851e-05
internal_weight=22838 457 22381 1585 991 279 20796 1524 19272 594 212 178 110
internal_count=22838 457 22381 1585 991 279 20796 1524 19272 594 212 178 110
is_linear=0
shrinkage=0.05


Tree=216
num_leaves=15
num_cat=0
split_feature=6 6 8 14 13 13 14 13 4 15 4 6 4 15
split_gain=0.00028532 0.00095245 0.000990331 0.000986704 0.000903641 0.00203753 0.00149807 0.000864412 0.000751902 0.000731032 0.000699515 0.000293425 0.000607042 0.000604005
threshold=1.9799542868872109 1.3418272244237002 -21.434636308755461 10.615000247955324 -1.1082133161088357 -0.95398890585195451 14.480000019073488 0.47082689340989253 2.9729663703925153 -2.5170622102459341 4.2121625044355744 3.1128405093501876 2.0739934964791531 4.4978143109676747
decision_type=2 2 2 2 2 2 2 2 2 2 2 2 2 2
left_child=1 4 10 -4 6 -6 -1 11 -9 -10 -3 13 -13 -2
right_child=7 2 3 -5 5 -7 -8 8 9 -11 -12 12 -14 -15
leaf_value=0.00011440155780355235 0 0.00011873074047569741 0 -5.9200686273248816e-05 -0.0001450849579543486 5.8753751528722984e-07 0 0 0 0.0002361293165431095 0 0 -8.3243105329466776e-05 9.0472512014474625e-05
leaf_weight=461 676 154 495 1967 241 16921 854 200 69 116 54 128 289 213
leaf_count=461 676 154 495 1967 241 16921 854 200 69 116 54 128 289 213
internal_value=0 -1.65735e-06 -2.99191e-05 -4.24127e-05 1.6162e-06 -5.92452e-07 4.1818e-05 1.96784e-05 8.54164e-05 0.000158894 4.5687e-05 0 -3.43053e-05 1.64773e-05
internal_weight=22838 21147 2670 2462 18477 17162 1315 1691 385 185 208 1306 417 889
internal_count=22838 21147 2670 2462 18477 17162 1315 1691 385 185 208 1306 417 889
is_linear=0
shrinkage=0.05


Tree=217
num_leaves=13
num_cat=0
split_feature=2 5 3 15 8 5 5 3 7 5 19 20
split_gain=0.000287364 0.00129437 0.00218449 0.00074264 0.0010911 0.00106734 0.000661852 0.00236947 0.000633852 0.000660749 0.000473161 9.25431e-05
threshold=-5.5710253133461336 4.9736562757684055 7.3606926745071863 -0.94332934683008507 0.15635220328563218 4.3915160015930654 4.538150254863198 -12.833469074563689 23.675530184399502 3.4171147327634386 -0.90614338404304917 -0.1534828601749815
decision_type=2 2 2 2 2 2 2 2 2 2 2 2
left_child=6 3 11 4 -2 -5 8 -8 10 -10 -1 -3
right_child=1 2 -4 5 -6 -7 7 -9 9 -11 -12 -13
leaf_value=0.00015885154116903341 -7.2608364050033524e-07 -6.4730825373165632e-05 -0.00030503722705419779 3.6619802181048846e-06 -5.2848479271314218e-05 0.00010886721725695914 0 0.00026216090302235291 0 -7.1010574496033427e-05 0 5.788748373058636e-06
leaf_weight=101 5781 53 93 13459 1414 262 119 119 632 365 289 151
leaf_count=101 5781 53 93 13459 1414 262 119 119 632 365 289 151
internal_value=0 -1.52473e-06 -0.000104997 0 -1.30599e-05 6.77178e-06 2.02854e-05 9.86037e-05 0 -1.39309e-05 5.9644e-05 0
internal_weight=22838 21213 297 20916 7195 13721 1625 238 1387 997 390 204
internal_count=22838 21213 297 20916 7195 13721 1625 238 1387 997 390 204
is_linear=0
shrinkage=0.05


Tree=218
num_leaves=15
num_cat=0
split_feature=6 13 14 14 1 13 14 11 13 15 14 1 14 1
split_gain=0.000287035 0.000525295 0.000985596 0.00291662 0.00233196 0.00065004 0.000674424 0.000539553 0.000509067 0.000664253 0.000535665 0.000728334 0.000507947 0.000449116
threshold=0.43974277612710944 0.99327539973204104 14.460000038146974 14.230000019073488 -0.99016083905618946 1.1133505751721564 12.329999923706056 3.6900357445981338 0.088715029334418563 2.0349621002537681 13.694999694824221 -0.37546794670788203 10.315000057220461 1.7523217561911525e-06
decision_type=2 2 2 2 2 2 2 2 2 2 2 2 2 2
left_child=8 2 3 -2 -4 6 -3 -7 10 12 13 -12 -10 -1
right_child=1 5 4 -5 -6 7 -8 -9 9 -11 11 -13 -14 -15
leaf_value=-4.1066115704265128e-05 0 0 2.6349866129273986e-05 0.00014975372496895119 -7.8469151512041056e-05 -2.2031046881203267e-06 0.0001440623356170423 0.00010861496923800524 0 0 0 0.00020045719893413408 -7.2329849791498757e-05 1.0306705775359141e-05
leaf_weight=644 16732 101 650 335 1233 823 226 113 152 188 70 77 923 571
leaf_count=644 16732 101 650 335 1233 823 226 113 152 188 70 77 923 571
internal_value=0 2.07161e-06 0 3.7782e-06 -3.43297e-05 3.32804e-05 9.60356e-05 0 -1.54993e-05 -3.88064e-05 0 9.42053e-05 -5.75534e-05 -4.59886e-06
internal_weight=22838 20213 18950 17067 1883 1263 327 936 2625 1263 1362 147 1075 1215
internal_count=22838 20213 18950 17067 1883 1263 327 936 2625 1263 1362 147 1075 1215
is_linear=0
shrinkage=0.05


Tree=219
num_leaves=15
num_cat=0
split_feature=14 14 14 8 1 14 14 14 14 18 18 0 8 1
split_gain=0.000282371 0.00422382 0.00325348 0.0044932 0.00289127 0.00249238 0.00174011 0.00173483 0.00393863 0.00133577 0.00110699 0.00101038 0.000941123 0.000515543
threshold=11.534999847412111 11.38000011444092 11.739999771118166 -0.4484269385348772 0.15864618990901277 12.175000190734863 11.679999828338625 11.219999790191652 11.039999961853029 0.82798010853800552 1.2405625645435256 1.1151863803628903 4.7333342023164322 -0.21401498948357847
decision_type=2 2 2 2 2 2 2 2 2 2 2 2 2 2
left_child=1 7 3 9 5 -4 -5 8 -1 -2 -6 -9 13 -3
right_child=2 12 4 6 10 -7 -8 11 -10 -11 -12 -13 -14 -15
leaf_value=-2.3903573653209046e-06 -0.00019956517750344214 0 7.3387404709534786e-05 5.4413190430084484e-05 -3.7168250495149546e-05 3.2809271658915746e-06 -9.3560313023599085e-05 -7.3297324719655353e-05 0.0001151319556291848 0 9.9865195153472884e-06 0 0 0.00018901492297042818
leaf_weight=6285 573 92 1957 537 4064 5081 314 1183 777 50 1162 285 69 409
leaf_count=6285 573 92 1957 537 4064 5081 314 1183 777 50 1162 285 69 409
internal_value=0 7.00625e-06 -4.34335e-06 -7.49592e-05 2.92634e-06 2.49135e-05 0 -5.99472e-08 8.43082e-06 -0.000176871 -2.38138e-05 -5.10948e-05 0.000138836 0.000163131
internal_weight=22838 9100 13738 1474 12264 7038 851 8530 7062 623 5226 1468 570 501
internal_count=22838 9100 13738 1474 12264 7038 851 8530 7062 623 5226 1468 570 501
is_linear=0
shrinkage=0.05


Tree=220
num_leaves=12
num_cat=0
split_feature=10 8 11 10 15 5 15 10 15 6 5
split_gain=0.000276223 0.000392596 0.000386052 0.000335562 0.000984869 0.00137342 0.000522456 0.00103792 0.000652858 0.000159558 8.61324e-05
threshold=70.731206504103213 3.4368595997250764 -6.157873279551529 63.995436496475989 -1.4107731519649611 2.3402982056794528 4.9758728585740721 51.007156586572641 3.2616587823526171 0.50778392796175387 3.548883867962735
decision_type=2 2 2 2 2 2 2 2 2 2 2
left_child=3 2 -2 6 10 -6 8 -8 -1 -4 -5
right_child=1 -3 9 4 5 -7 7 -9 -10 -11 -12
leaf_value=7.3335433453044056e-09 0 0 0 4.3461103948191115e-05 0 -0.00016972817863764551 2.1223359887021464e-06 0.00013462948195781411 -3.2400272950224212e-05 0.00012831896974385809 0
leaf_weight=18476 81 119 62 113 135 233 1553 210 1620 183 53
leaf_count=18476 81 119 62 113 135 233 1553 210 1620 183 53
internal_value=0 3.91669e-05 7.13709e-05 -5.33445e-07 -3.97487e-05 -9.46746e-05 0 2.64767e-05 -1.86024e-06 0.000103413 0
internal_weight=22838 445 326 22393 534 368 21859 1763 20096 245 166
internal_count=22838 445 326 22393 534 368 21859 1763 20096 245 166
is_linear=0
shrinkage=0.05


Tree=221
num_leaves=13
num_cat=0
split_feature=13 13 7 7 13 13 13 16 13 18 21 18
split_gain=0.000285788 0.00215632 0.00107938 0.00106725 0.00121721 0.00182538 0.00125222 0.000915583 0.00061846 0.000522978 0.00125546 0.000134468
threshold=-0.42021305351745969 -0.43357954555437445 16.814594671928393 25.407733130300809 -0.24290162539588597 -0.29479932225512367 -0.12897990006948132 1.7891111409787277 -1.4098792687186776 1.5974926818980137 0.085304558623965618 2.0788344905509155
decision_type=2 2 2 2 2 2 2 2 2 2 2 2
left_child=1 2 8 9 5 -5 -6 -4 -1 10 -2 -11
right_child=3 -3 7 4 6 -7 -8 -9 -10 11 -12 -13
leaf_value=0 -4.0227826848779155e-07 -0.00022207689538004732 -2.8952647311981452e-05 7.4301324809416138e-06 -4.6734453824309563e-05 0.00011633236796467664 6.3607697525617706e-06 1.0005874372907909e-05 0.00015886262104370253 6.8809687489218221e-05 -0.00014774017788711294 0
leaf_weight=72 764 118 3005 2009 1208 623 12174 2277 150 70 291 77
leaf_count=72 764 118 3005 2009 1208 623 12174 2277 150 70 291 77
internal_value=0 -9.45984e-06 -2.13724e-06 3.50305e-06 7.70942e-06 3.89388e-05 4.43878e-07 -9.32014e-06 0.000100775 -4.00286e-05 -5.53484e-05 0
internal_weight=22838 5622 5504 17216 16014 2632 13382 5282 222 1202 1055 147
internal_count=22838 5622 5504 17216 16014 2632 13382 5282 222 1202 1055 147
is_linear=0
shrinkage=0.05


Tree=222
num_leaves=13
num_cat=0
split_feature=14 14 13 14 13 4 13 13 14 0 8 13
split_gain=0.000283532 0.0025963 0.00228866 0.00156427 0.00232288 0.00120597 0.000606812 0.00222799 0.000740336 0.000226686 0.000180602 9.80475e-05
threshold=9.865000247955324 9.9600000381469744 0.36686518694094566 9.4649996757507342 0.7137331665604153 3.2536949774539159 0.67494438532680345 0.52555861591733211 13.694999694824221 0.47740815391242986 2.2921993995886143 0.015546919509756842
decision_type=2 2 2 2 2 2 2 2 2 2 2 2
left_child=3 2 -2 10 5 -5 7 -3 -8 -6 11 -1
right_child=1 6 -4 4 9 -7 8 -9 -10 -11 -12 -13
leaf_value=0 -0.00032909520994846097 2.155284464456502e-06 0 0.00014532331401562621 0 0 4.1793493592620963e-05 -5.6914432386325425e-05 0 -6.9386503995600736e-05 0 -9.497988201636969e-05
leaf_weight=158 112 16652 119 604 88 72 1856 1733 1001 143 167 133
leaf_count=158 112 16652 119 604 88 72 1856 1733 1001 143 167 133
internal_value=0 -1.09848e-06 -0.000167598 2.23594e-05 6.70441e-05 0.000120081 1.38363e-08 -2.59968e-06 2.20754e-05 -2.33574e-05 -3.34056e-05 -5.74492e-05
internal_weight=22838 21473 231 1365 907 676 21242 18385 2857 231 458 291
internal_count=22838 21473 231 1365 907 676 21242 18385 2857 231 458 291
is_linear=0
shrinkage=0.05


Tree=223
num_leaves=15
num_cat=0
split_feature=12 8 11 12 16 5 2 20 16 9 8 5 4 16
split_gain=0.000287983 0.00104493 0.00116002 0.000950251 0.000964271 0.00131307 0.000925595 0.00124699 0.000738243 0.000705025 0.000643941 0.00126536 0.000893854 0.000518978
threshold=-9.2347614267499871 -10.717370608569203 -4.4297463697244028 -5.2621909335674761 -7.0035038969353911 2.3013568357588099 -9.6930688107481 -0.035095243527012814 -0.91408383923388115 0.084452503863614511 4.5304339255557311 4.9736562757684055 3.038286379125382 -9.9960599603620235
decision_type=2 2 2 2 2 2 2 2 2 2 2 2 2 2
left_child=1 6 9 4 13 -6 -1 -8 -4 -3 12 -12 -5 -2
right_child=3 2 8 10 5 -7 7 -9 -10 -11 11 -13 -14 -15
leaf_value=0 -3.4190961005327659e-05 0 0.00013790785168863869 0 0 -7.7468248049975848e-05 0 0.00016664600592833899 0 -6.8348729823545365e-05 -7.2214289084940356e-06 -0.00024231998400037728 3.0763353115046152e-05 3.8104326862995546e-05
leaf_weight=100 309 406 198 11426 622 1338 156 313 65 582 3413 65 3202 643
leaf_count=100 309 406 198 11426 622 1338 156 313 65 582 3413 65 3202 643
internal_value=0 1.92712e-05 0 -1.44147e-06 -2.83572e-05 -4.92323e-05 7.59571e-05 0.000109181 8.57032e-05 -3.11711e-05 2.06033e-06 -1.59951e-05 7.37942e-06 0
internal_weight=22838 1820 1251 21018 2912 1960 569 469 263 988 18106 3478 14628 952
internal_count=22838 1820 1251 21018 2912 1960 569 469 263 988 18106 3478 14628 952
is_linear=0
shrinkage=0.05


Tree=224
num_leaves=14
num_cat=0
split_feature=4 16 1 4 14 14 15 15 1 18 6 5 15
split_gain=0.000272814 0.0019962 0.00158115 0.000619619 0.00108727 0.00160162 0.000871271 0.000744951 0.000992359 0.000785513 0.000148457 0.000809604 0.000424643
threshold=5.4657298118953017 13.945283424885536 0.64402741316097589 2.9868423513969966 16.125000000000004 13.230000019073488 0.40837639564069167 4.8654239304321285 -0.41337117820456321 1.9495768618936633 0.83705494786629442 3.745349548865168 4.2181053455806925
decision_type=2 2 2 2 2 2 2 2 2 2 2 2 2
left_child=3 10 -3 4 5 -1 -6 9 -9 -5 11 -2 -12
right_child=1 2 -4 7 6 -7 -8 8 -10 -11 12 -13 -14
leaf_value=-5.0929190757933275e-06 0 0 -0.00042541518115508817 0 -9.2858848874290438e-05 4.6000645637667658e-05 0 0 9.4139241240233167e-05 6.772332554793979e-05 -5.6148639823986143e-05 0.0001398710146039615 0
leaf_weight=13804 79 56 52 4222 582 1722 500 113 638 456 357 118 139
leaf_count=13804 79 56 52 4222 582 1722 500 113 638 456 357 118 139
internal_value=0 -2.84354e-05 -0.00022745 1.23405e-06 -2.80538e-06 0 -5.1289e-05 1.63519e-05 6.50495e-05 5.31596e-06 0 3.91897e-05 -1.1615e-05
internal_weight=22838 801 108 22037 16608 15526 1082 5429 751 4678 693 197 496
internal_count=22838 801 108 22037 16608 15526 1082 5429 751 4678 693 197 496
is_linear=0
shrinkage=0.05


Tree=225
num_leaves=15
num_cat=0
split_feature=9 15 4 1 6 12 10 10 12 14 14 14 1 9
split_gain=0.000287598 0.000690593 0.000880091 0.00101868 0.00064225 0.000985662 0.000462191 0.00041495 0.00118598 0.000387632 0.0036772 0.00160685 0.000237228 4.75725e-05
threshold=0.99362140949327771 4.8654239304321285 2.4110793610736398 0.65471193815243478 1.9799542868872109 5.7767152263005768 50.261642066313989 34.92059188991319 6.4141770023959692 11.219999790191652 11.039999961853029 11.38000011444092 0.27558740733791409 0.69031022757429106
decision_type=2 2 2 2 2 2 2 2 2 2 2 2 2 2
left_child=1 9 13 -4 5 -2 -7 8 -6 10 -1 -11 -9 -3
right_child=4 2 3 -5 7 6 -8 12 -10 11 -12 -13 -14 -15
leaf_value=-1.687080697596883e-06 0 -4.1820915550274296e-05 0.00010289437447141467 0 0 -0.00011433725281495247 0 0 0.00015514278927190444 -5.7204694371433856e-05 0.00011505092731258728 0 -8.1909866817358144e-05 0
leaf_weight=5570 324 67 615 165 109 450 52 55 164 1346 736 12743 92 350
leaf_count=5570 324 67 615 165 109 450 52 55 164 1346 736 12743 92 350
internal_value=0 1.49598e-06 3.84899e-05 7.1342e-05 -2.31911e-05 -5.2464e-05 -9.70791e-05 0 6.06078e-05 0 9.57568e-06 -5.26629e-06 -1.44466e-05 0
internal_weight=22838 21592 1197 780 1246 826 502 420 273 20395 6306 14089 147 417
internal_count=22838 21592 1197 780 1246 826 502 420 273 20395 6306 14089 147 417
is_linear=0
shrinkage=0.05


Tree=226
num_leaves=11
num_cat=0
split_feature=15 2 5 10 6 10 9 6 6 10
split_gain=0.000284099 0.0010498 0.000551607 0.000530647 0.000576718 0.000427902 0.000409134 0.000333241 0.000111804 6.8461e-05
threshold=8.7162477917075449 8.2222933002996559 2.9021170643524346 70.731206504103213 1.0017755939983866 38.657432399970283 0.038358356195065495 0.74693332845832883 1.2653134296134978 49.171403333828813
decision_type=2 2 2 2 2 2 2 2 2 2
left_child=1 3 -2 6 -5 8 -1 -3 -4 -7
right_child=2 7 5 4 -6 9 -8 -9 -10 -11
leaf_value=1.9939538355596329e-05 0 0 0 0 0.00014220735668904024 0 -4.056474954969799e-06 0.00014131850545594322 -0.00020810166062663578 -4.7146136843744533e-05
leaf_weight=1845 156 64 53 293 134 82 19884 173 78 76
leaf_count=1845 156 64 53 293 134 82 19884 173 78 76
internal_value=0 8.79797e-07 -3.9416e-05 0 5.48639e-05 -8.45257e-05 -1.32787e-06 0.000105357 -0.000154275 0
internal_weight=22838 22393 445 22156 427 289 21729 237 131 158
internal_count=22838 22393 445 22156 427 289 21729 237 131 158
is_linear=0
shrinkage=0.05


Tree=227
num_leaves=13
num_cat=0
split_feature=9 2 18 15 11 0 0 3 0 0 7 7
split_gain=0.000263481 0.000425038 0.00190625 0.0016879 0.000920222 0.00144459 0.000504406 0.000438459 0.000383419 0.000703043 0.000862121 2.46362e-05
threshold=1.0824888602906417 4.2542345204065972 0.82798010853800552 8.7162477917075449 7.220326533162881 0.2676491535920425 1.5123437609438959 2.7925963614608533 1.4318011364384289 4.1716334918593674 64.815796166688287 70.607290045006209
decision_type=2 2 2 2 2 2 2 2 2 2 2 2
left_child=1 4 7 -4 6 -6 -1 -3 -2 10 -10 -11
right_child=8 2 3 -5 5 -7 -8 -9 9 11 -12 -13
leaf_value=-2.3157431791821508e-06 0 -4.0331493569274953e-05 0.00016144847635238494 0 0 -0.00018715538255427411 2.1913493546718067e-05 1.3557919798105763e-05 0 0 -0.00015753213189995433 2.8849655028917941e-05
leaf_weight=17372 115 541 385 131 110 168 2431 1166 70 55 221 73
leaf_count=17372 115 541 385 131 110 168 2431 1166 70 55 221 73
internal_value=0 9.68556e-07 2.19954e-05 0.000106297 -6.13195e-07 -9.09548e-05 0 0 -3.45269e-05 -6.16504e-05 -0.000107173 0
internal_weight=22838 22304 2223 516 20081 278 19803 1707 534 419 291 128
internal_count=22838 22304 2223 516 20081 278 19803 1707 534 419 291 128
is_linear=0
shrinkage=0.05


Tree=228
num_leaves=12
num_cat=0
split_feature=14 14 14 14 14 14 14 5 14 14 11
split_gain=0.000288491 0.00149435 0.00146775 0.00517238 0.00177925 0.00136423 0.000664932 0.000554169 0.000533602 0.00133295 0.00105616
threshold=10.615000247955324 10.659999847412111 10.339999675750734 10.315000057220461 10.280000209808351 10.460000038146974 10.379999637603762 2.5120960461931503 10.704999923706056 11.039999961853029 0.63188134920908989
decision_type=2 2 2 2 2 2 2 2 2 2 2
left_child=2 -2 3 4 -1 6 -4 -7 10 -10 -3
right_child=1 8 5 -5 -6 7 -8 -9 9 -11 -12
leaf_value=0 -0.00018811285986985324 0.00025475068019295576 0 -0.00034074937152631308 0.00013942280980178256 4.370954780261475e-05 0.00020143266947327549 -4.9630705562871574e-05 -4.7547647905633919e-05 9.7993878652941424e-07 0
leaf_weight=3191 108 59 117 109 236 514 229 162 1506 16553 54
leaf_count=3191 108 59 117 109 236 514 229 162 1506 16553 54
internal_value=0 -2.67943e-06 1.13759e-05 0 6.80715e-06 6.4526e-05 0.000148673 0 -7.41674e-07 -2.23878e-06 0.000104859
internal_weight=22838 18280 4558 3536 3427 1022 346 676 18172 18059 113
internal_count=22838 18280 4558 3536 3427 1022 346 676 18172 18059 113
is_linear=0
shrinkage=0.05


Tree=229
num_leaves=15
num_cat=0
split_feature=5 13 1 21 21 18 14 19 14 14 5 13 1 12
split_gain=0.000277694 0.00119867 0.00252305 0.00249865 0.00193796 0.00110867 0.00270517 0.00219606 0.00193506 0.00109297 0.00108103 0.000993046 0.000231587 0.000129111
threshold=3.5766719434842367 -1.4098792687186776 -1.0388976128239578 0.15950972927215454 0.18936418403325619 1.0524593127742399 13.769999980926515 -1.0183054576340813 24.670000076293949 14.135000228881838 3.1517908383128987 0.12984449397854816 0.49837697715335733 5.4803993676084817
decision_type=2 2 2 2 2 2 2 2 2 2 2 2 2 2
left_child=1 3 10 -1 -4 9 7 -7 -8 11 -3 -2 -11 -5
right_child=5 2 4 13 -6 6 8 -9 -10 12 -12 -13 -14 -15
leaf_value=0 -0.00012827450375703297 -0.00014409189658472316 8.6072022697769901e-06 0.00018849805457554848 -4.959917422636141e-05 0.0002429743760774272 -9.1373213045682503e-05 0 2.8721121237182631e-05 5.0910877826068907e-05 0 0 -1.1230050967735214e-05 0
leaf_weight=223 518 424 17402 271 1520 191 651 335 429 216 89 388 130 51
leaf_count=223 518 424 17402 271 1520 191 651 335 429 216 89 388 130 51
internal_value=0 2.22046e-06 0 7.52916e-05 3.13644e-06 -1.44349e-05 5.14919e-06 0.000105313 -2.98106e-05 -5.15117e-05 -0.000109131 -8.17207e-05 0 0.000170065
internal_weight=22838 19980 19435 545 18922 2858 1606 526 1080 1252 513 906 346 322
internal_count=22838 19980 19435 545 18922 2858 1606 526 1080 1252 513 906 346 322
is_linear=0
shrinkage=0.05


Tree=230
num_leaves=13
num_cat=0
split_feature=19 18 19 10 6 1 20 13 13 6 20 13
split_gain=0.000284736 0.000808637 0.00196008 0.000865978 0.000723676 0.00069988 0.000558225 0.000816518 0.000668615 0.00049466 0.000300838 1.59527e-05
threshold=-2.0308634955439664 1.5732033296478891 0.88983098314556142 26.260279108362301 0.74693332845832883 -0.20411110854499864 0.17805047470371765 0.29530246179098057 0.79675748132704849 1.123018678895765 0.34127183502747344 -1.6231581869856568
decision_type=2 2 2 2 2 2 2 2 2 2 2 2
left_child=4 6 3 -3 -1 11 8 -8 -2 -4 -7 -6
right_child=1 2 9 -5 5 10 7 -9 -10 -11 -12 -13
leaf_value=0 -1.2429716017473579e-06 0 -7.3969771403299524e-05 0.00011387963328934414 -1.7219390291185935e-05 -0.0001808460210975004 0 -6.6530361666082175e-05 3.4635448373664988e-05 0 0 1.3163504059249766e-05
leaf_weight=66 17898 305 257 686 85 152 745 779 1374 337 72 82
leaf_count=66 17898 305 257 686 85 152 745 779 1374 337 72 82
internal_value=0 9.19325e-07 3.56817e-05 8.24552e-05 -3.88965e-05 -7.98933e-05 -1.01048e-06 -3.04201e-05 5.38359e-07 -1.71501e-05 -0.000137466 0
internal_weight=22838 22381 1585 991 457 391 20796 1524 19272 594 224 167
internal_count=22838 22381 1585 991 457 391 20796 1524 19272 594 224 167
is_linear=0
shrinkage=0.05


Tree=231
num_leaves=15
num_cat=0
split_feature=13 13 7 4 7 7 12 13 15 8 6 8 8 10
split_gain=0.000254399 0.0019651 0.00285135 0.00165182 0.00125088 0.000973973 0.00134833 0.00123063 0.000696828 0.000674245 0.000674095 0.000542032 0.000239969 0.000192833
threshold=-0.42021305351745969 -0.49107995841421442 49.480455845151447 4.9915535721487378 16.814594671928393 25.407733130300809 -9.0489933367253901 -0.18422338437944494 -7.3027270156289452 -10.361660926073004 0.94600482669924202 -1.5552349287955054 -17.651369341845605 45.372656537526922
decision_type=2 2 2 2 2 2 2 2 2 2 2 2 2 2
left_child=1 3 13 4 -1 9 8 -8 -7 12 -5 -11 -2 -3
right_child=5 2 -4 10 -6 6 7 -9 -10 11 -12 -13 -14 -15
leaf_value=0.00013454584460310004 -1.5130697062720617e-05 -0.00021020740567864716 0 0 4.4930387283238012e-07 0 3.2465287775048191e-05 -2.581557829843864e-06 0.00010238020508819887 -9.5700308477945277e-05 -0.0001674415523419609 0 5.8980786733513169e-05 0
leaf_weight=194 325 293 355 98 4434 64 2995 12405 550 525 192 202 150 56
leaf_count=194 325 293 355 98 4434 64 2995 12405 550 525 192 202 150 56
internal_value=0 -9.12113e-06 -8.73613e-05 0 9.33876e-06 3.12552e-06 7.18351e-06 3.26207e-06 8.09833e-05 -3.84304e-05 -0.000113153 -6.89633e-05 0 -0.00018905
internal_weight=22838 5622 704 4918 4628 17216 16014 15400 614 1202 290 727 475 349
internal_count=22838 5622 704 4918 4628 17216 16014 15400 614 1202 290 727 475 349
is_linear=0
shrinkage=0.05


Tree=232
num_leaves=13
num_cat=0
split_feature=2 5 3 13 15 2 18 5 3 7 13 11
split_gain=0.000271052 0.00110777 0.001854 0.000714387 0.000636694 0.00100092 0.000988976 0.000578386 0.00217879 0.000565319 0.000971587 0.000654534
threshold=-5.5710253133461336 4.9736562757684055 7.3606926745071863 -0.53258404265513193 -0.94332934683008507 -0.39541183954286402 0.73623144644047755 4.538150254863198 -12.833469074563689 27.517791857797288 -0.94771753313193641 -5.0109088734545795
decision_type=2 2 2 2 2 2 2 2 2 2 2 2
left_child=7 4 3 -3 6 -6 -2 9 -9 10 -1 -11
right_child=1 2 -4 -5 5 -7 -8 8 -10 11 -12 -13
leaf_value=0.00013553898781575513 -9.2927770936737203e-07 -0.00016318827009724504 -0.00028146858106170607 4.432179634847368e-05 3.2800788079876887e-05 0 -5.290361874046173e-05 0 0.00025046447112011568 -6.5012499415561118e-05 0 0
leaf_weight=193 5938 55 93 149 2825 10896 1257 119 119 452 360 382
leaf_count=193 5938 55 93 149 2825 10896 1257 119 119 452 360 382
internal_value=0 -1.4182e-06 -9.7142e-05 0 0 6.26252e-06 -1.21e-05 1.97612e-05 9.33103e-05 0 4.52624e-05 -1.82572e-05
internal_weight=22838 21213 297 204 20916 13721 7195 1625 238 1387 553 834
internal_count=22838 21213 297 204 20916 13721 7195 1625 238 1387 553 834
is_linear=0
shrinkage=0.05


Tree=233
num_leaves=8
num_cat=0
split_feature=14 14 14 1 14 5 0
split_gain=0.000268795 0.000858288 0.00159305 0.00143715 0.00127768 0.00107755 0.000910124
threshold=9.1699995994567889 9.7150001525878924 10.055000305175783 0.46780530926067138 10.154999732971193 2.9130777541678738 -0.10056529367334587
decision_type=2 2 2 2 2 2 2
left_child=-1 5 3 -3 -4 6 -2
right_child=1 2 4 -5 -6 -7 -8
leaf_value=-7.6197423254874917e-05 0.0001475549670456831 -0.00010115753716516683 6.8517450169353124e-05 0 -4.4202233742224904e-07 -3.3649214662881088e-05 6.0860798549518863e-06
leaf_weight=114 318 739 684 167 20101 113 602
leaf_count=114 318 739 684 167 20101 113 602
internal_value=0 4.34544e-07 -1.01553e-06 -6.6238e-05 1.10887e-06 4.53616e-05 7.13789e-05
internal_weight=22838 22724 21691 906 20785 1033 920
internal_count=22838 22724 21691 906 20785 1033 920
is_linear=0
shrinkage=0.05


Tree=234
num_leaves=15
num_cat=0
split_feature=6 0 14 10 6 5 0 9 4 5 8 1 7 5
split_gain=0.000255099 0.0010003 0.00203284 0.00112554 0.00102086 0.00133483 0.000722285 0.000782831 0.00234278 0.000701686 0.000682893 0.000675373 0.000474545 0.00024007
threshold=1.9799542868872109 -2.9958650972435295 12.175000190734863 31.694933233356533 1.7393716730304034 2.3464702918759439 -1.7689769101686583 -0.04468462597382989 3.4496189065591447 2.0766079458345552 7.302203058320428 -0.24559781950701487 33.130164493482525 2.8359130014239513
decision_type=2 2 2 2 2 2 2 2 2 2 2 2 2 2
left_child=1 2 3 -1 10 -6 7 13 -9 -8 -3 -11 -4 -2
right_child=6 4 12 -5 5 -7 9 8 -10 11 -12 -13 -14 -15
leaf_value=0 0 1.0440931738544356e-06 -5.091890536306434e-05 0.00026248486914557534 0 -0.00013936445122357099 0 0 -0.00028792968935401102 0 -2.6320664844843626e-05 8.1014600853493215e-05 3.9575217338812176e-05 8.3539168327386224e-05
leaf_weight=98 64 17248 253 145 231 319 288 145 95 147 2517 867 336 85
leaf_count=98 64 17248 253 145 231 319 288 145 95 147 2517 867 336 85
internal_value=0 -1.4488e-06 5.09595e-05 0.000172319 -4.33592e-06 -7.22733e-05 1.87266e-05 -1.92631e-05 -9.3387e-05 4.15948e-05 -1.68298e-06 6.28437e-05 0 0
internal_weight=22838 21147 832 243 20315 550 1691 389 240 1302 19765 1014 589 149
internal_count=22838 21147 832 243 20315 550 1691 389 240 1302 19765 1014 589 149
is_linear=0
shrinkage=0.05


Tree=235
num_leaves=14
num_cat=0
split_feature=16 16 13 13 16 5 2 0 18 4 13 15 4
split_gain=0.00025779 0.00140582 0.000736591 0.00224905 0.000717595 0.000935263 0.000728371 0.000717588 0.000861603 0.000484812 0.000473129 4.92714e-05 5.24991e-06
threshold=-9.9960599603620235 -7.3282087198583081 -0.85891014112878239 -1.3136583756299167 -3.701545823798424 2.1214663982388715 -3.8095062323359126 1.4550770885035182 1.8565187306481066 2.0305980707684981 1.1358560565844946 -1.3458014572087948 3.8193057262932855
decision_type=2 2 2 2 2 2 2 2 2 2 2 2 2
left_child=2 9 3 -1 5 -3 -6 8 -4 11 -11 -2 -9
right_child=1 4 7 -5 6 -7 -8 12 -10 10 -12 -13 -14
leaf_value=-8.240392662579277e-05 1.9146870326137239e-05 4.5982167041538253e-06 -8.8209900052200896e-05 0.00019756839258129561 3.5135752433794756e-05 -3.8954197141691589e-05 -1.6347601174047144e-09 0 0 8.5282922526417685e-05 0 0 1.5447726184819752e-05
leaf_weight=73 335 1294 802 134 1552 2667 14686 54 66 811 60 250 54
leaf_count=73 335 1294 802 134 1552 2667 14686 54 66 811 60 250 54
internal_value=0 1.29707e-06 -2.26616e-05 2.67973e-05 -1.40759e-06 -2.09427e-05 2.43499e-06 -4.85212e-05 -6.86389e-05 4.90889e-05 7.35954e-05 0 0
internal_weight=22838 21655 1183 207 20199 3961 16238 976 868 1456 871 585 108
internal_count=22838 21655 1183 207 20199 3961 16238 976 868 1456 871 585 108
is_linear=0
shrinkage=0.05


Tree=236
num_leaves=13
num_cat=0
split_feature=13 13 14 14 13 14 14 1 18 14 9 18
split_gain=0.000259434 0.00180777 0.00210192 0.00773502 0.00611828 0.000984012 0.00350918 0.00243899 0.00186248 0.00177501 0.00173729 0.00127634
threshold=-0.42021305351745969 -0.43357954555437445 12.175000190734863 11.804999828338625 -1.0363005613350849 12.22499990463257 12.210000038146974 1.0000000180025095e-35 0.51872274921437322 12.34999990463257 0.73400925286035601 0.39295612844293987
decision_type=2 2 2 2 2 2 2 2 2 2 2 2
left_child=1 2 3 -1 -4 6 8 10 -2 -9 -7 -8
right_child=5 -3 4 -5 -6 7 11 9 -10 -11 -12 -13
leaf_value=-2.2862028369922391e-05 -5.8952218518259821e-06 -0.00020435844094369234 1.5926908483912616e-05 0.00015849488598566961 -0.00012887181034540237 9.4382660340374942e-05 0 8.6573151306633712e-05 7.0243985321172904e-05 -1.6079001331189787e-05 0 -0.00032794581616474566
leaf_weight=1839 10598 118 1762 806 1097 1445 119 481 868 3190 403 112
leaf_count=1839 10598 118 1762 806 1097 1445 119 481 868 3190 403 112
internal_value=0 -9.23022e-06 -2.28572e-06 2.67722e-05 -3.44133e-05 3.13788e-06 -4.02118e-06 2.10262e-05 0 0 6.79527e-05 -0.000196545
internal_weight=22838 5622 5504 2645 2859 17216 11697 5519 11466 3671 1848 231
internal_count=22838 5622 5504 2645 2859 17216 11697 5519 11466 3671 1848 231
is_linear=0
shrinkage=0.05


Tree=237
num_leaves=15
num_cat=0
split_feature=5 7 10 20 19 6 20 6 0 20 6 0 5 7
split_gain=0.000253635 0.00152055 0.00196732 0.000927453 0.00140679 0.0013488 0.000622861 0.000515339 0.000979954 0.000820756 0.000797322 0.000598849 0.00091348 0.000165081
threshold=3.6285126932233207 58.4062934837985 61.928103385865285 0.45629497304019939 0.36371418010621953 0.83705494786629442 -0.61842125568226181 1.9799542868872109 -2.9958650972435295 -1.1684737426435412 1.7393716730304034 -1.4859845695331695 2.108471033797946 43.32034121464735
decision_type=2 2 2 2 2 2 2 2 2 2 2 2 2 2
left_child=7 3 6 5 -5 -2 -3 8 9 -1 -10 13 -13 -9
right_child=1 2 -4 4 -6 -7 -8 11 10 -11 -12 12 -14 -15
leaf_value=0 2.1233151719122554e-05 0 2.6930881377596129e-05 0.00012979295113605489 0 -5.9941754842121332e-05 -0.00016739757428508532 -4.3711082716981772e-05 0 0.00010690052986874268 -6.4641549125671224e-05 0 7.9207299293058194e-05 0
leaf_weight=60 831 51 64 329 109 910 384 215 17770 386 495 300 819 115
leaf_count=60 831 51 64 329 109 910 384 215 17770 386 495 300 819 115
internal_value=0 -1.44418e-05 -9.33823e-05 0 6.82065e-05 -1.25953e-05 -0.000145508 1.93314e-06 0 7.28247e-05 -2.08289e-06 3.06672e-05 5.054e-05 0
internal_weight=22838 2678 499 2179 438 1741 435 20160 18711 446 18265 1449 1119 330
internal_count=22838 2678 499 2179 438 1741 435 20160 18711 446 18265 1449 1119 330
is_linear=0
shrinkage=0.05


Tree=238
num_leaves=12
num_cat=0
split_feature=14 14 14 0 14 12 14 14 14 11 6
split_gain=0.000266482 0.00136534 0.00464319 0.00187505 0.0015764 0.00155556 0.00133158 0.000478697 0.00116787 0.000965883 0.000178051
threshold=10.615000247955324 10.339999675750734 10.315000057220461 -0.10056529367334587 10.280000209808351 9.381119004969543 10.659999847412111 10.704999923706056 11.039999961853029 0.63188134920908989 1.2964587754329246
decision_type=2 2 2 2 2 2 2 2 2 2 2
left_child=1 2 4 10 -1 -5 -2 9 -9 -8 -3
right_child=6 3 -4 5 -6 -7 7 8 -10 -11 -12
leaf_value=0 -0.00017790921640872354 -2.7556164845067702e-05 -0.00032299641459373812 0.00015563327645351497 0.00013109479471783248 0 0.00024253846959497121 -4.4666904861050823e-05 6.6661759625177418e-07 0 4.5162530723591551e-05
leaf_weight=3191 108 373 109 516 236 55 59 1506 16553 54 78
leaf_count=3191 108 373 109 516 236 55 59 1506 16553 54 78
internal_value=0 1.08098e-05 0 6.21077e-05 6.20638e-06 0.000122857 -2.70208e-06 -8.25654e-07 -2.28559e-06 9.8888e-05 0
internal_weight=22838 4558 3536 1022 3427 571 18280 18172 18059 113 451
internal_count=22838 4558 3536 1022 3427 571 18280 18172 18059 113 451
is_linear=0
shrinkage=0.05


Tree=239
num_leaves=15
num_cat=0
split_feature=9 2 18 3 6 6 12 5 9 2 10 12 5 10
split_gain=0.000238678 0.000529948 0.000954193 0.000558665 0.00050884 0.000900315 0.000439185 0.00041668 0.00128865 0.000476916 0.000316126 0.00106023 0.000215215 0.000120641
threshold=0.99362140949327771 4.9783224171433007 1.2664692652192879 3.3741924528782001 1.9799542868872109 1.2046686775301156 5.8843372831128766 2.4785224383743127 0.83020414274995302 3.274301719636175 34.92059188991319 6.4141770023959692 3.0025709447281317 43.522607077232898
decision_type=2 2 2 2 2 2 2 2 2 2 2 2 2 2
left_child=1 7 3 -3 5 -2 -7 9 -9 -1 11 -6 -4 -12
right_child=4 2 12 -5 10 6 -8 8 -10 -11 13 -13 -14 -15
leaf_value=9.9827197780093679e-06 0 -3.0359758248624857e-05 0 4.1773393314451512e-05 0 0 -0.00014150552151270132 -1.431784518286502e-05 5.8676155563739874e-05 -2.7977489942988323e-05 -6.5396584828562634e-05 0.00014382614477301213 0.00015376967124151362 0
leaf_weight=10034 412 420 51 577 109 156 258 9003 589 738 76 164 180 71
leaf_count=10034 412 420 51 577 109 156 258 9003 589 738 76 164 180 71
internal_value=0 1.20544e-06 3.32195e-05 0 -2.12918e-05 -4.71358e-05 -9.92527e-05 0 -8.26633e-06 5.9873e-06 0 5.27565e-05 0.000126997 -1.36815e-05
internal_weight=22838 21592 1228 997 1246 826 414 20364 9592 10772 420 273 231 147
internal_count=22838 21592 1228 997 1246 826 414 20364 9592 10772 420 273 231 147
is_linear=0
shrinkage=0.05


Tree=240
num_leaves=15
num_cat=0
split_feature=14 14 14 14 13 8 13 13 13 1 6 4 13 8
split_gain=0.000254327 0.00383099 0.00287619 0.00293496 0.00912862 0.00264148 0.00183406 0.00197565 0.00161272 0.00152351 0.00163773 0.00152127 0.00142996 0.000440889
threshold=11.534999847412111 11.38000011444092 11.775000095367433 11.679999828338625 0.088715029334418563 -3.4092471072668649 -0.38075793360717308 0.55071779110856822 -0.66920619300663831 0.15864618990901277 0.97334090631134829 3.29805081535461 0.53714975524669095 4.7333342023164322
decision_type=2 2 2 2 2 2 2 2 2 2 2 2 2 2
left_child=1 6 3 5 -5 -2 8 -8 -1 10 -4 13 -11 -3
right_child=2 11 9 4 -6 -7 7 -9 -10 12 -12 -13 -14 -15
leaf_value=2.0338037396016691e-06 -0.00016736828319717926 0.00018810235495436158 3.932671111380152e-05 -2.0240360396658297e-06 -0.000409100276688475 3.9841894937057892e-05 2.544646402052105e-05 -3.6030098068556001e-05 -8.358262543733872e-05 -3.743959271222902e-05 -6.6996506489966945e-06 0 1.3375506671866353e-05 0
leaf_weight=456 194 419 4253 568 223 718 5335 1590 1149 3254 2676 101 1852 50
leaf_count=456 194 419 4253 568 223 718 5335 1590 1149 3254 2676 101 1852 50
internal_value=0 6.4458e-06 -4.3308e-06 -6.5599e-05 -0.000136099 0 -2.03039e-07 9.16235e-06 -4.99319e-05 3.09736e-06 1.93883e-05 0.000132041 -1.60723e-05 0.000171094
internal_weight=22838 9100 13738 1703 791 912 8530 6925 1605 12035 6929 570 5106 469
internal_count=22838 9100 13738 1703 791 912 8530 6925 1605 12035 6929 570 5106 469
is_linear=0
shrinkage=0.05


Tree=241
num_leaves=15
num_cat=0
split_feature=4 13 7 5 9 7 4 4 6 4 4 0 5 6
split_gain=0.000246115 0.000980789 0.00060162 0.000377152 0.000981687 0.00214855 0.00100643 0.000682959 0.000756134 0.000488239 0.000311458 0.000354373 0.000196275 0.000171291
threshold=1.2297571949862787 -0.18136130447363727 53.083910579042517 2.5069715720493133 0.83020414274995302 58.593553039680394 5.2039420849120406 2.1546117580045387 0.72455297617407466 1.3643886202761462 1.0368169215154219 0.78305534546648514 1.6328996999164553 0.67284222000946159
decision_type=2 2 2 2 2 2 2 2 2 2 2 2 2 2
left_child=1 2 12 7 5 -5 -6 9 -9 -2 11 -3 -1 -12
right_child=3 10 -4 4 6 -7 -8 8 -10 -11 13 -13 -14 -15
leaf_value=0 3.3645680418016642e-05 6.1988542969196328e-05 0 0 5.2348804065331929e-05 -6.9619593950002895e-05 -4.0306091234808083e-05 5.3703381965251824e-05 2.6795775596794858e-06 -7.3085829407716633e-06 0 0 -0.00013686221050408621 -3.9265440080905038e-05
leaf_weight=65 818 402 243 7603 1307 1370 194 1510 2810 5493 276 128 267 352
leaf_count=65 818 402 243 7603 1307 1370 194 1510 2810 5493 276 128 267 352
internal_value=0 -1.81825e-05 -7.24717e-05 1.41101e-06 -4.42004e-06 -1.19136e-05 3.03679e-05 8.56664e-06 2.3994e-05 0 0 3.53254e-05 -0.000116625 -1.35812e-05
internal_weight=22838 1733 575 21105 10474 8973 1501 10631 4320 6311 1158 530 332 628
internal_count=22838 1733 575 21105 10474 8973 1501 10631 4320 6311 1158 530 332 628
is_linear=0
shrinkage=0.05


Tree=242
num_leaves=14
num_cat=0
split_feature=10 13 13 1 21 1 15 3 15 5 5 13 13
split_gain=0.000238647 0.000704688 0.0025476 0.00183781 0.0014651 0.000827409 0.000668259 0.000620485 0.000538363 0.000489904 0.00110337 0.000454026 0.00112068
threshold=46.513882467118513 -1.2448797960925293 -0.89704472932619062 -0.20411110854499864 0.17565862935691479 -0.48389330396835323 3.4719562889082738 -11.908600966266118 -1.4733471733564816 4.9736562757684055 4.3915160015930654 -2.0767459620809721 -0.48098470522958675
decision_type=2 2 2 2 2 2 2 2 2 2 2 2 2
left_child=1 5 3 -3 -4 7 -7 -1 11 10 -10 -2 -13
right_child=8 2 4 -5 -6 6 -8 -9 9 -11 -12 12 -14
leaf_value=0 0 -0.00016367276798215851 4.0062077118546982e-06 0 -4.2557196079940065e-05 -3.6792548721521227e-05 8.6603937570086059e-05 0.0001055042970648091 0 -0.00014758006170008492 0.00017822607907790413 0.00014254642768478983 7.5092089556733417e-06
leaf_weight=132 63 431 14308 462 1897 463 138 439 3023 55 86 279 1062
leaf_count=132 63 431 14308 462 1897 463 138 439 3023 55 86 279 1062
internal_value=0 -2.66627e-06 -5.99059e-06 -8.83495e-05 -5.21334e-07 3.30074e-05 0 7.64887e-05 1.0107e-05 0 1.27908e-06 3.59184e-05 4.68668e-05
internal_weight=22838 18270 17098 893 16205 1172 601 571 4568 3164 3109 1404 1341
internal_count=22838 18270 17098 893 16205 1172 601 571 4568 3164 3109 1404 1341
is_linear=0
shrinkage=0.05


Tree=243
num_leaves=13
num_cat=0
split_feature=19 18 19 6 5 16 4 13 1 19 13 13
split_gain=0.000234147 0.000683913 0.00160372 0.000667978 0.000660641 0.00114959 0.000691966 0.000609518 0.000603784 0.000541094 0.000100467 1.18715e-05
threshold=-2.0308634955439664 1.5892350485192852 1.1712144921264713 0.74693332845832883 3.6285126932233207 -1.3700898100771906 3.7195842433058157 0.49393563195667683 -0.20411110854499864 2.9610859976290045 1.5171939835738393 -1.6231581869856568
decision_type=2 2 2 2 2 2 2 2 2 2 2 2
left_child=3 4 7 -1 6 -6 -2 -3 11 -4 -10 -5
right_child=1 2 9 8 5 -7 -8 -9 10 -11 -12 -13
leaf_value=0 -1.3854024652632799e-06 2.1647828844989754e-05 -6.2682056183863396e-05 -1.6120614502650047e-05 -7.5437597027153643e-05 0 3.0872778249935726e-05 0.00014984708123109085 -0.00015826529989203665 0 0 9.3973015639468182e-06
leaf_weight=66 17302 742 391 85 796 951 1794 297 159 108 65 82
leaf_count=66 17302 742 391 85 796 951 1794 297 159 108 65 82
internal_value=0 6.08042e-07 3.31759e-05 -3.54968e-05 -1.07697e-06 -3.08315e-05 8.61131e-07 7.28257e-05 -7.57115e-05 -1.93622e-05 -0.000129211 0
internal_weight=22838 22381 1538 457 20843 1747 19096 1039 391 499 224 167
internal_count=22838 22381 1538 457 20843 1747 19096 1039 391 499 224 167
is_linear=0
shrinkage=0.05


Tree=244
num_leaves=12
num_cat=0
split_feature=14 14 13 13 1 14 1 14 3 13 1
split_gain=0.000253612 0.00499603 0.00258696 0.00172647 0.00152614 0.0015002 0.00265656 0.00137525 0.00121584 0.00118788 0.000889047
threshold=13.230000019073488 13.019999980926515 -1.022724571954797 -0.75248234889007104 0.69372064861176896 13.734999656677248 9.2068842578675456e-07 13.405000209808351 15.648681097242614 -0.080120292168034388 -0.28987645369612919
decision_type=2 2 2 2 2 2 2 2 2 2 2
left_child=1 2 10 -4 5 6 -2 -6 -9 -7 -1
right_child=4 -3 3 -5 7 9 -8 8 -10 -11 -12
leaf_value=0 0.00013324746575555624 -0.00031309439885960673 6.4763031092914759e-05 -1.5391533088909749e-06 -0.00023900134771379685 -1.873016668007313e-05 0 -3.3451342980887529e-05 0.00019622119060137648 4.5728583793122547e-05 -0.00022620996854339653
leaf_weight=64 735 128 1029 16127 87 1866 558 918 52 1106 168
leaf_count=64 735 128 1029 16127 87 1866 558 918 52 1106 168
internal_value=0 -2.9799e-06 0 1.56685e-06 9.48102e-06 2.50449e-05 7.04709e-05 -3.9106e-05 -5.50161e-06 2.19415e-07 -0.000166061
internal_weight=22838 17516 17388 17156 5322 4265 1293 1057 970 2972 232
internal_count=22838 17516 17388 17156 5322 4265 1293 1057 970 2972 232
is_linear=0
shrinkage=0.05


Tree=245
num_leaves=15
num_cat=0
split_feature=2 5 10 4 4 14 10 0 0 19 11 11 13 11
split_gain=0.000255068 0.000910191 0.00165228 0.00129196 0.000701526 0.00116262 0.00105521 0.000683327 0.0010335 0.000781675 0.000614136 0.000941292 0.000579092 0.000235925
threshold=-5.5710253133461336 4.9736562757684055 16.95877861695962 4.4126335179767402 3.7875833961424727 16.914999961853031 29.613681268956363 -1.7311525226243616 -5.2283019911338773 -1.9225787655826825 -5.3150188019726343 -9.054541878402345 0.20721149365346972 -9.3867746165887898
decision_type=2 2 2 2 2 2 2 2 2 2 2 2 2 2
left_child=7 4 -3 -4 5 -2 -6 8 13 -10 11 -9 -12 -1
right_child=1 2 3 -5 6 -7 -8 10 9 -11 12 -13 -14 -15
leaf_value=0 0 0 0 -0.00028184904476921609 -2.0588006811390421e-06 -4.8718165657860629e-05 5.3420851045083018e-05 0 0 0.00010543930156032991 0.00010172241371826864 -9.532951806421053e-05 0 -0.00010671331988235652
leaf_weight=50 17158 61 115 121 980 1330 1448 181 81 613 188 371 90 51
leaf_count=50 17158 61 115 121 980 1330 1448 181 81 613 188 371 90 51
internal_value=0 -1.61685e-06 -8.84417e-05 -0.000165119 0 -3.69578e-06 2.48609e-05 1.89226e-05 5.36428e-05 8.37255e-05 0 -4.3103e-05 4.26681e-05 -4.79991e-06
internal_weight=22838 21213 297 236 20916 18488 2428 1625 795 694 830 552 278 101
internal_count=22838 21213 297 236 20916 18488 2428 1625 795 694 830 552 278 101
is_linear=0
shrinkage=0.05


Tree=246
num_leaves=11
num_cat=0
split_feature=14 14 13 14 13 4 14 1 7 4
split_gain=0.000242297 0.00132189 0.0031161 0.00141369 0.00415768 0.0013081 0.00117866 0.000262454 1.11975e-05 1.81037e-05
threshold=9.4149999618530291 9.7150001525878924 0.68329041711937555 10.055000305175783 -0.15511208884687042 3.2536949774539159 10.154999732971193 0.49196850779539886 64.572957385233778 1.1891861358790912
decision_type=2 2 2 2 2 2 2 2 2 2
left_child=8 2 5 4 -3 -2 -5 -4 9 -1
right_child=1 3 7 6 -6 -7 -8 -9 -10 -11
leaf_value=0 0.00018725320490207856 0 0 6.5599099738784079e-05 -0.00020020728763614606 0 -7.201756364848023e-07 -9.2766951761621486e-05 0 -5.2797685722291432e-05
leaf_weight=50 406 559 260 684 347 52 20101 83 55 241
leaf_count=50 406 559 260 684 347 52 20101 83 55 241
internal_value=0 4.42109e-07 6.39239e-05 -1.21347e-06 -6.26031e-05 0.000154812 7.43693e-07 -1.39292e-05 -4.16291e-05 -4.64249e-05
internal_weight=22838 22492 801 21691 906 458 20785 343 346 291
internal_count=22838 22492 801 21691 906 458 20785 343 346 291
is_linear=0
shrinkage=0.05


Tree=247
num_leaves=12
num_cat=0
split_feature=14 14 13 13 1 14 1 14 13 3 1
split_gain=0.00024494 0.0044988 0.00234082 0.00155023 0.00135767 0.0013177 0.0024161 0.00125989 0.00109651 0.00108547 0.000802464
threshold=13.230000019073488 13.019999980926515 -1.022724571954797 -0.75248234889007104 0.69372064861176896 13.734999656677248 9.2068842578675456e-07 13.405000209808351 -0.080120292168034388 15.648681097242614 -0.28987645369612919
decision_type=2 2 2 2 2 2 2 2 2 2 2
left_child=1 2 10 -4 5 6 -2 -6 -7 -9 -1
right_child=4 -3 3 -5 7 8 -8 9 -10 -11 -12
leaf_value=0 0.00012650714438320698 -0.0002974523148655552 6.1193772332841841e-05 -1.664706097660257e-06 -0.00022694978786520637 -1.7648175374452415e-05 0 -3.0850905695397461e-05 4.4173614989882863e-05 0.00018689268627775096 -0.00021527597050521091
leaf_weight=64 735 128 1029 16127 87 1866 558 918 1106 52 168
leaf_count=64 735 128 1029 16127 87 1866 558 918 1106 52 168
internal_value=0 -3.08464e-06 -3.8086e-08 1.23455e-06 9.15021e-06 2.39392e-05 6.65949e-05 -3.63121e-05 3.19895e-07 -3.54961e-06 -0.000158127
internal_weight=22838 17516 17388 17156 5322 4265 1293 1057 2972 970 232
internal_count=22838 17516 17388 17156 5322 4265 1293 1057 2972 970 232
is_linear=0
shrinkage=0.05


Tree=248
num_leaves=15
num_cat=0
split_feature=12 0 1 13 12 1 5 5 0 13 13 15 19 13
split_gain=0.000256994 0.00114514 0.000823878 0.00150489 0.000807169 0.000988316 0.000853396 0.000661804 0.000663249 0.000507178 0.00105622 0.000917041 0.000496677 0.000424961
threshold=-9.2347614267499871 0.96343162083731826 0.10873491796530067 1.7042689265110769 -5.2621909335674761 0.36736883863333852 4.2739413970958688 4.6268630563214632 -2.2726521513074238 0.79675748132704849 0.52555861591733211 -2.2096492101613903 -1.0183054576340813 0.097734825159323538
decision_type=2 2 2 2 2 2 2 2 2 2 2 2 2 2
left_child=1 7 -3 -4 5 13 -7 8 -1 10 -6 -11 -9 -2
right_child=4 2 3 -5 9 6 -8 12 -10 11 -12 -13 -14 -15
leaf_value=6.4249176630542319e-05 -2.2501387074994365e-05 0 0.00022365909890846231 0 3.8465045032865863e-06 -9.173445002439355e-05 0 0 0 -1.6851307308415123e-05 -3.2153781229439655e-05 5.4292116386332376e-05 -0.00015729278378421444 2.2923603242233883e-05
leaf_weight=443 1391 80 184 69 14254 791 50 79 856 315 2351 1186 109 680
leaf_count=443 1391 80 184 69 14254 791 50 79 856 315 2351 1186 109 680
internal_value=0 1.76852e-05 0.000101374 0.000147046 -1.86279e-06 -2.6598e-05 -7.33598e-05 0 1.15921e-05 1.28823e-06 -3.48896e-07 2.9374e-05 -8.84858e-05 -3.43126e-07
internal_weight=22838 1820 333 253 21018 2912 841 1487 1299 18106 16605 1501 188 2071
internal_count=22838 1820 333 253 21018 2912 841 1487 1299 18106 16605 1501 188 2071
is_linear=0
shrinkage=0.05


Tree=249
num_leaves=14
num_cat=0
split_feature=9 10 0 0 13 13 13 16 7 7 10 16 16
split_gain=0.000236268 0.000794154 0.00039501 0.000370543 0.0013608 0.00279884 0.00230778 0.00134638 0.00102422 0.00081763 0.000255242 8.70005e-05 0.000125359
threshold=1.0824888602906417 28.20863624191637 1.5123437609438959 1.4550770885035182 0.36317388633246855 0.39980588754765517 0.13465620494010902 -1.4383721462130459 45.475465580061318 25.407733130300809 44.598944242967981 7.2341158452657153 2.1448977668190432
decision_type=2 2 2 2 2 2 2 2 2 2 2 2 2
left_child=3 11 -3 4 6 -6 -1 9 -9 -5 -4 12 -2
right_child=1 2 10 7 5 -7 -8 8 -10 -11 -12 -13 -14
leaf_value=-7.2761629070891971e-07 0 0 -0.00016896289413768938 0 -0.0001418730602043373 -8.7322942382831105e-06 6.0724179876006129e-05 -7.9614453094620783e-05 8.2592177128784159e-06 7.6889680649110928e-05 0 0 6.3180018210791492e-05
leaf_weight=12248 50 56 146 90 479 4504 1681 383 1855 1064 50 100 132
leaf_count=12248 50 56 146 90 479 4504 1681 383 1855 1064 50 100 132
internal_value=0 -3.30846e-05 -0.000100807 4.7637e-07 -1.54458e-06 -2.45662e-05 5.61561e-06 1.61621e-05 -1.0846e-07 6.0676e-05 -0.000134401 0 3.44751e-05
internal_weight=22838 534 252 22304 18912 4983 13929 3392 2238 1154 196 282 182
internal_count=22838 534 252 22304 18912 4983 13929 3392 2238 1154 196 282 182
is_linear=0
shrinkage=0.05


Tree=250
num_leaves=13
num_cat=0
split_feature=13 13 4 10 7 13 13 13 20 11 4 5
split_gain=0.000227581 0.00161518 0.0013388 0.00117784 0.000825222 0.00104506 0.00155789 0.0010737 0.000635351 0.000859105 0.00071657 0.00060565
threshold=-0.42021305351745969 -0.43357954555437445 5.2039420849120406 24.209914889670863 25.407733130300809 -0.24290162539588597 -0.29479932225512367 -0.12897990006948132 -1.0000000180025095e-35 -7.1098286974703049 3.689936488986501 2.9572223753908586
decision_type=2 2 2 2 2 2 2 2 2 2 2 2
left_child=1 2 3 -1 8 6 -6 -7 9 -2 -10 -4
right_child=4 -3 11 -5 5 7 -8 -9 10 -11 -12 -13
leaf_value=-3.31944515566502e-05 -0.00019394437700975687 -0.00019385734319509823 0 1.8408274098337544e-05 5.4345755874717153e-06 -4.4310115020547937e-05 0.00010648824828977173 5.0501528271448304e-06 -3.5911348421797933e-05 0 6.389633846058474e-05 -0.00015048205802250541
leaf_weight=1534 139 118 55 3700 2009 1208 623 12174 822 61 180 215
leaf_count=1534 139 118 55 3700 2009 1208 623 12174 822 61 180 215
internal_value=0 -9.09585e-06 -2.37546e-06 4.15576e-07 2.45465e-06 6.26206e-06 3.50825e-05 0 -3.57649e-05 -0.000124554 -2.98086e-06 -0.000111633
internal_weight=22838 5622 5504 5234 17216 16014 2632 13382 1202 200 1002 270
internal_count=22838 5622 5504 5234 17216 16014 2632 13382 1202 200 1002 270
is_linear=0
shrinkage=0.05


Tree=251
num_leaves=15
num_cat=0
split_feature=14 14 14 13 13 13 14 14 14 0 0 10 8 1
split_gain=0.00024107 0.00303364 0.00354443 0.00379931 0.00358428 0.00190998 0.00132492 0.00422633 0.00141262 0.000905426 0.00087348 0.000546565 0.000425674 8.62105e-05
threshold=11.219999790191652 11.039999961853029 10.920000076293947 -0.24290162539588597 -0.013045006246314992 0.489122663410202 11.38000011444092 11.414999961853027 11.844999790191652 1.1151863803628903 1.4550770885035182 46.744457783104956 1.8099915218762173 0.0082123264432739946
decision_type=2 2 2 2 2 2 2 2 2 2 2 2 2 2
left_child=1 2 4 -4 -1 10 9 12 -9 11 -3 -2 -8 -11
right_child=6 5 3 -5 -6 -7 7 8 -10 13 -12 -13 -14 -15
leaf_value=-3.955532745578594e-05 -8.5814038720584223e-05 0.00015497738892932694 0 -0.00027732653589351933 3.9897925127178742e-05 0 0.0002531107248051841 -3.5561661464877637e-05 3.9536353418002987e-06 0 0 0 0 3.2345695969985238e-05
leaf_weight=2267 973 619 238 235 3545 108 179 2729 11350 80 50 210 50 205
leaf_count=2267 973 619 238 235 3545 108 179 2729 11350 80 50 210 50 205
internal_value=0 7.26096e-06 -1.9527e-06 -0.000135108 6.32489e-06 0.000100975 -3.82065e-06 0 -2.64244e-06 -4.91078e-05 0.000137718 -7.00276e-05 0.000213333 0
internal_weight=22838 7062 6285 473 5812 777 15776 14308 14079 1468 669 1183 229 285
internal_count=22838 7062 6285 473 5812 777 15776 14308 14079 1468 669 1183 229 285
is_linear=0
shrinkage=0.05


Tree=252
num_leaves=15
num_cat=0
split_feature=2 15 2 18 4 10 14 10 4 13 14 6 6 6
split_gain=0.00023433 0.000637243 0.000708369 0.00116314 0.000747852 0.000558442 0.000685268 0.000423217 0.00039523 0.00110007 0.000847183 0.000636192 0.000687971 0.000577695
threshold=-5.5710253133461336 -2.5608999229109135 -1.572433032119319 0.77340718701647748 2.2731712619599809 45.630187606514575 11.204999923706056 52.755644700012404 3.4972393009134071 0.14965665698153388 19.835000038146976 1.3313117852867526 1.9019876252604415 1.092270395643905
decision_type=2 2 2 2 2 2 2 2 2 2 2 2 2 2
left_child=8 5 3 -3 -4 6 -2 -7 9 10 -1 13 -13 -10
right_child=1 2 4 -5 -6 7 -8 -9 11 -11 -12 12 -14 -15
leaf_value=0.0001133019110431008 0 4.4352202826412009e-05 -1.3748385135387452e-05 -8.0282730029439292e-06 8.2926986162960874e-06 6.1477042378983346e-05 -5.2092850524837823e-05 -6.5668989256633123e-06 0 -9.4322216812530734e-06 0 -0.00013793633240467875 0 0.00012734031413639486
leaf_weight=494 607 2278 8224 1230 6503 275 1751 345 304 220 197 156 146 108
leaf_count=494 607 2278 8224 1230 6503 275 1751 345 304 220 197 156 146 108
internal_value=0 -1.78908e-06 9.35025e-07 2.17144e-05 -2.99734e-06 -2.34994e-05 -3.59051e-05 0 1.78473e-05 4.06364e-05 7.82441e-05 0 -6.46703e-05 2.79769e-05
internal_weight=22838 21213 18235 3508 14727 2978 2358 620 1625 911 691 714 302 412
internal_count=22838 21213 18235 3508 14727 2978 2358 620 1625 911 691 714 302 412
is_linear=0
shrinkage=0.05


Tree=253
num_leaves=10
num_cat=0
split_feature=14 14 20 14 5 14 5 5 7
split_gain=0.000227022 0.000894101 0.000748327 0.000723921 0.00143039 0.000754671 0.000329138 0.000521568 0.000220875
threshold=26.764999389648441 24.670000076293949 -0.8249003218741312 21.47500038146973 3.548883867962735 18.954999923706058 3.4763262762921188 4.4465032215505742 41.315280268086994
decision_type=2 2 2 2 2 2 2 2 2
left_child=1 3 -2 5 -5 -1 -3 -8 -4
right_child=2 6 8 4 -6 -7 7 -9 -10
leaf_value=-2.8411412864923181e-07 0 0 -0.00017038815937093143 0 -0.00011481637185041283 6.3458402495412258e-05 0.00012816010896306082 0 0
leaf_weight=20870 64 111 102 405 408 468 264 84 62
leaf_count=20870 64 111 102 405 408 468 264 84 62
internal_value=0 1.0549e-07 -4.97726e-05 -6.59677e-07 -4.72302e-05 4.13902e-07 6.95617e-05 9.34642e-05 -0.000121559
internal_weight=22838 22610 228 22151 813 21338 459 348 164
internal_count=22838 22610 228 22151 813 21338 459 348 164
is_linear=0
shrinkage=0.05


Tree=254
num_leaves=14
num_cat=0
split_feature=9 0 7 14 15 0 8 5 15 7 5 9 2
split_gain=0.00022006 0.000891079 0.000823268 0.000587064 0.000546116 0.000596706 0.000761092 0.000402589 0.000381259 0.00105547 0.000398711 0.000115861 5.9343e-05
threshold=0.99362140949327771 4.1716334918593674 68.858895845002706 9.9200000762939471 4.8654239304321285 0.63948648325924251 24.34385628718724 2.5562440012820811 3.8474031427092719 57.142851773821882 2.4853945545348952 0.82593958297278547 7.259709628758416
decision_type=2 2 2 2 2 2 2 2 2 2 2 2 2
left_child=4 2 12 -4 8 6 -6 -3 10 -10 -1 -7 -2
right_child=1 7 3 -5 5 11 -8 -9 9 -11 -12 -13 -14
leaf_value=7.5006227995246675e-06 -7.1327722021236375e-06 0.00015215772278939508 0 -0.00010515054633930448 9.3725739583395788e-05 -3.1977783798605964e-05 0 0 -0.0001061550825385172 0 -6.6597346958306464e-06 1.3576799219512296e-05 3.3748089332667616e-05
leaf_weight=10528 363 62 68 527 542 228 127 113 318 420 9129 300 113
leaf_count=10528 363 62 68 527 542 228 127 113 318 420 9129 300 113
internal_value=0 -2.07416e-05 -4.64412e-05 -8.56307e-05 7.95774e-07 3.38845e-05 6.54178e-05 5.06829e-05 -4.12361e-07 -3.59691e-05 1.61292e-07 0 0
internal_weight=22838 1246 1071 595 21592 1197 669 175 20395 738 19657 528 476
internal_count=22838 1246 1071 595 21592 1197 669 175 20395 738 19657 528 476
is_linear=0
shrinkage=0.05


Tree=255
num_leaves=14
num_cat=0
split_feature=12 0 4 14 14 7 14 1 5 14 5 18 0
split_gain=0.000228596 0.000970794 0.00130108 0.000857024 0.00272262 0.00167486 0.00119676 0.00114835 0.000973723 0.000819441 0.000469762 0.000840532 0.00053229
threshold=-9.2347614267499871 2.3809421006399645 4.0379020041831177 15.695000171661379 14.135000228881838 64.069347961090017 13.835000038146974 -0.78839419500613717 4.3280370980104248 18.590000152587894 4.6268630563214632 2.2555427541384203 -2.2726521513074238
decision_type=2 2 2 2 2 2 2 2 2 2 2 2 2
left_child=1 10 -3 4 6 -6 -2 9 -9 -5 12 -12 -1
right_child=3 2 -4 7 5 -7 -8 8 -10 -11 11 -13 -14
leaf_value=6.1322654120623803e-05 -1.8435533199363296e-07 0 0.00028519342494914065 -7.5946992420792051e-05 0.00014210697019347401 0 -0.00011348403052251346 -8.2964593154579369e-05 0 6.1985873615297735e-05 -0.00013548090148879057 0 0
leaf_weight=443 18354 78 75 93 538 172 240 1089 138 394 159 50 1015
leaf_count=443 18354 78 75 93 538 172 240 1089 138 394 159 50 1015
internal_value=0 1.66001e-05 0.000137906 -1.82084e-06 4.28583e-07 9.70567e-05 -2.45945e-06 -3.58869e-05 -6.42439e-05 4.80615e-06 0 -6.30752e-05 1.52413e-05
internal_weight=22838 1820 153 21018 19304 710 18594 1714 1227 487 1667 209 1458
internal_count=22838 1820 153 21018 19304 710 18594 1714 1227 487 1667 209 1458
is_linear=0
shrinkage=0.05


Tree=256
num_leaves=15
num_cat=0
split_feature=6 14 5 0 13 13 14 13 14 13 13 10 16 16
split_gain=0.000222124 0.000430163 0.000841102 0.000892457 0.000422982 0.00362051 0.00209435 0.00168401 0.00592565 0.000890622 0.000717771 0.00035069 0.000176416 0.000394606
threshold=0.43974277612710944 12.234999656677248 2.4076970167834779 -1.4594003096664034 -0.63545155834809341 -0.67858172478649215 13.769999980926515 -0.56734936417262005 11.38000011444092 -0.42021305351745969 -0.64278278086672958 28.787145391361211 -5.483506793089016 4.5209205299529769
decision_type=2 2 2 2 2 2 2 2 2 2 2 2 2 2
left_child=1 2 11 -4 5 6 -2 8 -6 -9 -7 -1 -3 -14
right_child=4 12 3 -5 7 10 -8 9 -10 -11 -12 -13 13 -15
leaf_value=3.5264174320548264e-05 4.5419021843512073e-05 0 0 -8.4774789910079781e-05 -0.00014442711802733151 -0.00018769599781496183 -3.5041085941360377e-05 -3.8893354664014786e-05 0.00023732001460798942 6.0754870443028131e-06 0 -2.3437157813937333e-05 6.4975068831774367e-05 0
leaf_weight=454 1600 147 90 821 100 324 1575 1145 307 15060 102 565 341 207
leaf_count=454 1600 147 90 821 100 324 1575 1145 307 15060 102 565 341 207
internal_value=0 -1.39974e-05 -2.85469e-05 -6.34911e-05 1.42083e-06 -1.297e-05 7.84352e-07 5.44384e-06 0.000106636 1.97033e-06 -0.000150372 0 4.83759e-06 2.88621e-05
internal_weight=22838 2625 1930 911 20213 3601 3175 16612 407 16205 426 1019 695 548
internal_count=22838 2625 1930 911 20213 3601 3175 16612 407 16205 426 1019 695 548
is_linear=0
shrinkage=0.05


Tree=257
num_leaves=15
num_cat=0
split_feature=4 4 5 9 7 4 2 9 6 5 5 5 6 9
split_gain=0.000221486 0.00041351 0.0002978 0.000849698 0.00202345 0.000908224 0.000608254 0.000637686 0.000547794 0.000206707 0.000273722 4.90889e-05 0.000141714 1.2028e-06
threshold=1.2297571949862787 1.0368169215154219 2.5069715720493133 0.83020414274995302 58.593553039680394 4.8941229472114598 3.0181267545069672 0.35041239405336183 1.6882295011781669 1.6328996999164553 2.5492637980630204 1.7082063380894896 0.60991145722502649 0.70748448341806702
decision_type=2 2 2 2 2 2 2 2 2 2 2 2 2 2
left_child=1 11 6 4 -4 -5 7 -2 -8 -3 -11 13 -13 -1
right_child=2 9 3 5 -6 -7 8 -9 -10 10 -12 12 -14 -15
leaf_value=-3.9370026465381779e-06 0 0 0 5.0290320851076367e-05 -6.710171676005759e-05 -3.1493018860742773e-05 -3.5019059351999408e-05 2.5350047006684504e-05 1.6681978183607792e-05 -6.2162321120348417e-05 0 0 3.7023132760738412e-05 0
leaf_weight=193 3794 162 7603 1277 1370 224 1390 5086 361 715 113 152 347 51
leaf_count=193 3794 162 7603 1277 1370 224 1390 5086 361 715 113 152 347 51
internal_value=0 -1.7514e-05 1.01698e-06 -4.08805e-06 -1.11441e-05 2.8086e-05 7.45736e-06 1.37326e-05 -1.57949e-05 -3.97477e-05 -5.01196e-05 0 1.56667e-05 0
internal_weight=22838 1733 21105 10474 8973 1501 10631 8880 1751 990 828 743 499 244
internal_count=22838 1733 21105 10474 8973 1501 10631 8880 1751 990 828 743 499 244
is_linear=0
shrinkage=0.05


Tree=258
num_leaves=13
num_cat=0
split_feature=14 14 1 12 14 2 14 10 1 14 8 0
split_gain=0.000232863 0.00404252 0.00123576 0.00133759 0.0026258 0.0013964 0.00124878 0.000890015 0.000708017 0.00182105 0.000855654 0.000113131
threshold=13.230000019073488 13.019999980926515 0.83194071115757007 -4.5489357357569258 14.265000343322756 -3.9446160200841902 24.720000267028812 16.079746436139978 -0.44052425663867234 11.719999790191652 0.73323731003392256 1.7063656923076844
decision_type=2 2 2 2 2 2 2 2 2 2 2 2
left_child=1 8 3 5 -5 -2 7 -4 9 -1 -10 -8
right_child=2 -3 6 4 -6 -7 11 -9 10 -11 -12 -13
leaf_value=-8.5248755926224415e-05 3.2704970661361073e-05 -0.00028236144277255426 0 8.7796845750625008e-05 -2.3857269737639155e-06 -5.1948290456926494e-05 0 -0.0001032723717494709 1.1555840386747209e-05 1.3515689415145034e-05 -1.2004292899289352e-05 4.9404300919162015e-05
leaf_weight=847 851 128 54 1553 1055 966 70 622 10033 578 5930 151
leaf_count=847 851 128 54 1553 1055 966 70 622 10033 578 5930 151
internal_value=0 -3.20467e-06 8.69312e-06 2.18137e-05 4.55795e-05 -4.05355e-06 -3.92808e-05 -8.07953e-05 -2.70948e-07 -3.46882e-05 1.86381e-06 1.99291e-05
internal_weight=22838 17516 5322 4425 2608 1817 897 676 17388 1425 15963 221
internal_count=22838 17516 5322 4425 2608 1817 897 676 17388 1425 15963 221
is_linear=0
shrinkage=0.05


Tree=259
num_leaves=15
num_cat=0
split_feature=18 5 5 15 16 1 15 1 1 13 9 10 18 16
split_gain=0.000230316 0.00107314 0.000976242 0.00135524 0.00110583 0.000953826 0.000758851 0.00124838 0.00224275 0.00105902 0.00123145 0.000794188 0.000749996 0.000411543
threshold=1.234778214372964 3.6285126932233207 5.6464827929910699 -1.5332373532927599 17.11085254679006 -1.4371906240197996 1.7590687045611122 -0.41337117820456321 0.22129967332893644 -0.53258404265513193 1.0128090222501216 48.910552517855656 2.0788344905509155 -7.2033955678022608
decision_type=2 2 2 2 2 2 2 2 2 2 2 2 2 2
left_child=1 5 4 -4 -3 -1 7 11 -9 12 -11 -2 -8 -7
right_child=6 2 3 -5 -6 13 9 8 -10 10 -12 -13 -14 -15
leaf_value=-0.00010318741524990342 7.7071361209574371e-05 -8.2919512342469553e-05 0.00021973483550330759 0 2.7573616661152822e-06 2.4556040555676666e-05 2.7082766008825282e-05 -0.00011104581166610135 5.2698502979874775e-06 0.00012004323358349729 0 0 -0.00011320468668738172 0
leaf_weight=216 593 1150 71 50 97 1828 249 580 738 560 110 140 131 16325
leaf_count=216 593 1150 71 50 97 1828 249 580 738 560 110 140 131 16325
internal_value=0 -2.41263e-06 -4.52066e-05 2.69039e-05 -6.42389e-05 0 1.21894e-05 0 -3.45892e-05 4.73667e-05 8.63707e-05 4.58479e-05 0 2.01934e-06
internal_weight=22838 19737 1368 121 1247 18369 3101 2051 1318 1050 670 733 380 18153
internal_count=22838 19737 1368 121 1247 18369 3101 2051 1318 1050 670 733 380 18153
is_linear=0
shrinkage=0.05


Tree=260
num_leaves=15
num_cat=0
split_feature=12 8 15 4 12 1 8 1 12 6 0 1 4 6
split_gain=0.000231995 0.000944952 0.0010891 0.000848279 0.00069469 0.000874793 0.000555166 0.00133384 0.000846895 0.000546458 0.00158313 0.000683054 0.000274519 0.00026772
threshold=-9.2347614267499871 -10.717370608569203 -8.45027504945263 2.4224112166931451 -5.2621909335674761 0.36736883863333852 1.2260944366412116 0.25747639150827945 -12.460026207349957 1.2207392976884897 -1.7999110121159954 0.10392778286408723 2.75996668306033 0.90757158880274658
decision_type=2 2 2 2 2 2 2 2 2 2 2 2 2 2
left_child=1 2 -1 -4 5 13 8 -8 -3 10 -6 -11 -7 -2
right_child=4 6 3 -5 9 12 7 -9 -10 11 -12 -13 -14 -15
leaf_value=0 -2.2423501854344928e-05 -7.4749171217840062e-05 0 0.00015356615386232517 6.2373969177238213e-05 -3.9008091201524855e-06 0 0.00023196166127607473 0 -3.7120971970589752e-05 1.756713491952969e-07 0 -0.0001136108745041381 1.0800521448270451e-05
leaf_weight=102 1106 472 141 326 1164 481 129 77 573 1825 12900 2217 360 965
leaf_count=102 1106 472 141 326 1164 481 129 77 573 1825 12900 2217 360 965
internal_value=0 1.66638e-05 7.09341e-05 0.000109298 -1.88046e-06 -2.4814e-05 0 6.4542e-05 -2.24166e-05 9.80712e-07 6.39403e-06 -1.41415e-05 -6.87574e-05 0
internal_weight=22838 1820 569 467 21018 2912 1251 206 1045 18106 14064 4042 841 2071
internal_count=22838 1820 569 467 21018 2912 1251 206 1045 18106 14064 4042 841 2071
is_linear=0
shrinkage=0.05


Tree=261
num_leaves=12
num_cat=0
split_feature=14 14 14 14 14 14 14 14 14 11 1
split_gain=0.000217012 0.00124525 0.00416722 0.00136276 0.00116607 0.00113315 0.000613216 0.000442227 0.000910264 0.000892645 0.000217287
threshold=10.615000247955324 10.339999675750734 10.315000057220461 10.280000209808351 10.659999847412111 10.460000038146974 10.379999637603762 10.704999923706056 11.039999961853029 0.63188134920908989 0.31839326829800968
decision_type=2 2 2 2 2 2 2 2 2 2 2
left_child=1 2 3 -1 -2 6 -3 9 -9 -6 -7
right_child=4 5 -4 -5 7 10 -8 8 -10 -11 -12
leaf_value=0 -0.00016700578002534688 0 -0.00030659522572320635 0.00012128512382225249 0.00023271730816243992 3.3517514187345254e-05 0.00018507065217466374 -3.9746751409935421e-05 7.9037784293562184e-08 0 -1.1013686061057654e-05
leaf_weight=3191 108 117 109 236 59 459 229 1506 16553 54 217
leaf_count=3191 108 117 109 236 59 459 229 1506 16553 54 217
internal_value=0 9.3684e-06 -6.29894e-07 4.81259e-06 -2.79097e-06 5.85909e-05 0.00013522 -9.80473e-07 -2.41362e-06 9.44897e-05 0
internal_weight=22838 4558 3536 3427 18280 1022 346 18172 18059 113 676
internal_count=22838 4558 3536 3427 18280 1022 346 18172 18059 113 676
is_linear=0
shrinkage=0.05


Tree=262
num_leaves=15
num_cat=0
split_feature=14 14 14 13 13 13 14 14 14 15 13 2 2 16
split_gain=0.000214911 0.00258331 0.0030907 0.00339076 0.00316337 0.00173658 0.00118191 0.00364576 0.00126982 0.000892709 0.00134872 0.000722823 0.000629822 7.60501e-05
threshold=11.219999790191652 11.039999961853029 10.920000076293947 -0.24290162539588597 -0.013045006246314992 0.489122663410202 11.38000011444092 11.414999961853027 11.775000095367433 1.7590687045611122 0.50979561016865083 2.5379588957762049 1.7172191752942492 5.2784169946124901
decision_type=2 2 2 2 2 2 2 2 2 2 2 2 2 2
left_child=1 2 4 -4 -1 11 9 12 -9 10 -2 -3 -8 -11
right_child=6 5 3 -5 -6 -7 7 8 -10 13 -12 -13 -14 -15
leaf_value=-3.673024979483031e-05 -9.6948643846793027e-05 0.00014487896816883992 0 -0.00026034838982352885 3.7807391207115204e-05 0 0.0002427554840412793 -3.9388613203802896e-05 2.6313141443572177e-06 0 0 0 0 3.4579715852916436e-05
leaf_weight=2267 931 615 238 235 3545 108 179 2044 12035 191 188 54 50 158
leaf_count=2267 931 615 238 235 3545 108 179 2044 12035 191 188 54 50 158
internal_value=0 6.89432e-06 -1.42227e-06 -0.000125952 6.15187e-06 9.33611e-05 -3.57431e-06 0 -2.40619e-06 -4.63533e-05 -6.936e-05 0.000128845 0.000198175 0
internal_weight=22838 7062 6285 473 5812 777 15776 14308 14079 1468 1119 669 229 349
internal_count=22838 7062 6285 473 5812 777 15776 14308 14079 1468 1119 669 229 349
is_linear=0
shrinkage=0.05


Tree=263
num_leaves=15
num_cat=0
split_feature=4 5 12 18 2 8 3 4 5 5 8 1 2 15
split_gain=0.000232255 0.000663543 0.000692136 0.00179239 0.000731888 0.000665365 0.000873463 0.00050503 0.00156002 0.000860014 0.00107782 0.000718282 0.000684673 0.000238086
threshold=2.9562911645164749 2.57069710175027 -9.2347614267499871 1.5383491721204658 5.3528929469833235 7.5589899742001281 -4.0725844940980407 2.7460583756349175 2.7887423324439973 4.3915160015930654 -1.2210722935622473 -1.1568539991239535 -4.643322461361536 5.7126625058981482
decision_type=2 2 2 2 2 2 2 2 2 2 2 2 2 2
left_child=7 5 3 -3 -4 6 -2 9 -9 11 -11 -1 -10 -7
right_child=1 2 4 -5 -6 13 -8 8 12 10 -12 -13 -14 -15
leaf_value=-6.7538637418950755e-05 0 0 -2.4736584800405284e-05 0.00012197556590264592 2.6440647990102871e-05 -6.3684095204772189e-05 7.1040046418459094e-05 0 0 0.00023293232653569165 0 0 -0.0001289816525492557 0
leaf_weight=408 346 566 3077 382 656 146 1166 719 103 87 73 14616 424 69
leaf_count=408 346 566 3077 382 656 146 1166 719 103 87 73 14616 424 69
internal_value=0 7.74583e-06 0 3.58154e-05 -1.17214e-05 3.43877e-05 4.94906e-05 -3.45476e-06 -3.42017e-05 0 0.000113666 -2.15746e-06 -0.000100743 -2.1176e-06
internal_weight=22838 6408 4681 948 3733 1727 1512 16430 1246 15184 160 15024 527 215
internal_count=22838 6408 4681 948 3733 1727 1512 16430 1246 15184 160 15024 527 215
is_linear=0
shrinkage=0.05


Tree=264
num_leaves=15
num_cat=0
split_feature=4 2 15 4 15 12 15 0 0 12 3 16 1 0
split_gain=0.0002055 0.000562259 0.00128747 0.000898814 0.000481178 0.000961657 0.000986552 0.000449533 0.000804093 0.000802589 0.000341048 0.000528049 0.00044874 0.000218094
threshold=2.9562911645164749 5.3528929469833235 8.7162477917075449 5.0981630614953817 3.2616587823526171 3.6635323043266665 5.3966486158231133 1.0731877960176661 -0.074197740111997187 -9.4173071090695988 -11.114450082494846 -7.2033955678022608 -0.23247576528333094 1.36873854383552
decision_type=2 2 2 2 2 2 2 2 2 2 2 2 2 2
left_child=4 7 -3 -4 10 6 -6 8 -2 -9 12 -12 -1 -7
right_child=1 2 3 -5 5 13 -8 9 -10 -11 11 -13 -14 -15
leaf_value=0 3.6684915270310082e-06 9.1714298164040858e-05 1.5315461775214449e-05 -0.00012787808100768382 -0.00010433753835715156 1.8984789462894048e-05 0 0.00012172627106333448 -4.0276712267415694e-05 0 3.3911580489055656e-05 -1.4772472704792176e-07 -6.550207218958879e-05 -2.3086023784477929e-05
leaf_weight=238 2809 589 167 134 573 731 224 197 1336 1176 1181 12506 450 527
leaf_count=238 2809 589 167 134 573 731 224 197 1336 1176 1181 12506 450 527
internal_value=0 7.26713e-06 4.42434e-05 0 -3.26615e-06 -2.5891e-05 -6.88463e-05 0 -6.88411e-06 2.59794e-05 0 1.69754e-06 -3.43544e-05 0
internal_weight=22838 6408 890 301 16430 2055 797 5518 4145 1373 14375 13687 688 1258
internal_count=22838 6408 890 301 16430 2055 797 5518 4145 1373 14375 13687 688 1258
is_linear=0
shrinkage=0.05


Tree=265
num_leaves=12
num_cat=0
split_feature=14 14 14 12 10 4 2 14 6 14 14
split_gain=0.000206062 0.00363406 0.000950292 0.00159073 0.00168724 0.00102362 0.00101764 0.00101535 0.000827707 0.000679878 0.00127439
threshold=13.230000019073488 13.019999980926515 14.460000038146974 -4.5489357357569258 42.087907226291236 3.2314439093223859 -2.5043293088383316 14.389999866485597 0.54126385011274081 12.914999961853027 12.50999975204468
decision_type=2 2 2 2 2 2 2 2 2 2 2
left_child=1 9 3 7 -5 8 -7 -2 -4 10 -1
right_child=2 -3 5 4 -6 6 -8 -9 -10 -11 -12
leaf_value=1.0491469355054162e-06 -5.0138659033112323e-05 -0.00026746666125114824 3.2282532558395016e-06 2.1817510863625936e-05 0.00015870729633017414 6.493407278202479e-05 -1.2167250678831067e-05 0.00012071077311592298 -6.2440926820098158e-05 0.00011528154356769407 -5.2128219764352955e-05
leaf_weight=16081 707 128 158 1540 388 646 651 65 1167 123 1184
leaf_count=16081 707 128 158 1540 388 646 651 65 1167 123 1184
internal_value=0 -2.86053e-06 8.35774e-06 3.06652e-05 5.72099e-05 -8.8976e-06 1.4699e-05 -1.62112e-05 -4.33014e-05 -3.47719e-08 -1.7317e-06
internal_weight=22838 17516 5322 2700 1928 2622 1297 772 1325 17388 17265
internal_count=22838 17516 5322 2700 1928 2622 1297 772 1325 17388 17265
is_linear=0
shrinkage=0.05


Tree=266
num_leaves=14
num_cat=0
split_feature=13 13 14 6 12 19 2 2 14 13 14 16 4
split_gain=0.000208908 0.00202604 0.00120244 0.00118629 0.0010445 0.000928564 0.000681954 0.00117093 0.000614568 0.0031127 0.00114804 0.000585155 0.000323451
threshold=-1.0363005613350849 -0.95398890585195451 12.184999942779543 0.82497765281583757 -5.4479538440383557 0.75153699084900605 -6.1164985407473216 1.4075565344549348 14.230000019073488 0.74135949679435831 12.50999975204468 -3.5746390585562335 2.472119128469807
decision_type=2 2 2 2 2 2 2 2 2 2 2 2 2
left_child=3 2 -2 4 -1 -6 12 -8 10 -10 -3 -4 -5
right_child=1 8 11 6 5 -7 7 -9 9 -11 -12 -13 -14
leaf_value=0 0 2.4643344081010444e-06 0 0 0.000155465900548902 0 -7.5277186862290308e-05 2.7964287486499923e-05 0.00010097853083412441 -2.4508688180269233e-05 -3.0109122380190013e-05 -0.00023956979441764616 8.5710397873340927e-05
leaf_weight=239 109 15861 63 58 345 51 678 195 853 868 3156 166 196
leaf_count=239 109 15861 63 58 345 51 678 195 853 868 3156 166 196
internal_value=0 -1.55012e-06 -0.000122844 1.63558e-05 7.3438e-05 0.000123359 -2.54551e-06 -3.50483e-05 0 2.89998e-05 -2.15402e-06 -0.000187916 5.00427e-05
internal_weight=22838 21076 338 1762 635 396 1127 873 20738 1721 19017 229 254
internal_count=22838 21076 338 1762 635 396 1127 873 20738 1721 19017 229 254
is_linear=0
shrinkage=0.05


Tree=267
num_leaves=14
num_cat=0
split_feature=16 16 3 14 14 13 13 3 6 20 3 13 12
split_gain=0.000192499 0.00120503 0.000843525 0.00100018 0.000898161 0.000603497 0.00189782 0.00158509 0.000689219 0.000478031 0.000425293 0.000626939 4.82354e-07
threshold=-9.9960599603620235 -7.3282087198583081 -7.1463629180038888 13.655000209808351 19.745000839233402 -0.85891014112878239 -1.3136583756299167 -12.49658817580697 1.0195535258739912 -0.33036924865237044 -7.3516484990915396 1.1358560565844946 -5.7253685015720475
decision_type=2 2 2 2 2 2 2 2 2 2 2 2 2
left_child=5 10 4 -4 -3 6 -1 9 -9 -7 11 -2 -12
right_child=1 2 3 -5 -6 7 -8 8 -10 -11 12 -13 -14
leaf_value=-6.9823689362336256e-05 7.6429659244007795e-05 -7.8397242299806563e-05 -3.0116512040854427e-06 3.1207681688684045e-05 0 -9.0952782021035309e-05 0.00018212053094100191 -0.00015747623231532015 0 3.7420744846449165e-05 0 0 1.9982476560291018e-06
leaf_weight=73 960 714 16220 2423 842 70 134 304 169 433 140 55 301
leaf_count=73 960 714 16220 2423 842 70 134 304 169 433 140 55 301
internal_value=0 9.17843e-07 -1.53714e-06 6.32666e-07 -3.7152e-05 -1.9775e-05 2.12467e-05 -4.38413e-05 -0.000111004 0 4.52485e-05 6.31079e-05 0
internal_weight=22838 21655 20199 18643 1556 1183 207 976 473 503 1456 1015 441
internal_count=22838 21655 20199 18643 1556 1183 207 976 473 503 1456 1015 441
is_linear=0
shrinkage=0.05


Tree=268
num_leaves=12
num_cat=0
split_feature=10 11 1 12 10 9 14 14 14 1 5
split_gain=0.000193178 0.000321622 0.000581073 0.000521953 0.000315596 0.000901957 0.000575098 0.000300727 0.00298691 0.00161498 2.68599e-05
threshold=70.731206504103213 8.205191520747114 -0.15042387457364129 -12.460026207349957 63.995436496475989 0.60918907431767833 10.764999866485597 13.230000019073488 13.019999980926515 0.83194071115757007 3.6285126932233207
decision_type=2 2 2 2 2 2 2 2 2 2 2
left_child=4 2 -2 -4 7 10 -7 8 -1 -9 -6
right_child=1 -3 3 -5 5 6 -8 9 -10 -11 -12
leaf_value=-4.2605829275612391e-07 0 0 0 0.00012470812152489972 1.6976355558168206e-05 0 -0.00016612128069105794 2.5742592565018347e-05 -0.00024708748641831334 -4.6248125875746602e-05 0
leaf_weight=16658 81 54 52 258 232 62 162 4227 124 850 78
leaf_count=16658 81 54 52 258 232 62 162 4227 124 850 78
internal_value=0 3.23372e-05 5.69289e-05 9.35735e-05 -8.60097e-07 -3.88035e-05 -0.000116628 0 -3.15698e-06 1.07291e-05 0
internal_weight=22838 445 391 310 22393 534 224 21859 16782 5077 310
internal_count=22838 445 391 310 22393 534 224 21859 16782 5077 310
is_linear=0
shrinkage=0.05


Tree=269
num_leaves=13
num_cat=0
split_feature=13 13 10 13 13 13 16 5 2 13 13 13
split_gain=0.0002199 0.0013894 0.00119688 0.000801764 0.00185768 0.0026482 0.00115448 0.00108536 0.000777946 0.00075801 0.000682449 0.000214207
threshold=-0.42021305351745969 -0.43357954555437445 24.500646715391245 -0.18422338437944494 -0.12897990006948132 -0.075603740240881553 -4.9862716149070501 1.918695823952808 2.4191296896932339 -0.61614253177807987 -1.2880400753498109 -0.38564326937911558
decision_type=2 2 2 2 2 2 2 2 2 2 2 2
left_child=1 2 10 6 8 -6 11 -8 -5 -4 -1 -2
right_child=3 -3 9 4 5 -7 7 -9 -10 -11 -12 -13
leaf_value=0 0 -0.00018064734452607567 0 -0.00010660186539633869 9.6387419566607664e-05 -2.6240317004026075e-06 0 5.9008275937450069e-05 0 4.9666276756906856e-05 -5.7694445262761978e-05 -3.6758830563995499e-05
leaf_weight=330 147 118 2948 580 706 12349 509 2131 220 916 1310 574
leaf_count=330 147 118 2948 580 706 12349 509 2131 220 916 1310 574
internal_value=0 -8.87008e-06 -2.43042e-06 2.49692e-06 -1.82886e-06 1.58847e-06 2.47859e-05 4.22313e-05 -7.62543e-05 9.74412e-06 -4.02441e-05 -1.82863e-05
internal_weight=22838 5622 5504 17216 13855 13055 3361 2640 800 3864 1640 721
internal_count=22838 5622 5504 17216 13855 13055 3361 2640 800 3864 1640 721
is_linear=0
shrinkage=0.05


Tree=270
num_leaves=12
num_cat=0
split_feature=19 6 19 5 19 15 6 1 15 20 20
split_gain=0.000192978 0.000606415 0.000499246 0.00202995 0.00079238 0.000679312 0.000492856 0.00045791 0.000443863 0.000334823 0.000230144
threshold=-2.0308634955439664 0.74693332845832883 -0.93695588192469637 4.1263492589536188 -0.72558974483898597 3.3927175516354109 1.129752317193315 -0.20411110854499864 -2.5608999229109135 0.21105142384773573 0.34127183502747344
decision_type=2 2 2 2 2 2 2 2 2 2 2
left_child=1 -1 3 9 5 -4 -5 -3 -6 -2 -9
right_child=2 7 4 6 8 -7 -8 10 -10 -11 -12
leaf_value=0 2.2132637630656416e-05 0 -0.0001014129847502618 2.7075273032333275e-06 -1.4647719307535307e-05 0 0.00031926647977072848 -0.00015585886046775083 4.0591256219951243e-06 -3.9584814318610981e-05 0
leaf_weight=66 585 167 358 168 3871 50 73 152 16926 350 72
leaf_count=66 585 167 358 168 3871 50 73 152 16926 350 72
internal_value=0 -3.23903e-05 2.9464e-07 3.24203e-05 -7.81105e-07 -6.98215e-05 0.000161501 -7.13668e-05 0 0 -0.000118158
internal_weight=22838 457 22381 1176 21205 408 241 391 20797 935 224
internal_count=22838 457 22381 1176 21205 408 241 391 20797 935 224
is_linear=0
shrinkage=0.05


Tree=271
num_leaves=14
num_cat=0
split_feature=4 10 10 0 15 5 0 1 0 12 7 6 14
split_gain=0.00019347 0.000428534 0.000364952 0.00118285 0.00107057 0.000555654 0.000520143 0.0013455 0.000515854 0.000325962 0.00022617 0.000141483 0.000259261
threshold=1.2297571949862787 23.734651825266095 15.239741448557579 1.643494297043204 4.3023842200459637 2.7389995836346066 2.1188371783717312 4.538663193003809 0.74366464673592714 4.0650840082829172 34.547084137840628 0.43450442411265355 10.379999637603762
decision_type=2 2 2 2 2 2 2 2 2 2 2 2 2
left_child=1 9 3 5 -5 -2 8 -8 -4 10 -1 -3 -13
right_child=2 11 6 4 -6 -7 7 -9 -10 -11 -12 12 -14
leaf_value=0 2.9589412077073721e-05 -4.063610199013698e-05 -1.5360359565933864e-06 0.00020072372926990473 0 -3.6331500196109828e-05 -3.7766072428112306e-05 0.00017366206212547446 1.8964830539721974e-05 0 -8.193784709706659e-05 0 3.132324036304373e-05
leaf_weight=65 871 169 13808 162 64 473 1998 57 3672 83 433 249 734
leaf_count=65 871 169 13808 162 64 473 1998 57 3672 83 433 249 734
internal_value=0 -1.63251e-05 1.01036e-06 2.43793e-05 0.000130921 0 -1.0111e-07 -2.45243e-05 1.91332e-06 -5.13305e-05 -6.86014e-05 0 8.61249e-06
internal_weight=22838 1733 21105 1570 226 1344 19535 2055 17480 581 498 1152 983
internal_count=22838 1733 21105 1570 226 1344 19535 2055 17480 581 498 1152 983
is_linear=0
shrinkage=0.05


Tree=272
num_leaves=15
num_cat=0
split_feature=18 20 13 14 1 16 4 2 2 14 12 14 13 11
split_gain=0.000200421 0.000907168 0.00157899 0.00199821 0.000781735 0.00123417 0.000732185 0.000556522 0.00104615 0.000425991 0.000894336 0.000885409 0.000415512 0.000389814
threshold=1.234778214372964 0.18810002153603195 0.36317388633246855 19.745000839233402 -0.94458639390226196 2.7654480866722402 7.65351235667843 4.2542345204065972 9.7251754121273084 13.284999847412111 -10.687021455833356 17.094999313354496 0.10974257862870208 0.59114503163034238
decision_type=2 2 2 2 2 2 2 2 2 2 2 2 2 2
left_child=1 4 12 -4 5 -1 -6 9 13 10 -2 -11 -3 -9
right_child=7 2 3 -5 6 -7 -8 8 -10 11 -12 -13 -14 -15
leaf_value=-0.00010315163061814646 4.8610289137066127e-05 -1.8760872874214938e-05 -0.00016727091153388577 0 3.9139128383759811e-06 0 -0.0001373011358443612 0 0 6.509319715137645e-05 -7.1747965783349103e-05 0 6.7673906775569481e-05 0.0001375149343794124
leaf_weight=463 65 374 403 111 17899 203 87 56 100 610 537 1449 197 284
leaf_count=463 65 374 403 111 17899 203 87 56 100 610 537 1449 197 284
internal_value=0 -2.16842e-06 -4.66239e-05 -0.000110675 0 -5.26886e-05 2.38931e-06 1.1472e-05 6.38796e-05 0 -3.38178e-05 1.34987e-05 0 0.000113785
internal_weight=22838 19737 1085 514 18652 666 17986 3101 440 2661 602 2059 571 340
internal_count=22838 19737 1085 514 18652 666 17986 3101 440 2661 602 2059 571 340
is_linear=0
shrinkage=0.05


Tree=273
num_leaves=15
num_cat=0
split_feature=9 13 21 21 6 3 12 0 19 6 2 9 15 7
split_gain=0.000191903 0.000551619 0.000761807 0.000627115 0.000729076 0.000578574 0.0004002 0.00136928 0.00146848 0.00142783 0.00101355 0.000782245 0.000728781 0.000215273
threshold=0.032205559053282845 -0.86877073142472272 0.17324324078428033 0.13381943002440336 0.87356173499091783 -3.8374472213475559 -2.2758398799028319 0.20981747612798327 0.55893111095968129 1.1082468254538662 -1.160972845305652 0.67313969451383526 -0.80050139169409162 26.572429875432906
decision_type=2 2 2 2 2 2 2 2 2 2 2 2 2 2
left_child=1 3 5 4 -1 -3 7 8 -2 -9 11 -8 -12 -5
right_child=6 2 -4 13 -6 -7 10 9 -10 -11 12 -13 -14 -15
leaf_value=0 -3.9663168481286596e-05 8.0313150865767607e-05 -3.4622916818125592e-06 6.6727379749217342e-05 -0.00013501226601449085 0 3.5773702622888498e-05 -4.6202044869922582e-06 8.8101508691727578e-05 6.9929514117883005e-05 -4.0364485148300604e-05 -3.0296937898427562e-05 0 0
leaf_weight=57 4028 792 178 120 187 269 3226 1852 171 803 1230 273 9489 163
leaf_count=57 4028 792 178 120 187 269 3226 1852 171 803 1230 273 9489 163
internal_value=0 1.54937e-05 3.77407e-05 -8.37332e-06 -8.0919e-05 5.87742e-05 -1.62407e-06 -1.19602e-05 -3.08689e-05 1.22975e-05 2.3042e-06 2.63258e-05 -4.13964e-06 1.42271e-06
internal_weight=22838 1766 1239 527 244 1061 21072 6854 4199 2655 14218 3499 10719 283
internal_count=22838 1766 1239 527 244 1061 21072 6854 4199 2655 14218 3499 10719 283
is_linear=0
shrinkage=0.05


Tree=274
num_leaves=14
num_cat=0
split_feature=14 14 15 14 14 8 10 3 14 0 8 14 14
split_gain=0.000192147 0.00188246 0.0012671 0.00115313 0.000970217 0.000831767 0.000732735 0.000579924 0.00051332 0.000207136 0.000169613 0.000159188 2.21533e-05
threshold=9.865000247955324 10.055000305175783 1.9799591119971984 9.4649996757507342 10.154999732971193 1.3441684582632827 24.02618267499729 -4.6355841403447275 10.260000228881838 1.7919189334879799 2.2921993995886143 9.2849998474121112 9.9600000381469744
decision_type=2 2 2 2 2 2 2 2 2 2 2 2 2
left_child=3 2 7 10 9 6 -5 -2 -6 -3 11 -1 -4
right_child=1 4 12 5 8 -7 -8 -9 -10 -11 -12 -13 -14
leaf_value=0 0 7.0088761922865658e-05 -1.6995410219668743e-05 0 -6.1434213479403814e-05 0 0.00014083740466470753 -0.00016173328032434444 0 0 0 -9.3338506221155509e-05 1.3062532120098526e-05
leaf_weight=158 68 597 85 243 342 318 346 357 19759 87 167 133 178
leaf_count=158 68 597 85 243 342 318 346 357 19759 87 167 133 178
internal_value=0 -1.46716e-06 -8.30032e-05 1.78275e-05 5.13967e-07 5.72069e-05 9.25255e-05 -0.000136305 -7.47678e-07 5.94352e-05 -2.74324e-05 -5.13332e-05 0
internal_weight=22838 21473 688 1365 20785 907 589 425 20101 684 458 291 263
internal_count=22838 21473 688 1365 20785 907 589 425 20101 684 458 291 263
is_linear=0
shrinkage=0.05


Tree=275
num_leaves=13
num_cat=0
split_feature=9 10 1 10 17 12 1 14 14 14 16 3
split_gain=0.000186427 0.000681138 0.00144356 0.000300993 0.000947339 0.000954841 0.00072178 0.000684039 0.00228651 0.000751414 8.05694e-05 0.00011567
threshold=1.0824888602906417 28.20863624191637 0.17392060557250727 24.363511189386191 -1.0000000180025095e-35 3.6635323043266665 -0.66572872256166626 9.865000247955324 10.055000305175783 9.4649996757507342 7.2341158452657153 3.8243484707007562
decision_type=2 2 2 2 2 2 2 2 2 2 2 2
left_child=3 10 -3 4 5 -1 -6 9 -9 -5 11 -2
right_child=1 2 -4 7 6 -7 -8 8 -10 -11 -12 -13
leaf_value=-7.9758723816313612e-05 0 0 -0.00018879948942457652 0 -6.5953150883172218e-05 0 4.3686261788045236e-06 -0.00010907318961727052 5.8640377771103009e-06 8.3744541864749376e-05 0 6.0734791076992451e-05
leaf_weight=807 50 91 161 265 389 131 5659 441 14052 560 100 132
leaf_count=807 50 91 161 265 389 131 5659 441 14052 560 100 132
internal_value=0 -2.94109e-05 -9.2519e-05 3.84079e-07 -7.41927e-06 -5.4146e-05 0 4.92234e-06 1.32448e-06 4.9889e-05 0 3.31764e-05
internal_weight=22838 534 252 22304 6986 938 6048 15318 14493 825 282 182
internal_count=22838 534 252 22304 6986 938 6048 15318 14493 825 282 182
is_linear=0
shrinkage=0.05


Tree=276
num_leaves=15
num_cat=0
split_feature=13 13 7 4 13 5 7 13 13 6 8 8 20 5
split_gain=0.000181078 0.00133659 0.00248765 0.00122126 0.00107736 0.000788005 0.000740009 0.000967243 0.00147602 0.00100916 0.000553702 0.00047661 0.000395189 0.000112707
threshold=-0.42021305351745969 -0.49107995841421442 49.480455845151447 4.9915535721487378 -0.61614253177807987 3.2535172103137087 25.407733130300809 -0.24290162539588597 -0.29479932225512367 1.1575623170826168 -10.361660926073004 -1.5552349287955054 -0.1534828601749815 1.8327091325836935
decision_type=2 2 2 2 2 2 2 2 2 2 2 2 2 2
left_child=1 3 13 4 -1 -5 10 8 -8 -9 12 -12 -2 -3
right_child=6 2 -4 5 -6 -7 7 9 -10 -11 11 -13 -14 -15
leaf_value=0 -0.00010490942659885151 0 0 0 6.1588353649358571e-05 -0.00015843521604945541 4.5788348089983666e-06 -7.3913788916461606e-06 0.00010301033798832112 2.4495939337324133e-05 -8.6731705369915872e-05 0 2.6204102432089478e-05 -0.00018446998870031166
leaf_weight=3852 63 50 355 101 776 189 2009 10098 623 3284 525 202 412 299
leaf_count=3852 63 50 355 101 776 189 2009 10098 623 3284 525 202 412 299
internal_value=0 -8.07219e-06 -7.25217e-05 0 7.40529e-06 -9.80798e-05 2.23883e-06 5.88858e-06 3.3605e-05 0 -3.38816e-05 -6.16313e-05 0 -0.000168413
internal_weight=22838 5622 704 4918 4628 290 17216 16014 2632 13382 1202 727 475 349
internal_count=22838 5622 704 4918 4628 290 17216 16014 2632 13382 1202 727 475 349
is_linear=0
shrinkage=0.05


Tree=277
num_leaves=13
num_cat=0
split_feature=13 13 10 10 14 21 14 5 14 14 14 13
split_gain=0.00018794 0.00181628 0.00149365 0.00116425 0.00147237 0.00132171 0.0012267 0.000891747 0.000527336 0.0018668 0.00149471 0.000222895
threshold=-1.0363005613350849 -0.95398890585195451 53.521322471735537 53.13938399405496 12.769999980926515 0.11491929714247641 19.835000038146976 2.0452088395564298 18.954999923706058 18.679999351501468 22.804999351501468 -2.1295115427365112
decision_type=2 2 2 2 2 2 2 2 2 2 2 2
left_child=3 2 7 4 -1 -6 -5 -2 9 -3 -10 -8
right_child=1 8 -4 6 5 -7 11 -9 10 -11 -12 -13
leaf_value=-9.4346046635693904e-05 0 0 0 0 0 8.5529286991991384e-05 0 -0.00021567216391740816 0.0001422516316961264 -0.00014147723486534464 0 -0.00020699623058846391
leaf_weight=108 59 19677 53 67 285 1127 66 226 247 234 580 109
leaf_count=108 59 19677 53 67 285 1127 66 226 247 234 580 109
internal_value=0 -1.60966e-06 -0.000116428 1.5347e-05 3.83471e-05 5.91717e-05 -6.69513e-05 -0.000170657 0 -1.35767e-06 3.9343e-05 -0.000153667
internal_weight=22838 21076 338 1762 1520 1412 242 285 20738 19911 827 175
internal_count=22838 21076 338 1762 1520 1412 242 285 20738 19911 827 175
is_linear=0
shrinkage=0.05


Tree=278
num_leaves=15
num_cat=0
split_feature=4 14 14 14 1 8 19 5 14 14 14 16 8 6
split_gain=0.000182218 0.000678634 0.00112929 0.00170479 0.000917149 0.000775942 0.000814928 0.000592146 0.000946152 0.00191233 0.001441 0.000742565 0.000959386 0.000223075
threshold=2.9562911645164749 16.914999961853031 13.230000019073488 12.570000171661379 0.15864618990901277 -1.4545018984163931 -0.50858699558399667 2.57069710175027 11.739999771118166 11.284999847412111 12.210000038146974 -3.701545823798424 7.5589899742001281 0.82497765281583757
decision_type=2 2 2 2 2 2 2 2 2 2 2 2 2 2
left_child=1 2 3 -1 -4 6 -3 11 9 -9 -10 13 -13 -2
right_child=7 5 4 -5 -6 -7 -8 8 10 -11 -12 12 -14 -15
leaf_value=0 0 0 6.4866430619958744e-05 -7.9618781179772652e-05 0 0 -0.00012965937717548492 0 8.4716377335961881e-05 -0.00012681905401253221 0 7.2894454270621212e-05 0 -4.6674069750132225e-05
leaf_weight=12941 136 278 1125 731 588 421 346 707 551 421 3002 1134 202 255
leaf_count=12941 136 278 1125 731 588 421 346 707 551 421 3002 1134 202 255
internal_value=0 -3.11906e-06 0 -5.25987e-06 3.77684e-05 -4.21283e-05 -7.79363e-05 6.79245e-06 0 -4.21546e-05 1.00525e-05 3.20595e-05 5.21237e-05 0
internal_weight=22838 16430 15385 13672 1713 1045 624 6408 4681 1128 3553 1727 1336 391
internal_count=22838 16430 15385 13672 1713 1045 624 6408 4681 1128 3553 1727 1336 391
is_linear=0
shrinkage=0.05


Tree=279
num_leaves=15
num_cat=0
split_feature=2 0 0 1 6 14 2 4 6 19 1 2 6 0
split_gain=0.000187294 0.000799198 0.00101911 0.00061924 0.00134488 0.00140779 0.00116538 0.000692076 0.000998687 0.000601254 0.000565159 0.000317466 0.00104286 0.000746335
threshold=-3.749003867012362 -2.7296914526976157 -5.2283019911338773 -0.15042387457364129 1.2286238934920619 11.899999618530275 2.657317069934007 7.0194085560811326 1.9799542868872109 -1.8682270142549371 0.66769845393931559 -8.3949485297998265 0.78321449345742833 2.3809421006399645
decision_type=2 2 2 2 2 2 2 2 2 2 2 2 2 2
left_child=1 2 -1 4 5 -2 -6 8 -5 -4 -9 12 -3 -13
right_child=3 11 9 7 6 -7 -8 10 -10 -11 -12 13 -14 -15
leaf_value=0 -4.0534279019894946e-05 0 0 0 -0.00011173532756537043 2.609286943189937e-05 0 0 5.0506301609892823e-05 0.00010523211213862671 -0.00022390439875016456 0 -0.00013211673733579671 0.00013577712496044115
leaf_weight=132 1452 61 103 14199 632 1662 206 72 1041 578 59 2347 193 101
leaf_count=132 1452 61 103 14199 632 1662 206 72 1041 578 59 2347 193 101
internal_value=0 1.01584e-05 5.38542e-05 -2.33552e-06 -2.02894e-05 -1.61755e-07 -7.71159e-05 1.30578e-06 3.25326e-06 8.48372e-05 -0.000109927 0 -5.52743e-05 2.43965e-06
internal_weight=22838 3515 813 19323 3952 3114 838 15371 15240 681 131 2702 254 2448
internal_count=22838 3515 813 19323 3952 3114 838 15371 15240 681 131 2702 254 2448
is_linear=0
shrinkage=0.05


Tree=280
num_leaves=15
num_cat=0
split_feature=13 13 13 13 13 13 4 12 13 10 20 10 2 12
split_gain=0.000187929 0.00148064 0.00231998 0.0014318 0.00124207 0.000959222 0.000596259 0.000498267 0.00113168 0.00107742 0.00074189 0.000558098 0.000503047 0.000432919
threshold=0.64779913388313137 0.52555861591733211 0.53714975524669095 0.49393563195667683 0.58543975638573065 0.48761463514747089 1.8718962082285009 1.0339346370256994 0.83243685891511998 17.982413595045113 0.10974633865997276 18.149646012026405 3.3309392778223761 2.7310979179569239
decision_type=2 2 2 2 2 2 2 2 2 2 2 2 2 2
left_child=1 3 -3 5 -4 -1 -5 8 11 13 -10 -2 -11 -9
right_child=7 2 4 6 -6 -7 -8 9 10 12 -12 -13 -14 -15
leaf_value=6.8631130635864204e-07 0 -0.00019923862156703864 3.0750932035642578e-06 0 -9.6878653112566473e-05 -0.00010329156857616389 0.00016629189062254939 0 2.3973752561252785e-05 -5.6304244129508487e-05 -5.959954388921004e-05 8.9194257666922697e-05 0 0.00013564597940109838
leaf_weight=17337 120 236 1017 52 348 223 183 60 791 783 393 729 427 139
leaf_count=17337 120 236 1017 52 348 223 183 60 791 783 393 729 427 139
internal_value=0 -2.31995e-06 -4.86266e-05 1.00583e-06 -1.14789e-05 0 0.000123465 1.03022e-05 2.78989e-05 -4.45094e-06 0 7.20486e-05 -3.18413e-05 8.64199e-05
internal_weight=22838 19396 1601 17795 1365 17560 235 3442 2033 1409 1184 849 1210 199
internal_count=22838 19396 1601 17795 1365 17560 235 3442 2033 1409 1184 849 1210 199
is_linear=0
shrinkage=0.05


Tree=281
num_leaves=13
num_cat=0
split_feature=15 15 5 0 1 8 1 15 1 20 6 5
split_gain=0.00017479 0.000573214 0.000970846 0.000592851 0.000458466 0.00147271 0.000736281 0.000456754 0.000750061 0.000544764 0.000190825 5.80212e-06
threshold=8.7162477917075449 4.8654239304321285 2.2960406272098326 0.6594916800845726 0.26357087488971026 6.3821695238370078 1.3565666857997727 3.0662527574748801 0.30758574068941946 -0.33036924865237044 1.6026724332115776 3.1022671811174694
decision_type=2 2 2 2 2 2 2 2 2 2 2 2
left_child=1 7 10 -4 11 -6 -7 9 -9 -1 -3 -2
right_child=4 2 3 -5 5 6 -8 8 -10 -11 -12 -13
leaf_value=-2.7018944672464454e-05 1.1182378895745361e-05 -4.3185021059748998e-05 0.0001023206499888378 0 0 -0.00030573984586417766 0 -5.0850833275464521e-05 0 3.6337834123345689e-06 0 0
leaf_weight=1552 115 274 503 606 88 75 51 1177 706 17445 130 116
leaf_count=1552 115 274 503 606 88 75 51 1177 706 17445 130 116
internal_value=0 2.48179e-07 3.04436e-05 5.84677e-05 -3.12518e-05 -8.57731e-05 -0.000203581 -1.22283e-06 -2.49301e-05 3.38697e-07 -9.40157e-06 0
internal_weight=22838 22393 1513 1109 445 214 126 20880 1883 18997 404 231
internal_count=22838 22393 1513 1109 445 214 126 20880 1883 18997 404 231
is_linear=0
shrinkage=0.05


Tree=282
num_leaves=15
num_cat=0
split_feature=18 18 8 14 14 15 4 4 9 4 8 12 10 4
split_gain=0.000185945 0.000701447 0.000741965 0.0011457 0.000870041 0.000642337 0.00107262 0.000913246 0.000652962 0.000747562 0.000477012 0.00045616 0.000367397 0.000357248
threshold=1.234778214372964 0.98868021481584434 -0.11182939233899455 11.739999771118166 11.679999828338625 1.7590687045611122 4.756837566660816 2.0474423173312757 0.080087067879951832 3.57711184697955 1.6104768568907899 -6.1991133823846214 30.819817113478539 1.9039923232027174
decision_type=2 2 2 2 2 2 2 2 2 2 2 2 2 2
left_child=1 2 3 -1 -4 8 7 -7 11 -10 13 -2 -8 -3
right_child=5 10 4 -5 -6 6 12 -9 9 -11 -12 -13 -14 -15
leaf_value=-4.8055550838047025e-06 6.7016881529836971e-05 0 9.2687109724314499e-07 2.7692530750598793e-05 -2.7887700545223e-05 0 -0.00011037288822244126 9.6675053102542835e-05 -5.3954832811786356e-05 7.4196140295247173e-07 0 0 0 -7.593589904945409e-05
leaf_weight=4849 440 124 5027 4796 3984 120 77 739 913 538 277 160 114 680
leaf_count=4849 440 124 5027 4796 3984 120 77 739 913 538 277 160 114 680
internal_value=0 -2.10617e-06 0 9.80034e-06 -1.015e-05 1.10287e-05 4.34387e-05 7.33974e-05 0 -2.33573e-05 -4.12509e-05 3.73909e-05 -1.28528e-05 -6.13887e-05
internal_weight=22838 19737 18656 9645 9011 3101 1050 859 2051 1451 1081 600 191 804
internal_count=22838 19737 18656 9645 9011 3101 1050 859 2051 1451 1081 600 191 804
is_linear=0
shrinkage=0.05


Tree=283
num_leaves=15
num_cat=0
split_feature=13 13 11 0 13 10 13 13 13 1 16 6 10 13
split_gain=0.000183145 0.00116901 0.00242963 0.00109155 0.00127569 0.000666608 0.000664385 0.00168927 0.00230548 0.00122393 0.00101732 0.000662743 0.000352625 0.000194436
threshold=-0.42021305351745969 -0.49107995841421442 -0.56719051885837513 -1.0000000180025095e-35 -0.63545155834809341 26.84406851376292 -0.18422338437944494 -0.12897990006948132 -0.075603740240881553 0.46780530926067138 -4.9862716149070501 0.32431953334256697 45.372656537526922 -0.38564326937911558
decision_type=2 2 2 2 2 2 2 2 2 2 2 2 2 2
left_child=1 3 12 5 -5 -1 10 9 -9 -8 13 -12 -3 -2
right_child=6 2 -4 4 -6 -7 7 8 -10 -11 11 -13 -14 -15
leaf_value=-7.5740210520013107e-06 0 -0.00019447664048983929 0 -9.0448196572698818e-05 0 2.9598919993521194e-05 -0.00010350707962433769 9.0063177206051057e-05 -2.248484438415273e-06 0 -3.5394192962496584e-06 4.7912397697053896e-05 0 -3.490356903624596e-05
leaf_weight=1379 147 270 379 647 377 2515 679 706 12349 121 160 2480 55 574
leaf_count=1379 147 270 379 647 377 2515 679 706 12349 121 160 2480 55 574
internal_value=0 -8.12691e-06 -6.83535e-05 0 -4.53923e-05 1.2585e-05 2.24123e-06 -1.60736e-06 1.60125e-06 -7.2631e-05 2.25636e-05 3.91143e-05 -0.000169517 -1.72327e-05
internal_weight=22838 5622 704 4918 1024 3894 17216 13855 13055 800 3361 2640 325 721
internal_count=22838 5622 704 4918 1024 3894 17216 13855 13055 800 3361 2640 325 721
is_linear=0
shrinkage=0.05


Tree=284
num_leaves=14
num_cat=0
split_feature=6 2 5 4 2 0 8 10 7 4 6 6 19
split_gain=0.000173634 0.000492826 0.000717755 0.000740975 0.000688411 0.000587232 0.000365024 0.000360251 0.000703126 0.00061652 0.000548921 0.000425073 0.000419578
threshold=0.43974277612710944 -3.2074043848349496 2.4076970167834779 2.6655052687713678 4.2542345204065972 -0.48147201585095695 -1.4545018984163931 50.59282087700727 78.916850237121238 6.607660807167778 1.0729897095213798 1.3418272244237002 0.018881955483312857
decision_type=2 2 2 2 2 2 2 2 2 2 2 2 2
left_child=1 5 3 -3 -4 6 -1 8 11 10 -9 -2 -10
right_child=7 2 4 -5 -6 -7 -8 9 12 -11 -12 -13 -14
leaf_value=0.00014953173962163017 5.1865011257108241e-06 -1.0516325908414231e-05 -6.8392653826840113e-05 0.00011583032808147648 0 0 0 9.4004524800697195e-07 -7.8661573444361032e-05 -9.2318255139643048e-05 5.7197828508367728e-05 -1.4057427693247064e-05 0
leaf_weight=116 13156 978 1050 129 126 163 63 1891 454 68 991 3588 65
leaf_count=116 13156 978 1050 129 126 163 63 1891 454 68 991 3588 65
internal_value=0 -1.24047e-05 -2.47642e-05 0 -5.21018e-05 2.62001e-05 9.72833e-05 1.21836e-06 -7.25256e-07 1.76716e-05 2.55008e-05 1.66419e-07 -5.82837e-05
internal_weight=22838 2625 2283 1107 1176 342 179 20213 17263 2950 2882 16744 519
internal_count=22838 2625 2283 1107 1176 342 179 20213 17263 2950 2882 16744 519
is_linear=0
shrinkage=0.05


Tree=285
num_leaves=15
num_cat=0
split_feature=14 14 14 5 14 14 14 5 4 15 5 2 2 8
split_gain=0.00019212 0.00223333 0.0026814 0.00123578 0.00112221 0.00317393 0.00109871 0.000930196 0.000874229 0.00136749 0.000800974 0.000662034 0.000544696 4.74112e-05
threshold=11.219999790191652 11.039999961853029 10.920000076293947 3.712315178318589 11.38000011444092 11.414999961853027 11.775000095367433 2.1518589566485198 1.4800536393961876 2.3633298701652934 1.8409028895012356 2.5379588957762049 1.7172191752942492 -1.1735650300686353
decision_type=2 2 2 2 2 2 2 2 2 2 2 2 2 2
left_child=1 2 3 -1 8 12 -7 -3 13 -10 -4 -9 -6 -2
right_child=4 7 10 -5 5 6 -8 11 9 -11 -12 -13 -14 -15
leaf_value=1.1974095885098653e-05 2.9306968201811863e-05 0 0 -0.0001311146406967762 0.00022650046518295615 -3.6558555739938841e-05 2.5078643923561034e-06 0.00015562888911762357 -9.7965434885426689e-05 0 -0.00014392594799419098 0 0 0
leaf_weight=5669 137 319 63 143 179 2044 12035 406 894 218 410 52 50 219
leaf_count=5669 137 319 63 143 179 2044 12035 406 894 218 410 52 50 219
internal_value=0 6.52373e-06 -1.04078e-06 5.85113e-06 -3.37495e-06 0 -2.10068e-06 8.69144e-05 -4.50794e-05 -6.81603e-05 -0.000117205 0.000133681 0.000185011 0
internal_weight=22838 7062 6285 5812 15776 14308 14079 777 1468 1112 473 458 229 356
internal_count=22838 7062 6285 5812 15776 14308 14079 777 1468 1112 473 458 229 356
is_linear=0
shrinkage=0.05


Tree=286
num_leaves=15
num_cat=0
split_feature=4 13 7 10 3 13 13 4 13 4 0 0 7 13
split_gain=0.000176632 0.000948715 0.000531137 0.000329947 0.00156259 0.000552482 0.000518059 0.00166061 0.00140795 0.000283736 0.000347136 0.00025607 0.000171937 0.00011124
threshold=1.2297571949862787 -0.18136130447363727 53.083910579042517 15.239741448557579 -1.7337418592951401 -0.43357954555437445 -0.18422338437944494 4.8941229472114598 -0.1432422593395821 1.0368169215154219 0.78305534546648514 1.4000248219632898 25.755263001077768 -0.075603740240881553
decision_type=2 2 2 2 2 2 2 2 2 2 2 2 2 2
left_child=1 2 12 4 11 -6 7 -5 -8 10 -3 -2 -1 -11
right_child=3 9 -4 6 5 -7 8 -9 -10 13 -12 -13 -14 -15
leaf_value=0 -4.3555076289210638e-05 6.1564849401006422e-05 0 1.6639062296613022e-05 0 8.4934748930675136e-05 -9.6455976623652443e-05 -7.6974921482790922e-05 -2.5940429547710454e-06 0 0 0 -0.00012769131714427648 -2.4730526940076556e-05
leaf_weight=54 528 402 243 7365 192 799 438 466 11266 93 128 51 278 535
leaf_count=54 528 402 243 7365 192 799 438 466 11266 93 128 51 278 535
internal_value=0 -1.55566e-05 -6.96149e-05 1.01954e-06 2.32169e-05 6.65231e-05 0 9.14403e-06 -7.39609e-06 0 3.52452e-05 -2.50297e-05 -0.000111221 -8.89059e-06
internal_weight=22838 1733 575 21105 1570 991 19535 7831 11704 1158 530 579 332 628
internal_count=22838 1733 575 21105 1570 991 19535 7831 11704 1158 530 579 332 628
is_linear=0
shrinkage=0.05


Tree=287
num_leaves=13
num_cat=0
split_feature=14 14 7 12 14 14 14 14 9 20 10 9
split_gain=0.000192755 0.00782418 0.00115823 0.00124586 0.00112449 0.00168253 0.00116823 0.00204559 0.00111816 0.000976248 0.000765568 0.000185416
threshold=11.679999828338625 11.719999790191652 58.188078648475191 8.0090749116382014 11.38000011444092 11.414999961853027 11.219999790191652 11.039999961853029 0.25086049922574621 -0.33036924865237044 46.744457783104956 0.76321246347130456
decision_type=2 2 2 2 2 2 2 2 2 2 2 2
left_child=4 -2 9 -4 6 11 7 -1 -7 -3 -8 -6
right_child=1 2 3 -5 5 8 10 -9 -10 -11 -12 -13
leaf_value=-9.2258815221502066e-07 -0.00029537556721548867 -2.3712553313370629e-05 -4.9941210220762844e-05 2.9677969246402617e-06 0.00020674177804200523 -5.1130437978608723e-05 -6.1741477191902113e-05 8.316953472678278e-05 4.6984538905341314e-05 1.8285934247540199e-05 0 0
leaf_weight=6285 226 1415 2025 1418 177 328 1196 777 925 7742 272 52
leaf_count=6285 226 1415 2025 1418 177 328 1196 777 925 7742 272 52
internal_value=0 -4.36648e-06 0 -2.38007e-05 4.86844e-06 4.53289e-05 -4.07349e-07 6.21641e-06 9.3188e-06 1.01563e-05 -4.24654e-05 0.000176248
internal_weight=22838 12826 12600 3443 10012 1482 8530 7062 1253 9157 1468 229
internal_count=22838 12826 12600 3443 10012 1482 8530 7062 1253 9157 1468 229
is_linear=0
shrinkage=0.05


Tree=288
num_leaves=15
num_cat=0
split_feature=4 2 11 4 9 4 0 1 0 8 8 1 9 8
split_gain=0.000172465 0.000495156 0.00107038 0.000829403 0.000553653 0.000439223 0.00041587 0.00083571 0.000775528 0.000384858 0.000931018 0.000478896 0.000374447 0.000350118
threshold=2.9562911645164749 5.3528929469833235 10.751939215925637 4.0379020041831177 1.1459505924804865 2.7460583756349175 1.36873854383552 0.83194071115757007 3.6178726398189478 -12.597374435661026 -0.2145358704172238 0.58849159456374367 0.095785036627750605 3.4368595997250764
decision_type=2 2 2 2 2 2 2 2 2 2 2 2 2 2
left_child=5 6 4 -4 -3 9 7 -2 -8 11 -11 -1 -7 -14
right_child=1 2 3 -5 -6 12 8 -9 -10 10 -12 -13 13 -15
leaf_value=-3.9262503360645569e-05 0 9.1568754841162451e-05 0 -0.00014573371594559661 0 0 5.4997535661586792e-05 -7.4140725667110378e-05 -1.3547258278995289e-05 1.7695867917554966e-05 -8.2075851351799292e-06 4.4770463500754006e-06 -6.0410393168738424e-05 0
leaf_weight=1361 3945 656 54 100 80 176 916 408 249 5961 7665 197 837 233
leaf_count=1361 3945 656 54 100 80 176 916 408 249 5961 7665 197 837 233
internal_value=0 6.63828e-06 4.13074e-05 -2.14869e-05 7.48105e-05 -3.00871e-06 0 -6.04182e-06 2.74836e-05 0 2.02417e-06 -2.4111e-05 -3.16202e-05 -4.51465e-05
internal_weight=22838 6408 890 154 736 16430 5518 4353 1165 15184 13626 1558 1246 1070
internal_count=22838 6408 890 154 736 16430 5518 4353 1165 15184 13626 1558 1246 1070
is_linear=0
shrinkage=0.05


Tree=289
num_leaves=9
num_cat=0
split_feature=14 14 14 11 14 5 12 10
split_gain=0.000186224 0.000598538 0.00158486 0.00102423 0.000857133 0.000679549 0.000591642 0.000351362
threshold=9.1699995994567889 9.865000247955324 10.055000305175783 3.0306950401338639 10.154999732971193 2.9130777541678738 1.2833228252296802 38.085395585633186
decision_type=2 2 2 2 2 2 2 2
left_child=-1 5 3 -3 -4 6 -2 -7
right_child=1 2 4 -5 -6 7 -8 -9
leaf_value=-6.3626206982324066e-05 8.1108177681995023e-05 -0.00012847632322060437 5.5879252558899316e-05 0 -6.5976739633175773e-07 -0.00011214770973925677 0 0
leaf_weight=114 702 396 684 292 20101 70 411 68
leaf_count=114 702 396 684 292 20101 70 411 68
internal_value=0 1.49774e-08 -1.27749e-06 -7.61213e-05 4.81798e-07 3.41639e-05 5.31385e-05 -1.02379e-05
internal_weight=22838 22724 21473 688 20785 1251 1113 138
internal_count=22838 22724 21473 688 20785 1251 1113 138
is_linear=0
shrinkage=0.05


Tree=290
num_leaves=14
num_cat=0
split_feature=13 13 14 13 14 13 14 14 14 13 13 15 10
split_gain=0.000172305 0.00432127 0.00211527 0.00358426 0.00265113 0.00157066 0.00543444 0.000898859 0.00307523 0.00181785 0.000824712 0.000597604 0.000300876
threshold=-0.63545155834809341 -0.69276599147319862 12.175000190734863 -1.0363005613350849 11.804999828338625 -0.56734936417262005 11.38000011444092 10.920000076293947 10.940000057220461 0.58543975638573065 -0.64278278086672958 -1.6937480156403226 18.4584598627515
decision_type=2 2 2 2 2 2 2 2 2 2 2 2 2
left_child=1 2 4 -4 -1 6 -2 9 -9 -7 11 -3 -8
right_child=5 10 3 -5 -6 7 12 8 -10 -11 -12 -13 -14
leaf_value=0 -0.00013571131630878963 0 1.3329233398955491e-05 -0.00012285770104338806 0.00018228883332588905 3.3635403581667955e-05 0 -0.00026193589311454465 -4.1657272879903867e-06 -3.3152009853256615e-05 0 -0.00022698361389750932 0.00023538059104648339
leaf_weight=686 112 69 1762 609 344 4212 50 119 13037 1140 123 283 292
leaf_count=686 112 69 1762 609 344 4212 50 119 13037 1140 123 283 292
internal_value=0 -9.91531e-06 5.63468e-06 -1.53641e-05 6.84898e-05 1.61732e-06 9.34828e-05 0 -7.65715e-06 1.66037e-05 -0.000152544 -0.000192921 0.000212449
internal_weight=22838 3876 3401 2371 1030 18962 454 18508 13156 5352 475 352 342
internal_count=22838 3876 3401 2371 1030 18962 454 18508 13156 5352 475 352 342
is_linear=0
shrinkage=0.05


Tree=291
num_leaves=15
num_cat=0
split_feature=4 5 7 10 15 15 7 6 9 7 15 20 5 20
split_gain=0.000168485 0.000988761 0.00146588 0.00179259 0.00134595 0.000878821 0.000750312 0.000713934 0.000688052 0.00125336 0.000485412 0.000467752 0.000373712 0.000291806
threshold=2.2533477460376607 3.2166586477788006 58.593553039680394 41.397844162697993 5.7126625058981482 0.89526473639714454 49.480455845151447 0.45323732603558414 0.69031022757429106 46.194378053841668 -1.7179129754679778 -0.30735560766350528 3.1666081981174474 0.21105142384773573
decision_type=2 2 2 2 2 2 2 2 2 2 2 2 2 2
left_child=5 10 4 -4 -3 6 12 -8 9 -7 13 -12 -1 -2
right_child=1 2 3 -5 -6 8 7 -9 -10 -11 11 -13 -14 -15
leaf_value=-1.2941018661874567e-05 1.6432216765738736e-07 -7.8821363366480496e-06 -0.00014464945472088999 0 0.00013432633773506606 0 -7.1629425259877866e-06 3.8814496922617399e-05 -2.3897517343242629e-06 -0.00010368182685886602 -1.0496139401818474e-05 2.8372618827945594e-05 3.1881144423723213e-05 -6.4196946917185281e-05
leaf_weight=4437 2016 2754 430 331 176 673 568 2342 2471 668 296 5124 376 176
leaf_count=4437 2016 2754 430 331 176 673 568 2342 2471 668 296 5124 376 176
internal_value=0 3.939e-06 -1.53669e-05 -7.71587e-05 0 -4.61619e-06 3.42486e-06 2.4688e-05 -2.48377e-05 -5.49915e-05 1.52714e-05 2.34813e-05 -6.31763e-06 0
internal_weight=22838 11303 3691 761 2930 11535 7723 2910 3812 1341 7612 5420 4813 2192
internal_count=22838 11303 3691 761 2930 11535 7723 2910 3812 1341 7612 5420 4813 2192
is_linear=0
shrinkage=0.05


Tree=292
num_leaves=10
num_cat=0
split_feature=14 14 13 14 13 4 14 4 6
split_gain=0.000179307 0.000793561 0.00188415 0.00152309 0.00269623 0.000990343 0.000741896 0.00028664 8.26911e-06
threshold=9.4149999618530291 9.865000247955324 0.68329041711937555 10.055000305175783 -0.15511208884687042 3.2536949774539159 10.615000247955324 1.7628073356553922 0.4130369379021131
decision_type=2 2 2 2 2 2 2 2 2
left_child=8 2 5 4 -3 -2 -5 -4 -1
right_child=1 3 7 6 -6 -7 -8 -9 -10
leaf_value=0 0.0001219501599160831 0 0 2.6492823922677009e-05 -0.00017436548338338627 0 -2.3332883384502188e-06 -6.5170786052042237e-05 -3.9796105380042105e-05
leaf_weight=51 604 341 143 2505 347 72 18280 200 295
leaf_count=51 604 341 143 2505 347 72 18280 200 295
internal_value=0 8.35733e-08 4.3705e-05 -1.2899e-06 -7.46524e-05 9.81483e-05 4.20291e-07 -1.99631e-05 -3.59359e-05
internal_weight=22838 22492 1019 21473 688 676 20785 343 346
internal_count=22838 22492 1019 21473 688 676 20785 343 346
is_linear=0
shrinkage=0.05


Tree=293
num_leaves=15
num_cat=0
split_feature=13 13 13 1 13 13 14 14 0 9 2 7 7 1
split_gain=0.000182049 0.00134945 0.00208271 0.00227209 0.00136033 0.000893922 0.0005484 0.0022407 0.00106296 0.00103901 0.000688764 0.000629676 0.000313359 4.68612e-05
threshold=0.64779913388313137 0.52555861591733211 0.53714975524669095 0.59832934100269441 0.49393563195667683 0.48761463514747089 19.029999732971195 18.679999351501468 1.4550770885035182 0.2682179586366516 -2.5043293088383316 49.675290347014517 62.573024431761304 0.14896785268135096
decision_type=2 2 2 2 2 2 2 2 2 2 2 2 2 2
left_child=1 4 13 -4 5 -1 7 8 -2 10 -8 -9 -6 -3
right_child=6 2 3 -5 12 -7 9 11 -10 -11 -12 -13 -14 -15
leaf_value=4.4893339777249439e-07 -1.6977571412714706e-06 0 -4.5371869823413088e-05 0.00013868481747108903 0.00015527010794378829 -9.9805840903692501e-05 0.00016491281797694225 -0.00019061704247327199 5.778864878183061e-05 0 0 0 0 -0.00021608496414770293
leaf_weight=17337 1672 52 1190 175 173 223 221 182 951 258 108 50 62 184
leaf_count=17337 1672 52 1190 175 173 223 221 182 951 258 108 50 62 184
internal_value=0 -2.35945e-06 -4.65468e-05 -1.07096e-05 7.75555e-07 0 1.00412e-05 0 1.41671e-05 5.40556e-05 0.000114358 -0.000147586 0.000120232 -0.000189614
internal_weight=22838 19396 1601 1365 17795 17560 3442 2855 2623 587 329 232 235 236
internal_count=22838 19396 1601 1365 17795 17560 3442 2855 2623 587 329 232 235 236
is_linear=0
shrinkage=0.05


Tree=294
num_leaves=14
num_cat=0
split_feature=12 8 11 1 16 16 12 4 19 20 6 21 1
split_gain=0.000168995 0.000798181 0.000762473 0.000815511 0.000624453 0.00092771 0.00115445 0.00061581 0.000545349 0.000530277 0.000433324 8.86892e-05 0.000107749
threshold=-9.2347614267499871 -10.717370608569203 -4.4297463697244028 -1.0000000180025095e-35 -9.9960599603620235 -7.2033955678022608 -5.3585950419976998 2.0124779610621002 0.45218915024008771 -0.035095243527012814 0.60991145722502649 0.12496213621651982 0.43976953685111569
decision_type=2 2 2 2 2 2 2 2 2 2 2 2 2
left_child=1 9 8 -4 11 7 -7 -6 -3 -1 -11 12 -2
right_child=4 2 3 -5 5 6 -8 -9 -10 10 -12 -13 -14
leaf_value=0 -8.1443433661196674e-05 0 0 0.0001393034275171863 0 -3.9647220792124677e-05 2.3472744910275086e-07 7.7787845011773342e-05 -0.00012390377701330124 0 0.00012296902009614906 0 0
leaf_weight=203 318 848 102 161 532 1945 17451 608 140 52 314 54 110
leaf_count=203 318 848 102 161 532 1945 17451 608 140 52 314 54 110
internal_value=0 1.40365e-05 0 6.46935e-05 -1.74099e-06 0 -2.99309e-06 4.33632e-05 -2.84639e-05 6.42669e-05 0.000100135 -5.80005e-05 -6.56075e-05
internal_weight=22838 1820 1251 263 21018 20536 19396 1140 988 569 366 482 428
internal_count=22838 1820 1251 263 21018 20536 19396 1140 988 569 366 482 428
is_linear=0
shrinkage=0.05


Tree=295
num_leaves=15
num_cat=0
split_feature=18 20 1 16 15 4 1 1 4 10 8 20 14 10
split_gain=0.000178434 0.000747644 0.000624517 0.00110628 0.000554909 0.000954182 0.000897081 0.00204213 0.000827669 0.00069389 0.000542465 0.00048647 0.000525379 0.00031219
threshold=1.234778214372964 0.18810002153603195 -0.94458639390226196 2.7654480866722402 1.7590687045611122 4.756837566660816 -0.41337117820456321 0.22129967332893644 2.0474423173312757 48.910552517855656 -14.174792721247842 0.89741855169194795 12.210000038146974 30.819817113478539
decision_type=2 2 2 2 2 2 2 2 2 2 2 2 2 2
left_child=1 2 3 -1 6 8 9 -8 -6 -2 -4 12 -3 -7
right_child=4 11 10 -5 5 13 7 -9 -10 -11 -12 -13 -14 -15
leaf_value=-9.5839532711573653e-05 6.9334889682000648e-05 0 -2.2808511231034769e-05 0 0 -0.00010099652672532756 -0.0001030644223496251 8.677707750608037e-06 9.1360675920097148e-05 0 5.535762735489483e-06 0 -8.3544855102680028e-05 0
leaf_weight=463 593 239 1776 203 120 77 580 738 739 140 16210 203 643 114
leaf_count=463 593 239 1776 203 120 77 580 738 739 140 16210 203 643 114
internal_value=0 -2.20795e-06 0 -4.73627e-05 1.06201e-05 4.06551e-05 0 -2.91642e-05 6.91093e-05 3.9077e-05 1.9019e-06 -4.25406e-05 -6.00255e-05 -8.88251e-06
internal_weight=22838 19737 18652 666 3101 1050 2051 1318 859 733 17986 1085 882 191
internal_count=22838 19737 18652 666 3101 1050 2051 1318 859 733 17986 1085 882 191
is_linear=0
shrinkage=0.05


Tree=296
num_leaves=13
num_cat=0
split_feature=13 13 14 14 13 14 14 14 18 7 18 13
split_gain=0.0001693 0.00104922 0.00139025 0.00571697 0.00438322 0.000834818 0.00296246 0.00191581 0.00183402 0.00154137 0.000773527 0.000291772
threshold=-0.42021305351745969 -0.43357954555437445 12.175000190734863 11.804999828338625 -1.0363005613350849 12.22499990463257 12.210000038146974 12.244999885559084 0.51872274921437322 25.407733130300809 0.39295612844293987 -0.29479932225512367
decision_type=2 2 2 2 2 2 2 2 2 2 2 2
left_child=1 2 3 -1 -4 6 8 11 -2 -9 -8 -7
right_child=5 -3 4 -5 -6 7 10 9 -10 -11 -12 -13
leaf_value=-2.0745293946239818e-05 -6.712300803814161e-06 -0.00015762930407977327 1.2953539621069391e-05 0.00013482910775720487 -0.00010876785680907623 0 0 -6.5394231426490037e-05 6.8751149946816932e-05 2.0748436445712804e-05 -0.0002912428804216865 0.0002400647079660806
leaf_weight=1839 10598 118 1762 806 1097 118 119 528 868 4753 112 120
leaf_count=1839 10598 118 1762 806 1097 118 119 528 868 4753 112 120
internal_value=0 -7.95165e-06 -1.98988e-06 2.10264e-05 -2.8528e-05 1.98318e-06 -4.57603e-06 1.86005e-05 0 9.28522e-06 -0.000181601 0.000161633
internal_weight=22838 5622 5504 2645 2859 17216 11697 5519 11466 5281 231 238
internal_count=22838 5622 5504 2645 2859 17216 11697 5519 11466 5281 231 238
is_linear=0
shrinkage=0.05


Tree=297
num_leaves=13
num_cat=0
split_feature=19 14 4 18 14 19 5 4 15 10 5 13
split_gain=0.000170465 0.000989361 0.000623778 0.000557166 0.00138801 0.00184755 0.000898201 0.000391816 0.000761751 0.000673826 0.0002051 6.14838e-05
threshold=-2.0308634955439664 13.769999980926515 2.8755999969548656 1.5892350485192852 13.405000209808351 1.1712144921264713 4.0728880582131213 5.8271622751580532 2.4936845097142286 70.731206504103213 3.3542569846939916 0.36317388633246855
decision_type=2 2 2 2 2 2 2 2 2 2 2 2
left_child=1 10 -3 7 6 -6 -5 9 -9 -2 -1 -12
right_child=3 2 -4 4 5 -7 -8 8 -10 -11 11 -13
leaf_value=0 -1.579281117183547e-06 0 -0.00015120975807039007 -7.9883568813021662e-05 0.0001144946450413225 0 3.5120437593323626e-05 -0.00010807854905491693 0 6.5159372847639526e-05 0.000109091969173148 0
leaf_weight=71 20027 85 194 358 705 358 117 249 183 384 55 52
leaf_count=71 20027 85 194 358 705 358 117 249 183 384 55 52
internal_value=0 -3.04877e-05 -0.000101754 1.42232e-07 2.96946e-05 6.60094e-05 -2.00294e-05 -1.32012e-06 -4.84366e-05 0 0 6.89034e-05
internal_weight=22838 457 279 22381 1538 1063 475 20843 432 20411 178 107
internal_count=22838 457 279 22381 1538 1063 475 20843 432 20411 178 107
is_linear=0
shrinkage=0.05


Tree=298
num_leaves=10
num_cat=0
split_feature=14 19 14 13 8 14 19 5 20
split_gain=0.000172063 0.000674672 0.000650959 0.00051012 0.00157164 0.00115154 0.000384123 0.000297233 0.000219144
threshold=26.764999389648441 -0.37789335993273043 24.670000076293949 -1.2448797960925293 -0.93376545788568033 21.47500038146973 -2.3302963712484965 4.4465032215505742 -0.61842125568226181
decision_type=2 2 2 2 2 2 2 2 2
left_child=2 8 3 4 -1 -5 -4 -8 -2
right_child=1 -3 6 5 -6 -7 7 -9 -10
leaf_value=-1.4583519438299575e-06 0 0 0 -5.4266042328035257e-07 9.6731335288563629e-05 -8.0969914552353556e-05 0.00010190403868381282 0 -0.00017501052910590481
leaf_weight=649 50 92 78 20500 535 467 319 62 86
leaf_count=649 50 92 78 20500 535 467 319 62 86
internal_value=0 -4.33407e-05 0 -5.92223e-07 3.02954e-05 -3.05318e-06 5.93374e-05 8.21812e-05 -0.000124304
internal_weight=22838 228 22610 22151 1184 20967 459 381 136
internal_count=22838 228 22610 22151 1184 20967 459 381 136
is_linear=0
shrinkage=0.05


Tree=299
num_leaves=15
num_cat=0
split_feature=13 13 13 13 13 21 13 7 12 13 20 15 8 20
split_gain=0.000167446 0.000956214 0.0037105 0.00159332 0.00145521 0.00109771 0.000638289 0.000579926 0.000939477 0.000791179 0.000649576 0.000511694 0.00049176 0.000422642
threshold=-0.42021305351745969 -0.69276599147319862 -0.64278278086672958 -0.83643774170704666 -0.56734936417262005 0.12245514988035738 -0.78909905694107263 25.407733130300809 -9.0489933367253901 -0.24290162539588597 -0.19178136812371041 -1.6937480156403226 -10.361660926073004 0.76479615697605841
decision_type=2 2 2 2 2 2 2 2 2 2 2 2 2 2
left_child=1 3 11 5 -4 -1 -5 12 10 -10 -9 -3 -2 -14
right_child=7 2 4 6 -6 -7 -8 8 9 -11 -12 -13 13 -15
leaf_value=-3.6831340187865589e-05 0 0 5.8863101846523086e-05 0.00015609369332353175 -3.5563315719963524e-05 2.1763565066780064e-05 0 0 2.7713889427006716e-05 -2.1874150458158713e-06 9.2481045110046176e-05 -0.00021571043481062718 -7.0441402005526685e-05 0
leaf_weight=1491 475 69 577 231 1292 1547 132 105 2560 12840 509 283 676 51
leaf_count=1491 475 69 577 231 1292 1547 132 105 2560 12840 509 283 676 51
internal_value=0 -7.95019e-06 -3.4595e-05 5.04591e-06 0 -2.06066e-06 0.000105573 1.91607e-06 5.24017e-06 1.81071e-06 6.67231e-05 -0.00018388 -2.9869e-05 -5.62405e-05
internal_weight=22838 5622 2221 3401 1869 3038 363 17216 16014 15400 614 352 1202 727
internal_count=22838 5622 2221 3401 1869 3038 363 17216 16014 15400 614 352 1202 727
is_linear=0
shrinkage=0.05


Tree=300
num_leaves=14
num_cat=0
split_feature=9 0 13 7 1 9 21 1 13 13 0 0 2
split_gain=0.000175528 0.000842181 0.000887446 0.000818896 0.000484939 0.000353176 0.000743526 0.000628078 0.000456633 0.00384891 0.00196015 0.000325736 2.15103e-05
threshold=0.99362140949327771 4.1716334918593674 0.36686518694094566 68.858895845002706 1.2674106992600846 0.85265164803290949 0.075721356515720581 -0.1871745134573608 0.36317388633246855 0.39980588754765517 2.1674124664596364 1.1381098072679465 6.5261454987107346
decision_type=2 2 2 2 2 2 2 2 2 2 2 2 2
left_child=5 2 3 -2 -3 8 11 -8 10 -10 -1 -7 -4
right_child=1 4 12 -5 -6 6 7 -9 9 -11 -12 -13 -14
leaf_value=7.9244243008472197e-06 0 0 0 -0.00012423769826236026 0.00016289538881253632 2.0708361991162522e-05 0 0.00012060916286803123 -0.00015514293870861395 0 -0.00010291750792928276 -2.2938232750202652e-05 1.9958442772298848e-05
leaf_weight=12984 293 113 234 410 62 1190 75 295 440 5632 400 576 134
leaf_count=12984 293 113 234 410 62 1190 75 295 440 5632 400 576 134
internal_value=0 -1.8609e-05 -4.40269e-05 -7.8122e-05 5.10877e-05 5.68966e-07 2.02554e-05 8.58694e-05 -8.22335e-07 -1.27826e-05 3.48366e-06 0 0
internal_weight=22838 1246 1071 703 175 21592 2136 370 19456 6072 13384 1766 368
internal_count=22838 1246 1071 703 175 21592 2136 370 19456 6072 13384 1766 368
is_linear=0
shrinkage=0.05


Tree=301
num_leaves=9
num_cat=0
split_feature=14 14 14 13 14 13 4 4
split_gain=0.000174419 0.000467944 0.00309747 0.00103318 0.00072991 0.00040083 0.000268941 0.000133268
threshold=9.1699995994567889 9.9200000762939471 9.9600000381469744 0.68329041711937555 9.4649996757507342 0.64779913388313137 1.7628073356553922 1.6689086248852953
decision_type=2 2 2 2 2 2 2 2
left_child=7 3 -3 4 -2 -4 -5 -1
right_child=1 2 5 6 -6 -7 -8 -9
leaf_value=0 0 -0.00026241421552974551 -2.7775589084663313e-06 0 8.2523033701688951e-05 1.6676204350325877e-05 -6.2751479662487988e-05 -0.00010963136402551756
leaf_weight=51 232 112 18143 143 795 3099 200 63
leaf_count=51 232 112 18143 143 795 3099 200 63
internal_value=0 0 -1.32768e-06 2.87373e-05 5.91446e-05 0 -1.86097e-05 -6.1577e-05
internal_weight=22838 22724 21354 1370 1027 21242 343 114
internal_count=22838 22724 21354 1370 1027 21242 343 114
is_linear=0
shrinkage=0.05


Tree=302
num_leaves=15
num_cat=0
split_feature=4 13 7 4 5 5 13 7 7 13 8 5 12 4
split_gain=0.000160421 0.000886663 0.000475392 0.000250476 0.000265025 0.000222428 0.000702718 0.00106559 0.000696967 0.000483715 0.000597411 0.00017005 0.000105283 1.14106e-06
threshold=1.2297571949862787 -0.18136130447363727 53.083910579042517 1.0368169215154219 1.5716572428616062 2.5069715720493133 0.99327539973204104 59.019777053633192 34.764150042933558 1.1843243226661972 7.5589899742001281 1.6328996999164553 -0.73476499033624409 1.1415779344628425
decision_type=2 2 2 2 2 2 2 2 2 2 2 2 2 2
left_child=1 2 11 4 -3 9 7 -7 -8 10 -2 -1 -5 -4
right_child=5 3 13 12 -6 6 8 -9 -10 -11 -12 -13 -14 -15
leaf_value=0 1.4351564408862541e-05 0 -4.1834131287902976e-06 0 5.2993802482806238e-05 0 0 -3.748650925819986e-05 6.456509478242166e-05 -6.6095072610753263e-05 -1.8994946560211497e-05 -0.00012551187806882048 -2.9728154461028885e-05 0
leaf_weight=65 9229 86 162 287 444 7076 266 2446 686 179 1223 267 341 81
leaf_count=65 9229 86 162 287 444 7076 266 2446 686 179 1223 267 341 81
internal_value=0 -1.50279e-05 -6.72921e-05 0 3.32528e-05 6.69056e-07 -3.64648e-06 -9.01906e-06 3.43038e-05 6.33164e-06 9.01321e-06 -0.000106778 -7.87817e-06 0
internal_weight=22838 1733 575 1158 530 21105 10474 9522 952 10631 10452 332 628 243
internal_count=22838 1733 575 1158 530 21105 10474 9522 952 10631 10452 332 628 243
is_linear=0
shrinkage=0.05


Tree=303
num_leaves=15
num_cat=0
split_feature=6 6 10 15 15 6 1 13 13 4 15 6 4 15
split_gain=0.000170727 0.000641109 0.00159197 0.000888304 0.000782105 0.000691837 0.00126885 0.000653509 0.000622729 0.000643831 0.000549792 0.000205652 0.000507516 0.000479921
threshold=1.9799542868872109 1.3418272244237002 30.971634165419378 -6.5528016116297261 -4.5994530642436908 1.1575623170826168 0.022848074131701309 0.35392504189512014 0.47082689340989253 2.6655052687713678 -2.5170622102459341 3.1128405093501876 2.0739934964791531 4.4978143109676747
decision_type=2 2 2 2 2 2 2 2 2 2 2 2 2 2
left_child=1 5 4 -4 -3 7 -7 -1 11 -10 -11 13 -13 -2
right_child=8 2 3 -5 -6 6 -8 -9 9 10 -12 12 -14 -15
leaf_value=4.2593252539970315e-06 0 0 -0.00012554445932295898 2.5910418305656783e-05 -7.9274791884021532e-05 0 7.2016205044161049e-05 -1.6456744070735408e-05 0 0 0.00019192983210557983 0 -7.574825973391979e-05 7.8501195889275042e-05
leaf_weight=11266 676 148 89 1229 1204 842 938 5431 180 73 132 128 289 213
leaf_count=11266 676 148 89 1229 1204 842 938 5431 180 73 132 128 289 213
internal_value=0 -1.798e-06 -2.49383e-05 4.22351e-06 -6.44354e-05 7.35266e-07 3.08756e-05 -1.58122e-06 1.45551e-05 7.04404e-05 0.000130809 0 -3.07471e-05 1.15612e-05
internal_weight=22838 21147 2670 1318 1352 18477 1780 16697 1691 385 205 1306 417 889
internal_count=22838 21147 2670 1318 1352 18477 1780 16697 1691 385 205 1306 417 889
is_linear=0
shrinkage=0.05


Tree=304
num_leaves=13
num_cat=0
split_feature=14 14 13 13 13 12 2 13 6 7 4 13
split_gain=0.000163982 0.00702557 0.00124714 0.00321082 0.00236347 0.00175893 0.00121843 0.00121175 0.00115336 0.00097419 0.00162634 0.000863421
threshold=11.679999828338625 11.719999790191652 -0.013045006246314992 0.55071779110856822 0.56784825743932965 -1.845274309282311 2.0280982036778643 -0.15511208884687042 1.3911336764761664 58.188078648475191 5.0981630614953817 0.20721149365346972
decision_type=2 2 2 2 2 2 2 2 2 2 2 2
left_child=2 -2 5 6 -5 8 -4 -7 -1 11 -11 -3
right_child=1 9 3 4 -6 7 -8 -9 -10 10 -12 -13
leaf_value=-7.4424137767898846e-05 -0.00027998102271079603 2.262785674669354e-05 7.2032234300034538e-05 -0.00024688569588276246 -2.8398034726581927e-06 2.6919513633100618e-05 0 -4.6587075838832467e-05 0 -8.739213223126232e-06 -0.00017103357781079613 -6.3766096357348726e-06
leaf_weight=1422 226 5448 2356 119 1581 2397 1181 650 306 3257 186 3709
leaf_count=1422 226 5448 2356 119 1581 2397 1181 650 306 3257 186 3709
internal_value=0 -4.23867e-06 4.234e-06 2.21716e-05 -2.88765e-05 -1.2299e-05 5.0948e-05 6.30735e-06 -5.37679e-05 0 -2.19093e-05 9.24241e-06
internal_weight=22838 12826 10012 5237 1700 4775 3537 3047 1728 12600 3443 9157
internal_count=22838 12826 10012 5237 1700 4775 3537 3047 1728 12600 3443 9157
is_linear=0
shrinkage=0.05


Tree=305
num_leaves=15
num_cat=0
split_feature=13 6 16 10 13 6 1 13 15 2 6 6 15 1
split_gain=0.000170549 0.00124257 0.00183337 0.00127741 0.00119914 0.00141282 0.0014758 0.000923032 0.000891425 0.000879994 0.000773542 0.0011115 0.000660482 0.000544598
threshold=-0.33360624145318257 0.93160424558754984 -1.3700898100771906 24.969520486457906 -0.24290162539588597 1.7694373149116667 -0.055368473319538848 -0.67858172478649215 0.86798178736810516 4.5505602069515154 1.1575623170826168 1.3418272244237002 1.8496341092515469 0.17991924282603097
decision_type=2 2 2 2 2 2 2 2 2 2 2 2 2 2
left_child=1 2 7 8 5 6 -2 -1 -3 -5 13 -12 -4 -6
right_child=4 3 12 9 10 -7 -8 -9 -10 -11 11 -13 -14 -15
leaf_value=0 0.00016367432519673764 -1.1701639446869196e-05 5.802732901065385e-05 -1.9843435730068949e-05 0 -5.6161746848079643e-05 1.8079464314732371e-05 -6.1422947743155584e-05 -0.00014355135397538729 7.601261736755396e-05 6.1018999967956154e-05 0 0 -2.0931710387498629e-05
leaf_weight=637 353 639 1613 1904 5673 147 1000 911 409 251 1042 2563 649 5047
leaf_count=637 353 639 1613 1904 5673 147 1000 911 409 251 1042 2563 649 5047
internal_value=0 -7.03705e-06 9.35024e-06 -3.12084e-05 2.23476e-06 4.51208e-05 6.72365e-05 -2.70475e-05 -7.75454e-05 -1.69136e-06 -1.21171e-06 1.75026e-05 4.08883e-05 -8.90528e-06
internal_weight=22838 7013 3810 3203 15825 1500 1353 1548 1048 2155 14325 3605 2262 10720
internal_count=22838 7013 3810 3203 15825 1500 1353 1548 1048 2155 14325 3605 2262 10720
is_linear=0
shrinkage=0.05


Tree=306
num_leaves=15
num_cat=0
split_feature=6 0 13 13 6 16 13 14 11 16 8 6 8 7
split_gain=0.000167599 0.000618148 0.00220011 0.00189084 0.000689512 0.000677075 0.000565133 0.000508874 0.000540688 0.000441529 0.000428766 0.000170508 0.000399293 0.000375457
threshold=1.9799542868872109 -2.9958650972435295 -0.86877073142472272 0.23639629713272384 1.7393716730304034 -2.9078369952690415 0.47082689340989253 12.329999923706056 -1.8448229965732339 -0.33887905965068738 7.302203058320428 3.1128405093501876 -0.79879395016687782 34.981437596088504
decision_type=2 2 2 2 2 2 2 2 2 2 2 2 2 2
left_child=1 2 5 -4 10 -1 11 -8 -9 -6 -3 12 -2 -13
right_child=6 4 3 -5 9 -7 7 8 -10 -11 -12 13 -14 -15
leaf_value=-8.3564998582788563e-05 0 1.2233164293182564e-07 0.0002183056149311234 0 0 2.0574206163701098e-05 0 0 0.0002184377669729419 -0.00010153944240951417 -2.1266817520172133e-05 0 4.5880187117187177e-05 -6.1047251518456155e-05
leaf_weight=222 364 17248 240 51 249 319 193 101 91 301 2517 81 525 336
leaf_count=222 364 17248 240 51 249 319 193 101 91 301 2517 81 525 336
internal_value=0 -1.76593e-06 3.8862e-05 0.000152135 -4.17001e-06 0 1.44449e-05 6.76374e-05 0.000125464 -6.03961e-05 -1.84356e-06 0 1.10663e-05 -2.75507e-05
internal_weight=22838 21147 832 291 20315 541 1691 385 192 550 19765 1306 889 417
internal_count=22838 21147 832 291 20315 541 1691 385 192 550 19765 1306 889 417
is_linear=0
shrinkage=0.05


Tree=307
num_leaves=13
num_cat=0
split_feature=13 13 13 13 13 21 13 16 7 18 13 15
split_gain=0.000159944 0.00273865 0.00257326 0.00160984 0.00141773 0.000998936 0.00088313 0.00070325 0.000605427 0.000585008 0.000520883 0.000423671
threshold=-0.61614253177807987 -0.56734936417262005 -0.69276599147319862 -0.64278278086672958 -0.83643774170704666 0.12245514988035738 -0.62709784784393252 6.9485106445300273 25.407733130300809 1.607236135008246 -0.42021305351745969 -1.6937480156403226
decision_type=2 2 2 2 2 2 2 2 2 2 2 2
left_child=2 -2 4 11 5 -1 -5 -6 9 -3 -10 -4
right_child=1 8 3 6 7 -7 -8 -9 10 -11 -12 -13
leaf_value=-3.5309920556014721e-05 0.00017376470225385993 -5.083833912070037e-05 0 3.2279137945144586e-05 0.00013342777890582727 2.0474450704115895e-05 -0.00013166062922217726 0 -2.8146034789853992e-05 0 4.9565946736205268e-06 -0.00020393238782738814
leaf_weight=1491 227 1130 69 238 300 1547 112 63 1213 151 16014 283
leaf_count=1491 227 1130 69 238 300 1547 112 63 1213 151 16014 283
internal_value=0 1.41742e-06 -9.39465e-06 -9.78236e-05 4.47218e-06 -1.97037e-06 0 9.94569e-05 0 -3.37536e-05 1.75357e-06 -0.000174524
internal_weight=22838 18735 4103 702 3401 3038 350 363 18508 1281 17227 352
internal_count=22838 18735 4103 702 3401 3038 350 363 18508 1281 17227 352
is_linear=0
shrinkage=0.05


Tree=308
num_leaves=15
num_cat=0
split_feature=4 14 14 14 14 13 20 5 14 14 14 8 14 2
split_gain=0.000157516 0.000655058 0.00108641 0.00226362 0.00139422 0.00102883 0.000780458 0.000499588 0.000689333 0.00161486 0.00122914 0.000553196 0.000793257 0.000136284
threshold=2.9562911645164749 16.914999961853031 12.22499990463257 12.375000000000002 11.679999828338625 -2.1295115427365112 1.0337538658628118 2.57069710175027 11.739999771118166 11.204999923706056 12.210000038146974 7.5589899742001281 12.065000057220461 6.7557955021503426
decision_type=2 2 2 2 2 2 2 2 2 2 2 2 2 2
left_child=1 2 4 -4 -1 -3 -7 11 9 -9 -10 12 -2 -13
right_child=7 5 3 -5 -6 6 -8 8 10 -11 -12 13 -14 -15
leaf_value=1.9016913578883358e-06 6.7771839553285981e-05 1.8304791618907852e-05 0.0001153439310504389 1.5547805539222842e-06 -3.4073933249197685e-05 -8.9510327871697079e-05 0 0 7.750180936738247e-05 -0.00010789241359453869 0 -4.6302485981708657e-05 0 0
leaf_weight=8015 1056 170 572 3181 3617 780 95 655 551 473 3002 158 456 57
leaf_count=8015 1056 170 572 3181 3617 780 95 655 551 473 3002 158 456 57
internal_value=0 -3.06039e-06 0 2.29194e-05 -7.99755e-06 -4.13854e-05 -7.01133e-05 6.1181e-06 0 -3.62132e-05 8.26484e-06 2.93532e-05 4.35661e-05 -8.94153e-07
internal_weight=22838 16430 15385 3753 11632 1045 875 6408 4681 1128 3553 1727 1512 215
internal_count=22838 16430 15385 3753 11632 1045 875 6408 4681 1128 3553 1727 1512 215
is_linear=0
shrinkage=0.05


Tree=309
num_leaves=15
num_cat=0
split_feature=2 8 12 14 8 8 4 4 12 12 14 14 6 6
split_gain=0.000153157 0.000347715 0.00122147 0.000735916 0.00133585 0.00074047 0.000645633 0.00053982 0.000325751 0.000859883 0.000754729 0.000620467 0.000311236 1.92069e-05
threshold=-5.5710253133461336 -6.1363115212563626 7.7042131934159288 14.460000038146974 -0.42194658058765228 0.86838147152229206 3.8193057262932855 2.1464793524564256 -7.0022059657700106 -8.2068581265689016 15.38000011444092 14.175000190734863 1.7393716730304034 0.74693332845832883
decision_type=2 2 2 2 2 2 2 2 2 2 2 2 2 2
left_child=8 2 6 4 -3 -5 -2 -4 9 11 12 -1 -10 -12
right_child=1 3 7 5 -6 -7 -8 -9 10 -11 13 -13 -14 -15
leaf_value=-1.2034651921328431e-06 -1.5602770432250495e-05 2.6219182868311281e-05 0 -5.5350664683068666e-05 -4.0816707878816752e-06 0 4.489449339430622e-05 -0.00017572912670301674 9.2681440781168864e-05 -0.00012914619472047145 0 6.5591430074166563e-05 0 -1.9758162725190601e-05
leaf_weight=395 2966 5092 94 1094 10895 444 458 170 443 120 54 390 101 122
leaf_count=395 2966 5092 94 1094 10895 444 458 170 443 120 54 390 101 122
internal_value=0 -1.50873e-06 -1.57123e-05 6.2515e-07 4.63225e-06 -3.12567e-05 -3.12025e-06 -0.000121796 1.43451e-05 0 3.99199e-05 1.29385e-05 7.46343e-05 0
internal_weight=22838 21213 3688 17525 15987 1538 3424 264 1625 905 720 785 544 176
internal_count=22838 21213 3688 17525 15987 1538 3424 264 1625 905 720 785 544 176
is_linear=0
shrinkage=0.05


Tree=310
num_leaves=15
num_cat=0
split_feature=6 6 10 16 15 6 15 0 3 16 6 3 7 0
split_gain=0.000150454 0.000542951 0.00141063 0.00140296 0.000827375 0.000549818 0.00111785 0.000664816 0.000486897 0.000575815 0.000877633 0.000822562 0.000527658 6.51081e-05
threshold=1.9799542868872109 1.3418272244237002 30.971634165419378 -0.33887905965068738 -6.5528016116297261 1.1575623170826168 -3.8557971006069778 -1.7999110121159954 5.7932261134202259 -6.8057142677221849 2.6279123044141079 -5.3464487423950926 69.223663858812714 3.7966401927607243
decision_type=2 2 2 2 2 2 2 2 2 2 2 2 2 2
left_child=1 5 3 -3 -4 7 -7 -1 9 10 -2 -11 13 -10
right_child=8 2 4 -5 -6 6 -8 -9 12 11 -12 -13 -14 -15
leaf_value=2.7024483400042181e-05 0.00015416357732985731 0 -0.0001202619101257167 -0.0001113924824249783 2.5313800983162876e-05 0.00013423782006556512 2.1160352766574511e-06 -5.4695429089339242e-06 0.00015806959777597696 -0.00011661009378812142 0 0 0 0
leaf_weight=1697 136 675 89 677 1229 229 1551 15000 120 178 131 812 262 52
leaf_count=1697 136 675 89 677 1229 229 1551 15000 120 178 131 812 262 52
internal_value=0 -1.56789e-06 -2.28961e-05 -6.02128e-05 4.0276e-06 7.03417e-07 2.76018e-05 -1.26728e-06 1.38411e-05 0 6.29474e-05 -1.95205e-05 5.95267e-05 0.000128588
internal_weight=22838 21147 2670 1352 1318 18477 1780 16697 1691 1257 267 990 434 172
internal_count=22838 21147 2670 1352 1318 18477 1780 16697 1691 1257 267 990 434 172
is_linear=0
shrinkage=0.05


Tree=311
num_leaves=13
num_cat=0
split_feature=15 5 10 4 4 13 0 9 4 5 13 16
split_gain=0.000153382 0.00121931 0.00177313 0.000984321 0.000939306 0.00102505 0.000727963 0.000663295 0.00106117 0.000914317 0.000573594 0.000244405
threshold=-0.94332934683008507 4.9736562757684055 19.458982297807484 4.2647373099076615 1.9291588906473176 0.67494438532680345 2.3809421006399645 0.6771146736968906 1.8958225958253931 5.6464827929910699 -0.50203922587736527 0.82325215499882709
decision_type=2 2 2 2 2 2 2 2 2 2 2 2
left_child=7 4 -3 -4 5 -2 -6 9 -9 10 -1 -10
right_child=1 2 3 -5 6 -7 -8 8 11 -11 -12 -13
leaf_value=1.7526059925289263e-05 -1.9354345174635102e-05 0 0 -0.00032863613001425391 2.3341846790570303e-05 4.6227184737933823e-05 -1.2625136838097475e-05 0 0 0.00014465453135961831 -1.2399473827483476e-05 -0.00015458110702550791
leaf_weight=1846 4657 50 52 88 7329 587 1157 211 50 102 6493 216
leaf_count=1846 4657 50 52 88 7329 587 1157 211 50 102 6493 216
internal_value=0 2.92494e-06 -0.000119303 -0.000225208 5.71735e-06 -9.14604e-06 1.66697e-05 -5.44425e-06 -6.33999e-05 -3.85233e-07 -3.97501e-06 -0.00013089
internal_weight=22838 13920 190 140 13730 5244 8486 8918 477 8441 8339 266
internal_count=22838 13920 190 140 13730 5244 8486 8918 477 8441 8339 266
is_linear=0
shrinkage=0.05


Tree=312
num_leaves=13
num_cat=0
split_feature=13 13 13 13 13 13 4 16 13 10 16 10
split_gain=0.000150518 0.00247116 0.0023681 0.00146761 0.00122055 0.00079895 0.000788261 0.000695389 0.000559197 0.00135703 0.000597147 4.01012e-05
threshold=-0.61614253177807987 -0.56734936417262005 -0.67858172478649215 -0.64278278086672958 -0.83643774170704666 -0.62709784784393252 4.756837566660816 6.9485106445300273 -0.42021305351745969 46.744457783104956 -11.708555559460603 20.494913529414539
decision_type=2 2 2 2 2 2 2 2 2 2 2 2
left_child=2 11 4 -4 6 -5 -1 -6 9 -3 -10 -2
right_child=1 8 3 5 7 -7 -8 -9 10 -11 -12 -13
leaf_value=8.7324357904678255e-07 0 -6.1971885414532755e-05 -0.00016811081312737231 2.9633160392294941e-05 0.0001261686957622481 -0.00012577205608494321 -8.8732166694251342e-05 0 -4.8766301591659504e-05 5.1724710384720457e-05 4.3903409691804883e-06 0.0001928646058158312
leaf_weight=2788 58 1085 348 238 303 112 250 64 518 207 16698 169
leaf_count=2788 58 1085 348 238 303 112 250 64 518 207 16698 169
internal_value=0 1.55476e-06 -8.98075e-06 -9.41353e-05 4.09383e-06 0 -1.59141e-06 9.17932e-05 0 -3.21289e-05 1.91698e-06 0.000165211
internal_weight=22838 18735 4103 698 3405 350 3038 367 18508 1292 17216 227
internal_count=22838 18735 4103 698 3405 350 3038 367 18508 1292 17216 227
is_linear=0
shrinkage=0.05


Tree=313
num_leaves=13
num_cat=0
split_feature=19 6 18 19 10 19 1 10 8 13 13 13
split_gain=0.000146338 0.000543474 0.000468261 0.00118716 0.000892013 0.000437821 0.000394766 0.000300823 0.000411414 0.000321166 1.36241e-05 4.34531e-06
threshold=-2.0308634955439664 0.74693332845832883 1.5892350485192852 1.1712144921264713 24.363511189386191 2.9610859976290045 -0.20411110854499864 70.731206504103213 3.4368595997250764 -0.33360624145318257 1.5171939835738393 -1.6231581869856568
decision_type=2 2 2 2 2 2 2 2 2 2 2 2
left_child=1 -1 7 4 -4 -5 11 9 -9 -2 -8 -3
right_child=2 6 3 5 -6 -7 10 8 -10 -11 -12 -13
leaf_value=0 -1.2400966335130582e-05 -1.1239085897402628e-05 0 -5.5465192640718785e-05 9.0185138537220491e-05 0 -0.00013095118563660437 7.5242073165177092e-05 0 5.6680563374887604e-07 0 0
leaf_weight=66 6043 85 273 391 766 108 159 294 105 14401 65 82
leaf_count=66 6043 85 273 391 766 108 159 294 105 14401 65 82
internal_value=0 -2.81935e-05 2.82946e-07 2.73565e-05 6.20813e-05 -1.49259e-05 -6.62928e-05 -9.96388e-07 4.0049e-05 -2.53305e-06 -0.00010974 0
internal_weight=22838 457 22381 1538 1039 499 391 20843 399 20444 224 167
internal_count=22838 457 22381 1538 1039 499 391 20843 399 20444 224 167
is_linear=0
shrinkage=0.05


Tree=314
num_leaves=13
num_cat=0
split_feature=4 4 8 5 16 16 3 20 19 1 5 0
split_gain=0.000137207 0.000297847 0.000233246 0.000315087 0.000207537 0.000848887 0.000842136 0.000637793 0.000689973 0.000583081 4.0546e-05 0.000111673
threshold=1.2297571949862787 1.0368169215154219 1.0568823629063513 2.57069710175027 -9.9960599603620235 -7.3282087198583081 -7.1463629180038888 -0.72357300649207112 -1.0896832208752387 0.75242320633151971 1.7082063380894896 0.78305534546648514
decision_type=2 2 2 2 2 2 2 2 2 2 2 2
left_child=1 10 3 -3 7 9 -7 -2 -9 -6 -1 -12
right_child=4 2 -4 -5 5 6 -8 8 -10 -11 11 -13
leaf_value=0 -0.00013806469123979836 -6.359513952497613e-05 0 0 5.5267581465893614e-05 -3.5482502347922378e-05 3.1212785118570412e-06 0.00010649585162720278 -2.0924525554752395e-05 0 3.1439401542820046e-05 0
leaf_weight=244 103 603 316 71 1219 1539 17086 116 908 134 384 115
leaf_count=244 103 603 316 71 1219 1539 17086 116 908 134 384 115
internal_value=0 -1.37394e-05 -3.2889e-05 -4.95171e-05 8.62138e-07 2.70861e-06 0 -1.85453e-05 0 4.09344e-05 0 1.42383e-05
internal_weight=22838 1733 990 674 21105 19978 18625 1127 1024 1353 743 499
internal_count=22838 1733 990 674 21105 19978 18625 1127 1024 1353 743 499
is_linear=0
shrinkage=0.05


Tree=315
num_leaves=14
num_cat=0
split_feature=10 0 3 11 9 10 21 12 9 1 21 3 1
split_gain=0.00013381 0.00136005 0.00119967 0.00102334 0.000812729 0.000445848 0.001042 0.000855364 0.000637418 0.000716569 0.000544124 0.000426072 0.000257367
threshold=15.239741448557579 1.643494297043204 4.357636165800983 -2.0880135226445735 0.054930301920657988 24.363511189386191 0.19018903362334105 3.157470926727763 1.0824888602906417 0.17991924282603097 0.26887690866649844 -3.6879239676668503 0.21707668791080589
decision_type=2 2 2 2 2 2 2 2 2 2 2 2 2
left_child=1 3 -3 4 -1 6 11 -8 10 -10 -7 -2 -5
right_child=5 2 -4 12 -6 8 7 -9 9 -11 -12 -13 -14
leaf_value=0 2.4030786759275156e-05 0.00020020864819817651 0 3.9647167983202308e-05 -0.00013145719972745303 1.2139963710533599e-06 -0.00010818845914585872 0 0 -0.00012507910390298488 4.5379190430705168e-05 -1.2289659160690402e-05 0
leaf_weight=134 867 166 72 668 241 14518 494 172 120 200 800 3957 429
leaf_count=134 867 166 72 668 241 14518 494 172 120 200 800 3957 429
internal_value=0 1.31227e-05 0.000124335 0 -7.56212e-05 -1.37387e-06 -1.40524e-05 -7.40298e-05 2.11863e-06 -6.4927e-05 4.50256e-06 -2.64948e-06 1.92809e-05
internal_weight=22838 1710 238 1472 375 21128 5490 666 15638 320 15318 4824 1097
internal_count=22838 1710 238 1472 375 21128 5490 666 15638 320 15318 4824 1097
is_linear=0
shrinkage=0.05


Tree=316
num_leaves=15
num_cat=0
split_feature=4 2 5 9 13 13 1 4 5 16 5 9 1 18
split_gain=0.000125904 0.000466098 0.000998466 0.000596365 0.00040244 0.00159526 0.00141313 0.000395221 0.00134125 0.000750827 0.000748869 0.000614089 0.000598463 0.000189226
threshold=2.9562911645164749 5.3528929469833235 4.9736562757684055 1.0824888602906417 0.12528889017450198 0.040611952642155565 0.75242320633151971 2.7460583756349175 2.5776057589869343 -2.2306654184668706 4.3915160015930654 0.46574123539334739 -1.1568539991239535 0.77340718701647748
decision_type=2 2 2 2 2 2 2 2 2 2 2 2 2 2
left_child=7 4 3 -3 5 -2 -6 10 13 -10 12 -12 -1 -9
right_child=1 2 -4 -5 6 -7 -8 8 9 -11 11 -13 -14 -15
leaf_value=-6.1137790318401754e-05 0 8.9315840812465084e-05 -7.2880900069624972e-05 0 4.2020712624102619e-05 -0.00014289087564807839 -3.475609373923481e-05 3.1714935279628872e-05 0 -0.00012155503067478321 0.0001784308175060773 0 0 0
leaf_weight=408 2762 631 59 200 1838 216 702 485 254 426 105 55 14616 81
leaf_count=408 2762 631 59 200 1838 216 702 485 254 426 105 55 14616 81
internal_value=0 5.69739e-06 3.92592e-05 6.53279e-05 0 -1.2188e-05 1.48928e-05 -2.54857e-06 -2.96298e-05 -8.06738e-05 0 0.000106892 -1.47332e-06 5.27412e-06
internal_weight=22838 6408 890 831 5518 2978 2540 16430 1246 680 15184 160 15024 566
internal_count=22838 6408 890 831 5518 2978 2540 16430 1246 680 15184 160 15024 566
is_linear=0
shrinkage=0.05


Tree=317
num_leaves=13
num_cat=0
split_feature=14 14 13 13 21 1 15 19 5 1 13 15
split_gain=0.000167297 0.00272871 0.00166896 0.00100898 0.000877537 0.00116193 0.00105315 0.00097113 0.00096525 0.000710442 0.00047538 0.000101784
threshold=13.230000019073488 13.019999980926515 -1.022724571954797 -0.75248234889007104 0.26887690866649844 0.83194071115757007 2.2655978423459406 0.91047902682829129 4.3280370980104248 -0.28987645369612919 0.83243685891511998 1.5189647048431623
decision_type=2 2 2 2 2 2 2 2 2 2 2 2
left_child=1 2 9 -4 5 6 -2 10 -7 -1 -6 -9
right_child=4 -3 3 -5 7 8 -8 11 -10 -11 -12 -13
leaf_value=0 0 -0.00023203265362127247 4.9332195855199248e-05 -1.3194083085536484e-06 0.00012232172773043632 -9.1065838563591527e-05 5.9828328204113494e-05 -4.8096464192150804e-05 0 -0.00018742017617835607 0 0
leaf_weight=64 3028 128 1029 16127 407 590 851 109 142 168 78 117
leaf_count=64 3028 128 1029 16127 407 590 851 109 142 168 78 117
internal_value=0 -2.65648e-06 -9.20941e-08 8.47045e-07 7.43973e-06 0 1.03645e-05 5.91189e-05 -5.82607e-05 -0.000133623 0.000100577 0
internal_weight=22838 17516 17388 17156 5322 4611 3879 711 732 232 485 226
internal_count=22838 17516 17388 17156 5322 4611 3879 711 732 232 485 226
is_linear=0
shrinkage=0.05


Tree=318
num_leaves=13
num_cat=0
split_feature=14 14 13 7 14 0 7 10 13 1 20 13
split_gain=0.000151895 0.0024632 0.00150398 0.00106769 0.0016908 0.00169549 0.0013646 0.00111696 0.000911162 0.000644298 0.000602587 0.000573045
threshold=13.230000019073488 13.019999980926515 -1.022724571954797 33.130164493482525 14.265000343322756 -0.35433662477194233 55.500072880243756 24.209914889670863 -0.75248234889007104 -0.28987645369612919 -0.15791452275283099 -1.1302699281766635
decision_type=2 2 2 2 2 2 2 2 2 2 2 2
left_child=1 2 9 7 5 -5 -6 11 -4 -1 -9 -2
right_child=3 -3 8 4 6 -7 -8 10 -10 -11 -12 -13
leaf_value=0 0 -0.00022052095761533253 4.6867981248850617e-05 0.00011194054598117915 1.2773400184984139e-05 0 -8.4497262123071391e-05 -4.672378649079711e-05 -1.2534419584622804e-06 -0.0001781046156204559 1.7703945392723595e-05 -0.00020149448272751481
leaf_weight=64 55 128 1029 843 1390 1024 447 563 16127 168 877 123
leaf_count=64 55 128 1029 843 1390 1024 447 563 16127 168 877 123
internal_value=0 -2.566e-06 -8.6338e-08 7.04778e-06 2.39446e-05 5.82451e-05 -2.76767e-06 -2.23592e-05 7.61118e-07 -0.000126866 0 -0.000141851
internal_weight=22838 17516 17388 5322 3704 1867 1837 1618 17156 232 1440 178
internal_count=22838 17516 17388 5322 3704 1867 1837 1618 17156 232 1440 178
is_linear=0
shrinkage=0.05


Tree=319
num_leaves=15
num_cat=0
split_feature=6 13 4 5 6 5 7 15 2 2 3 13 7 10
split_gain=0.000150074 0.000520601 0.000573456 0.000640343 0.000491252 0.000903493 0.000428314 0.000266659 0.00109251 0.000774583 0.000242164 0.000725309 0.000468701 8.23287e-05
threshold=1.9799542868872109 0.47082689340989253 2.9729663703925153 4.1263492589536188 1.7393716730304034 2.3464702918759439 24.093427208797802 -1.6638206137742249 -1.5339664167093756 -3.749003867012362 5.7932261134202259 -0.18677207905071211 36.031935537724074 25.979308795842698
decision_type=2 2 2 2 2 2 2 2 2 2 2 2 2 2
left_child=4 10 -3 -4 7 13 -7 9 -9 -1 12 -12 -2 -6
right_child=1 2 3 -5 5 6 -8 8 -10 -11 11 -13 -14 -15
leaf_value=6.5398069159398536e-06 4.5385202190720846e-06 0 0.00018588017971261353 0 0 0 -0.00011671524460142623 3.7998118058220566e-05 -8.3506399859900742e-07 -2.6557713158410567e-05 0.00011997479242094296 0 -4.5311738505539084e-05 3.7806308031981145e-05
leaf_weight=2722 307 200 134 51 93 50 337 2008 12522 3272 154 187 658 143
leaf_count=2722 307 200 134 51 93 50 337 2008 12522 3272 154 187 658 143
internal_value=0 1.39326e-05 6.4982e-05 0.000128339 -1.48665e-06 -4.52002e-05 -9.54318e-05 0 3.50153e-06 -9.02677e-06 0 3.49515e-05 -1.39364e-05 0
internal_weight=22838 1691 385 185 21147 623 387 20524 14530 5994 1306 341 965 236
internal_count=22838 1691 385 185 21147 623 387 20524 14530 5994 1306 341 965 236
is_linear=0
shrinkage=0.05


Tree=320
num_leaves=12
num_cat=0
split_feature=13 13 13 14 21 14 13 14 14 14 14
split_gain=0.000159951 0.00227218 0.0020904 0.00149412 0.00234022 0.00172844 0.0013367 0.00105082 0.000712855 0.002467 0.00171804
threshold=-0.61614253177807987 -0.56734936417262005 -0.67858172478649215 13.769999980926515 0.12245514988035738 12.769999980926515 -0.64278278086672958 12.045000076293947 12.22499990463257 11.679999828338625 12.244999885559084
decision_type=2 2 2 2 2 2 2 2 2 2 2
left_child=2 -2 3 5 -5 -1 -4 -8 9 -3 -10
right_child=1 8 6 4 -6 -7 7 -9 10 -11 -12
leaf_value=1.8599112522197404e-06 0.00015855615365106194 5.6728441335515947e-06 -0.00015960065298797137 -0.00012167833252070019 0 0.00013861014807512546 -7.7811054168520625e-05 0.00010163242256912155 0.00014859983323879696 -4.2174712743614501e-05 5.7393245076500244e-06
leaf_weight=1377 227 8975 348 470 1197 361 235 115 238 3649 5646
leaf_count=1377 227 8975 348 470 1197 361 235 115 238 3649 5646
internal_value=0 1.65766e-06 -9.21367e-06 2.77798e-06 -2.59461e-05 3.89533e-05 -8.90911e-05 0 0 -6.97174e-06 1.4091e-05
internal_weight=22838 18735 4103 3405 1667 1738 698 350 18508 12624 5884
internal_count=22838 18735 4103 3405 1667 1738 698 350 18508 12624 5884
is_linear=0
shrinkage=0.05


Tree=321
num_leaves=15
num_cat=0
split_feature=6 0 3 15 6 16 5 3 5 16 6 3 5 15
split_gain=0.00014041 0.000510957 0.000944674 0.000882091 0.000556549 0.00116298 0.000446999 0.000431312 0.000592195 0.000569936 0.00079583 0.000648921 0.000483908 0.000413722
threshold=1.9799542868872109 -2.9958650972435295 -11.908600966266118 -2.6802084024576174 1.3418272244237002 -0.33887905965068738 3.6836870501236905 4.1131101281697067 3.6285126932233207 -6.8057142677221849 2.6279123044141079 -5.3464487423950926 2.0144719733571654 -2.9071006499452987
decision_type=2 2 2 2 2 2 2 2 2 2 2 2 2 2
left_child=1 2 6 -4 13 -6 -1 9 12 10 -2 -11 -9 -3
right_child=7 4 3 -5 5 -7 -8 8 -10 11 -12 -13 -14 -15
leaf_value=0 0.00014574901923434437 -1.9248434944806665e-05 0.00013735604519916894 0 0 -6.1753095846903808e-05 -8.537412594764588e-05 0 0 -0.00010899384001383913 0 0 9.7366940463747842e-05 2.58918983900967e-06
leaf_weight=67 136 2512 297 315 1213 1192 153 69 71 178 131 676 430 15398
leaf_count=67 136 2512 297 315 1213 1192 153 69 71 178 131 676 430 15398
internal_value=0 -1.25944e-06 3.56777e-05 7.46612e-05 -3.51222e-06 -2.61238e-05 -4.74104e-06 1.3698e-05 4.9441e-05 0 5.86122e-05 -2.42828e-05 7.58452e-05 0
internal_weight=22838 21147 832 612 20315 2405 220 1691 570 1121 267 854 499 17910
internal_count=22838 21147 832 612 20315 2405 220 1691 570 1121 267 854 499 17910
is_linear=0
shrinkage=0.05


Tree=322
num_leaves=10
num_cat=0
split_feature=14 14 13 3 14 13 14 1 6
split_gain=0.000149457 0.000597995 0.00215067 0.000900884 0.000843 0.00275138 0.000658963 0.000245885 6.93299e-06
threshold=9.4149999618530291 9.7150001525878924 0.68329041711937555 5.35441936885206 10.055000305175783 -0.15511208884687042 10.154999732971193 0.49196850779539886 0.4130369379021131
decision_type=2 2 2 2 2 2 2 2 2
left_child=8 2 3 -2 5 -3 -6 -4 -1
right_child=1 4 7 -5 6 -7 -8 -9 -10
leaf_value=0 0.0001508637493951469 0 0 0 4.9258554008383394e-05 -0.00016061020235348412 -6.1148357576187648e-08 -9.2786716263834122e-05 -3.6194599056093345e-05
leaf_weight=51 395 559 260 63 684 347 20101 83 295
leaf_count=51 395 559 260 63 684 347 20101 83 295
internal_value=0 3.77168e-07 4.31389e-05 0.000121364 -5.12343e-07 -4.80999e-05 8.42534e-07 -1.77577e-05 -3.26735e-05
internal_weight=22838 22492 801 458 21691 906 20785 343 346
internal_count=22838 22492 801 458 21691 906 20785 343 346
is_linear=0
shrinkage=0.05


Tree=323
num_leaves=14
num_cat=0
split_feature=13 13 5 13 14 13 12 0 13 13 21 4 4
split_gain=0.00014485 0.0010374 0.0012456 0.000960065 0.00123982 0.0022684 0.000887781 0.000875354 0.000726276 0.00203993 0.00102959 0.000418202 0.000335599
threshold=-0.33360624145318257 -0.24290162539588597 2.8468266812328697 -0.36212995724053115 11.38000011444092 -0.39472722126636656 3.0238702260533636 -1.7311525226243616 -0.12897990006948132 -0.075603740240881553 0.078974805617785179 1.4284711178956075 4.8941229472114598
decision_type=2 2 2 2 2 2 2 2 2 2 2 2 2
left_child=3 2 11 4 7 -6 -5 -1 10 -10 -3 -2 -4
right_child=1 8 12 6 5 -7 -8 -9 9 -11 -12 -13 -14
leaf_value=0 0 -5.8636250685415567e-05 0 -0.00015473043237396305 0 0.0001596392020045623 0 -5.8687766247812605e-05 8.4963421189096166e-05 -1.7554460945668532e-06 5.6992363391915347e-05 8.1409167419923715e-05 -0.000124069144711891
leaf_weight=350 142 1167 276 203 4705 244 143 1368 706 12349 103 1026 56
leaf_count=350 142 1167 276 203 4705 244 143 1368 706 12349 103 1026 56
internal_value=0 2.48431e-06 4.22967e-05 -6.1403e-06 0 1.07566e-05 -8.76299e-05 -3.83396e-05 -6.40134e-07 1.79147e-06 -3.74193e-05 7.02001e-05 -1.07404e-05
internal_weight=22838 15825 1500 7013 6667 4949 346 1718 14325 13055 1270 1168 332
internal_count=22838 15825 1500 7013 6667 4949 346 1718 14325 13055 1270 1168 332
is_linear=0
shrinkage=0.05


Tree=324
num_leaves=15
num_cat=0
split_feature=21 14 21 8 14 14 8 21 8 8 14 14 14 8
split_gain=0.000131137 0.00120188 0.0015279 0.00137425 0.00126532 0.00101715 0.000933161 0.000438565 0.000982456 0.000848193 0.000446651 0.00170634 0.00145197 0.000387991
threshold=0.17664222373873248 13.405000209808351 0.26887690866649844 11.337874809830344 14.355000019073488 11.545000076293947 -4.1694264102050136 0.12245514988035738 -0.87088710051753704 18.306088478003609 12.50999975204468 12.22499990463257 12.734999656677248 33.386075342704949
decision_type=2 2 2 2 2 2 2 2 2 2 2 2 2 2
left_child=7 3 6 5 -4 -2 -3 10 -9 -10 11 -1 -12 -5
right_child=1 2 4 13 -6 -7 -8 8 9 -11 12 -13 -14 -15
leaf_value=-1.3644123171906088e-06 0 3.1606084673223194e-05 0.00019488046565080581 9.956252924246781e-05 0 -9.4625102601662798e-05 -4.7824171501517701e-05 0 9.7346876763176058e-05 0 -7.8512931232294927e-05 5.7875049209329825e-05 0 0
leaf_weight=13583 236 442 185 117 422 988 884 815 602 119 750 1300 2302 93
leaf_count=13583 236 442 185 117 422 988 884 815 602 119 750 1300 2302 93
internal_value=0 -9.22469e-06 1.05358e-05 -4.63032e-05 8.00973e-05 -7.1785e-05 -1.00399e-05 1.45534e-06 2.72062e-05 7.05518e-05 0 2.80578e-06 -1.80933e-05 3.07659e-05
internal_weight=22838 3367 1933 1434 607 1224 1326 19471 1536 721 17935 14883 3052 210
internal_count=22838 3367 1933 1434 607 1224 1326 19471 1536 721 17935 14883 3052 210
is_linear=0
shrinkage=0.05


Tree=325
num_leaves=15
num_cat=0
split_feature=13 13 13 1 13 13 5 4 3 13 9 13 13 13
split_gain=0.00014327 0.0011615 0.00175427 0.00200768 0.0011891 0.000705786 0.000580151 0.000501894 0.000490373 0.00120204 0.000845255 0.000776767 0.00035958 0.000324524
threshold=0.64779913388313137 0.52555861591733211 0.53714975524669095 0.59832934100269441 0.49393563195667683 0.48761463514747089 2.2031988749776041 1.8718962082285009 -1.5215762666936414 0.83243685891511998 0.10936459325157404 0.9783833177216984 0.79675748132704849 1.0080271615568794
decision_type=2 2 2 2 2 2 2 2 2 2 2 2 2 2
left_child=1 4 6 -4 5 -1 -3 -6 9 10 -2 -11 -10 -14
right_child=8 2 3 -5 7 -7 -8 -9 12 11 -12 -13 13 -15
leaf_value=7.4754830947583754e-07 0 0 -4.222472969469675e-05 0.00013069438607834111 0 -8.8508880887405093e-05 -0.00023058675892688219 0.00015196772715176334 -3.2386689003511659e-05 -7.2343597564153062e-05 0.00011169997000427984 2.4089627033515357e-05 4.3223890405174765e-05 0
leaf_weight=17337 81 74 1190 175 52 223 162 183 801 286 531 757 467 519
leaf_count=17337 81 74 1190 175 52 223 162 183 801 286 531 757 467 519
internal_value=0 -1.74891e-06 -4.28483e-05 -8.9952e-06 1.10807e-06 0 -0.000174496 0.000112645 9.31654e-06 3.0291e-05 8.59129e-05 0 -1.72542e-06 7.99297e-06
internal_weight=22838 19396 1601 1365 17795 17560 236 235 3442 1655 612 1043 1787 986
internal_count=22838 19396 1601 1365 17795 17560 236 235 3442 1655 612 1043 1787 986
is_linear=0
shrinkage=0.05


Tree=326
num_leaves=15
num_cat=0
split_feature=6 0 0 10 13 0 9 9 13 4 13 12 13 0
split_gain=0.000134193 0.000313945 0.000817424 0.000305967 0.000292963 0.000570139 0.00124253 0.000698054 0.000484237 0.000486565 0.000280743 0.000275287 0.00107386 0.000184259
threshold=0.43974277612710944 -0.061800715878375996 0.80078405870746805 27.45746954910248 0.99327539973204104 2.9299044835897701 0.87654684935250382 0.99362140949327771 1.1133505751721564 2.9079570508526249 0.73648888134474355 5.0834926810308803 0.30853621784847635 -0.41447988812733477
decision_type=2 2 2 2 2 2 2 2 2 2 2 2 2 2
left_child=1 11 3 -3 5 7 -7 -2 13 -10 -4 -1 -13 -6
right_child=4 2 10 -5 8 6 -8 -9 9 -11 -12 12 -14 -15
leaf_value=-5.0274424460854804e-06 4.6496473201263765e-06 0 5.11687577092277e-05 -8.4132521602375414e-05 0 -9.5798316218619791e-05 0 -4.1940673838357293e-05 -3.4179407944829487e-05 3.7377726514482449e-05 0 0.00012009610301165279 0 0.00010361243830573881
leaf_weight=1056 17192 349 268 549 101 487 461 810 410 526 98 231 74 226
leaf_count=1056 17192 349 268 549 101 487 461 810 410 526 98 231 74 226
internal_value=0 -1.07269e-05 -2.9314e-05 -5.89879e-05 1.28385e-06 0 -3.80258e-05 1.71791e-06 2.46129e-05 0 2.58299e-06 0 4.64948e-05 7.76232e-05
internal_weight=22838 2625 1264 898 20213 18950 948 18002 1263 936 366 1361 305 327
internal_count=22838 2625 1264 898 20213 18950 948 18002 1263 936 366 1361 305 327
is_linear=0
shrinkage=0.05


Tree=327
num_leaves=15
num_cat=0
split_feature=14 14 14 14 14 14 4 14 3 4 15 15 4 8
split_gain=0.00012957 0.00178979 0.00206491 0.000978626 0.00242863 0.00177048 0.00105592 0.000876519 0.000854484 0.000794925 0.00129047 0.000294856 0.000275499 0.000132081
threshold=11.219999790191652 11.039999961853029 10.920000076293947 11.38000011444092 11.534999847412111 11.739999771118166 3.29805081535461 11.144999980926515 8.1427853066059175 1.4800536393961876 2.3633298701652934 -0.46348784276520333 2.4224112166931451 5.8560088754711188
decision_type=2 2 2 2 2 2 2 2 2 2 2 2 2 2
left_child=1 2 8 9 6 -6 -5 11 -1 -2 -11 -3 -9 -4
right_child=3 7 13 4 5 -7 -8 12 -10 10 -12 -13 -14 -15
leaf_value=1.4491029756002979e-05 0 0.00024065089177635783 -0.00011559051351835465 0.00013528725894611078 -5.5086542999567233e-05 2.2253120159767384e-06 0 0 -3.9364319323906995e-05 -9.3174630474188196e-05 0 0 5.9658814398504658e-05 0
leaf_weight=5034 356 129 401 469 1474 12264 101 343 778 894 218 90 215 72
leaf_count=5034 356 129 401 469 1474 12264 101 343 778 894 218 90 215 72
internal_value=0 5.48754e-06 -1.04744e-06 -2.65527e-06 3.06758e-07 -2.83566e-06 0.000102187 7.75614e-05 4.69595e-06 -4.17165e-05 -6.3894e-05 0.0001757 1.19654e-05 -0.000103126
internal_weight=22838 7062 6285 15776 14308 13738 570 777 5812 1468 1112 219 558 473
internal_count=22838 7062 6285 15776 14308 13738 570 777 5812 1468 1112 219 558 473
is_linear=0
shrinkage=0.05


Tree=328
num_leaves=14
num_cat=0
split_feature=13 13 13 2 13 21 1 1 7 7 8 4 5
split_gain=0.000138294 0.00194918 0.00184797 0.00120384 0.00108665 0.000914949 0.000636893 0.000593463 0.000545159 0.000401386 0.000362025 0.000250053 3.14638e-05
threshold=-0.61614253177807987 -0.56734936417262005 -0.67858172478649215 -1.6903242383467241 -0.83643774170704666 0.12245514988035738 0.33490518000209596 -0.23247576528333094 25.407733130300809 28.149569238787127 -10.361660926073004 1.7628073356553922 1.999540636647924
decision_type=2 2 2 2 2 2 2 2 2 2 2 2 2
left_child=2 12 4 11 5 -1 -6 -5 10 -10 -3 -4 -2
right_child=1 8 3 7 6 -7 -8 -9 9 -11 -12 -13 -14
leaf_value=-3.444701558189127e-05 0 0 -7.2293927725695548e-05 0 0.00011739948942065097 1.860676517027178e-05 0 -0.00016275304162541109 4.511982989611356e-05 2.9722623963952379e-08 -5.2786034146838541e-05 3.3634212563040828e-05 0.00018154113211973086
leaf_weight=1491 76 501 79 84 312 1547 55 353 537 16690 780 182 151
leaf_count=1491 76 501 79 84 312 1547 55 353 537 16690 780 182 151
internal_value=0 1.75772e-06 -8.37489e-06 -8.35864e-05 2.65894e-06 -2.49808e-06 8.60001e-05 -0.000134243 0 2.30848e-06 -3.14879e-05 0 0.000147059
internal_weight=22838 18735 4103 698 3405 3038 367 437 18508 17227 1281 261 227
internal_count=22838 18735 4103 698 3405 3038 367 437 18508 17227 1281 261 227
is_linear=0
shrinkage=0.05


Tree=329
num_leaves=15
num_cat=0
split_feature=12 8 7 20 11 10 16 8 0 5 0 8 8 8
split_gain=0.000125483 0.000730245 0.000881394 0.000776216 0.000609957 0.00082714 0.000597465 0.000516552 0.000911322 0.000665539 0.000528525 0.000648102 0.000620301 0.000311879
threshold=-9.2347614267499871 -10.717370608569203 13.404024106737724 -0.035095243527012814 -4.4297463697244028 41.903675511914052 -0.91408383923388115 -12.597374435661026 0.20981747612798327 4.538150254863198 2.3809421006399645 1.0000000180025095e-35 -0.11182939233899455 -23.696528921991867
decision_type=2 2 2 2 2 2 2 2 2 2 2 2 2 2
left_child=1 2 -1 -4 5 -3 -6 8 9 -2 12 -12 -9 -10
right_child=7 4 3 -5 6 -7 -8 10 13 -11 11 -13 -14 -15
leaf_value=0 -6.3083484175556519e-05 0 0 0.00014231854707500325 0.00010775320993920262 -6.7736331126190842e-05 0 1.4711331289289279e-05 4.1983045343758107e-05 0 -6.7393441841163425e-05 0 -3.4402727560107986e-06 -4.4489877851048044e-06
leaf_weight=99 1316 384 162 308 198 604 65 8016 439 72 585 965 9234 391
leaf_count=99 1316 384 162 308 198 604 65 8016 439 72 585 965 9234 391
internal_value=0 1.25983e-05 6.09088e-05 9.57496e-05 0 -2.67561e-05 5.56258e-05 -1.0837e-06 -2.42274e-05 -5.07481e-05 8.5008e-07 -2.59107e-05 4.12555e-06 2.08007e-06
internal_weight=22838 1820 569 470 1251 988 263 21018 2218 1388 18800 1550 17250 830
internal_count=22838 1820 569 470 1251 988 263 21018 2218 1388 18800 1550 17250 830
is_linear=0
shrinkage=0.05


Tree=330
num_leaves=14
num_cat=0
split_feature=15 5 10 5 10 2 2 10 10 10 10 5 14
split_gain=0.000129403 0.00103458 0.00161965 0.000829337 0.00135624 0.000749531 0.000581806 0.000574492 0.00103844 0.000713306 0.000527973 0.00119011 0.000494839
threshold=-0.94332934683008507 4.9736562757684055 19.458982297807484 4.3915160015930654 22.025173956000142 -0.39541183954286402 -3.749003867012362 46.744457783104956 40.847801270081114 52.755644700012404 22.143449651394661 2.9130777541678738 13.405000209808351
decision_type=2 2 2 2 2 2 2 2 2 2 2 2 2
left_child=6 3 -3 5 -5 -2 7 8 -1 -9 11 -8 -12
right_child=1 2 -4 4 -6 -7 10 9 -10 -11 12 -13 -14
leaf_value=1.0131449956972752e-05 2.6382219392548026e-05 0 -0.00021174119804933807 0 0.00016737823757558953 -1.9548448943337474e-06 -6.9447507110338877e-06 0.00011568920054585383 -8.4216326952639111e-05 0 1.2294627618696976e-06 -0.00013615124337425246 -4.6793678950503455e-05
leaf_weight=2351 2783 50 140 56 206 10685 1269 260 331 437 3401 301 568
leaf_count=2351 2783 50 140 56 206 10685 1269 260 331 437 3401 301 568
internal_value=0 3.00937e-06 -0.000109078 5.66072e-06 9.56984e-05 2.78852e-06 -4.70494e-06 8.99916e-06 0 4.94954e-05 -1.57726e-05 -4.13351e-05 -1.8748e-06
internal_weight=22838 13920 190 13730 262 13468 8918 3379 2682 697 5539 1570 3969
internal_count=22838 13920 190 13730 262 13468 8918 3379 2682 697 5539 1570 3969
is_linear=0
shrinkage=0.05


Tree=331
num_leaves=13
num_cat=0
split_feature=13 3 6 20 14 10 13 13 13 13 5 15
split_gain=0.000131418 0.00113392 0.0014792 0.00141086 0.00111374 0.00110623 0.000937812 0.00125239 0.00107474 0.00306365 0.000939726 0.000112848
threshold=-0.33360624145318257 13.55642408892871 0.93160424558754984 -0.42221246925246075 11.97499990463257 40.250000699940422 -0.29973634362466245 -0.30396420107253735 -0.29479932225512367 -0.27067507371424376 2.9130777541678738 1.8947151355922012
decision_type=2 2 2 2 2 2 2 2 2 2 2 2
left_child=1 2 4 -4 -1 -3 7 11 10 -10 -8 -2
right_child=6 5 3 -5 -6 -7 8 -9 9 -11 -12 -13
leaf_value=-2.0670311611778661e-05 2.9959160836889562e-05 0 1.6208111616056388e-05 -5.5894667115871636e-05 3.2799883342927507e-05 0.00014235313542337736 0 0.00021921114535244075 0.00017998812502692356 0 -0.00024727427600782344 -1.0249640240713413e-05
leaf_weight=1534 307 67 536 2532 2105 239 264 115 238 14768 80 53
leaf_count=1534 307 67 536 2532 2105 239 264 115 238 14768 80 53
internal_value=0 -5.72451e-06 -1.2005e-05 -3.84091e-05 6.13946e-06 8.26649e-05 2.49726e-06 7.16438e-05 0 2.35815e-06 -8.68682e-05 0
internal_weight=22838 7013 6707 3068 3639 306 15825 475 15350 15006 344 360
internal_count=22838 7013 6707 3068 3639 306 15825 475 15350 15006 344 360
is_linear=0
shrinkage=0.05


Tree=332
num_leaves=15
num_cat=0
split_feature=6 0 14 10 15 0 9 0 9 0 10 9 7 6
split_gain=0.000134324 0.000452583 0.00138619 0.00103003 0.000521533 0.000701436 0.000610345 0.000408129 0.000547331 0.000636877 0.000464682 0.00101112 0.000350892 0.000169476
threshold=1.9799542868872109 -2.9958650972435295 12.175000190734863 31.694933233356533 -3.4265084464645095 1.6046527367974661 0.032205559053282845 -1.7689769101686583 -0.04468462597382989 -2.9958650972435295 30.052173321222337 1.0824888602906417 33.130164493482525 2.6279123044141079
decision_type=2 2 2 2 2 2 2 2 2 2 2 2 2 2
left_child=1 2 3 -1 5 -3 -6 8 13 -10 -9 -12 -4 -2
right_child=7 4 12 -5 6 -7 -8 10 9 -11 11 -13 -14 -15
leaf_value=0 8.1366102099309509e-05 -3.8647827958332562e-05 -5.1495778840378943e-05 0.00021867165292237646 4.9574259311887294e-05 3.7645503702265169e-05 -2.1467128790874696e-06 0 -0.00014878004762512221 0 9.5532416341506795e-05 0 2.4583742455574158e-05 0
leaf_weight=98 63 2039 253 145 587 159 17530 633 134 106 546 123 336 86
leaf_count=98 63 2039 253 145 587 159 17530 633 134 106 546 123 336 86
internal_value=0 -1.10217e-06 3.36061e-05 0.000134382 -3.26357e-06 -2.6293e-05 0 1.35383e-05 -8.44141e-06 -7.61114e-05 3.16186e-05 6.06477e-05 0 3.38024e-07
internal_weight=22838 21147 832 243 20315 2198 18117 1691 389 240 1302 669 589 149
internal_count=22838 21147 832 243 20315 2198 18117 1691 389 240 1302 669 589 149
is_linear=0
shrinkage=0.05


Tree=333
num_leaves=13
num_cat=0
split_feature=14 14 1 13 14 13 13 13 1 21 12 1
split_gain=0.000126121 0.00603514 0.00154933 0.00152614 0.00138412 0.00105016 0.00391796 0.00196817 0.00157288 0.00120967 0.000853926 3.20305e-05
threshold=11.679999828338625 11.719999790191652 0.18936021624326235 0.53714975524669095 12.175000190734863 0.55071779110856822 0.13465620494010902 0.56784825743932965 0.15376192784757034 0.15861429734430141 5.2921657823639592 0.15864618990901277
decision_type=2 2 2 2 2 2 2 2 2 2 2 2
left_child=5 11 4 -4 -3 6 8 -7 -1 -8 -9 -2
right_child=1 2 3 -5 -6 7 9 10 -10 -11 -12 -13
leaf_value=-2.5636936854452628e-05 -0.00029404815503564203 4.8541544995594642e-05 -4.1064027478285657e-05 1.1151592417486544e-05 0 -0.00022958905034450557 8.8627776063112038e-05 4.8779267431881993e-06 2.4340845137411603e-05 0 -7.6804239647760544e-05 0
leaf_weight=3901 176 2260 3319 1795 5226 119 1793 1220 2471 147 361 50
leaf_count=3901 176 2260 3319 1795 5226 119 1793 1220 2471 147 361 50
internal_value=0 -3.26294e-06 1.53398e-07 -1.98053e-05 1.57923e-05 4.22498e-06 1.28356e-05 -2.90405e-05 -3.90158e-06 7.55113e-05 -4.32818e-06 -0.000258972
internal_weight=22838 12826 12600 5114 7486 10012 8312 1700 6372 1940 1581 226
internal_count=22838 12826 12600 5114 7486 10012 8312 1700 6372 1940 1581 226
is_linear=0
shrinkage=0.05


Tree=334
num_leaves=15
num_cat=0
split_feature=12 0 16 1 1 13 13 0 13 13 12 1 13 13
split_gain=0.000126328 0.000778809 0.00115998 0.00102015 0.000906216 0.000916515 0.000860406 0.000774069 0.001202 0.00147506 0.000974346 0.000958619 0.000838356 0.000689258
threshold=3.157470926727763 -0.34092415780429841 3.8077805252766557 -0.11460378112558468 0.44610789424490527 -0.48098470522958675 -0.78909905694107263 0.20981747612798327 0.32485260579511183 0.67494438532680345 1.4949116571965473 0.49837697715335733 0.13465620494010902 0.41836073653747091
decision_type=2 2 2 2 2 2 2 2 2 2 2 2 2 2
left_child=7 2 3 -2 6 -6 -3 8 12 -10 11 -9 -1 -4
right_child=1 4 13 -5 5 -7 -8 10 9 -11 -12 -13 -14 -15
leaf_value=-7.9886906596405936e-06 0 6.1070679526244894e-05 2.0863474903741112e-05 0.00011986953230995221 -6.2629999210489482e-05 4.528697350422996e-05 -2.9682740498456584e-05 3.6546682645503098e-05 -7.8910550484856444e-05 0 -2.9022659858843067e-05 -4.1837371808248314e-06 5.0513997680446743e-05 -6.8055905843556413e-05
leaf_weight=7393 182 190 1255 526 128 1340 3157 3472 1292 566 979 1463 642 253
leaf_count=7393 182 190 1255 526 128 1340 3157 3472 1292 566 979 1463 642 253
internal_value=0 5.56962e-06 3.09376e-05 8.41612e-05 -2.99482e-06 2.56301e-05 -2.00339e-05 -2.48582e-06 -1.17905e-05 -4.84494e-05 1.05426e-05 2.14347e-05 -1.442e-06 0
internal_weight=22838 7031 2216 708 4815 1468 3347 15807 9893 1858 5914 4935 8035 1508
internal_count=22838 7031 2216 708 4815 1468 3347 15807 9893 1858 5914 4935 8035 1508
is_linear=0
shrinkage=0.05


Tree=335
num_leaves=15
num_cat=0
split_feature=6 2 5 2 6 5 13 5 7 1 13 6 13 5
split_gain=0.000126058 0.000391302 0.000579332 0.000598068 0.000363814 0.00052845 0.000256087 0.000563425 0.000920613 0.00049993 0.00153841 0.000531249 0.000197236 7.34511e-05
threshold=0.43974277612710944 -3.2074043848349496 2.4076970167834779 4.2542345204065972 0.24220124161468817 2.7676042997527048 0.99327539973204104 2.5069715720493133 32.363185929315883 0.68109404730179768 0.73648888134474355 0.7171656394705922 1.1843243226661972 2.2031988749776041
decision_type=2 2 2 2 2 2 2 2 2 2 2 2 2 2
left_child=1 4 13 -4 -1 -6 9 12 -9 11 -11 -2 -8 -3
right_child=6 2 3 -5 5 -7 7 8 -10 10 -12 -13 -14 -15
leaf_value=0 1.569340246296723e-05 -3.7489651859038386e-06 -6.1918442481136271e-05 0 0 0.00012031486996332765 0 0 7.7882504769902076e-05 -1.6058140099938937e-07 -0.00015740584061551719 -2.4669926326728696e-06 -5.0415327821179542e-05 2.2481158600833344e-05
leaf_weight=71 5579 766 1050 126 106 165 151 197 722 1740 200 11431 193 341
leaf_count=71 5579 766 1050 126 106 165 151 197 722 1740 200 11431 193 341
internal_value=0 -1.03254e-05 -2.18048e-05 -4.6402e-05 2.24128e-05 6.30662e-05 1.31921e-06 2.31156e-05 4.75938e-05 0 -2.41722e-05 2.60811e-06 0 0
internal_weight=22838 2625 2283 1176 342 271 20213 1263 919 18950 1940 17010 344 1107
internal_count=22838 2625 2283 1176 342 271 20213 1263 919 18950 1940 17010 344 1107
is_linear=0
shrinkage=0.05


Tree=336
num_leaves=14
num_cat=0
split_feature=13 13 13 2 13 21 1 1 7 10 7 4 10
split_gain=0.000118495 0.00179687 0.00166335 0.00116521 0.000975047 0.000810529 0.000585966 0.000486385 0.000471466 0.000560009 0.000359531 0.000242761 4.40783e-05
threshold=-0.61614253177807987 -0.56734936417262005 -0.69276599147319862 -1.6903242383467241 -0.83643774170704666 0.12245514988035738 0.33490518000209596 -0.23247576528333094 25.407733130300809 46.744457783104956 28.149569238787127 1.7628073356553922 20.494913529414539
decision_type=2 2 2 2 2 2 2 2 2 2 2 2 2
left_child=2 12 4 11 5 -1 -6 -5 9 -3 -10 -4 -2
right_child=1 8 3 7 6 -7 -8 -9 10 -11 -12 -13 -14
leaf_value=-3.2396935680871094e-05 0 -5.5557300804761982e-05 -6.8161188548401705e-05 0 0.00011232447411337842 1.748579048420915e-05 0 -0.00015486974284513181 4.2487383145075361e-05 0 0 3.5657974695946127e-05 0.00016538414398468483
leaf_weight=1491 58 811 79 85 309 1547 54 354 537 470 16690 184 169
leaf_count=1491 58 811 79 85 309 1547 54 354 537 470 16690 184 169
internal_value=0 1.59152e-06 -7.78582e-06 -7.89832e-05 2.51974e-06 -2.06259e-06 8.19791e-05 -0.000128793 0 -2.93761e-05 2.04939e-06 0 0.000141105
internal_weight=22838 18735 4103 702 3401 3038 363 439 18508 1281 17227 263 227
internal_count=22838 18735 4103 702 3401 3038 363 439 18508 1281 17227 263 227
is_linear=0
shrinkage=0.05


Tree=337
num_leaves=15
num_cat=0
split_feature=12 6 6 12 14 14 8 10 14 14 18 8 18 3
split_gain=0.000123482 0.000682024 0.000874329 0.000665225 0.00050998 0.00183868 0.00136215 0.000887507 0.000860014 0.000830323 0.000546134 0.000484518 0.000418007 0.000518172
threshold=-9.2347614267499871 1.115052810698159 0.83705494786629442 -10.959467813415449 15.695000171661379 14.135000228881838 2.4571781301423647 49.575402788562549 17.144999504089359 13.835000038146974 0.99657180151292579 -9.708721698814367 1.5892350485192852 -17.524608823108405
decision_type=2 2 2 2 2 2 2 2 2 2 2 2 2 2
left_child=1 2 3 -1 5 9 -7 8 -6 -2 -9 -4 -3 -14
right_child=4 12 11 -5 7 6 -8 10 -10 -11 -12 -13 13 -15
leaf_value=0 0 0 0 8.3663290523955684e-05 -0.00013607761332384385 0.00011945713639766277 0 0 0 -9.4093025742131065e-05 -0.00017381004117207271 -0.00010993395703619334 0 0.00014744630883465725
leaf_weight=399 18354 491 116 263 116 556 154 50 1388 240 160 265 88 198
leaf_count=399 18354 491 116 263 116 556 154 50 1388 240 160 265 88 198
internal_value=0 1.24723e-05 -1.52761e-06 1.66961e-05 -1.10005e-06 4.67542e-07 7.99352e-05 -2.74915e-05 -3.30797e-06 -1.76435e-06 -0.000128765 -7.24197e-05 5.05229e-05 0.000102765
internal_weight=22838 1820 1043 662 21018 19304 710 1714 1504 18594 210 381 777 286
internal_count=22838 1820 1043 662 21018 19304 710 1714 1504 18594 210 381 777 286
is_linear=0
shrinkage=0.05


Tree=338
num_leaves=13
num_cat=0
split_feature=14 14 1 13 13 13 13 13 13 14 13 14
split_gain=0.00011944 0.00550638 0.00140584 0.00138396 0.0012498 0.000955694 0.00276922 0.0017729 0.00154952 0.00256797 0.0016396 0.00110568
threshold=11.679999828338625 11.719999790191652 0.18936021624326235 0.53714975524669095 -0.42021305351745969 -0.013045006246314992 0.55071779110856822 0.56784825743932965 -0.15511208884687042 10.735000133514406 -0.22703806390496625 9.4649996757507342
decision_type=2 2 2 2 2 2 2 2 2 2 2 2
left_child=5 -2 4 -4 -3 8 11 -8 10 -10 -1 -7
right_child=1 2 3 -5 -6 6 7 -9 9 -11 -12 -13
leaf_value=-8.8565292775526848e-06 -0.00024747473747384357 -5.1727319338446631e-06 -3.9294026677598275e-05 1.0119659951266652e-05 3.2920949594705531e-05 -5.3742441220927749e-05 -0.00021755976857821223 -3.3407444010543741e-06 -0.00015395328078911017 0 8.2850364138176773e-05 5.4440906911041288e-05
leaf_weight=3197 226 3146 3319 1795 4340 114 119 1581 454 564 560 3423
leaf_count=3197 226 3146 3319 1795 4340 114 119 1581 454 564 560 3423
internal_value=0 -3.26084e-06 0 -1.90188e-05 1.491e-05 4.02491e-06 1.9823e-05 -2.72735e-05 -1.01616e-05 -6.54441e-05 8.39775e-07 4.67002e-05
internal_weight=22838 12826 12600 5114 7486 10012 5237 1700 4775 1018 3757 3537
internal_count=22838 12826 12600 5114 7486 10012 5237 1700 4775 1018 3757 3537
is_linear=0
shrinkage=0.05


Tree=339
num_leaves=15
num_cat=0
split_feature=4 13 10 3 14 13 14 4 16 14 4 4 14 13
split_gain=0.000118334 0.000720714 0.000256042 0.00137742 0.000531261 0.000478331 0.00131073 0.00125664 0.000250101 0.000361973 0.000245064 0.000193844 0.000312932 8.76811e-05
threshold=1.2297571949862787 -0.18136130447363727 15.239741448557579 -1.7337418592951401 10.055000305175783 -0.18422338437944494 9.9200000762939471 4.8941229472114598 7.4886503774727622 9.995000362396242 1.8037952733028642 1.0368169215154219 10.379999637603762 -0.075603740240881553
decision_type=2 2 2 2 2 2 2 2 2 2 2 2 2 2
left_child=1 8 3 10 -5 7 -7 -4 9 -1 -2 12 -3 -13
right_child=2 11 5 4 -6 6 -8 -9 -10 -11 -12 13 -14 -15
leaf_value=0 0 0 1.5505534092942332e-05 0 7.4945490029112701e-05 4.4096291490859586e-05 -1.3340891919117049e-05 -6.5043339664180063e-05 0 -8.7489206316190114e-05 -4.5960339458987524e-05 0 5.5915782696467882e-05 -2.096167735140598e-05
leaf_weight=54 130 131 7365 86 905 1009 10695 466 50 471 449 93 399 535
leaf_count=54 130 131 7365 86 905 1009 10695 466 50 471 449 93 399 535
internal_value=0 -1.27275e-05 8.41513e-07 2.04197e-05 6.15713e-05 0 -7.10439e-06 8.78939e-06 -6.01311e-05 -7.17506e-05 -2.41368e-05 0 2.96971e-05 -5.09238e-06
internal_weight=22838 1733 21105 1570 991 19535 11704 7831 575 525 579 1158 530 628
internal_count=22838 1733 21105 1570 991 19535 11704 7831 575 525 579 1158 530 628
is_linear=0
shrinkage=0.05


Tree=340
num_leaves=15
num_cat=0
split_feature=21 14 21 8 14 4 8 18 13 13 13 14 14 14
split_gain=0.000121617 0.00104734 0.00141255 0.0012325 0.00105838 0.000946314 0.000766056 0.000625047 0.000395588 0.00149401 0.00489619 0.00105733 0.00408949 0.00209943
threshold=0.17664222373873248 13.405000209808351 0.24306942514836624 11.337874809830344 21.47500038146973 1.8718962082285009 -5.9525326585724398 1.2848992354752748 0.16321711356648286 0.38711088025348289 0.39980588754765517 12.375000000000002 11.739999771118166 13.115000247955324
decision_type=2 2 2 2 2 2 2 2 2 2 2 2 2 2
left_child=8 3 6 5 -4 -2 -3 -5 11 -10 -11 12 -1 -13
right_child=1 2 4 7 -6 -7 -8 -9 9 10 -12 13 -14 -15
leaf_value=-1.439690426618091e-05 0 1.5483882931868186e-05 0.00010327046587436612 0 0 -9.0869203299112286e-05 -5.5683355226121686e-05 0.00012659345875669215 5.2860937760474828e-05 -0.00022915262789262016 8.2496164501421905e-06 -8.2626292026525918e-05 6.1347798469103059e-05 0
leaf_weight=6737 253 297 551 104 347 971 738 106 1654 225 5480 1156 2378 1841
leaf_count=6737 253 297 551 104 347 971 738 106 1654 225 5480 1156 2378 1841
internal_value=0 -8.95503e-06 9.01897e-06 -4.36259e-05 6.00428e-05 -6.79749e-05 -2.07875e-05 2.68535e-05 1.32052e-06 1.09935e-05 0 -3.3187e-06 3.72313e-06 -2.9733e-05
internal_weight=22838 3367 1933 1434 898 1224 1035 210 19471 7359 5705 12112 9115 2997
internal_count=22838 3367 1933 1434 898 1224 1035 210 19471 7359 5705 12112 9115 2997
is_linear=0
shrinkage=0.05


Tree=341
num_leaves=15
num_cat=0
split_feature=12 14 14 10 0 1 11 0 14 14 14 14 12 3
split_gain=0.000115984 0.000787597 0.00180096 0.00094712 0.000932829 0.000932945 0.000771321 0.000668728 0.00167208 0.00133945 0.00320848 0.00142381 0.000955374 0.000876762
threshold=3.157470926727763 12.734999656677248 14.265000343322756 35.277947196734921 0.14651070450288903 1.2674106992600846 5.0857395642938288 0.20981747612798327 11.605000019073488 11.844999790191652 12.065000057220461 11.534999847412111 0.89910860372351398 -1.0181810585057125
decision_type=2 2 2 2 2 2 2 2 2 2 2 2 2 2
left_child=7 4 3 -3 6 -6 -2 9 12 11 -11 -1 -9 -10
right_child=1 2 -4 -5 5 -7 -8 8 13 10 -12 -13 -14 -15
leaf_value=-1.0916693103431284e-05 0 0 -1.7140479443665652e-05 0.0001410126177429437 -3.1923500095384177e-05 7.9809783323369962e-05 6.9342396325185101e-05 6.0822318493903412e-05 2.5449201901076636e-06 0.00010793582472575044 -8.0970537817836468e-06 -8.224506637828546e-05 0 -4.6367332457544741e-05
leaf_weight=3845 2034 486 468 446 2882 133 582 1835 2323 673 4255 1120 602 1154
leaf_count=3845 2034 486 468 446 2882 133 582 1835 2323 673 4255 1120 602 1154
internal_value=0 5.18634e-06 3.92286e-05 8.35993e-05 -6.19487e-07 -2.19963e-05 1.82851e-05 -2.52532e-06 9.46313e-06 -1.12083e-05 4.72463e-06 -3.00407e-05 4.24997e-05 -9.38467e-06
internal_weight=22838 7031 1400 932 5631 3015 2616 15807 5914 9893 4928 4965 2437 3477
internal_count=22838 7031 1400 932 5631 3015 2616 15807 5914 9893 4928 4965 2437 3477
is_linear=0
shrinkage=0.05


Tree=342
num_leaves=15
num_cat=0
split_feature=12 6 6 12 8 0 3 0 9 8 8 10 10 8
split_gain=0.000117025 0.000633716 0.000771535 0.000603041 0.000449499 0.000783984 0.000719766 0.000482948 0.00108949 0.000647077 0.000436815 0.000391879 0.000482615 0.000266066
threshold=-9.2347614267499871 1.115052810698159 0.83705494786629442 -10.959467813415449 -12.597374435661026 0.20981747612798327 -5.7363908929928256 2.1674124664596364 0.82593958297278547 -0.11182939233899455 -9.708721698814367 29.765874454036329 56.166669057958948 -23.696528921991867
decision_type=2 2 2 2 2 2 2 2 2 2 2 2 2 2
left_child=1 2 3 -1 5 6 -2 9 -9 -6 -4 -3 -13 -7
right_child=4 11 10 -5 7 13 -8 8 -10 -11 -12 12 -14 -15
leaf_value=0 -9.9129588066162598e-05 0 0 7.9308961716874791e-05 1.4902511797776418e-05 3.8653738092265987e-05 -1.3631260510329683e-06 -6.1913512183023941e-05 2.6417534767735275e-06 -3.857266061978489e-06 -0.00010385190905643476 0.00010029454771153867 0 -4.4706727910625927e-06
leaf_weight=399 498 161 116 263 7894 439 890 954 894 9058 265 400 216 391
leaf_count=399 498 161 116 263 7894 439 890 954 894 9058 265 400 216 391
internal_value=0 1.2042e-05 -9.41848e-07 1.51878e-05 -1.16446e-06 -2.27242e-05 -4.7286e-05 5.8238e-07 -2.25868e-05 3.99412e-06 -6.82011e-05 4.87297e-05 6.76908e-05 3.07029e-07
internal_weight=22838 1820 1043 662 21018 2218 1388 18800 1848 16952 381 777 616 830
internal_count=22838 1820 1043 662 21018 2218 1388 18800 1848 16952 381 777 616 830
is_linear=0
shrinkage=0.05


Tree=343
num_leaves=14
num_cat=0
split_feature=15 5 16 5 21 2 2 16 1 1 2 6 15
split_gain=0.000118863 0.000885239 0.000970388 0.000716797 0.000902045 0.000662668 0.000563028 0.000744615 0.000498 0.000467389 0.000423238 0.000402106 0.000217471
threshold=-0.94332934683008507 4.9736562757684055 6.7320438779999785 4.3915160015930654 0.10083837582664905 -0.39541183954286402 -3.749003867012362 -4.9234068821578756 -1.0000000180025095e-35 -0.81591576360189333 -2.7724732617640906 0.89753549747322281 -4.2696765432731647
decision_type=2 2 2 2 2 2 2 2 2 2 2 2 2
left_child=6 3 -3 5 -5 -2 8 10 9 -1 -8 -9 -10
right_child=1 2 -4 4 -6 -7 7 11 12 -11 -12 -13 -14
leaf_value=0 2.4731119819656124e-05 0 -0.00022791650514028292 0.00022600113601006075 0 -1.8880666739368567e-06 -2.1920906103638888e-05 -9.3604180285677517e-06 -2.2889117390734619e-05 5.2969275902500188e-05 2.5880922594026264e-05 -5.5767494526623993e-05 5.5086467830538273e-06
leaf_weight=559 2783 107 83 84 178 10685 474 2502 995 950 1293 1270 875
leaf_count=559 2783 107 83 84 178 10685 474 2502 995 950 1293 1270 875
internal_value=0 2.71988e-06 -0.000100717 5.25092e-06 8.90676e-05 2.50023e-06 -4.66593e-06 -1.55654e-05 8.76233e-06 3.15157e-05 4.56871e-06 -2.89715e-05 -1.58845e-06
internal_weight=22838 13920 190 13730 262 13468 8918 5539 3379 1509 1767 3772 1870
internal_count=22838 13920 190 13730 262 13468 8918 5539 3379 1509 1767 3772 1870
is_linear=0
shrinkage=0.05


Tree=344
num_leaves=15
num_cat=0
split_feature=6 13 14 11 0 13 13 6 5 8 5 6 5 8
split_gain=0.00011928 0.000426811 0.000447202 0.000439725 0.000415273 0.00167416 0.00158655 0.000471799 0.00102709 0.000364474 0.000196792 0.00011583 0.000772832 0.000335441
threshold=1.9799542868872109 0.47082689340989253 12.329999923706056 -1.8448229965732339 -2.9958650972435295 -0.86877073142472272 0.23639629713272384 1.7393716730304034 2.3464702918759439 7.302203058320428 3.6836870501236905 3.6656230136846752 2.4725144440353364 0.31631934250150334
decision_type=2 2 2 2 2 2 2 2 2 2 2 2 2 2
left_child=4 11 -3 -4 5 10 -7 9 -9 -6 -1 13 -13 -2
right_child=1 2 3 -5 7 6 -8 8 -10 -11 -12 12 -14 -15
leaf_value=0 0 0 0 0.00019648415746854406 5.1994723317812649e-07 0.00019323859434259411 0 0 -0.00011093530827042741 -1.9292089067375926e-05 -4.2451435622755225e-05 0 -0.00011087541315934126 4.2878023896448858e-05
leaf_weight=269 546 193 101 91 17248 240 51 231 319 2517 272 104 176 480
leaf_count=269 546 193 101 91 17248 240 51 231 319 2517 272 104 176 480
internal_value=0 1.25715e-05 5.8797e-05 0.000112725 -1.20667e-06 3.18956e-05 0.000131285 -3.30222e-06 -4.98709e-05 -1.24501e-06 0 0 -2.94581e-05 6.67286e-06
internal_weight=22838 1691 385 192 21147 832 291 20315 550 19765 541 1306 280 1026
internal_count=22838 1691 385 192 21147 832 291 20315 550 19765 541 1306 280 1026
is_linear=0
shrinkage=0.05


Tree=345
num_leaves=15
num_cat=0
split_feature=9 20 16 13 14 16 13 11 20 0 20 12 19 2
split_gain=0.000128905 0.00104939 0.00084535 0.000796529 0.00077063 0.000764943 0.000789042 0.00131436 0.00111788 0.000691691 0.000726085 0.000630341 0.000508057 0.000136122
threshold=0.34275853278998236 -0.42221246925246075 2.2256172921397641 0.41304686429662901 21.47500038146973 2.5249998505873954 -0.33360624145318257 -6.9509213384138562 -0.15791452275283099 -1.2648440391047355 -0.43421777992600902 8.1761732397493212 -1.1766645219060445 -4.2372076566044354
decision_type=2 2 2 2 2 2 2 2 2 2 2 2 2 2
left_child=5 4 3 -3 12 6 7 -1 -8 10 -7 -4 -2 -11
right_child=1 2 11 -5 -6 9 8 -9 -10 13 -12 -13 -14 -15
leaf_value=1.3319094142191915e-05 0 0 -2.3265480601667274e-05 4.0646487631083275e-05 0 0 -7.4452122699771701e-05 -5.1403110515185811e-05 7.9682602605459439e-06 -6.3967232390617335e-05 0.00015727176456039162 3.8486733608575209e-06 0.0001207710738981628 1.0366217769099677e-05
leaf_weight=714 69 4167 4635 1896 108 130 447 2287 4903 74 191 2501 406 310
leaf_count=714 69 4167 4635 1896 108 130 447 2287 4903 74 191 2501 406 310
internal_value=0 2.90326e-06 0 1.37278e-05 6.84921e-05 -4.77016e-06 -1.04604e-05 -3.10084e-05 0 4.1306e-05 9.54524e-05 -1.16617e-05 9.901e-05 0
internal_weight=22838 13782 13199 6063 583 9056 8351 3001 5350 705 321 7136 475 384
internal_count=22838 13782 13199 6063 583 9056 8351 3001 5350 705 321 7136 475 384
is_linear=0
shrinkage=0.05


Tree=346
num_leaves=15
num_cat=0
split_feature=16 10 13 16 10 8 8 13 16 5 10 13 6 21
split_gain=0.000117274 0.00101456 0.00113698 0.000890486 0.000780754 0.000643696 0.00060322 0.000566265 0.000546661 0.00079164 0.000550566 0.000450713 0.000187488 1.09264e-06
threshold=-9.9960599603620235 46.513882467118513 -0.34484582721632789 -7.3282087198583081 20.260695666790831 -6.3620724725228195 -4.5604165583048664 0.14828700812177245 -3.701545823798424 2.1214663982388715 15.239741448557579 0.9502344284207932 0.86946745775176681 1.0000000180025095e-35
decision_type=2 2 2 2 2 2 2 2 2 2 2 2 2 2
left_child=1 2 13 4 -2 -4 -6 12 9 -5 -10 -9 -3 -1
right_child=3 7 5 8 6 -7 -8 11 10 -11 -12 -13 -14 -15
leaf_value=0 -1.3893631379929264e-05 0 -0.0001782021552205476 4.6265041844216009e-06 9.9108730670189325e-05 0 2.4911275197505764e-06 0.00011549882690843124 3.258343670423321e-05 -3.5063531480054133e-05 0 0 -5.0199621167535877e-05 5.8072020059356678e-06
leaf_weight=97 142 190 226 1294 573 155 741 194 1359 2667 14879 56 185 80
leaf_count=97 142 190 226 1294 573 155 741 194 1359 2667 14879 56 185 80
internal_value=0 -1.5361e-05 -7.02274e-05 7.98501e-07 3.89499e-05 -0.00012107 5.60736e-05 9.69601e-06 -1.21078e-06 -1.83135e-05 2.03833e-06 7.66457e-05 0 0
internal_weight=22838 1183 558 21655 1456 381 1314 625 20199 3961 16238 250 375 177
internal_count=22838 1183 558 21655 1456 381 1314 625 20199 3961 16238 250 375 177
is_linear=0
shrinkage=0.05


Tree=347
num_leaves=15
num_cat=0
split_feature=12 5 12 4 14 14 14 14 14 0 13 0 13 13
split_gain=0.000117698 0.000945622 0.00153604 0.0013222 0.000854007 0.0012631 0.00126141 0.000690916 0.00167752 0.000821951 0.00130728 0.000802229 0.000744175 0.000653579
threshold=3.157470926727763 4.3915160015930654 -15.262773160759314 4.5454904023018754 11.179999828338625 11.844999790191652 11.039999961853029 12.734999656677248 14.265000343322756 0.14651070450288903 0.52857781857835751 1.9299966235454404 -0.58887705672469581 0.39980588754765517
decision_type=2 2 2 2 2 2 2 2 2 2 2 2 2 2
left_child=1 4 -3 -4 6 -6 -1 9 11 10 -2 -9 -10 -11
right_child=7 2 3 -5 5 -7 -8 8 12 13 -12 -13 -14 -15
leaf_value=6.2501409757517587e-07 3.549555300409242e-05 -1.3426718053953204e-05 0.00016724589930675819 0 -3.9971923380173173e-05 -5.1725432217602415e-07 0.00012337281201234873 0.00010383693433877215 -9.8517666060992851e-05 -3.807241629635888e-05 -6.0969423640255212e-05 0 0 0
leaf_weight=4214 2292 187 322 190 3330 7325 239 741 204 1972 324 191 264 1043
leaf_count=4214 2292 187 322 190 3330 7325 239 741 204 1972 324 191 264 1043
internal_value=0 -2.40403e-06 5.24129e-05 0.000105679 -5.93633e-06 -1.42582e-05 1.06071e-05 5.37138e-06 3.71176e-05 0 1.77976e-05 8.01576e-05 -1.65999e-05 -2.01613e-05
internal_weight=22838 15807 699 512 15108 10655 4453 7031 1400 5631 2616 932 468 3015
internal_count=22838 15807 699 512 15108 10655 4453 7031 1400 5631 2616 932 468 3015
is_linear=0
shrinkage=0.05


Tree=348
num_leaves=15
num_cat=0
split_feature=6 1 13 5 13 13 13 11 13 12 11 13 5 19
split_gain=0.000119429 0.000381069 0.000302667 0.000509321 0.000229692 0.00132865 0.000958638 0.000873853 0.000857555 0.000292697 0.000185268 0.000273733 7.89596e-05 5.66853e-05
threshold=0.43974277612710944 0.46163529377301132 -0.69276599147319862 2.38804971168237 -0.61614253177807987 -0.56734936417262005 -0.67858172478649215 -2.8875993015675427 -0.89704472932619062 -9.2347614267499871 -2.6716165367381843 0.67612298378809677 2.1276429638020686 -1.0000000180025095e-35
decision_type=2 2 2 2 2 2 2 2 2 2 2 2 2 2
left_child=1 2 13 -4 6 12 8 -8 -2 -7 -3 -12 -6 -1
right_child=4 10 3 -5 5 9 7 -9 -10 -11 11 -13 -14 -15
leaf_value=0 -1.0459221922198198e-05 0 0 -5.5700261606451324e-05 0 2.8067303728865156e-05 0 -9.8953867748003809e-05 5.3208289117471645e-05 0 6.5299662132546586e-05 0 0.00019179157513330548 3.4222568815606764e-05
leaf_weight=86 2516 114 950 1007 97 1009 139 495 659 15196 296 52 102 120
leaf_count=86 2516 114 950 1007 97 1009 139 495 659 15196 296 52 102 120
internal_value=0 -1.00193e-05 -2.25189e-05 -3.07718e-05 1.31506e-06 4.5098e-06 -8.50412e-06 -6.48698e-05 0 1.98585e-06 1.60264e-05 4.08397e-05 0.000134003 0
internal_weight=22838 2625 2163 1957 20213 16404 3809 634 3175 16205 462 348 199 206
internal_count=22838 2625 2163 1957 20213 16404 3809 634 3175 16205 462 348 199 206
is_linear=0
shrinkage=0.05


Tree=349
num_leaves=15
num_cat=0
split_feature=6 13 0 13 13 16 15 0 0 0 3 13 16 11
split_gain=0.000111478 0.00037971 0.000347217 0.00145666 0.00145554 0.000537355 0.000471467 0.000632884 0.000503594 0.000217054 0.000162868 0.00062957 0.00036603 6.22542e-05
threshold=1.9799542868872109 0.47082689340989253 -2.9958650972435295 -0.86877073142472272 0.23639629713272384 -2.9078369952690415 -3.4265084464645095 1.6046527367974661 2.1674124664596364 0.87903025889602115 5.7932261134202259 -0.18677207905071211 -6.8057142677221849 7.701283853252896
decision_type=2 2 2 2 2 2 2 2 2 2 2 2 2 2
left_child=2 10 3 5 -5 -1 7 -4 -8 -3 12 -12 -2 -11
right_child=1 9 6 4 -6 -7 8 -9 -10 13 11 -13 -14 -15
leaf_value=-7.4893638038498272e-05 1.2622238139551571e-05 0 -3.6707001836123484e-05 0.00018214675431420301 0 1.7008173030490073e-05 2.2675215330334976e-06 3.3808970622203561e-05 -2.788765621144308e-05 9.7925543893905508e-05 0.0001096940830954531 0 -3.5828914892777107e-05 0
leaf_weight=222 186 137 2039 240 51 319 16609 159 1508 198 154 187 779 50
leaf_count=222 186 137 2039 240 51 319 16609 159 1508 198 154 187 779 50
internal_value=0 1.24139e-05 -9.21235e-07 2.93031e-05 0.000122151 0 -2.89879e-06 -2.47716e-05 0 5.5989e-05 0 2.91777e-05 -1.09588e-05 8.38975e-05
internal_weight=22838 1691 21147 832 291 541 20315 2198 18117 385 1306 341 965 248
internal_count=22838 1691 21147 832 291 541 20315 2198 18117 385 1306 341 965 248
is_linear=0
shrinkage=0.05


Tree=350
num_leaves=13
num_cat=0
split_feature=14 14 14 11 14 13 14 10 13 13 14 4
split_gain=0.000112452 0.004784 0.000980856 0.00101885 0.000887813 0.00169246 0.000833117 0.000809435 0.000733777 0.00883176 0.00158259 0.000686574
threshold=11.679999828338625 11.719999790191652 11.38000011444092 -2.5256517077016087 11.219999790191652 0.55071779110856822 11.534999847412111 23.875498409696554 0.36317388633246855 0.39980588754765517 12.244999885559084 1.4800536393961876
decision_type=2 2 2 2 2 2 2 2 2 2 2 2
left_child=2 -2 4 6 5 -1 -4 -5 10 -10 -3 -6
right_child=1 8 3 7 11 -7 -8 -9 9 -11 -12 -13
leaf_value=1.9236547972266409e-05 -0.00023061558416415735 3.8664897834640498e-05 2.4501508759225119e-05 0 0 -3.9670793048842556e-05 -0.00010635869187550188 9.6235734387574694e-05 -0.00025888671424742656 2.0422747993780161e-06 -4.4614831951856414e-06 -5.8265894020194835e-05
leaf_weight=5585 226 3093 152 380 356 1477 175 775 344 3829 5334 1112
leaf_count=5585 226 3093 152 380 356 1477 175 775 344 3829 5334 1112
internal_value=0 -2.96379e-06 4.10168e-06 4.20004e-05 -7.28698e-07 4.78861e-06 0 6.68314e-05 0 -1.59305e-05 9.59032e-06 -3.74666e-05
internal_weight=22838 12826 10012 1482 8530 7062 327 1155 12600 4173 8427 1468
internal_count=22838 12826 10012 1482 8530 7062 327 1155 12600 4173 8427 1468
is_linear=0
shrinkage=0.05


Tree=351
num_leaves=11
num_cat=0
split_feature=15 2 1 13 1 9 0 11 7 7
split_gain=0.000117774 0.000649752 0.000364339 0.000516366 0.000291875 0.000251848 0.000547545 0.000420992 1.10413e-05 0.000112306
threshold=8.7162477917075449 8.2222933002996559 0.26357087488971026 -0.1432422593395821 0.23730984190662677 1.0223231961350081 4.4922383990101826 2.2804052086400364 61.426698695239836 73.690294700072613
decision_type=2 2 2 2 2 2 2 2 2 2
left_child=1 5 8 -4 -3 7 -7 -1 -2 -10
right_child=2 4 3 -5 -6 6 -8 -9 9 -11
leaf_value=-2.182062565530115e-06 0 0 -0.00017416721439697476 0 0.00014091117767824502 -5.6859748829911557e-05 0 1.4710123846945421e-05 6.7841806509810057e-05 0
leaf_weight=16944 54 119 81 133 118 614 61 4537 66 111
leaf_count=16944 54 119 81 133 118 614 61 4537 66 111
internal_value=0 6.26574e-07 -2.53072e-05 -7.45994e-05 8.28376e-05 0 -3.02712e-05 6.87994e-07 0 1.24529e-05
internal_weight=22838 22393 445 214 237 22156 675 21481 231 177
internal_count=22838 22393 445 214 237 22156 675 21481 231 177
is_linear=0
shrinkage=0.05


Tree=352
num_leaves=9
num_cat=0
split_feature=14 14 14 13 8 8 13 4
split_gain=0.000113096 0.00030593 0.00231963 0.000876261 0.000778053 0.000387979 0.000320609 0.000122765
threshold=9.1699995994567889 9.9200000762939471 9.9600000381469744 0.015546919509756842 4.3370748264514836 0.040610708407734626 0.67494438532680345 1.6689086248852953
decision_type=2 2 2 2 2 2 2 2
left_child=7 3 -3 4 -2 -5 -4 -1
right_child=1 2 6 5 -6 -7 -8 -9
leaf_value=0 0.0001029839772665968 -0.00022660994506904658 -1.6225747606913018e-06 -5.7789780340911265e-05 0 1.2518465395443884e-05 1.6234291415360787e-05 -9.5737607321098056e-05
leaf_weight=51 461 112 18385 264 104 541 2857 63
leaf_count=51 461 112 18385 264 104 541 2857 63
internal_value=0 3.66259e-07 -4.23413e-07 2.3607e-05 7.22518e-05 0 7.36688e-08 -4.93163e-05
internal_weight=22838 22724 21354 1370 565 805 21242 114
internal_count=22838 22724 21354 1370 565 805 21242 114
is_linear=0
shrinkage=0.05


Tree=353
num_leaves=15
num_cat=0
split_feature=2 5 12 10 5 0 15 5 1 7 5 0 19 15
split_gain=0.000107711 0.000545012 0.0013872 0.00148955 0.000480479 0.00156829 0.000466604 0.000586099 0.000514008 0.000456657 0.000585888 0.000435648 9.28554e-05 8.09373e-05
threshold=-5.5710253133461336 4.538150254863198 -15.262773160759314 37.059223861235175 4.9736562757684055 0.069065121241938976 -0.94332934683008507 4.3915160015930654 4.0954115706777458e-06 27.517791857797288 3.4171147327634386 -0.71321121094455286 -0.15395459630412053 0.1128505174556982
decision_type=2 2 2 2 2 2 2 2 2 2 2 2 2 2
left_child=1 9 -3 -4 6 12 8 -8 -2 11 -11 -1 -6 -7
right_child=4 2 3 -5 5 13 7 -9 -10 10 -12 -13 -14 -15
leaf_value=6.762604605822217e-05 5.0141802257323508e-07 0 0.00031816648253796346 0 0 5.90650039872532e-05 2.8106337268366081e-06 8.1847621520090159e-05 -2.2572792929344319e-05 0 -7.8344888231156575e-05 0 -0.00022300061680248799 0
leaf_weight=391 3177 98 86 54 51 57 13459 262 4018 525 309 162 107 82
leaf_count=391 3177 98 86 54 51 57 13459 262 4018 525 309 162 107 82
internal_value=0 1.24635e-05 8.22057e-05 0.00018987 -8.87163e-07 -6.39288e-05 0 5.41882e-06 -1.03011e-05 0 -2.2904e-05 3.56377e-05 -0.000179773 0
internal_weight=22838 1625 238 140 21213 297 20916 13721 7195 1387 834 553 158 139
internal_count=22838 1625 238 140 21213 297 20916 13721 7195 1387 834 553 158 139
is_linear=0
shrinkage=0.05


Tree=354
num_leaves=15
num_cat=0
split_feature=4 15 6 9 2 16 21 4 9 12 1 1 16 21
split_gain=0.000109446 0.00038983 0.000492102 0.000917144 0.00048666 0.000788955 0.000524857 0.00034761 0.00031003 0.000457169 0.000309316 0.000631631 0.000342152 0.000142547
threshold=2.9562911645164749 2.2655978423459406 0.77440980040066332 0.99362140949327771 -3.6217181388314805 -8.3205735204465743 0.23153310040120559 2.7460583756349175 0.095785036627750605 3.0238702260533636 0.58849159456374367 0.49837697715335733 2.1448977668190432 0.078974805617785179
decision_type=2 2 2 2 2 2 2 2 2 2 2 2 2 2
left_child=7 4 -3 -4 5 -2 -6 10 13 -10 11 -1 -12 -9
right_child=1 2 3 -5 6 -7 -8 8 9 -11 12 -13 -14 -15
leaf_value=0 -1.8684257257099594e-05 0 7.0390497347540412e-05 0 -7.1455489873199887e-07 4.3020838899957752e-05 -7.63242328132893e-05 5.8537302924938008e-05 -6.6339511384366564e-05 0 3.7897841997919033e-05 -4.9377020037690228e-05 0 0
leaf_weight=12768 472 547 948 455 2376 1271 339 103 648 422 1073 682 661 73
leaf_count=12768 472 547 948 455 2376 1271 339 103 648 422 1073 682 661 73
internal_value=0 5.64784e-06 2.45827e-05 4.14246e-05 0 1.77092e-05 -1.57028e-05 -2.05192e-06 -2.74294e-05 -3.99963e-05 0 -2.5306e-06 1.9901e-05 0
internal_weight=22838 6408 1950 1403 4458 1743 2715 16430 1246 1070 15184 13450 1734 176
internal_count=22838 6408 1950 1403 4458 1743 2715 16430 1246 1070 15184 13450 1734 176
is_linear=0
shrinkage=0.05


Tree=355
num_leaves=13
num_cat=0
split_feature=13 13 13 13 13 21 16 13 15 2 5 15
split_gain=0.000116112 0.0015044 0.00137498 0.00107974 0.000731744 0.000777309 0.000535005 0.000532165 0.000367001 0.00154504 0.000663453 0.000330275
threshold=-0.61614253177807987 -0.56734936417262005 -0.69276599147319862 -0.64278278086672958 -0.83643774170704666 0.12245514988035738 6.9485106445300273 -0.62709784784393252 -0.94332934683008507 -1.3346319530146586 5.6464827929910699 -1.6937480156403226
decision_type=2 2 2 2 2 2 2 2 2 2 2 2
left_child=2 -2 4 11 5 -1 -6 -5 10 -10 -3 -4
right_child=1 8 3 7 6 -7 -8 -9 9 -11 -12 -13
leaf_value=-3.1832709096715064e-05 0.00012931007093165567 -1.2352699725294453e-05 0 3.2158096123899774e-05 0.00010245916699712452 1.694200045383376e-05 0 -9.790970215757289e-05 7.7737698825538769e-05 0 0.0001129747052486478 -0.00015917284857429147
leaf_weight=1491 227 7112 69 238 300 1547 63 112 699 10610 87 283
leaf_count=1491 227 7112 69 238 300 1547 63 112 699 10610 87 283
internal_value=0 1.65664e-06 -7.629e-06 -7.22568e-05 1.31896e-06 -2.06258e-06 7.07563e-05 0 0 5.70107e-06 -8.7393e-06 -0.00013433
internal_weight=22838 18735 4103 702 3401 3038 363 350 18508 11309 7199 352
internal_count=22838 18735 4103 702 3401 3038 363 350 18508 11309 7199 352
is_linear=0
shrinkage=0.05


Tree=356
num_leaves=15
num_cat=0
split_feature=5 7 8 10 13 1 13 13 21 21 13 1 7 19
split_gain=0.00011497 0.00101082 0.00177374 0.00158069 0.000968155 0.000702676 0.000681325 0.000638525 0.00153031 0.00141551 0.00101736 0.000718181 0.000693955 3.60225e-05
threshold=3.6285126932233207 58.4062934837985 1.412730889242811 61.928103385865285 -0.89704472932619062 -0.17668850758569313 0.79675748132704849 -1.4098792687186776 0.15950972927215454 0.18936418403325619 0.55270249734205035 -1.1568539991239535 59.454447882194081 -0.026218733850538165
decision_type=2 2 2 2 2 2 2 2 2 2 2 2 2 2
left_child=7 2 5 6 -4 -2 -3 8 13 11 -11 -9 -10 -1
right_child=1 3 4 -5 -6 -7 -8 9 12 10 -12 -13 -14 -15
leaf_value=-2.2430053003665324e-05 1.1461647220297809e-05 -0.00014740584210214336 0 2.6415476450123475e-05 0.0001604130408938757 -4.1659415955280801e-05 0 -6.6444248366238332e-05 0.00015750125252000951 -6.8208084480734889e-05 0 6.1006119564731656e-06 0 0
leaf_weight=178 695 385 75 64 252 1157 50 321 289 1246 438 17587 51 50
leaf_count=178 695 385 75 64 252 1157 50 321 289 1246 438 17587 51 50
internal_value=0 -9.6693e-06 0 -7.45321e-05 0.000111666 -1.36343e-05 -0.000123814 1.35379e-06 5.35762e-05 0 -4.39725e-05 3.95904e-06 0.000126526 0
internal_weight=22838 2678 2179 499 327 1852 435 20160 568 19592 1684 17908 340 228
internal_count=22838 2678 2179 499 327 1852 435 20160 568 19592 1684 17908 340 228
is_linear=0
shrinkage=0.05


Tree=357
num_leaves=14
num_cat=0
split_feature=13 13 13 13 13 13 21 16 7 12 10 13 10
split_gain=0.000112322 0.00185711 0.000645682 0.000706719 0.000746555 0.000629922 0.000688689 0.000530674 0.00040268 0.000716067 0.000483191 0.000380379 3.60313e-05
threshold=-0.63545155834809341 -0.67858172478649215 -0.56734936417262005 -0.61614253177807987 -0.62709784784393252 -0.83643774170704666 0.12245514988035738 6.9485106445300273 25.407733130300809 -9.0489933367253901 46.744457783104956 -0.64278278086672958 20.494913529414539
decision_type=2 2 2 2 2 2 2 2 2 2 2 2 2
left_child=1 5 3 4 -2 6 -1 -7 10 -10 -4 -3 -5
right_child=2 11 8 12 -6 7 -8 -9 9 -11 -12 -13 -14
leaf_value=-3.0139224328251962e-05 8.7167427404422388e-05 -0.00012911903063575191 -5.1198634847611994e-05 0 -9.3363954792687222e-05 9.7560379020514553e-05 1.5615666845114527e-05 0 5.3894022964664637e-05 0 0 0 0.00014398017355319207
leaf_weight=1491 115 348 811 58 112 303 1547 64 645 16582 470 123 169
leaf_count=1491 115 348 811 58 112 303 1547 64 645 16582 470 123 169
internal_value=0 -7.66426e-06 1.67286e-06 6.05338e-05 0 9.44633e-07 -1.90677e-06 6.52502e-05 0 2.23661e-06 -2.67962e-05 -0.00010155 0.000122726
internal_weight=22838 3876 18962 454 227 3405 3038 367 18508 17227 1281 471 227
internal_count=22838 3876 18962 454 227 3405 3038 367 18508 17227 1281 471 227
is_linear=0
shrinkage=0.05


Tree=358
num_leaves=15
num_cat=0
split_feature=6 9 13 2 13 13 0 13 4 0 2 6 4 2
split_gain=0.000110442 0.000349036 0.000638421 0.000730336 0.000335521 0.00226662 0.00195556 0.00033392 0.000483131 0.000181934 0.000122733 8.70199e-05 0.000392131 0.000318082
threshold=1.9799542868872109 1.0223231961350081 0.35392504189512014 4.0079696625015657 0.35392504189512014 0.16321711356648286 0.22480076238335336 0.47082689340989253 2.9729663703925153 0.72777321696953878 7.259709628758416 3.1128405093501876 2.6009231209991066 4.4449714256017856
decision_type=2 2 2 2 2 2 2 2 2 2 2 2 2 2
left_child=1 4 3 -3 5 -1 -6 11 -9 -10 -4 13 -13 -2
right_child=7 2 10 -5 6 -7 -8 8 9 -11 -12 12 -14 -15
leaf_value=-9.867734918728936e-07 0 0 0 -0.00012066647374873307 -4.5425563896891285e-05 6.4647006687367761e-05 9.0358485387909022e-06 0 0 0.00014974701514077653 6.483187291201855e-05 0 -7.1284983534447479e-05 6.1774226411025191e-05
leaf_weight=12512 662 71 168 295 2465 1424 4140 200 63 122 72 197 220 227
leaf_count=12512 662 71 168 295 2465 1424 4140 200 63 122 72 197 220 227
internal_value=0 -8.53227e-07 -3.8248e-05 -8.22709e-05 0 4.64766e-06 -9.0224e-06 1.2413e-05 5.32739e-05 0.000111281 0 0 -1.84763e-05 9.17102e-06
internal_weight=22838 21147 606 366 20541 13936 6605 1691 385 185 240 1306 417 889
internal_count=22838 21147 606 366 20541 13936 6605 1691 385 185 240 1306 417 889
is_linear=0
shrinkage=0.05


Tree=359
num_leaves=12
num_cat=0
split_feature=14 14 13 13 13 8 8 7 4 20 12
split_gain=0.000119703 0.0042875 0.000865342 0.00315597 0.0015806 0.00144053 0.00105149 0.000822006 0.00135002 0.000714964 0.000696801
threshold=11.679999828338625 11.719999790191652 0.55071779110856822 0.13465620494010902 0.56784825743932965 -12.597374435661026 24.34385628718724 58.188078648475191 5.0981630614953817 -0.33036924865237044 5.2921657823639592
decision_type=2 2 2 2 2 2 2 2 2 2 2
left_child=2 -2 3 5 -4 -1 -5 9 -9 -3 -6
right_child=1 7 4 6 10 -7 -8 8 -10 -11 -12
leaf_value=-7.7003359965272617e-05 -0.00021850242762720161 -1.9673300286295944e-05 -0.00020528870838431128 7.9817455505640312e-05 4.9484498919700498e-06 2.6267657535010049e-06 0 -7.5138836264610026e-06 -0.00015617250090631168 1.5765733818606421e-05 -6.8967085329387062e-05
leaf_weight=607 226 1415 119 1836 1220 5765 104 3257 186 7742 361
leaf_count=607 226 1415 119 1836 1220 5765 104 3257 186 7742 361
internal_value=0 -3.04575e-06 4.24302e-06 1.21549e-05 -2.56077e-05 -2.61605e-06 6.83752e-05 0 -1.99432e-05 8.65e-06 -2.48042e-06
internal_weight=22838 12826 10012 8312 1700 6372 1940 12600 3443 9157 1581
internal_count=22838 12826 10012 8312 1700 6372 1940 12600 3443 9157 1581
is_linear=0
shrinkage=0.05


Tree=360
num_leaves=12
num_cat=0
split_feature=19 18 16 18 19 20 20 10 11 10 9
split_gain=0.00011237 0.000384657 0.000851038 0.000383432 0.00132186 0.0010507 0.000544495 0.000230275 0.000368856 0.00027057 0.000165384
threshold=-2.0308634955439664 1.6458473390991941 -8.3205735204465743 1.989038741442406 -0.29307027667185664 0.85156509771703071 -0.10808764981047358 70.731206504103213 8.205191520747114 64.675888814607916 0.080087067879951832
decision_type=2 2 2 2 2 2 2 2 2 2 2
left_child=1 -1 -3 7 5 -5 -6 9 -9 -2 -4
right_child=3 2 10 4 6 -7 -8 8 -10 -11 -12
leaf_value=0 0 0 0 0.00018385584916983384 -6.6249322739663928e-05 0 3.2395908799962697e-05 6.3240619538116661e-05 0 -4.2238905250368269e-05 -0.00013641646795866985
leaf_weight=108 20756 75 72 203 241 78 284 362 53 404 202
leaf_count=108 20756 75 72 203 241 78 284 362 53 404 202
internal_value=0 -2.45048e-05 -5.94418e-05 5.13446e-07 3.45692e-05 0.000123038 0 -6.51369e-08 3.56814e-05 -1.47672e-06 -0.000110606
internal_weight=22838 457 349 22381 806 281 525 21575 415 21160 274
internal_count=22838 457 349 22381 806 281 525 21575 415 21160 274
is_linear=0
shrinkage=0.05


Tree=361
num_leaves=15
num_cat=0
split_feature=12 14 14 8 0 1 1 12 0 14 14 3 6 0
split_gain=0.000108283 0.000649783 0.00150888 0.00216412 0.000727279 0.000838846 0.000647731 0.000589744 0.000891734 0.00218712 0.00144968 0.000550759 0.000589103 0.000474411
threshold=3.157470926727763 12.734999656677248 14.265000343322756 -2.9937423834251837 0.14651070450288903 1.2674106992600846 0.39607944899227049 1.4949116571965473 0.20981747612798327 10.889999866485597 11.844999790191652 4.9418880676403889 0.98983689064275759 1.1627652410792191
decision_type=2 2 2 2 2 2 2 2 2 2 2 2 2 2
left_child=7 4 3 -3 6 -6 -2 8 10 -10 -1 12 -9 -4
right_child=1 2 13 -5 5 -7 -8 11 9 -11 -12 -13 -14 -15
leaf_value=-2.9645967279207152e-05 3.2996423313398183e-05 -1.8120793959394817e-05 -6.7699907893598236e-05 0.00012051211818727031 -2.877292561473294e-05 7.7666050648388856e-05 -1.4733123601593407e-05 -6.1463105779472642e-05 7.4370093228951219e-05 0 9.618564197594126e-06 0 0 0
leaf_weight=4287 2031 186 276 746 2882 133 585 1165 1291 3644 4429 444 547 192
leaf_count=4287 2031 186 276 746 2882 133 585 1165 1291 3644 4429 444 547 192
internal_value=0 5.15423e-06 3.59561e-05 7.67781e-05 0 -1.90799e-05 1.65897e-05 -2.30372e-06 4.76164e-07 1.84385e-05 -7.97427e-06 -2.68511e-05 -4.13721e-05 -1.33464e-05
internal_weight=22838 7031 1400 932 5631 3015 2616 15807 13651 4935 8716 2156 1712 468
internal_count=22838 7031 1400 932 5631 3015 2616 15807 13651 4935 8716 2156 1712 468
is_linear=0
shrinkage=0.05


Tree=362
num_leaves=15
num_cat=0
split_feature=21 3 12 7 1 5 1 19 1 3 5 5 8 21
split_gain=0.000107741 0.000750638 0.00115964 0.000900225 0.000693006 0.000661927 0.000356689 0.000344372 0.000371329 0.000743676 0.000372649 0.000312317 0.000828375 7.1402e-05
threshold=0.17664222373873248 -1.0181810585057125 16.022293947660426 38.696493227904845 0.10003876424044746 2.4142989954628877 -0.36060513754137802 0.31841771862112811 -0.9021563047729001 1.0144351598951553 3.2166586477788006 3.548883867962735 -0.87088710051753704 0.15349754243463629
decision_type=2 2 2 2 2 2 2 2 2 2 2 2 2 2
left_child=7 3 5 6 -5 -3 -2 8 9 -1 -10 12 -9 -13
right_child=1 2 -4 4 -6 -7 -8 11 10 -11 -12 13 -14 -15
leaf_value=-6.924651432820445e-05 9.9967030668185859e-08 0 0.00010024543109466322 0 0.00010629672955405294 -7.4406974733266505e-05 -3.6084173158723846e-05 0 4.9131897486411551e-06 0 -1.7020536568452369e-05 -3.6679339799582419e-05 0.00010863274691342072 3.874326328991265e-06
leaf_weight=571 416 261 67 402 342 1068 811 235 15903 210 2044 131 317 60
leaf_count=571 416 261 67 402 342 1068 811 235 15903 210 2044 131 317 60
internal_value=0 -8.25065e-06 -3.82867e-05 5.42514e-06 5.36336e-05 -5.6619e-05 -1.16113e-05 1.43474e-06 0 -3.36143e-05 1.57858e-06 3.48e-05 5.51474e-05 0
internal_weight=22838 3367 1396 1971 744 1329 1227 19471 18728 781 17947 743 552 191
internal_count=22838 3367 1396 1971 744 1329 1227 19471 18728 781 17947 743 552 191
is_linear=0
shrinkage=0.05


Tree=363
num_leaves=15
num_cat=0
split_feature=9 13 21 13 12 20 2 2 20 9 13 18 12 13
split_gain=0.000103983 0.000394745 0.00101344 0.000837148 0.000312705 0.00111837 0.000947263 0.000719773 0.000880286 0.000577464 0.000533078 0.000281586 0.000419417 0.00027546
threshold=0.032205559053282845 -0.32272805747614591 0.17324324078428033 0.38711088025348289 -2.2758398799028319 1.3281393001242445 -1.0850418991973751 -1.160972845305652 -0.42221246925246075 0.67313969451383526 0.16321711356648286 1.2287484875684402 -5.4479538440383557 0.55270249734205035
decision_type=2 2 2 2 2 2 2 2 2 2 2 2 2 2
left_child=1 11 3 -3 5 6 -2 9 -9 -6 -7 12 -1 -4
right_child=4 2 13 -5 7 10 -8 8 -10 -11 -12 -13 -14 -15
leaf_value=-6.7239880553904909e-05 -3.2746695638807206e-05 0.00011212170140133508 -8.1480695477472879e-05 0 3.1141296895959964e-05 0 8.749154760901583e-07 7.0331310760126455e-05 -6.7235264509788737e-06 -2.1415086152192623e-05 0.0002195796846182716 2.6877428036098475e-05 0 0
leaf_weight=343 3659 461 110 201 3226 89 3039 365 10354 273 67 272 328 51
leaf_count=343 3659 461 110 201 3226 89 3039 365 10354 273 67 272 328 51
internal_value=0 1.17241e-05 3.86317e-05 7.48559e-05 -9.00198e-07 -1.01698e-05 -1.5255e-05 2.51385e-06 -2.69411e-06 2.27501e-05 0.000111331 0 -2.74608e-05 -1.72651e-05
internal_weight=22838 1766 823 662 21072 6854 6698 14218 10719 3499 156 943 671 161
internal_count=22838 1766 823 662 21072 6854 6698 14218 10719 3499 156 943 671 161
is_linear=0
shrinkage=0.05


Tree=364
num_leaves=15
num_cat=0
split_feature=6 3 10 12 6 10 10 6 18 12 5 12 20 3
split_gain=0.000101307 0.000340807 0.000506951 0.000757454 0.000326684 0.00115748 0.000621514 0.00052282 0.00126757 0.00056858 0.000447354 0.000276099 0.000594335 0.000586732
threshold=1.9799542868872109 4.1131101281697067 34.92059188991319 4.6090358211365023 1.3418272244237002 30.971634165419378 16.283510257033925 1.1575623170826168 0.93023515751017005 -5.2621909335674761 3.522454988782084 -4.8955563899318921 -0.0053269374291113241 -3.3323649686920747
decision_type=2 2 2 2 2 2 2 2 2 2 2 2 2 2
left_child=4 11 3 -3 7 6 -6 9 -9 -1 -7 12 -2 -13
right_child=1 2 -4 -5 5 10 -8 8 -10 -11 -12 13 -14 -15
leaf_value=-2.0700791535669029e-05 0 0 0 0.00013174507041448848 0 2.8973151487050187e-05 -6.8209281129205524e-05 0 9.414570696951578e-05 2.4000124243930962e-06 -3.3471122653436593e-05 -0.00010808498608835354 7.6886382159356903e-05 0
leaf_weight=3182 118 79 247 244 233 1084 1119 1277 503 13515 234 157 303 543
leaf_count=3182 118 79 247 244 233 1084 1119 1277 503 13515 234 157 303 543
internal_value=0 1.18944e-05 4.37193e-05 8.53239e-05 -8.10406e-07 -1.75109e-05 -5.19894e-05 7.91918e-07 2.69989e-05 -1.10505e-06 6.49746e-06 0 2.71586e-05 -2.32515e-05
internal_weight=22838 1691 570 323 21147 2670 1352 18477 1780 16697 1318 1121 421 700
internal_count=22838 1691 570 323 21147 2670 1352 18477 1780 16697 1318 1121 421 700
is_linear=0
shrinkage=0.05


Tree=365
num_leaves=15
num_cat=0
split_feature=16 16 3 14 14 7 8 8 8 11 12 11 12 2
split_gain=0.000115506 0.000780106 0.000700351 0.000956868 0.000683358 0.00124547 0.000784955 0.000505433 0.000443722 0.000732754 0.000414138 0.000174594 9.57374e-05 7.16582e-05
threshold=-7.1007378207475877 -9.9960599603620235 -7.1463629180038888 19.745000839233402 13.655000209808351 58.188078648475191 -6.1363115212563626 1.8099915218762173 -3.2890889369948568 -3.2661285293851128 -6.6368841001790919 -7.7066768246645916 -15.262773160759314 -4.3204715073516082
decision_type=2 2 2 2 2 2 2 2 2 2 2 2 2 2
left_child=1 10 3 7 6 -6 -4 -2 9 -3 12 -5 -1 -12
right_child=2 8 4 11 5 -7 -8 -9 -10 -11 13 -13 -14 -15
leaf_value=-2.3381880894427591e-05 -9.4874786990014281e-05 8.3114749145174515e-05 -3.0084932908370914e-05 3.5484351793115825e-05 5.1066815894721517e-05 -1.6887172064573838e-05 1.1777903268145162e-06 0 0 0 0 -1.4188555277874076e-05 1.1692205337835086e-05 -8.8345899467635243e-05
leaf_weight=266 602 716 2234 255 1747 671 13894 50 791 129 55 566 682 180
leaf_count=266 602 716 2234 255 1747 671 13894 50 791 129 55 566 682 180
internal_value=0 9.59904e-06 -1.20203e-06 -3.46722e-05 6.49279e-07 2.60093e-05 -2.22422e-06 -7.98559e-05 3.50573e-05 6.07401e-05 -1.29387e-05 0 0 -7.22976e-05
internal_weight=22838 2819 20019 1473 18546 2418 16128 652 1636 845 1183 821 948 235
internal_count=22838 2819 20019 1473 18546 2418 16128 652 1636 845 1183 821 948 235
is_linear=0
shrinkage=0.05


Tree=366
num_leaves=14
num_cat=0
split_feature=15 15 5 15 12 6 8 1 1 20 5 6 6
split_gain=0.000102867 0.000462609 0.000727065 0.000370226 0.00071295 0.00035665 0.00034372 0.00132495 0.000559149 0.000334222 0.000133826 2.50769e-05 3.73566e-06
threshold=8.7162477917075449 4.8654239304321285 2.2960406272098326 3.0662527574748801 3.4037159912051709 0.59422230414490196 6.3821695238370078 0.24278525509066284 1.3565666857997727 -0.33036924865237044 2.1214663982388715 1.5836801300842873 1.6658341590307759
decision_type=2 2 2 2 2 2 2 2 2 2 2 2 2
left_child=1 3 10 9 -5 -4 11 12 -9 -1 -3 -2 -8
right_child=6 2 5 4 -6 -7 7 8 -10 -11 -12 -13 -14
leaf_value=-2.0339205491241464e-05 0 0 0 -5.5577044576821956e-05 0 6.3731205867910586e-05 1.123408311065539e-05 -0.00026970923793055593 0 3.3995689767785861e-06 -4.3912223436459556e-05 2.5038429617416119e-05 0
leaf_weight=1552 89 231 159 876 1007 950 73 79 51 17445 173 99 54
leaf_count=1552 89 231 159 876 1007 950 73 79 51 17445 173 99 54
internal_value=0 5.69217e-07 2.76121e-05 -6.73226e-07 -2.21761e-05 5.17358e-05 -2.36715e-05 -6.55688e-05 -0.000183718 6.69654e-07 -1.53599e-06 0 0
internal_weight=22838 22393 1513 20880 1883 1109 445 257 130 18997 404 188 127
internal_count=22838 22393 1513 20880 1883 1109 445 257 130 18997 404 188 127
is_linear=0
shrinkage=0.05


Tree=367
num_leaves=15
num_cat=0
split_feature=4 5 7 12 8 15 5 7 5 1 5 21 13 12
split_gain=0.000106247 0.000784438 0.00106364 0.00194721 0.00139075 0.000689483 0.000701965 0.00057747 0.000926731 0.000576742 0.000474847 0.000763499 0.000614369 0.000435544
threshold=2.2533477460376607 3.2166586477788006 58.593553039680394 10.019721194647216 9.4080638871461755 0.89526473639714454 3.1666081981174474 60.311182001030552 1.8558812625023544 -0.78839419500613717 3.1344394069428803 0.1856644552803651 -0.34484582721632789 -11.273396390877975
decision_type=2 2 2 2 2 2 2 2 2 2 2 2 2 2
left_child=5 10 4 -4 -3 6 9 8 -7 -1 12 -12 -2 -8
right_child=1 2 3 -5 -6 7 13 -9 -10 -11 11 -13 -14 -15
leaf_value=-7.2367830519790778e-05 -9.9378066814213819e-06 -8.9684604012788394e-06 -0.00014441545995005049 0 0.0001292331396622243 2.4955119329909593e-06 0 0 -5.966885854886194e-05 2.3522258146361619e-06 0.00012890784742586946 0 1.9009418303431017e-05 8.0319576808679245e-05
leaf_weight=267 2072 2736 392 369 194 290 77 1977 1545 6923 238 82 5220 456
leaf_count=267 2072 2736 392 369 194 290 77 1977 1545 6923 238 82 5220 456
internal_value=0 3.50961e-06 -1.34633e-05 -6.60899e-05 0 -3.30988e-06 3.67717e-06 -2.13966e-05 -4.16786e-05 0 1.37107e-05 8.01628e-05 8.72715e-06 5.90079e-05
internal_weight=22838 11303 3691 761 2930 11535 7723 3812 1835 7190 7612 320 7292 533
internal_count=22838 11303 3691 761 2930 11535 7723 3812 1835 7190 7612 320 7292 533
is_linear=0
shrinkage=0.05


Tree=368
num_leaves=15
num_cat=0
split_feature=4 13 12 13 13 13 4 5 13 2 4 10 6 2
split_gain=0.000102536 0.000615428 0.000357638 0.000207127 0.00136324 0.00116388 0.00112394 0.00113549 0.000943363 0.000822199 0.000169848 0.000291631 0.000109288 2.93903e-05
threshold=1.2297571949862787 -0.18136130447363727 4.7037688786911191 -0.18422338437944494 -0.12897990006948132 -0.075603740240881553 4.8941229472114598 3.2745585859694737 -0.33360624145318257 2.4191296896932339 1.0368169215154219 23.734651825266095 0.68318809008952941 1.8467428975947888
decision_type=2 2 2 2 2 2 2 2 2 2 2 2 2 2
left_child=1 2 13 6 9 -6 8 -8 -2 -5 11 -3 -12 -1
right_child=3 10 -4 4 5 -7 7 -9 -10 -11 12 -13 -14 -15
leaf_value=-8.0103192750534055e-05 1.7734546854094717e-06 0 0 -0.00010472490916965496 6.7305514413759751e-05 -1.8140155425689198e-06 0 -0.00012652079476337631 4.6248787128379215e-05 0 0 5.611413170348148e-05 -2.9013754037685466e-05 0
leaf_weight=426 6138 169 94 502 634 11355 205 289 1789 193 288 361 340 55
leaf_count=426 6138 169 94 502 634 11355 205 289 1789 193 288 361 340 55
internal_value=0 -1.16096e-05 -5.54696e-05 1.03538e-06 -2.12388e-06 5.95416e-07 7.57472e-06 -6.03602e-05 1.37074e-05 -7.0518e-05 0 2.78138e-05 -4.68959e-06 -7.43768e-05
internal_weight=22838 1733 575 21105 12684 11989 8421 494 7927 695 1158 530 628 481
internal_count=22838 1733 575 21105 12684 11989 8421 494 7927 695 1158 530 628 481
is_linear=0
shrinkage=0.05


Tree=369
num_leaves=14
num_cat=0
split_feature=14 14 1 13 14 14 1 8 14 13 15 0 1
split_gain=0.000115138 0.0038429 0.00116735 0.00113487 0.00110969 0.000883102 0.0023269 0.000894798 0.000767637 0.00146799 0.00063833 0.000392319 0.000140605
threshold=11.679999828338625 11.719999790191652 0.18936021624326235 0.53714975524669095 12.175000190734863 11.38000011444092 -0.46952013107126028 -6.8050334036504685 11.219999790191652 0.55071779110856822 1.7590687045611122 0.096143754463186168 0.15864618990901277
decision_type=2 2 2 2 2 2 2 2 2 2 2 2 2
left_child=5 12 4 -4 -3 8 11 -8 9 -1 -10 -7 -2
right_child=1 2 3 -5 -6 6 7 -9 10 -11 -12 -13 -14
leaf_value=1.8185127605253071e-05 -0.0002386331036216632 4.244803131332308e-05 -3.6176175813251172e-05 7.8583019376968738e-06 0 -0.00014548200282050062 0 8.9916864864120679e-05 -5.4821033381062687e-05 -3.6536365528189718e-05 0 0 0
leaf_weight=5585 176 2260 3319 1795 5226 127 230 1075 1119 1477 349 50 50
leaf_count=5585 176 2260 3319 1795 5226 127 230 1075 1119 1477 349 50 50
internal_value=0 -3.06676e-06 0 -1.77891e-05 1.31756e-05 4.08644e-06 4.00067e-05 7.03443e-05 -4.00003e-07 4.61297e-06 -3.47133e-05 -9.85378e-05 -0.000207012
internal_weight=22838 12826 12600 5114 7486 10012 1482 1305 8530 7062 1468 177 226
internal_count=22838 12826 12600 5114 7486 10012 1482 1305 8530 7062 1468 177 226
is_linear=0
shrinkage=0.05


Tree=370
num_leaves=15
num_cat=0
split_feature=12 6 6 12 16 16 16 3 10 1 15 10 3 1
split_gain=0.00010531 0.000550842 0.000657065 0.000559705 0.000531228 0.000419759 0.000658652 0.000948081 0.000567687 0.00038023 0.000819885 0.000335841 0.00026704 0.000136363
threshold=-9.2347614267499871 1.115052810698159 0.83705494786629442 -10.959467813415449 -5.4018903885598872 -9.9960599603620235 -7.2033955678022608 -7.1463629180038888 20.260695666790831 0.034510256601805372 -7.3027270156289452 45.108670765302335 -12.192143838359996 -0.50822736972210325
decision_type=2 2 2 2 2 2 2 2 2 2 2 2 2 2
left_child=1 2 3 -1 -4 11 8 -8 -7 13 -11 12 -2 -3
right_child=5 9 4 -5 -6 6 7 -9 -10 10 -12 -13 -14 -15
leaf_value=0 0 3.4486869776153629e-05 -0.00010399124691857025 7.6293889171734705e-05 0 0 -5.0374497562943567e-05 0 5.4469585750888206e-05 0 0.00013847729449869244 0 -0.00011348697697512762 -1.0553469732916367e-05
leaf_weight=399 68 267 261 263 120 135 965 18431 1005 72 240 215 199 198
leaf_count=399 68 267 261 263 120 135 965 18431 1005 72 240 215 199 198
internal_value=0 1.15759e-05 0 1.43968e-05 -6.27729e-05 -9.57225e-07 0 -2.0449e-06 3.70413e-05 4.56476e-05 9.06437e-05 -4.70377e-05 -8.43823e-05 0
internal_weight=22838 1820 1043 662 381 21018 20536 19396 1140 777 312 482 267 465
internal_count=22838 1820 1043 662 381 21018 20536 19396 1140 777 312 482 267 465
is_linear=0
shrinkage=0.05


Tree=371
num_leaves=15
num_cat=0
split_feature=4 2 11 4 9 15 6 6 4 2 6 15 2 9
split_gain=0.000105819 0.000367662 0.000793102 0.000575683 0.000438051 0.000342192 0.000812735 0.00100625 0.000541454 0.000293067 0.0007441 0.000503544 0.000253931 0.000795258
threshold=2.9562911645164749 5.3528929469833235 10.751939215925637 3.9499689938616469 1.1860085783188912 3.2616587823526171 1.2133145831199397 1.6026724332115776 2.1546117580045387 -3.6217181388314805 1.3418272244237002 -2.3683133442909727 2.5379588957762049 0.69486019747717875
decision_type=2 2 2 2 2 2 2 2 2 2 2 2 2 2
left_child=5 9 4 -4 -3 12 8 -8 -7 10 -2 -11 -1 -14
right_child=1 2 3 -5 -6 6 7 -9 -10 11 -12 -13 13 -15
leaf_value=-1.4882709902714565e-06 4.4261005630303951e-05 7.8155794981710493e-05 0 -0.00011860124907352392 0 -2.5044977316241477e-05 -0.0001362550621065797 0 4.0213985585085498e-05 -5.869034530267838e-05 -1.1978131269444958e-05 0 7.7760872656806748e-05 0
leaf_weight=13054 1182 683 52 102 53 721 294 484 556 421 561 3354 428 893
leaf_count=13054 1182 683 52 102 53 721 294 484 556 421 561 3354 428 893
internal_value=0 5.45449e-06 3.52931e-05 -7.87693e-06 6.46772e-05 -2.12034e-06 -2.12607e-05 -6.16544e-05 0 0 1.75625e-05 -7.18152e-06 0 2.14086e-05
internal_weight=22838 6408 890 154 736 16430 2055 778 1277 5518 1743 3775 14375 1321
internal_count=22838 6408 890 154 736 16430 2055 778 1277 5518 1743 3775 14375 1321
is_linear=0
shrinkage=0.05


Tree=372
num_leaves=14
num_cat=0
split_feature=14 14 1 13 13 14 1 4 14 14 4 1 12
split_gain=9.96848e-05 0.00349205 0.00106012 0.0010942 0.00102672 0.000773618 0.0021083 0.00091785 0.000673532 0.00141525 0.000629625 9.04195e-05 2.71718e-05
threshold=11.679999828338625 11.719999790191652 0.18936021624326235 -0.42021305351745969 0.53714975524669095 11.38000011444092 -0.46952013107126028 3.29805081535461 11.219999790191652 11.039999961853029 1.4800536393961876 0.15864618990901277 1.432200555592299
decision_type=2 2 2 2 2 2 2 2 2 2 2 2 2
left_child=5 11 3 -3 -4 8 12 -8 9 -1 -10 -2 -7
right_child=1 2 4 -5 -6 6 7 -9 10 -11 -12 -13 -14
leaf_value=-1.4432084770542878e-06 -0.00022638954745547135 -6.2404670344500136e-06 -3.4548399042866338e-05 2.9505952926001399e-05 7.0025866460316254e-06 -0.00011957348058882595 8.5032765499165773e-05 0 0 6.8453723368934349e-05 -5.3106167437997904e-05 0 0
leaf_weight=6285 176 3146 3319 4340 1795 112 1117 188 356 777 1112 50 65
leaf_count=6285 176 3146 3319 4340 1795 112 1117 188 356 777 1112 50 65
internal_value=0 -3.00051e-06 0 1.24812e-05 -1.7033e-05 3.65453e-06 3.73256e-05 6.65788e-05 -4.40873e-07 4.1321e-06 -3.26386e-05 -0.000197402 -9.32474e-05
internal_weight=22838 12826 12600 7486 5114 10012 1482 1305 8530 7062 1468 226 177
internal_count=22838 12826 12600 7486 5114 10012 1482 1305 8530 7062 1468 226 177
is_linear=0
shrinkage=0.05


Tree=373
num_leaves=15
num_cat=0
split_feature=4 14 13 14 14 14 7 0 6 13 4 14 0 6
split_gain=9.8441e-05 0.000458217 0.000905297 0.000901053 0.00152041 0.00106508 0.00069995 0.000352153 0.00124177 0.00114725 0.000607964 0.000746494 0.000545935 0.000515014
threshold=2.9562911645164749 16.914999961853031 -2.1295115427365112 12.22499990463257 12.375000000000002 11.679999828338625 50.25814417291673 1.0731877960176661 1.0862242593877973 -0.29722079198188917 3.4496189065591447 14.364999771118166 0.096143754463186168 0.89753549747322281
decision_type=2 2 2 2 2 2 2 2 2 2 2 2 2 2
left_child=1 3 -3 5 -5 -1 -4 10 13 -10 12 -12 -2 -9
right_child=7 2 6 4 -6 -7 -8 8 9 -11 11 -13 -14 -15
leaf_value=1.5341181014079185e-06 4.3617406626216909e-05 2.2253358094999042e-05 -8.7901925353367049e-05 9.7752218787727974e-05 2.7805208300993678e-06 -2.9728836062173917e-05 0 4.8239410367055165e-07 0 9.6070989292683425e-05 -3.3239515914853927e-05 1.4437098240726627e-05 0 -6.9169855355205394e-05
leaf_weight=8015 1133 170 666 572 3181 3617 209 613 174 758 2197 791 471 271
leaf_count=8015 1133 170 666 572 3181 3617 209 613 174 758 2197 791 471 271
internal_value=0 -2.20329e-06 -3.4226e-05 0 2.12732e-05 -6.89946e-06 -6.23353e-05 5.0945e-06 2.40015e-05 6.65902e-05 0 -1.55993e-05 2.22219e-05 -3.97515e-06
internal_weight=22838 16430 1045 15385 3753 11632 875 6408 1816 932 4592 2988 1604 884
internal_count=22838 16430 1045 15385 3753 11632 875 6408 1816 932 4592 2988 1604 884
is_linear=0
shrinkage=0.05


Tree=374
num_leaves=15
num_cat=0
split_feature=11 3 18 14 14 12 14 13 13 6 5 6 6 16
split_gain=9.55384e-05 0.000482476 0.000560232 0.000456796 0.00104789 0.00081755 0.000720277 0.00120251 0.000665914 0.000280046 0.000488507 0.000336066 0.000258651 0.000133616
threshold=-7.7066768246645916 -15.667208722566242 0.8850838933066365 16.125000000000004 14.135000228881838 -3.1439957282111402 23.085000038146976 -1.2880400753498109 0.79675748132704849 1.115052810698159 3.9399187546685241 1.3313117852867526 1.6658341590307759 2.5249998505873954
decision_type=2 2 2 2 2 2 2 2 2 2 2 2 2 2
left_child=1 9 -3 4 8 -6 7 -5 -2 10 -1 -11 -4 -8
right_child=3 2 12 6 5 -7 13 -9 -10 11 -12 -13 -14 -15
leaf_value=0 -4.0215329856903158e-06 0 0.00010697398581934175 0 0 9.2944005131820868e-05 0 -8.0031204217567695e-05 3.2999438843826818e-05 0.00012035608139583554 -0.00011673826235305216 0 0 3.0631950585711313e-05
leaf_weight=68 17754 264 303 330 224 539 354 928 1274 57 140 151 97 355
leaf_count=68 17754 264 303 330 224 539 354 928 1274 57 140 151 97 355
internal_value=0 1.44445e-05 4.6398e-05 -7.8191e-07 7.79119e-07 5.85711e-05 -2.41026e-05 -4.83564e-05 -7.52958e-07 -5.75997e-07 -5.78835e-05 0 8.40404e-05 0
internal_weight=22838 1080 664 21758 19791 763 1967 1258 19028 416 208 208 400 709
internal_count=22838 1080 664 21758 19791 763 1967 1258 19028 416 208 208 400 709
is_linear=0
shrinkage=0.05


Tree=375
num_leaves=14
num_cat=0
split_feature=4 10 12 4 10 3 6 0 1 0 4 6 14
split_gain=9.57071e-05 0.000321352 0.000268979 0.000209568 0.000192699 0.00118116 0.00080556 0.000382756 0.000969256 0.000447068 0.000220812 0.000100227 0.000277852
threshold=1.2297571949862787 23.734651825266095 4.0650840082829172 0.78726302098819712 15.239741448557579 -1.7337418592951401 0.90211395964341146 2.1188371783717312 4.538663193003809 0.74366464673592714 1.8037952733028642 0.43450442411265355 10.379999637603762
decision_type=2 2 2 2 2 2 2 2 2 2 2 2 2
left_child=1 2 3 -1 5 10 -7 9 -9 -6 -2 -3 -13
right_child=4 11 -4 -5 7 6 -8 8 -10 -11 -12 12 -14
leaf_value=0 0 -2.9827714160252502e-05 0 -7.0895261778941573e-05 -1.18793328122037e-06 9.5366645383190583e-05 0 -3.2979622092889616e-05 0.00014017955728973152 1.7803966895756354e-05 -4.3284596963045871e-05 0 3.2866429138096396e-05
leaf_weight=57 130 169 83 441 13808 568 423 1998 57 3672 449 249 734
leaf_count=57 130 169 83 441 13808 568 423 1998 57 3672 449 249 734
internal_value=0 -1.13099e-05 -4.19701e-05 -5.83273e-05 9.09627e-07 1.7826e-05 5.64494e-05 0 -2.08151e-05 1.94439e-06 -2.24019e-05 0 1.00466e-05
internal_weight=22838 1733 581 498 21105 1570 991 19535 2055 17480 579 1152 983
internal_count=22838 1733 581 498 21105 1570 991 19535 2055 17480 579 1152 983
is_linear=0
shrinkage=0.05


Tree=376
num_leaves=15
num_cat=0
split_feature=13 13 6 13 2 13 2 8 8 4 13 13 4 6
split_gain=9.4743e-05 0.00207729 0.0015108 0.00120921 0.00250544 0.00110426 0.000977538 0.000811739 0.000725747 0.000588312 0.000541225 0.00096945 0.000756284 0.000143966
threshold=0.35392504189512014 0.39980588754765517 1.1437255530177379 0.45316036567362167 0.53259510645935493 0.16321711356648286 6.3349240665491537 -30.56304263854285 2.3803438393474838 1.590556093990368 0.049955925761790983 0.059789821736411237 4.8941229472114598 0.97334090631134829
decision_type=2 2 2 2 2 2 2 2 2 2 2 2 2 2
left_child=5 2 9 4 -3 10 8 -5 -7 -2 12 -12 -1 -8
right_child=1 3 -4 7 -6 6 13 -9 -10 -11 11 -13 -14 -15
leaf_value=5.7465474082365975e-06 0 0 0 7.0323613493142596e-05 0.00015933251083781995 2.162473815347432e-05 0 -9.9446390467445089e-06 0.00013421089910956602 -0.00017077789767271681 -0.00017812637180149819 -8.9438584231199192e-06 -5.066903664161727e-05 -7.3901747064551086e-05
leaf_weight=11198 187 330 139 309 363 1130 51 5662 354 362 113 1946 603 91
leaf_count=11198 187 330 139 309 363 1130 51 5662 354 362 113 1946 603 91
internal_value=0 -4.72093e-06 -8.80292e-05 1.64128e-06 6.54976e-05 2.17079e-06 4.15413e-05 -3.26795e-06 5.86548e-05 -0.000128743 -1.36849e-06 -2.55923e-05 1.58884e-06 -3.1572e-05
internal_weight=22838 7352 688 6664 693 15486 1626 5971 1484 549 13860 2059 11801 142
internal_count=22838 7352 688 6664 693 15486 1626 5971 1484 549 13860 2059 11801 142
is_linear=0
shrinkage=0.05


Tree=377
num_leaves=15
num_cat=0
split_feature=2 21 15 0 2 7 9 9 21 21 0 8 9 2
split_gain=9.36038e-05 0.000420568 0.000417402 0.00088905 0.000524028 0.000900963 0.000613629 0.000504544 0.000469731 0.000278192 0.000428642 0.000312154 0.000185521 0.000312129
threshold=-5.5710253133461336 0.23259118459946618 -2.5608999229109135 -0.82931284379617709 -1.572433032119319 40.030142682193819 0.33123457492249869 -0.024519478858164415 0.10837041042684913 0.17324324078428033 -3.3769808378550685 -10.717370608569203 -0.082008566030173216 -6.885005781412489
decision_type=2 2 2 2 2 2 2 2 2 2 2 2 2 2
left_child=1 9 3 7 5 -4 -6 -2 -5 11 -11 -1 -3 -14
right_child=2 12 4 8 6 -7 -8 -9 -10 10 -12 -13 13 -15
leaf_value=4.3400106848304575e-05 0 0 0 1.6912579482418773e-05 -2.37723505749711e-05 4.4036232622228022e-05 1.6202669031043708e-06 -6.5877101956803304e-05 -5.2465356099024325e-05 0 -9.646971168376185e-05 0 0 0.0001583988282887731
leaf_weight=472 247 52 1696 1410 2779 1812 11948 1042 279 71 177 595 159 99
leaf_count=472 247 52 1696 1410 2779 1812 11948 1042 279 71 177 595 159 99
internal_value=0 1.14581e-05 -9.83836e-07 -1.87062e-05 1.08877e-06 1.89744e-05 -2.15417e-06 -5.03095e-05 0 0 -4.84679e-05 1.01738e-05 6.37745e-05 8.16977e-05
internal_weight=22838 1625 21213 2978 18235 3508 14727 1289 1689 1315 248 1067 310 258
internal_count=22838 1625 21213 2978 18235 3508 14727 1289 1689 1315 248 1067 310 258
is_linear=0
shrinkage=0.05


Tree=378
num_leaves=15
num_cat=0
split_feature=12 0 13 14 14 13 13 7 13 14 13 4 9 0
split_gain=9.70676e-05 0.000496091 0.000525678 0.000378663 0.00136261 0.00135567 0.003238 0.00130043 0.00110172 0.00070895 0.000282934 0.000117193 0.000364317 9.74435e-05
threshold=-9.2347614267499871 0.96343162083731826 1.7042689265110769 15.695000171661379 14.135000228881838 -1.3754361407367353 -0.93968043077759511 64.069347961090017 -1.964541388946228 13.835000038146974 0.16321711356648286 1.821443476986788 0.080087067879951832 -1.9071221184551417
decision_type=2 2 2 2 2 2 2 2 2 2 2 2 2 2
left_child=1 11 10 4 9 8 -7 -6 -5 -2 -3 13 -13 -1
right_child=3 2 -4 5 7 6 -8 -9 -10 -11 -12 12 -14 -15
leaf_value=8.4714660474877646e-05 0 0 0 0 0.00011074039273958189 -0.00021334055383438559 0 0 0.00011054168133327039 -8.6919802179483632e-05 0.0001303210838299625 4.1832506064151732e-06 -3.6668928452602745e-05 0
leaf_weight=66 18354 59 70 304 538 266 895 172 249 240 204 601 710 110
leaf_count=66 18354 59 70 304 538 266 895 172 249 240 204 601 710 110
internal_value=0 1.09884e-05 6.61179e-05 -1.04131e-06 2.00537e-07 -2.3766e-05 -5.90901e-05 6.87329e-05 2.32925e-05 -1.61321e-06 0.000102512 0 -6.51928e-06 3.66092e-05
internal_weight=22838 1820 333 21018 19304 1714 1161 710 553 18594 263 1487 1311 176
internal_count=22838 1820 333 21018 19304 1714 1161 710 553 18594 263 1487 1311 176
is_linear=0
shrinkage=0.05


Tree=379
num_leaves=13
num_cat=0
split_feature=12 8 15 4 16 16 12 13 10 4 8 21
split_gain=9.37039e-05 0.00059561 0.000828724 0.000625423 0.00037486 0.000574435 0.000721679 0.000526782 0.000523511 0.000495407 0.000340536 0.000288211
threshold=-9.2347614267499871 -10.717370608569203 -8.45027504945263 2.4224112166931451 -9.9960599603620235 -7.2033955678022608 -5.2621909335674761 -0.36212995724053115 20.260695666790831 1.5629749719071129 -7.5205303606151856 0.26887690866649844
decision_type=2 2 2 2 2 2 2 2 2 2 2 2
left_child=1 2 -1 -4 7 8 -7 -2 -6 -9 -3 -12
right_child=4 10 3 -5 5 6 -8 9 -10 -11 11 -13
leaf_value=0 0 -8.9198863038248677e-05 0 0.00012772846290704434 0 -3.0567915703386802e-05 3.7651897999124728e-07 0 5.143971515766496e-05 -0.00011011613786104135 0 7.0983416737579105e-05
leaf_weight=102 108 106 141 326 135 2016 17380 85 1005 289 1003 142
leaf_count=102 108 106 141 326 135 2016 17380 85 1005 289 1003 142
internal_value=0 1.07508e-05 5.46037e-05 8.97683e-05 -1.0639e-06 0 -2.06791e-06 -4.46041e-05 3.44373e-05 -7.79384e-05 0 0
internal_weight=22838 1820 569 467 21018 20536 19396 482 1140 374 1251 1145
internal_count=22838 1820 569 467 21018 20536 19396 482 1140 374 1251 1145
is_linear=0
shrinkage=0.05


Tree=380
num_leaves=9
num_cat=0
split_feature=14 14 14 13 7 13 13 4
split_gain=9.3434e-05 0.000305403 0.00204922 0.000806121 0.000435083 0.000388797 0.000275237 0.000109082
threshold=9.1699995994567889 9.9200000762939471 9.9600000381469744 0.015546919509756842 59.655276989541555 -0.13535187241220933 -0.075603740240881553 1.6689086248852953
decision_type=2 2 2 2 2 2 2 2
left_child=7 3 -3 5 -5 -2 -4 -1
right_child=1 2 6 4 -6 -7 -8 -9
leaf_value=0 0 -0.00021314577513415086 6.482723412521151e-06 -3.9785223052153299e-05 3.2092188035681681e-05 0.00010367285418091154 -4.892450869671242e-06 -8.8926493267535997e-05
leaf_weight=51 218 112 9927 463 342 347 11315 63
leaf_count=51 218 112 9927 463 342 347 11315 63
internal_value=0 8.99052e-08 -7.06531e-07 2.34362e-05 0 6.9936e-05 0 -4.50508e-05
internal_weight=22838 22724 21354 1370 805 565 21242 114
internal_count=22838 22724 21354 1370 805 565 21242 114
is_linear=0
shrinkage=0.05


Tree=381
num_leaves=15
num_cat=0
split_feature=8 8 1 5 1 8 8 2 15 2 15 7 11 7
split_gain=8.9023e-05 0.000761276 0.000698253 0.000664781 0.0010738 0.000642978 0.000567652 0.000729538 0.000555834 0.000718787 0.000704923 0.000532407 0.00046038 8.37594e-05
threshold=-0.2145358704172238 -0.97152949140477907 0.23157059086770754 2.2193290654732971 -0.049973549244894187 -1.1242169137920521 0.040610708407734626 -0.78617893427869168 -0.70694043161126918 -5.4580021531550544 0.86798178736810516 42.082918053431406 -0.91440613513844982 48.55829750181492
decision_type=2 2 2 2 2 2 2 2 2 2 2 2 2 2
left_child=1 2 5 13 -5 -1 7 -2 9 -8 -10 -4 -9 -3
right_child=6 3 11 4 -6 -7 8 12 10 -11 -12 -13 -14 -15
leaf_value=1.1822863629262745e-05 0 -1.4185471608424121e-05 -3.7267470382699934e-05 0 8.1484077682810157e-05 -6.7291666643847075e-05 6.5728929375367942e-05 0 3.2464133575125088e-05 -3.6821383744323243e-05 0 0 -8.8665878150229974e-05 1.6491024324953562e-05
leaf_weight=5845 429 622 2064 461 949 228 96 167 1975 1804 5940 1376 574 308
leaf_count=5845 429 622 2064 461 949 228 96 167 1975 1804 5940 1376 574 308
internal_value=0 2.8464e-06 -1.99887e-06 2.89442e-05 5.06735e-05 6.37252e-06 -3.39355e-06 -3.63309e-05 0 -2.37175e-05 6.3604e-06 -2.11345e-05 -6.73876e-05 0
internal_weight=22838 11853 9513 2340 1410 6073 10985 1170 9815 1900 7915 3440 741 930
internal_count=22838 11853 9513 2340 1410 6073 10985 1170 9815 1900 7915 3440 741 930
is_linear=0
shrinkage=0.05


Tree=382
num_leaves=14
num_cat=0
split_feature=6 5 5 0 6 21 19 7 21 18 8 7 14
split_gain=9.13524e-05 0.000269236 0.000416508 0.000727295 0.000194815 0.000874559 0.000530668 0.000240428 0.000214916 0.0013959 0.000424895 0.000126182 7.21331e-05
threshold=0.43974277612710944 4.7287254153163607 2.3947769864870962 -0.79346618106803757 0.52861722120325272 0.12245514988035738 0.73373171259983894 47.645308385913545 0.13581398471482389 1.2287484875684402 4.5304339255557311 44.183557771505207 11.534999847412111
decision_type=2 2 2 2 2 2 2 2 2 2 2 2 2
left_child=1 2 12 -4 5 7 -7 -2 10 -10 -6 -3 -1
right_child=4 11 3 -5 8 6 -8 -9 9 -11 -12 -13 -14
leaf_value=1.3804353448852814e-05 2.2059368861278019e-05 0 0 -6.0275317460749442e-05 6.9177463874478175e-06 0.00011959810883528263 0 -1.8578690913832007e-05 -5.107353956636124e-05 7.4346180335443928e-06 -1.4948451348355984e-05 8.8970746961422278e-05 -9.5716519490130929e-06
leaf_weight=741 671 51 365 985 12112 280 56 793 1466 2365 2470 59 424
leaf_count=741 671 51 365 985 12112 280 56 793 1466 2365 2470 59 424
internal_value=0 -8.92437e-06 -1.69487e-05 -3.61346e-05 9.75485e-07 1.67662e-05 8.93875e-05 0 0 -1.10476e-05 2.18453e-06 3.79062e-05 0
internal_weight=22838 2625 2515 1350 20213 1800 336 1464 18413 3831 14582 110 1165
internal_count=22838 2625 2515 1350 20213 1800 336 1464 18413 3831 14582 110 1165
is_linear=0
shrinkage=0.05


Tree=383
num_leaves=15
num_cat=0
split_feature=9 13 15 3 16 18 3 12 13 8 13 13 13 10
split_gain=8.44653e-05 0.000330936 0.000605075 0.000727238 0.000704849 0.000310511 0.000355461 0.000221095 0.000628056 0.00143152 0.000857195 0.000371214 0.00117947 0.000906793
threshold=0.032205559053282845 -0.86877073142472272 -4.8608220562231343 -3.8374472213475559 -7.2033955678022608 1.2287484875684402 -4.5547913575406591 -2.2758398799028319 -0.013045006246314992 -4.1694264102050136 0.015546919509756842 -0.24290162539588597 -0.29479932225512367 15.861101466906232
decision_type=2 2 2 2 2 2 2 2 2 2 2 2 2 2
left_child=1 5 4 -4 -3 6 -1 8 9 -2 -10 12 -9 -13
right_child=7 2 3 -5 -6 -7 -8 11 10 -11 -12 13 -14 -15
leaf_value=-9.8333098777859869e-05 1.1710334501788335e-05 3.0236866857102203e-05 9.1808436662512517e-05 0 -8.7590870224887166e-05 0 0 2.0362146274294642e-06 0.00012350853440597001 -5.1363192771829874e-05 0 4.0487758690088693e-05 9.1206693540342432e-05 -9.5393098207910398e-06
leaf_weight=172 1019 290 514 241 194 262 93 4384 140 2096 3599 960 459 8415
leaf_count=172 1019 290 514 241 194 262 93 4384 140 2096 3599 960 459 8415
internal_value=0 1.03853e-05 2.85403e-05 5.77663e-05 0 -3.86205e-06 -5.4295e-05 -9.88315e-07 -8.80183e-06 -2.59192e-05 1.45121e-06 1.72373e-06 1.36011e-05 -2.81294e-06
internal_weight=22838 1766 1239 755 484 527 265 21072 6854 3115 3739 14218 4843 9375
internal_count=22838 1766 1239 755 484 527 265 21072 6854 3115 3739 14218 4843 9375
is_linear=0
shrinkage=0.05


Tree=384
num_leaves=10
num_cat=0
split_feature=14 14 14 1 14 0 14 14 3
split_gain=8.64858e-05 0.000411349 0.00184352 0.000532986 0.000333701 0.000210726 3.78621e-05 9.6665e-05 3.52085e-05
threshold=9.4149999618530291 9.9200000762939471 9.9600000381469744 0.48336916355759912 9.7150001525878924 1.0290185669024876 9.2849998474121112 9.1699995994567889 0.15334870555561156
decision_type=2 2 2 2 2 2 2 2 2
left_child=6 3 -3 4 -2 -4 7 -1 -5
right_child=1 2 5 8 -6 -7 -8 -9 -10
leaf_value=-4.1916229283821818e-05 6.9659423881912906e-05 -0.00020207300983322735 -2.1433304669000098e-06 -2.8953370992981255e-05 0 9.5885762059833485e-06 -5.1724957309805031e-05 1.8244577633381333e-05 0
leaf_weight=114 657 112 16329 104 267 4913 114 118 110
leaf_count=114 657 112 16329 104 267 4913 114 118 110
internal_value=0 3.76628e-07 -5.0183e-07 3.00159e-05 5.04964e-05 0 -2.4777e-05 0 0
internal_weight=22838 22492 21354 1138 924 21242 346 232 214
internal_count=22838 22492 21354 1138 924 21242 346 232 214
is_linear=0
shrinkage=0.05


Tree=385
num_leaves=15
num_cat=0
split_feature=4 5 18 10 14 5 10 13 5 10 7 7 13 5
split_gain=9.11749e-05 0.000665765 0.00094694 0.000857244 0.000631365 0.000424421 0.000551909 0.000520982 0.00039213 0.000585007 0.000483714 0.000377676 0.000973984 0.000772118
threshold=2.2533477460376607 3.2166586477788006 0.93681366176200587 44.857589165427108 13.769999980926515 3.1344394069428803 39.655359830592083 -0.34484582721632789 3.0896165330728462 27.45746954910248 65.043052689180328 56.944453465289833 -0.18422338437944494 2.1829693393017364
decision_type=2 2 2 2 2 2 2 2 2 2 2 2 2 2
left_child=8 5 3 -3 -4 7 -7 -2 11 -10 -11 13 -13 -1
right_child=1 2 4 -5 -6 6 -8 -9 9 10 -12 12 -14 -15
leaf_value=0 -9.0879594225111992e-06 -6.9327783542095392e-05 4.6356466898169854e-05 0 -7.7612699396766896e-06 0.00012024783945627598 0 1.7361243306757807e-05 0 8.256347611111916e-05 0 4.0714697063794398e-05 -1.1314234977562761e-05 -3.2292988622999202e-05
leaf_weight=3638 2072 1051 701 482 1457 221 99 5220 312 475 127 1294 2456 3233
leaf_count=3638 2072 1051 701 482 1457 221 99 5220 312 475 127 1294 2456 3233
internal_value=0 3.13337e-06 -1.23572e-05 -4.35782e-05 2.88389e-06 1.26156e-05 7.55096e-05 7.7888e-06 -3.18406e-06 2.50237e-05 5.80998e-05 -7.02579e-06 2.64635e-06 -1.4487e-05
internal_weight=22838 11303 3691 1533 2158 7612 320 7292 11535 914 602 10621 3750 6871
internal_count=22838 11303 3691 1533 2158 7612 320 7292 11535 914 602 10621 3750 6871
is_linear=0
shrinkage=0.05


Tree=386
num_leaves=15
num_cat=0
split_feature=4 13 12 5 13 13 14 14 14 4 14 4 14 12
split_gain=8.80977e-05 0.000605247 0.000304979 0.000227552 0.000215579 0.00104797 0.00197911 0.000938395 0.00179622 0.00109715 0.000843668 0.00015363 0.000312787 9.1998e-05
threshold=1.2426242548915909 -0.18136130447363727 5.1802913096293484 1.6328996999164553 -0.18422338437944494 -0.12897990006948132 9.9200000762939471 13.769999980926515 13.115000247955324 4.756837566660816 10.860000133514406 1.0368169215154219 10.379999637603762 0.85210970832336941
decision_type=2 2 2 2 2 2 2 2 2 2 2 2 2 2
left_child=1 2 3 -1 7 6 -6 8 -2 -9 -7 12 -3 -13
right_child=4 11 -4 -5 5 10 -8 9 -10 -11 -12 13 -14 -15
leaf_value=0 6.3477608462011628e-06 0 0 -8.5314925473476964e-05 1.9297048140549342e-05 2.2647929006341136e-05 -0.000122573179102534 0 9.8733165861418924e-05 -0.00012039743529749102 -7.0785632782090175e-06 0 5.395120539346863e-05 -2.8616173736678684e-05
leaf_weight=113 5801 131 83 418 187 3263 503 1692 650 239 8680 397 399 282
leaf_count=113 5801 131 83 418 187 3263 503 1692 650 239 8680 397 399 282
internal_value=0 -1.06093e-05 -5.286e-05 -6.82883e-05 8.43138e-07 -2.42799e-06 -6.24443e-05 7.56228e-06 1.79952e-05 -1.95188e-05 0 0 2.6833e-05 -1.60405e-06
internal_weight=22838 1823 614 531 21015 12633 690 8382 6451 1931 11943 1209 530 679
internal_count=22838 1823 614 531 21015 12633 690 8382 6451 1931 11943 1209 530 679
is_linear=0
shrinkage=0.05


Tree=387
num_leaves=13
num_cat=0
split_feature=19 12 4 13 19 5 19 15 13 13 13 3
split_gain=8.82811e-05 0.000363538 0.000318154 0.00059378 0.000293583 0.00157611 0.000646088 0.00055226 0.000500574 0.000443276 0.000291798 3.37922e-05
threshold=-2.0308634955439664 -7.4987304443689551 2.716030820042532 1.0361546124647794 -0.93695588192469637 4.1263492589536188 -0.72558974483898597 3.3927175516354109 -1.4098792687186776 -1.4098792687186776 -1.2448797960925293 -13.925023355841663
decision_type=2 2 2 2 2 2 2 2 2 2 2 2
left_child=1 11 -3 -4 5 10 7 -6 -8 -7 -2 -1
right_child=4 2 3 -5 6 9 8 -9 -10 -11 -12 -13
leaf_value=0 3.067020460096966e-05 0 -0.00016187425920081576 0 -9.1365166062586103e-05 0 4.9040039206164904e-05 0 -2.9940386201789513e-07 0.00018609631374498557 -2.606159335814067e-05 3.0983971184613529e-05
leaf_weight=112 355 70 129 59 358 75 519 50 20278 166 580 87
leaf_count=112 355 70 129 59 358 75 519 50 20278 166 580 87
internal_value=0 -2.18044e-05 -6.59528e-05 -0.000100842 3.63364e-07 2.49903e-05 -2.96176e-07 -6.28604e-05 2.12963e-07 0.000138995 0 0
internal_weight=22838 457 258 188 22381 1176 21205 408 20797 241 935 199
internal_count=22838 457 258 188 22381 1176 21205 408 20797 241 935 199
is_linear=0
shrinkage=0.05


Tree=388
num_leaves=14
num_cat=0
split_feature=14 14 8 8 14 14 14 14 14 14 0 14 8
split_gain=9.24425e-05 0.0012899 0.00122252 0.000824067 0.000490506 0.000684894 0.00067886 0.00160541 0.00141271 0.000408617 0.000734688 0.000306292 0.000136937
threshold=10.055000305175783 9.9200000762939471 6.6953310246707627 -2.8214968992332046 10.615000247955324 10.659999847412111 10.379999637603762 10.315000057220461 10.460000038146974 9.4649996757507342 0.32531972036626572 10.704999923706056 2.2921993995886143
decision_type=2 2 2 2 2 2 2 2 2 2 2 2 2
left_child=1 9 3 -3 6 -6 7 -2 -8 12 -11 -7 -1
right_child=4 2 -4 -5 5 11 8 -9 -10 10 -12 -13 -14
leaf_value=-4.0410992668643161e-05 2.2738673982207004e-05 0 0 -0.00015269831189461039 -0.00012621224493267861 8.1148495810977469e-05 0.00016744970674968185 -0.00012061848054706151 0 7.0299195007375413e-05 0 -9.1231134355428459e-07 0
leaf_weight=291 1374 89 116 364 108 113 229 226 676 559 467 18059 167
leaf_count=291 1374 89 116 364 108 113 229 226 676 559 467 18059 167
internal_value=0 -1.01872e-05 -7.71666e-05 -0.000119198 9.29153e-07 -1.14778e-06 2.20654e-05 0 5.67446e-05 5.42794e-06 3.01051e-05 0 -1.71186e-05
internal_weight=22838 2053 569 453 20785 18280 2505 1600 905 1484 1026 18172 458
internal_count=22838 2053 569 453 20785 18280 2505 1600 905 1484 1026 18172 458
is_linear=0
shrinkage=0.05


Tree=389
num_leaves=15
num_cat=0
split_feature=13 13 14 0 13 14 6 13 19 11 0 14 14 5
split_gain=9.50437e-05 0.00189393 0.00532278 0.00163356 0.00123898 0.00118617 0.00106274 0.00101182 0.000989659 0.00076524 0.000725654 0.000970486 0.000818823 0.000684713
threshold=0.35392504189512014 0.39980588754765517 11.75500011444092 0.22480076238335336 0.45316036567362167 10.315000057220461 1.2286238934920619 0.16321711356648286 -0.047411095270005227 2.3852198231379194 2.1674124664596364 13.019999980926515 13.115000247955324 2.2960406272098326
decision_type=2 2 2 2 2 2 2 2 2 2 2 2 2 2
left_child=7 2 9 5 -5 -3 -4 10 -9 -2 12 -12 -1 -10
right_child=1 3 6 4 -6 -7 -8 8 13 -11 11 -13 -14 -15
leaf_value=-5.0882399408528066e-06 0.00010683521761086404 2.3539299056189534e-05 -0.00026474286921330603 0.00010893812226745817 8.5817108502816458e-06 -5.0975905134603491e-05 0 0.00012059738208716774 6.2035873745752818e-05 0 0 -0.00017566256968311265 2.4932580785309925e-05 -5.6391577061181093e-06
leaf_weight=10321 176 434 295 402 3966 1862 50 343 451 167 538 137 2864 832
leaf_count=10321 176 434 295 402 3966 1862 50 343 451 167 538 137 2864 832
internal_value=0 -4.73623e-06 -8.42419e-05 1.23289e-06 2.12739e-05 -3.03563e-05 -0.000228652 2.16614e-06 3.98453e-05 1.76477e-05 -1.17461e-06 -5.20596e-05 2.96605e-07 6.49751e-06
internal_weight=22838 7352 688 6664 4368 2296 345 15486 1626 343 13860 675 13185 1283
internal_count=22838 7352 688 6664 4368 2296 345 15486 1626 343 13860 675 13185 1283
is_linear=0
shrinkage=0.05


Tree=390
num_leaves=15
num_cat=0
split_feature=4 5 16 14 14 14 12 14 14 14 14 7 16 7
split_gain=8.7278e-05 0.000362873 0.000581456 0.000484185 0.00115212 0.00104902 0.000472372 0.00034578 0.000723156 0.00138545 0.000906228 0.000293825 0.000500151 8.62642e-05
threshold=2.9562911645164749 2.57069710175027 -3.701545823798424 11.739999771118166 11.204999923706056 12.210000038146974 13.279676516709833 16.914999961853031 12.22499990463257 12.375000000000002 12.175000190734863 24.555063246722813 2.6840389826719995 42.78637901032824
decision_type=2 2 2 2 2 2 2 2 2 2 2 2 2 2
left_child=7 2 13 4 -3 -5 -4 8 10 -10 -1 -9 -13 -2
right_child=1 3 6 5 -6 -7 -8 11 9 -11 -12 12 -14 -15
leaf_value=-1.8319944116447231e-06 -2.6128072543231819e-05 0 5.3819753104655218e-05 7.0885854299567784e-05 -9.116370758080468e-05 -3.095774349100062e-07 0 0 9.1662587358929402e-05 1.1960354178969436e-06 -7.2079543237407056e-05 -8.3885905819778019e-05 0 0
leaf_weight=11117 315 655 1275 551 473 3002 61 188 572 3181 515 413 444 76
leaf_count=11117 315 655 1275 551 473 3002 61 188 572 3181 515 413 444 76
internal_value=0 4.90716e-06 2.47851e-05 0 -3.06271e-05 6.52767e-06 4.33722e-05 -1.97151e-06 0 1.90007e-05 -6.23753e-06 -2.97908e-05 -4.40237e-05 -4.07885e-07
internal_weight=22838 6408 1727 4681 1128 3553 1336 16430 15385 3753 11632 1045 857 391
internal_count=22838 6408 1727 4681 1128 3553 1336 16430 15385 3753 11632 1045 857 391
is_linear=0
shrinkage=0.05


Tree=391
num_leaves=15
num_cat=0
split_feature=11 3 11 0 6 15 3 10 3 10 6 15 6 10
split_gain=8.52648e-05 0.000747724 0.000578723 0.00129837 0.000517239 0.000570433 0.000380103 0.000367011 0.000529598 0.000506547 0.000210274 0.000960612 0.000547699 0.000115951
threshold=-3.3181721535572284 -2.6315768122930123 -2.2714738939529231 -1.2160757030068987 1.4341577898246356 -0.43693151943258174 -0.072717344707051698 15.239741448557579 -1.7337418592951401 24.02618267499729 1.115052810698159 -4.5001916722128827 1.6429476836091912 37.292236692356134
decision_type=2 2 2 2 2 2 2 2 2 2 2 2 2 2
left_child=1 10 3 6 5 -3 -2 8 -4 -9 11 -1 -12 -5
right_child=2 4 7 13 -6 -7 -8 9 -10 -11 12 -13 -14 -15
leaf_value=-7.3341175944220091e-05 -0.00011764999108456783 0.00012053047616725806 0 7.2983387371832957e-06 0 0 0 -1.6522819908566075e-05 4.6169063476736486e-05 3.9330015492795055e-06 3.8751117701286857e-05 0 -6.3432167776408667e-06 -2.1152392634397055e-05
leaf_weight=487 410 326 315 922 63 51 111 4076 1049 10468 1094 2253 676 537
leaf_count=487 410 326 315 922 63 51 111 4076 1049 10468 1094 2253 676 537
internal_value=0 5.72081e-06 -1.69057e-06 -2.745e-05 6.78692e-05 9.37807e-05 -9.52775e-05 5.74252e-07 2.58789e-05 -7.69264e-07 0 -9.02762e-06 1.3065e-05 0
internal_weight=22838 4950 17888 1980 440 377 521 15908 1364 14544 4510 2740 1770 1459
internal_count=22838 4950 17888 1980 440 377 521 15908 1364 14544 4510 2740 1770 1459
is_linear=0
shrinkage=0.05


Tree=392
num_leaves=15
num_cat=0
split_feature=9 0 20 7 7 4 9 0 16 20 8 16 16 15
split_gain=8.09101e-05 0.000386624 0.000727534 0.00030747 0.000598781 0.000423434 0.000185962 0.000803457 0.000931177 0.00057243 0.000604983 0.000508916 0.000400057 0.000163649
threshold=0.032205559053282845 -1.2867075060220337 0.35510485775653072 23.675530184399502 38.28792673522581 3.5212517529532765 0.29767353416579517 1.5123437609438959 -8.0146080970061409 -0.42221246925246075 -0.97152949140477907 3.8799558333375401 2.4545147934356586 -4.8608220562231343
decision_type=2 2 2 2 2 2 2 2 2 2 2 2 2 2
left_child=1 3 13 5 -5 -1 7 12 -9 10 -8 -11 -2 -3
right_child=6 2 -4 4 -6 -7 9 8 -10 11 -12 -13 -14 -15
leaf_value=7.9469664459180244e-05 -2.1722365520734045e-05 0 0 -5.4339436373867592e-05 6.9954193164216777e-06 0 0 0.0001595225668256893 0 6.8100650301231965e-06 7.6407253947162265e-05 -1.2413411652089811e-05 1.2489938460124144e-05 9.4269893409593933e-05
leaf_weight=220 5189 173 70 649 187 88 146 128 461 8517 507 5692 432 379
leaf_count=220 5189 173 70 649 187 88 146 128 461 8517 507 5692 432 379
internal_value=0 1.0162e-05 4.29459e-05 0 -2.27067e-05 3.30305e-05 -9.69425e-07 -8.6293e-06 4.02277e-05 1.22236e-06 4.71396e-05 0 -1.64231e-05 7.32588e-05
internal_weight=22838 1766 622 1144 836 308 21072 6210 589 14862 653 14209 5621 552
internal_count=22838 1766 622 1144 836 308 21072 6210 589 14862 653 14209 5621 552
is_linear=0
shrinkage=0.05


Tree=393
num_leaves=15
num_cat=0
split_feature=21 14 10 6 21 14 6 14 19 14 13 9 8 10
split_gain=8.91136e-05 0.000844736 0.00129011 0.00135025 0.00118793 0.000961627 0.00070003 0.000440697 0.000309516 0.000397322 0.000301231 0.000249167 0.000400719 6.82015e-05
threshold=0.17664222373873248 13.405000209808351 46.214434166304372 0.57964606165489896 0.24306942514836624 21.47500038146973 0.76675988825174168 12.184999942779543 0.31841771862112811 26.764999389648441 0.54635359327875899 0.94828806481130257 -0.87088710051753704 36.320721631962364
decision_type=2 2 2 2 2 2 2 2 2 2 2 2 2 2
left_child=8 2 3 -2 6 -6 -3 -4 9 10 -1 12 -10 -11
right_child=1 4 7 -5 5 -7 -8 -9 11 13 -12 -13 -14 -15
leaf_value=4.3708316619478012e-06 0 -7.5583922047885795e-05 0.00010751049686729424 -9.9083153533415446e-05 9.6559067514649736e-05 0 0 0 0 0 -1.1804250602872398e-05 0 8.4924250304619834e-05 -0.00012254508934512906
leaf_weight=15230 317 367 114 870 551 347 668 133 355 53 3369 52 336 76
leaf_count=15230 317 367 114 870 551 347 668 133 355 53 3369 52 336 76
internal_value=0 -7.52668e-06 -3.8955e-05 -6.6003e-05 8.04064e-06 5.52332e-05 -1.84402e-05 3.02867e-05 1.28162e-06 0 6.33968e-07 3.29094e-05 4.54377e-05 -8.70821e-05
internal_weight=22838 3367 1434 1187 1933 898 1035 247 19471 18728 18599 743 691 129
internal_count=22838 3367 1434 1187 1933 898 1035 247 19471 18728 18599 743 691 129
is_linear=0
shrinkage=0.05


Tree=394
num_leaves=15
num_cat=0
split_feature=2 5 12 10 5 0 4 12 10 8 7 13 5 13
split_gain=8.4524e-05 0.000480708 0.00120099 0.00136105 0.000387405 0.00141938 0.00064648 0.000778562 0.000745443 0.000460691 0.000353121 0.000658521 0.000526825 0.000133016
threshold=-5.5710253133461336 4.538150254863198 -15.262773160759314 37.059223861235175 4.9736562757684055 0.069065121241938976 4.1220890301277349 16.022293947660426 21.14082921082905 -5.7604486898204597 27.517791857797288 -0.94771753313193641 3.4171147327634386 0.19340332375729077
decision_type=2 2 2 2 2 2 2 2 2 2 2 2 2 2
left_child=1 10 -3 -4 6 9 7 -2 -8 -6 11 -1 -12 -7
right_child=4 2 3 -5 5 13 8 -9 -10 -11 12 -13 -14 -15
leaf_value=0.00010567207028084199 -4.7064735378785661e-06 0 0.00029947673867793817 0 0 0 -7.25998729585653e-06 7.5315249082914498e-05 4.8696044194240995e-05 -0.00023266900267862229 0 0 -7.3613021273265472e-05 6.7493318825679506e-05
leaf_weight=193 18881 98 86 54 54 67 342 293 1400 104 525 360 309 72
leaf_count=193 18881 98 86 54 54 67 342 293 1400 104 525 360 309 72
internal_value=0 1.09746e-05 7.64705e-05 0.000176653 -8.53957e-07 -5.74627e-05 0 -2.69752e-06 2.91067e-05 -0.000168837 0 3.06375e-05 -2.08441e-05 0
internal_weight=22838 1625 238 140 21213 297 20916 19174 1742 158 1387 553 834 139
internal_count=22838 1625 238 140 21213 297 20916 19174 1742 158 1387 553 834 139
is_linear=0
shrinkage=0.05


Tree=395
num_leaves=14
num_cat=0
split_feature=19 19 18 9 18 19 14 14 20 9 3 18 3
split_gain=8.75958e-05 0.000362006 0.000450549 0.000826902 0.00029181 0.000719083 0.00102619 0.000910214 0.000398336 0.000490037 0.000215534 6.52753e-07 2.06772e-08
threshold=1.1712144921264713 2.9610859976290045 1.3613783736410825 0.78785609161948211 1.3613783736410825 -2.0308634955439664 13.769999980926515 13.615000247955324 0.25280000379962059 0.77966470170026525 7.6978279073255615 0.93681366176200587 -0.47144720894040643
decision_type=2 2 2 2 2 2 2 2 2 2 2 2 2
left_child=4 2 11 -4 8 6 -6 -7 10 -10 -1 -2 -3
right_child=1 12 3 -5 5 7 -8 -9 9 -11 -12 -13 -14
leaf_value=3.3014538002892128e-06 0 9.5231074067813984e-07 -0.000108376546094283 0 1.5743626030436337e-05 0 -0.00010437569427122732 6.5893027045812137e-05 -5.1559413162284955e-05 0 -1.1351628144653181e-05 3.5988129289647134e-06 0
leaf_weight=16151 65 56 366 111 156 566 247 1065 836 205 2830 125 59
leaf_count=16151 65 56 366 111 156 566 247 1065 836 205 2830 125 59
internal_value=0 -1.64525e-05 -4.08913e-05 -6.85067e-05 5.65045e-07 1.89455e-05 -2.08253e-05 3.79703e-05 -5.53905e-07 -3.09784e-05 3.26026e-07 0 0
internal_weight=22838 782 667 477 22056 2034 403 1631 20022 1041 18981 190 115
internal_count=22838 782 667 477 22056 2034 403 1631 20022 1041 18981 190 115
is_linear=0
shrinkage=0.05


Tree=396
num_leaves=15
num_cat=0
split_feature=14 14 13 14 13 13 14 14 14 13 13 13 3 15
split_gain=8.25516e-05 0.0011275 0.00309164 0.000437375 0.000844642 0.003125 0.000827567 0.000619489 0.000358686 0.00102217 0.00035155 3.98037e-05 2.47992e-05 2.04683e-05
threshold=10.055000305175783 9.9200000762939471 -0.15511208884687042 10.615000247955324 0.58543975638573065 0.61592628295027441 10.300000190734865 10.659999847412111 9.4149999618530291 0.68329041711937555 0.36317388633246855 0.015546919509756842 -1.3006917692831352 -0.80050139169409162
decision_type=2 2 2 2 2 2 2 2 2 2 2 2 2 2
left_child=1 8 13 4 6 -6 -2 -5 11 -10 -9 -1 -4 -3
right_child=3 2 12 7 5 -7 -8 10 9 -11 -12 -13 -14 -15
leaf_value=0 0 0 0 -0.00011984184454485574 -0.00026687375762577922 1.1128768980727599e-05 7.5347447590226339e-05 4.2241668860807244e-06 6.3394647427402051e-05 -1.7904619768202352e-05 -1.1053836788980859e-05 -4.8587577910359915e-05 -0.00024805551263936131 1.4193636864432865e-05
leaf_weight=232 911 88 54 108 109 573 912 12858 795 343 5314 114 174 253
leaf_count=232 911 88 54 108 109 573 912 12858 795 343 5314 114 174 253
internal_value=0 -9.5496e-06 -7.22681e-05 9.57696e-07 2.09106e-05 -1.16665e-05 4.13214e-05 -9.57023e-07 4.42957e-06 2.57269e-05 0 -2.22623e-05 -0.00021622 0
internal_weight=22838 2053 569 20785 2505 682 1823 18280 1484 1138 18172 346 228 341
internal_count=22838 2053 569 20785 2505 682 1823 18280 1484 1138 18172 346 228 341
is_linear=0
shrinkage=0.05


Tree=397
num_leaves=13
num_cat=0
split_feature=15 15 18 5 0 5 4 7 15 12 0 0
split_gain=8.1488e-05 0.000385221 0.00077371 0.000757407 0.000357003 0.000283132 0.000472163 0.000764899 0.000217844 0.00114007 0.000441458 7.04868e-06
threshold=8.7162477917075449 5.3966486158231133 0.97157444329076459 2.6127546497297525 0.14651070450288903 2.9021170643524346 4.8190749097622199 67.288301787816934 3.0662527574748801 3.6635323043266665 1.5123437609438959 1.4550770885035182
decision_type=2 2 2 2 2 2 2 2 2 2 2 2
left_child=1 8 4 -4 -3 11 -7 -8 10 -10 -1 -2
right_child=5 2 3 -5 -6 6 7 -9 9 -11 -12 -13
leaf_value=-1.465562010596866e-06 1.5536832777872586e-05 5.0226491881201389e-05 0 0.00013293801024582538 -1.9359357906430128e-05 0 0 -0.00024810303161211777 -5.6324242983844835e-05 7.6402977849660681e-06 2.1711600739349537e-05 0
leaf_weight=16722 72 269 55 270 563 163 62 64 1047 1192 2275 84
leaf_count=16722 72 269 55 270 563 163 62 64 1047 1192 2275 84
internal_value=0 3.73372e-07 2.88145e-05 9.42476e-05 0 -2.12078e-05 -5.59688e-05 -0.000128248 -4.71155e-07 -1.55861e-05 5.21476e-07 0
internal_weight=22838 22393 1157 325 832 445 289 126 21236 2239 18997 156
internal_count=22838 22393 1157 325 832 445 289 126 21236 2239 18997 156
is_linear=0
shrinkage=0.05


Tree=398
num_leaves=15
num_cat=0
split_feature=6 6 5 20 6 1 5 5 20 8 9 8 1 10
split_gain=8.05267e-05 0.000316884 0.00075011 0.000710366 0.000288173 0.00029456 0.000269646 0.000583637 0.000500751 0.000227745 0.000457428 0.000313016 0.000224998 8.62318e-05
threshold=1.9799542868872109 1.7393716730304034 2.3464702918759439 -0.62586688193503159 2.1703837091259537 0.43408678272003848 3.6285126932233207 2.9796135070590624 0.1327004878725464 18.306088478003609 0.92404919393089358 13.319966282527682 -0.24559781950701487 25.979308795842698
decision_type=2 2 2 2 2 2 2 2 2 2 2 2 2 2
left_child=1 9 13 -4 5 12 7 -6 -8 11 -11 -1 -2 -3
right_child=4 2 3 -5 6 -7 8 -9 -10 10 -12 -13 -14 -15
leaf_value=0 0 0 0 -0.00011504049982477901 0 0 -0.00011201223306982198 8.30866478587268e-05 0 -4.3575629793596447e-05 0 4.6038407309730942e-05 0.00012002401132704584 3.8692117003241346e-05
leaf_weight=18975 78 93 51 336 916 126 145 224 50 879 282 388 152 143
leaf_count=18975 78 93 51 336 916 126 145 224 50 879 282 388 152 143
internal_value=0 -8.85015e-07 -3.60016e-05 -8.31724e-05 1.04495e-05 5.03541e-05 0 9.08476e-06 -5.43959e-05 0 -2.13044e-05 1.47203e-06 8.42997e-05 0
internal_weight=22838 21147 623 387 1691 356 1335 1140 195 20524 1161 19363 230 236
internal_count=22838 21147 623 387 1691 356 1335 1140 195 20524 1161 19363 230 236
is_linear=0
shrinkage=0.05


Tree=399
num_leaves=11
num_cat=0
split_feature=13 13 8 8 1 14 14 14 13 19
split_gain=8.24399e-05 0.00281402 0.000656461 0.00119206 0.000717297 0.000629572 0.000559276 0.00246555 0.0010736 0.000109334
threshold=0.59102062739697658 0.58543975638573065 -30.56304263854285 -2.9937423834251837 -0.068194616398227881 19.029999732971195 12.175000190734863 12.22499990463257 -0.75248234889007104 -0.060259226587078545
decision_type=2 2 2 2 2 2 2 2 2 2
left_child=1 6 9 5 -5 -4 8 -8 -1 -2
right_child=2 -3 3 4 -6 -7 7 -9 -10 -11
leaf_value=5.912310255009857e-05 0 -0.0002534655955453424 -6.8350652211609001e-05 9.6089737051485241e-05 2.8392247830052995e-06 0 -0.00012503613342729902 -8.9865996498286887e-07 9.7125924099745528e-07 0.00011761149364572354
leaf_weight=913 52 109 757 301 2190 231 449 6302 11384 150
leaf_count=913 52 109 757 301 2190 231 449 6302 11384 150
internal_value=0 -1.29008e-06 6.87861e-06 0 2.01605e-05 -4.46003e-05 0 -1.13937e-05 6.51295e-06 9.45658e-05
internal_weight=22838 19157 3681 3479 2491 988 19048 6751 12297 202
internal_count=22838 19157 3681 3479 2491 988 19048 6751 12297 202
is_linear=0
shrinkage=0.05


Tree=400
num_leaves=14
num_cat=0
split_feature=14 14 8 8 14 1 14 2 8 14 0 14 14
split_gain=8.15904e-05 0.00101157 0.00110178 0.00073483 0.000417805 0.000599418 0.000553326 0.000505777 0.000488297 0.000315568 0.000452858 0.000249557 3.49527e-05
threshold=10.055000305175783 9.9200000762939471 6.6953310246707627 -2.8214968992332046 10.615000247955324 0.32923809200975268 10.659999847412111 5.2256095864489103 -2.9937423834251837 9.4149999618530291 0.32531972036626572 10.704999923706056 9.2849998474121112
decision_type=2 2 2 2 2 2 2 2 2 2 2 2 2
left_child=1 9 3 -3 5 8 -6 -7 -2 12 -11 -8 -1
right_child=4 2 -4 -5 6 7 11 -9 -10 10 -12 -13 -14
leaf_value=0 0 0 0 -0.00014129698448366932 -0.00011317020214462884 0 7.3558482773685764e-05 -0.00011610436237768885 5.2572384844801667e-05 5.4759098592870883e-05 0 -6.2501467466668536e-07 -4.5974150692927657e-05
leaf_weight=232 437 89 116 364 108 612 113 93 1363 593 545 18059 114
leaf_count=232 437 89 116 364 108 612 113 93 1363 593 545 18059 114
internal_value=0 -9.42549e-06 -6.87691e-05 -0.000109566 1.017e-06 2.05016e-05 -8.33524e-07 -1.95493e-06 3.7622e-05 3.25819e-06 2.38704e-05 0 -2.11816e-05
internal_weight=22838 2053 569 453 20785 2505 18280 705 1800 1484 1138 18172 346
internal_count=22838 2053 569 453 20785 2505 18280 705 1800 1484 1138 18172 346
is_linear=0
shrinkage=0.05


Tree=401
num_leaves=14
num_cat=0
split_feature=13 13 4 5 6 13 13 13 13 6 6 15 5
split_gain=8.09788e-05 0.000720673 0.000471066 0.000611768 0.000478453 0.00043464 0.00106773 0.00102163 0.000709676 0.000571723 0.000803367 0.000369061 3.03399e-05
threshold=-0.42021305351745969 -0.43357954555437445 5.2039420849120406 2.9678899795583535 1.129752317193315 -0.24290162539588597 -0.29479932225512367 -0.27067507371424376 -0.29973634362466245 1.1575623170826168 1.3418272244237002 2.0349621002537681 2.3513928623831544
decision_type=2 2 2 2 2 2 2 2 2 2 2 2 2
left_child=1 2 3 -1 -4 6 8 -8 -2 11 -11 -7 -3
right_child=5 12 4 -5 -6 9 7 -9 -10 10 -12 -13 -14
leaf_value=-7.8798998929620276e-06 1.4926334707806371e-05 0 0 2.7926223163603123e-05 -0.00012172695664139611 -1.3115490458863083e-05 0.00016301460924950938 0 -6.2744718062975272e-05 5.2061711763038606e-05 0 6.2894540889237047e-06 -0.00017145229479470091
leaf_weight=3553 1866 50 111 1681 159 8453 238 443 344 1042 2563 2267 68
leaf_count=3553 1866 50 111 1681 159 8453 238 443 344 1042 2563 2267 68
internal_value=0 -5.17837e-06 0 7.57735e-07 -6.58372e-05 1.73226e-06 1.97471e-05 7.46159e-05 0 -8.57482e-07 1.50664e-05 -7.61252e-06 -0.000128091
internal_weight=22838 5622 5504 5234 270 17216 2891 681 2210 14325 3605 10720 118
internal_count=22838 5622 5504 5234 270 17216 2891 681 2210 14325 3605 10720 118
is_linear=0
shrinkage=0.05


Tree=402
num_leaves=10
num_cat=0
split_feature=14 19 14 14 5 14 3 5 14
split_gain=7.77009e-05 0.000504097 0.000456318 0.000388385 0.00119245 0.000526062 0.000305674 0.000401184 5.42703e-05
threshold=26.764999389648441 -0.37789335993273043 24.670000076293949 21.47500038146973 3.548883867962735 18.954999923706058 -1.7337418592951401 3.4763262762921188 27.344999313354496
decision_type=2 2 2 2 2 2 2 2 2
left_child=2 8 3 5 -5 -1 7 -4 -2
right_child=1 -3 6 4 -6 -7 -8 -9 -10
leaf_value=0 -0.00013829784697710315 0 0 0 -9.8202986267125904e-05 5.3110282812235285e-05 0 9.6897518658748129e-05 0
leaf_weight=20870 82 92 88 405 408 468 62 309 54
leaf_count=20870 82 92 88 405 408 468 62 309 54
internal_value=0 -2.89227e-05 3.44859e-07 -6.19078e-09 -3.43992e-05 6.0283e-07 4.98581e-05 6.92325e-05 -0.000102942
internal_weight=22838 228 22610 22151 813 21338 459 397 136
internal_count=22838 228 22610 22151 813 21338 459 397 136
is_linear=0
shrinkage=0.05


Tree=403
num_leaves=13
num_cat=0
split_feature=13 13 10 4 12 1 9 10 6 1 12 2
split_gain=7.72993e-05 0.00257084 0.000539384 0.001486 0.000657981 0.00105007 0.000852877 0.00044535 0.000754335 0.00062196 9.8774e-05 7.02556e-05
threshold=0.59102062739697658 0.58543975638573065 27.622367933981959 3.4750476209062566 1.0339346370256994 0.3130997675251308 0.83460728814426544 26.994454605196712 0.70620848589159613 1.4423592471701656 -2.539625387348186 3.3309392778223761
decision_type=2 2 2 2 2 2 2 2 2 2 2 2
left_child=1 7 3 11 5 -4 -6 8 -1 -9 -5 -2
right_child=2 -3 4 10 6 -7 -8 9 -10 -11 -12 -13
leaf_value=7.5370578045976394e-06 -1.1885057108206558e-06 -0.0002422643565144178 6.3847315891486783e-05 0 -7.9337996720781013e-05 -1.2926634343666392e-05 0 3.3712674105496875e-06 -2.245946418207153e-05 9.5490342622645637e-05 0.00016130494214961627 2.8825111254263908e-05
leaf_weight=2786 815 109 654 89 572 813 320 11340 4716 206 209 209
leaf_count=2786 815 109 654 89 572 813 320 11340 4716 206 209 209
internal_value=0 -1.23105e-06 6.67827e-06 3.36956e-05 -2.11435e-06 1.1102e-05 -4.06356e-05 0 -9.32101e-06 6.32199e-06 0.000132093 0
internal_weight=22838 19157 3681 1322 2359 1467 892 19048 7502 11546 298 1024
internal_count=22838 19157 3681 1322 2359 1467 892 19048 7502 11546 298 1024
is_linear=0
shrinkage=0.05


Tree=404
num_leaves=15
num_cat=0
split_feature=8 8 1 14 14 5 1 8 3 0 20 1 1 14
split_gain=7.95621e-05 0.000685293 0.000609532 0.000863197 0.000699083 0.000600465 0.00100532 0.000505446 0.000552295 0.000476224 0.000333916 0.000597057 0.000376068 9.71376e-05
threshold=-0.2145358704172238 -0.97152949140477907 0.23157059086770754 11.719999790191652 11.534999847412111 2.2193290654732971 -0.049973549244894187 0.040610708407734626 -5.4281132922291633 -1.8701605333286624 -0.54685483396067691 0.47371409715462603 0.44610789424490527 11.284999847412111
decision_type=2 2 2 2 2 2 2 2 2 2 2 2 2 2
left_child=1 2 3 -1 -4 13 -7 8 -2 -10 11 -9 -12 -3
right_child=7 5 4 -5 -6 6 -8 10 9 -11 12 -13 -14 -15
leaf_value=-1.2811000240370218e-05 0 -2.1344086084766385e-05 2.0588931858972083e-06 2.349468482363394e-05 -3.6173476967390437e-05 0 7.8185788356591065e-05 8.8740933434212134e-05 0 -6.5473123886695175e-05 -8.1401906496509176e-06 0 1.4584086317275824e-05 1.03308686935798e-05
leaf_weight=2486 173 410 1103 3587 2337 461 949 293 81 916 7175 106 2241 520
leaf_count=2486 173 410 1103 3587 2337 461 949 293 81 916 7175 106 2241 520
internal_value=0 2.9461e-06 -1.56218e-06 6.16364e-06 -1.95584e-05 2.76743e-05 4.83173e-05 -2.95636e-06 -3.40747e-05 -5.2401e-05 0 4.53485e-05 -1.13799e-06 0
internal_weight=22838 11853 9513 6073 3440 2340 1410 10985 1170 997 9815 399 9416 930
internal_count=22838 11853 9513 6073 3440 2340 1410 10985 1170 997 9815 399 9416 930
is_linear=0
shrinkage=0.05


Tree=405
num_leaves=15
num_cat=0
split_feature=21 13 13 13 5 5 4 13 13 12 13 12 12 6
split_gain=8.54144e-05 0.000582127 0.00102357 0.00204738 0.000619486 0.000839225 0.000585531 0.000289127 0.00113013 0.00146947 0.000657374 0.00122621 0.000671496 0.000591744
threshold=0.17664222373873248 -1.2448797960925293 0.55270249734205035 0.36317388633246855 3.548883867962735 2.9678899795583535 3.7875833961424727 0.16321711356648286 0.48761463514747089 9.381119004969543 0.088715029334418563 -2.1535511126974498 -1.845274309282311 0.50001415820697115
decision_type=2 2 2 2 2 2 2 2 2 2 2 2 2 2
left_child=7 4 3 -3 5 -2 -4 10 13 -10 12 -12 -1 -9
right_child=1 2 6 -5 -6 -7 -8 8 9 -11 11 -13 -14 -15
leaf_value=-1.3900054848453667e-05 0 -5.4326505771249012e-06 0 -0.00015278847439714294 0 0.00013799046309666767 6.917012072561599e-05 0 2.6070397171864338e-06 -9.3088455138963858e-05 5.6456083025544699e-06 -7.5087572094920978e-05 1.1401975319774808e-05 4.5609082117086978e-05
leaf_weight=4211 237 1337 555 376 330 211 321 533 4021 425 401 844 6656 2380
leaf_count=4211 237 1337 555 376 330 211 321 533 4021 425 401 844 6656 2380
internal_value=0 -7.19541e-06 -2.1878e-05 -4.65987e-05 2.23748e-05 6.57102e-05 9.35692e-06 1.41816e-06 9.70624e-06 -3.18646e-06 -2.37955e-06 -3.70622e-05 2.16776e-07 3.45258e-05
internal_weight=22838 3367 2589 1713 778 448 876 19471 7359 4446 12112 1245 10867 2913
internal_count=22838 3367 2589 1713 778 448 876 19471 7359 4446 12112 1245 10867 2913
is_linear=0
shrinkage=0.05


Tree=406
num_leaves=14
num_cat=0
split_feature=13 13 14 14 21 13 14 6 12 6 6 14 5
split_gain=9.11487e-05 0.000664328 0.00096862 0.00345022 0.00268776 0.000395985 0.00119152 0.0021803 0.00116303 0.000499308 0.000730869 0.000698737 1.13289e-05
threshold=-0.42021305351745969 -0.43357954555437445 12.175000190734863 11.804999828338625 0.12245514988035738 -0.24290162539588597 11.739999771118166 1.8704431766452754 -1.9167628996020272 1.1575623170826168 1.3418272244237002 11.545000076293947 2.3513928623831544
decision_type=2 2 2 2 2 2 2 2 2 2 2 2 2
left_child=1 2 3 -1 -4 6 8 -8 -2 11 -11 -7 -3
right_child=5 12 4 -5 -6 9 7 -9 -10 10 -12 -13 -14
leaf_value=-1.1964146605437335e-05 -6.7678550767793594e-05 0 -7.7623540048512283e-05 0.00010729893250662272 1.394018896578843e-05 4.7733563511841573e-06 8.5337539929091237e-05 -8.3217019207288767e-05 1.9236076103567946e-05 4.9623723503873283e-05 0 -1.9135732736493543e-05 -0.00016394304654871426
leaf_weight=1839 551 50 1312 806 1547 4858 1164 142 1034 1042 2563 5862 68
leaf_count=1839 551 50 1312 806 1547 4858 1164 142 1034 1042 2563 5862 68
internal_value=0 -5.42519e-06 -1.38799e-07 1.87363e-05 -2.28463e-05 1.90334e-06 1.90418e-05 5.54845e-05 -1.54428e-06 -5.09509e-07 1.43372e-05 -6.90225e-06 -0.00012388
internal_weight=22838 5622 5504 2645 2859 17216 2891 1306 1585 14325 3605 10720 118
internal_count=22838 5622 5504 2645 2859 17216 2891 1306 1585 14325 3605 10720 118
is_linear=0
shrinkage=0.05


Tree=407
num_leaves=15
num_cat=0
split_feature=21 0 15 6 6 19 4 0 21 19 2 12 0 18
split_gain=8.10734e-05 0.000424174 0.000705532 0.0009795 0.000479395 0.000275628 0.000515872 0.000428932 0.000250397 0.000544622 0.000147205 0.000352758 0.000332336 2.69435e-05
threshold=0.17664222373873248 -1.6994894314371449 -2.2096492101613903 0.72861650681940682 0.78762886866749537 0.31841771862112811 2.8160587202894658 3.7966401927607243 0.1957859629977054 -1.9225787655826825 -3.749003867012362 -7.0022059657700106 -2.8239601418626736 0.9858093006598696
decision_type=2 2 2 2 2 2 2 2 2 2 2 2 2 2
left_child=5 8 3 -3 -4 10 13 -8 -2 -10 11 -1 -12 -7
right_child=1 2 4 -5 -6 6 7 -9 9 -11 12 -13 -14 -15
leaf_value=-1.6233191136444391e-07 0 0 -3.3295026577056798e-05 -0.00011660676073965573 1.4945317256860201e-05 1.2004026122000016e-06 9.9761744121004136e-05 0 0 6.7470334192517656e-05 -5.0327030252404708e-05 2.7861716281246989e-05 0 -1.7159080253214487e-05
leaf_weight=881 124 205 847 384 1156 157 309 50 170 481 343 1557 15947 227
leaf_count=881 124 205 847 384 1156 157 309 50 170 481 343 1557 15947 227
internal_value=0 -7.07354e-06 -1.9856e-05 -6.87189e-05 0 1.32461e-06 3.11784e-05 7.47759e-05 1.63182e-05 3.57356e-05 0 1.15889e-05 -1.57567e-06 0
internal_weight=22838 3367 2592 589 2003 19471 743 359 775 651 18728 2438 16290 384
internal_count=22838 3367 2592 589 2003 19471 743 359 775 651 18728 2438 16290 384
is_linear=0
shrinkage=0.05


Tree=408
num_leaves=15
num_cat=0
split_feature=16 6 10 10 12 6 10 7 8 11 12 7 16 15
split_gain=8.0265e-05 0.000565556 0.000441533 0.00109508 0.000532892 0.000430376 0.000438245 0.000368923 0.00135662 0.000629035 0.000620178 0.000538092 0.000454559 0.000255109
threshold=-7.1007378207475877 1.115052810698159 46.744457783104956 35.444247998477238 -14.292022654585798 2.6279123044141079 57.666454061311136 38.463102512346175 -1.0120920400881943 -3.9187936061023172 -6.1991133823846214 24.555063246722813 -5.144885272054478 -2.3315568151799799
decision_type=2 2 2 2 2 2 2 2 2 2 2 2 2 2
left_child=1 2 3 -1 -4 6 -3 8 11 12 -10 -2 -9 -11
right_child=7 5 4 -5 -6 -7 -8 9 10 13 -12 -13 -14 -15
leaf_value=0 0 7.6904882145379863e-05 -2.124720112489606e-05 -8.9556063931155449e-05 4.739040691454424e-05 0 0 0 0 -1.716011312812149e-05 5.7543250539037095e-05 -4.3864370278666844e-05 9.9802350890889144e-05 2.5122956642238712e-06
leaf_weight=631 656 635 134 447 676 122 174 59 358 1874 703 2526 275 13568
leaf_count=631 656 635 134 447 676 122 174 59 358 1874 703 2526 275 13568
internal_value=0 7.91823e-06 -6.17008e-07 -2.81561e-05 1.75277e-05 4.13036e-05 5.73695e-05 -1.09154e-06 -1.46112e-05 1.59457e-06 2.71124e-05 -3.32402e-05 6.93833e-05 0
internal_weight=22838 2819 1888 1078 810 931 809 20019 4243 15776 1061 3182 334 15442
internal_count=22838 2819 1888 1078 810 931 809 20019 4243 15776 1061 3182 334 15442
is_linear=0
shrinkage=0.05


Tree=409
num_leaves=15
num_cat=0
split_feature=13 3 6 20 16 0 13 6 6 6 13 13 15 5
split_gain=9.79254e-05 0.000853661 0.00121187 0.00121193 0.00106704 0.000855281 0.000776706 0.00110523 0.000960968 0.000681764 0.000435053 0.00139867 0.00069165 4.0495e-05
threshold=-0.33360624145318257 13.55642408892871 0.93160424558754984 -0.42221246925246075 -1.3700898100771906 1.6757900911066328 -0.24290162539588597 1.7694373149116667 0.32431953334256697 0.84109325315795125 -0.12897990006948132 -0.075603740240881553 2.4528627772226423 2.4339015812027092
decision_type=2 2 2 2 2 2 2 2 2 2 2 2 2 2
left_child=1 2 4 -4 -1 9 7 8 -2 -3 12 -12 -8 -9
right_child=6 5 3 -5 -6 -7 10 13 -10 -11 11 -13 -14 -15
leaf_value=-2.045658213941562e-05 0 0 1.4849373565863618e-05 -5.0983671328214342e-05 3.1908710834518241e-05 0 -5.3641096530925475e-05 0 7.4769922922567907e-05 0.00022341734268357635 7.028025662401716e-05 -1.4528430292053926e-06 9.8803199208153763e-07 -7.2150859024291972e-05
leaf_weight=1548 134 141 536 2532 2091 58 971 59 1219 107 706 12349 299 88
leaf_count=1548 134 141 536 2532 2091 58 971 59 1219 107 706 12349 299 88
internal_value=0 -4.89024e-06 -1.05995e-05 -3.45935e-05 5.51258e-06 7.1015e-05 2.20688e-06 3.66577e-05 5.71223e-05 0.000121676 -3.55801e-07 1.28259e-06 -2.89872e-05 -4.94616e-05
internal_weight=22838 7013 6707 3068 3639 306 15825 1500 1353 248 14325 13055 1270 147
internal_count=22838 7013 6707 3068 3639 306 15825 1500 1353 248 14325 13055 1270 147
is_linear=0
shrinkage=0.05


Tree=410
num_leaves=12
num_cat=0
split_feature=13 13 8 8 8 14 14 14 14 15 15
split_gain=8.35842e-05 0.00232095 0.000597997 0.00104065 0.000581459 0.000558809 0.000507216 0.00204977 0.000970643 0.000312694 0.000353035
threshold=0.59102062739697658 0.58543975638573065 -30.56304263854285 -2.9937423834251837 0.82702338322551283 19.029999732971195 12.175000190734863 12.22499990463257 12.144999980926515 -0.70694043161126918 -4.5001916722128827
decision_type=2 2 2 2 2 2 2 2 2 2 2
left_child=1 6 9 5 -5 -4 8 -8 -1 10 -2
right_child=2 -3 3 4 -6 -7 7 -9 -10 -11 -12
leaf_value=2.3708626863779956e-06 0 -0.00023031491862109924 -6.373999387542042e-05 4.1079912502788301e-05 0 0 -0.00011480632953530907 -1.1990562554962367e-06 9.0014511219967924e-05 0 0.00018544169328266701
leaf_weight=11951 50 109 757 1405 1086 231 449 6302 346 56 96
leaf_count=11951 50 109 757 1405 1086 231 449 6302 346 56 96
internal_value=0 -1.30408e-06 6.92122e-06 0 1.92043e-05 -4.12466e-05 0 -1.09924e-05 6.06372e-06 9.07379e-05 0.000129181
internal_weight=22838 19157 3681 3479 2491 988 19048 6751 12297 202 146
internal_count=22838 19157 3681 3479 2491 988 19048 6751 12297 202 146
is_linear=0
shrinkage=0.05


Tree=411
num_leaves=15
num_cat=0
split_feature=13 10 13 1 20 12 7 10 4 13 1 13 1 13
split_gain=8.03467e-05 0.000805332 0.000659052 0.000951296 0.00118443 0.000657969 0.00101433 0.000565638 0.000460523 0.000391125 0.000414609 0.000378579 0.00162203 0.00125987
threshold=-0.33360624145318257 24.500646715391245 -0.24290162539588597 -0.14269639753559529 0.10974633865997276 12.187297412080865 79.564041211540882 56.587684300738964 3.2536949774539159 -1.2880400753498109 0.12376028047161446 -0.12897990006948132 0.28715470721321151 -0.075603740240881553
decision_type=2 2 2 2 2 2 2 2 2 2 2 2 2 2
left_child=1 9 3 4 -2 7 -7 -3 -5 -1 -11 12 -4 -13
right_child=2 5 11 8 -6 6 -8 -9 -10 10 -12 13 -14 -15
leaf_value=0 0.00016247673200336891 6.0032709518445079e-06 -7.1175880903519748e-05 2.6733446400967138e-05 0 0.00014755078949338913 0 -4.9182700892182391e-05 -4.4565077095285238e-05 -5.6212864429098082e-05 0 6.6688436733316879e-05 3.5726158009641622e-05 -1.3698285922530036e-06
leaf_weight=330 266 4066 886 943 52 195 80 523 239 1290 529 706 384 12349
leaf_count=330 266 4066 886 943 52 195 80 523 239 1290 529 706 384 12349
internal_value=0 -4.43818e-06 1.99058e-06 3.37441e-05 0.000113195 4.21445e-06 7.92019e-05 0 0 -3.0992e-05 -4.08891e-05 -2.8948e-07 -2.70483e-05 1.16662e-06
internal_weight=22838 7013 15825 1500 318 4864 275 4589 1182 2149 1819 14325 1270 13055
internal_count=22838 7013 15825 1500 318 4864 275 4589 1182 2149 1819 14325 1270 13055
is_linear=0
shrinkage=0.05


Tree=412
num_leaves=13
num_cat=0
split_feature=14 14 14 14 8 4 13 13 5 8 20 3
split_gain=8.10788e-05 0.0030466 0.000678594 0.000851927 0.00163849 0.000837741 0.00063624 0.000977017 0.000842285 0.000519269 0.00128731 0.000838415
threshold=11.679999828338625 11.719999790191652 11.38000011444092 11.534999847412111 -3.4092471072668649 3.29805081535461 -0.38075793360717308 0.55071779110856822 1.9029627184981723 -0.2145358704172238 -0.33036924865237044 -5.0017651024148888
decision_type=2 2 2 2 2 2 2 2 2 2 2 2
left_child=2 -2 6 5 -5 -4 8 -8 -1 10 -3 -11
right_child=1 9 3 4 -6 -7 7 -9 -10 11 -12 -13
leaf_value=1.6992890528246675e-06 -0.00018421517603497698 -3.5227888293490231e-05 0.0001133216823465502 -0.00012341214047024223 3.9578385115030889e-05 0 1.6483632921408996e-05 -2.6625155418157914e-05 -5.5523815720252145e-05 3.2792606158058359e-05 2.0482352477518213e-05 -2.0240303237872376e-05
leaf_weight=451 226 1106 469 194 718 101 5335 1590 1154 705 5959 4830
leaf_count=451 226 1106 469 194 718 101 5335 1590 1154 705 5959 4830
internal_value=0 -2.60144e-06 3.40206e-06 3.49499e-05 0 8.30809e-05 -3.24216e-07 4.41756e-06 -3.01133e-05 0 9.63452e-06 -1.07712e-05
internal_weight=22838 12826 10012 1482 912 570 8530 6925 1605 12600 7065 5535
internal_count=22838 12826 10012 1482 912 570 8530 6925 1605 12600 7065 5535
is_linear=0
shrinkage=0.05


Tree=413
num_leaves=15
num_cat=0
split_feature=6 3 4 13 16 6 3 6 16 11 4 14 14 14
split_gain=8.33731e-05 0.000284653 0.000630707 0.0004905 0.000367848 0.000572034 0.000531471 0.000277962 0.000820754 0.00157439 0.000823552 0.000381277 0.00162427 0.000811907
threshold=1.9799542868872109 4.1131101281697067 5.0981630614953817 -0.12027765887524521 -6.8057142677221849 2.6279123044141079 -5.3464487423950926 1.3418272244237002 -0.33887905965068738 5.0857395642938288 4.2121625044355744 13.230000019073488 13.019999980926515 14.460000038146974
decision_type=2 2 2 2 2 2 2 2 2 2 2 2 2 2
left_child=7 4 3 -3 5 -2 -6 11 10 -10 -9 12 -1 -13
right_child=1 2 -4 -5 6 -7 -8 8 9 -11 -12 13 -14 -15
leaf_value=0 0.00012107401239591393 0.00013754786591497188 0 0 -9.6593132016477287e-05 0 0 2.7360517040479755e-05 -8.4788901492209199e-05 1.0530337049228728e-05 -7.4688726725860696e-05 3.7965682099733487e-05 -0.00019857622164168532 -1.0007278236134279e-06
leaf_weight=14341 136 195 89 286 178 131 676 1171 924 364 211 2016 104 2016
leaf_count=14341 136 195 89 286 178 131 676 1171 924 364 211 2016 104 2016
internal_value=0 1.06955e-05 3.98154e-05 7.17585e-05 0 4.6448e-05 -1.99834e-05 -8.38737e-07 -1.62312e-05 -4.62267e-05 8.9119e-07 5.74523e-07 -2.3496e-06 1.47677e-05
internal_weight=22838 1691 570 481 1121 267 854 21147 2670 1288 1382 18477 14445 4032
internal_count=22838 1691 570 481 1121 267 854 21147 2670 1288 1382 18477 14445 4032
is_linear=0
shrinkage=0.05


Tree=414
num_leaves=12
num_cat=0
split_feature=15 15 5 0 15 3 0 8 5 10 5
split_gain=8.21828e-05 0.000317862 0.000602739 0.000508987 0.00031193 0.000558631 0.000395438 0.000282588 0.000812399 0.000602387 0.000132188
threshold=8.7162477917075449 4.8654239304321285 2.2960406272098326 0.6594916800845726 3.0662527574748801 3.5499037774814783 1.5123437609438959 6.3821695238370078 2.6769712643182682 39.228748531168414 2.1214663982388715
decision_type=2 2 2 2 2 2 2 2 2 2 2
left_child=1 4 10 -4 6 -6 -1 -2 -9 -10 -3
right_child=7 2 3 -5 5 -7 -8 8 9 -11 -12
leaf_value=-1.176462629924403e-06 0 0 8.4161444374619766e-05 0 -5.0074604028638544e-05 0 2.0681925466575716e-05 0 -0.0002163200197055152 0 -4.3701126051018955e-05
leaf_weight=16722 188 231 503 606 866 1017 2275 54 94 109 173
leaf_count=16722 188 231 503 606 866 1017 2275 54 94 109 173
internal_value=0 3.91398e-07 2.28779e-05 4.54947e-05 -5.20673e-07 -2.03133e-05 6.52599e-07 -2.12832e-05 -5.93406e-05 -0.000120039 -2.12824e-06
internal_weight=22838 22393 1513 1109 20880 1883 18997 445 257 203 404
internal_count=22838 22393 1513 1109 20880 1883 18997 445 257 203 404
is_linear=0
shrinkage=0.05


Tree=415
num_leaves=13
num_cat=0
split_feature=14 14 7 15 14 14 9 14 14 20 15 9
split_gain=7.70449e-05 0.00274105 0.000760597 0.000763853 0.000605989 0.000756709 0.00104633 0.000566615 0.00130171 0.000555693 0.000541523 0.000381809
threshold=11.679999828338625 11.719999790191652 58.188078648475191 2.4123612619724293 11.38000011444092 11.534999847412111 0.25086049922574621 11.219999790191652 11.039999961853029 -0.33036924865237044 1.7590687045611122 0.60918907431767833
decision_type=2 2 2 2 2 2 2 2 2 2 2 2
left_child=4 -2 9 -4 7 11 -7 8 -1 -3 -9 -6
right_child=1 2 3 -5 5 6 -8 10 -10 -11 -12 -13
leaf_value=-1.3657875627380225e-06 -0.00017483718039606143 -1.6229245068594629e-05 -4.1439598336027e-05 0 0.0001081415204833883 -9.3544853899892104e-05 3.3571660580270308e-05 -4.8768804498714802e-05 6.5612923333253925e-05 1.4408898058594912e-05 0 0
leaf_weight=6285 226 1415 1874 1569 381 207 705 1119 777 7742 349 189
leaf_count=6285 226 1415 1874 1569 381 207 705 1119 777 7742 349 189
internal_value=0 -2.59408e-06 0 -1.95046e-05 3.25819e-06 3.30618e-05 0 -1.64845e-07 3.88808e-06 8.03532e-06 -2.98624e-05 7.84349e-05
internal_weight=22838 12826 12600 3443 10012 1482 912 8530 7062 9157 1468 570
internal_count=22838 12826 12600 3443 10012 1482 912 8530 7062 9157 1468 570
is_linear=0
shrinkage=0.05


Tree=416
num_leaves=12
num_cat=0
split_feature=13 13 8 8 1 14 14 13 14 15 15
split_gain=7.91739e-05 0.00207015 0.000526776 0.000959382 0.000636599 0.000520871 0.000465422 0.00202408 0.00144805 0.000285552 0.000312401
threshold=0.59102062739697658 0.58543975638573065 -30.56304263854285 -2.9937423834251837 -0.068194616398227881 19.029999732971195 10.615000247955324 0.52555861591733211 10.300000190734865 -0.70694043161126918 -4.5001916722128827
decision_type=2 2 2 2 2 2 2 2 2 2 2
left_child=1 6 9 5 -5 -4 8 -8 -1 10 -2
right_child=2 -3 3 4 -6 -7 7 -9 -10 -11 -12
leaf_value=0 0 -0.00021761569837723405 -6.1229851843873237e-05 8.9934434811266632e-05 1.8721249785380567e-06 0 0 -8.1029339405572305e-05 7.0660017239387968e-05 0 0.00017515543703038275
leaf_weight=2621 50 109 757 301 2190 231 14711 804 912 56 96
leaf_count=2621 50 109 757 301 2190 231 14711 804 912 56 96
internal_value=0 -1.32931e-06 6.67556e-06 0 1.85642e-05 -3.94558e-05 0 -3.80991e-06 1.62947e-05 8.54147e-05 0.000122194
internal_weight=22838 19157 3681 3479 2491 988 19048 15515 3533 202 146
internal_count=22838 19157 3681 3479 2491 988 19048 15515 3533 202 146
is_linear=0
shrinkage=0.05


Tree=417
num_leaves=13
num_cat=0
split_feature=13 13 10 14 12 3 14 14 13 8 13 15
split_gain=7.74706e-05 0.00187006 0.000493698 0.00107845 0.000515212 0.000548277 0.000453046 0.00182628 0.00092546 0.000369622 0.000320493 4.6542e-05
threshold=0.59102062739697658 0.58543975638573065 27.622367933981959 12.184999942779543 1.0339346370256994 3.729336434281894 12.175000190734863 12.22499990463257 -0.75248234889007104 2.7631268155521003 0.81313922080297207 3.2004394007645214
decision_type=2 2 2 2 2 2 2 2 2 2 2 2
left_child=1 6 3 11 10 -6 8 -8 -1 -5 -4 -2
right_child=2 -3 4 9 5 -7 7 -9 -10 -11 -12 -13
leaf_value=5.4373767903599489e-05 -1.4262463193797608e-05 -0.00020683383207440126 4.0559354471466972e-05 9.5989922127516156e-05 -0.0001000752538025495 0 -0.00010852752454777349 -1.1028963110430309e-06 4.0381712668918696e-07 0 0 0
leaf_weight=913 571 109 565 543 252 640 449 6302 11384 128 902 80
leaf_count=913 571 109 565 543 252 640 449 6302 11384 128 902 80
internal_value=0 -1.26556e-06 6.65337e-06 3.24402e-05 -1.44943e-06 -3.60899e-05 0 -1.04841e-05 5.63466e-06 7.79995e-05 9.40576e-06 0
internal_weight=22838 19157 3681 1322 2359 892 19048 6751 12297 671 1467 651
internal_count=22838 19157 3681 1322 2359 892 19048 6751 12297 671 1467 651
is_linear=0
shrinkage=0.05


Tree=418
num_leaves=15
num_cat=0
split_feature=6 9 13 12 13 4 9 19 6 11 14 19 8 7
split_gain=7.53463e-05 0.000295009 0.000574416 0.000543273 0.000280419 0.000405099 0.000241252 0.000567348 0.000396079 8.46174e-05 7.15733e-05 0.000341397 0.000101324 6.39643e-05
threshold=1.9799542868872109 1.0223231961350081 0.35392504189512014 3.2357509392086361 0.47082689340989253 2.6655052687713678 0.85265164803290949 1.0000000180025095e-35 1.6658341590307759 -1.7276063851092021 11.75500011444092 -0.29307027667185664 11.914136774269771 65.879573726246235
decision_type=2 2 2 2 2 2 2 2 2 2 2 2 2 2
left_child=1 6 3 -3 10 -6 8 -8 -1 -7 12 -12 -2 -4
right_child=4 2 13 -5 5 9 7 -9 -10 -11 11 -13 -14 -15
leaf_value=0 2.499842402344325e-05 0 0 -0.00011020940427280873 0 0 0 9.3756695482625227e-05 -4.0426098057964582e-05 0.00013336522798438686 0 -4.1389766021688755e-05 0 3.2119822943763389e-05
leaf_weight=17725 535 75 86 291 180 88 1956 223 637 117 148 554 69 154
leaf_count=17725 535 75 86 291 180 88 1956 223 637 117 148 554 69 154
internal_value=0 -8.39957e-07 -3.52081e-05 -7.72215e-05 1.01247e-05 4.75975e-05 0 1.58933e-05 -1.69033e-06 9.57149e-05 0 -1.17638e-05 1.1617e-05 0
internal_weight=22838 21147 606 366 1691 385 20541 2179 18362 205 1306 702 604 240
internal_count=22838 21147 606 366 1691 385 20541 2179 18362 205 1306 702 604 240
is_linear=0
shrinkage=0.05


Tree=419
num_leaves=15
num_cat=0
split_feature=21 13 13 13 5 7 4 13 13 0 0 5 11 6
split_gain=7.74037e-05 0.000506387 0.000897498 0.0016922 0.000560585 0.000782149 0.000522209 0.000293071 0.000980743 0.000803737 0.000682928 0.0015056 0.00145511 0.000529308
threshold=0.17664222373873248 -1.2448797960925293 0.55270249734205035 0.36317388633246855 3.548883867962735 64.069347961090017 3.7875833961424727 0.16321711356648286 0.48761463514747089 0.86101579454698596 -0.01767359240208205 3.5766719434842367 4.874555017932984 0.50001415820697115
decision_type=2 2 2 2 2 2 2 2 2 2 2 2 2 2
left_child=7 4 3 -3 5 -2 -4 10 13 -10 12 -12 -1 -9
right_child=1 2 6 -5 -6 -7 -8 8 9 -11 11 -13 -14 -15
leaf_value=0 9.5821125666627823e-05 -5.3877411319489915e-06 0 -0.00014114232420805837 0 0 6.483518849360187e-05 0 -2.4776715014213562e-05 1.659966554884186e-05 -7.4612849933035894e-06 -0.0001335531322397892 9.7426841682613267e-05 4.3158719977217272e-05
leaf_weight=7153 398 1337 555 376 330 50 321 533 2375 2071 4270 286 403 2380
leaf_count=7153 398 1337 555 376 330 50 321 533 2375 2071 4270 286 403 2380
internal_value=0 -6.96937e-06 -2.08219e-05 -4.4002e-05 1.98407e-05 6.16788e-05 7.40099e-06 1.23954e-06 9.61268e-06 -2.13064e-06 -2.60984e-06 -1.86958e-05 5.10572e-06 3.26782e-05
internal_weight=22838 3367 2589 1713 778 448 876 19471 7359 4446 12112 4556 7556 2913
internal_count=22838 3367 2589 1713 778 448 876 19471 7359 4446 12112 4556 7556 2913
is_linear=0
shrinkage=0.05


Tree=420
num_leaves=15
num_cat=0
split_feature=21 14 10 6 21 14 6 14 21 20 15 14 14 14
split_gain=7.47977e-05 0.000593724 0.00109319 0.00124833 0.00103286 0.000992423 0.000513812 0.000397744 0.000254544 0.00061078 0.000505808 0.000280747 0.00101657 0.000951422
threshold=0.17664222373873248 13.405000209808351 46.214434166304372 0.57964606165489896 0.26887690866649844 14.355000019073488 0.76675988825174168 12.184999942779543 0.12245514988035738 0.29861708742130627 -2.2481880922393778 12.50999975204468 12.22499990463257 14.230000019073488
decision_type=2 2 2 2 2 2 2 2 2 2 2 2 2 2
left_child=8 2 3 -2 6 -6 -3 -4 11 10 -10 12 -1 -13
right_child=1 4 7 -5 5 -7 -8 -9 9 -11 -12 13 -14 -15
leaf_value=-7.1145355414507531e-07 0 -5.5734251056264345e-05 0.00010209200657782673 -9.1232990522282804e-05 0.000163238573852571 0 0 0 0 -1.9294988756084388e-06 6.7646343713449367e-05 -3.4678806792851916e-05 4.4793993420129378e-05 2.0518248853961417e-05
leaf_weight=13583 317 462 114 870 185 422 864 133 292 491 753 2198 1300 854
leaf_count=13583 317 462 114 870 185 422 864 133 292 491 753 2198 1300 854
internal_value=0 -6.94972e-06 -3.33933e-05 -5.89535e-05 4.9187e-06 6.38055e-05 -1.07618e-05 2.86989e-05 1.11768e-06 2.07329e-05 4.5713e-05 0 2.2583e-06 -1.43189e-05
internal_weight=22838 3367 1434 1187 1933 607 1326 247 19471 1536 1045 17935 14883 3052
internal_count=22838 3367 1434 1187 1933 607 1326 247 19471 1536 1045 17935 14883 3052
is_linear=0
shrinkage=0.05


Tree=421
num_leaves=14
num_cat=0
split_feature=13 13 14 21 14 13 13 14 6 14 14 14 4
split_gain=7.54846e-05 0.00109602 0.00111029 0.00143704 0.00122061 0.0010679 0.000826539 0.000508461 0.000378081 0.000358845 0.00171496 0.00126578 6.56342e-05
threshold=-0.61614253177807987 -0.69276599147319862 13.769999980926515 0.12245514988035738 12.769999980926515 -0.56734936417262005 -0.64278278086672958 12.045000076293947 1.5618788744058407 10.920000076293947 11.039999961853029 10.339999675750734 1.6776277696723461
decision_type=2 2 2 2 2 2 2 2 2 2 2 2 2
left_child=1 2 4 -4 -1 12 8 -8 -3 11 -11 -7 -2
right_child=5 6 3 -5 -6 9 7 -9 -10 10 -12 -13 -14
leaf_value=2.3581856485852997e-07 0 -0.00013955062606238236 -9.770764534589786e-05 0 0.00011715017451299432 -3.5103108126460811e-06 -5.0845951545409407e-05 7.5488093052940563e-05 0 -0.00011284589895710093 -2.455193290031707e-07 4.4024427209028689e-05 0.00014965375620874967
leaf_weight=1377 100 302 466 1197 361 3413 235 115 50 356 12800 1939 127
leaf_count=1377 100 302 466 1197 361 3413 235 115 50 356 12800 1939 127
internal_value=0 -6.16216e-06 1.40453e-06 -2.28096e-05 3.31991e-05 1.3246e-06 -6.41077e-05 0 -0.000118484 0 -4.4409e-06 1.09141e-05 0.000108875
internal_weight=22838 4103 3401 1663 1738 18735 702 350 352 18508 13156 5352 227
internal_count=22838 4103 3401 1663 1738 18735 702 350 352 18508 13156 5352 227
is_linear=0
shrinkage=0.05


Tree=422
num_leaves=15
num_cat=0
split_feature=11 3 11 0 20 16 14 16 16 14 14 14 15 0
split_gain=7.52971e-05 0.000601638 0.000481929 0.00117361 0.000633546 0.000571796 0.000510262 0.000485272 0.000328564 0.000276444 0.00138768 0.000553493 0.000216001 6.45274e-05
threshold=-3.3181721535572284 -2.6315768122930123 -2.2714738939529231 -1.2160757030068987 -0.42221246925246075 4.2359949004816553 21.47500038146973 2.2256172921397641 -1.6778955776709956 12.175000190734863 11.899999618530275 13.355000019073488 -0.73961588042586446 0.32531972036626572
decision_type=2 2 2 2 2 2 2 2 2 2 2 2 2 2
left_child=1 9 3 5 6 -2 -4 -6 -3 10 -1 -11 -10 -5
right_child=2 8 4 13 7 -7 -8 -9 12 11 -12 -13 -14 -15
leaf_value=0 -0.0001110102196832016 0 7.3906768699040612e-05 6.1573503453088819e-06 6.8380471347576893e-06 0 0 -1.0753524349494778e-05 0.00010427216871785309 -5.1382062100023878e-05 9.5329741243211391e-05 0 0 -1.5035349195509293e-05
leaf_weight=1515 454 108 522 897 7934 67 118 7334 276 636 424 1935 56 562
leaf_count=1515 454 108 522 897 7934 67 118 7334 276 636 424 1935 56 562
internal_value=0 5.43459e-06 -1.53255e-06 -2.50548e-05 4.53699e-07 -8.94598e-05 4.96647e-05 -6.29851e-07 6.11737e-05 0 1.42345e-05 -1.07644e-05 8.61546e-05 0
internal_weight=22838 4950 17888 1980 15908 521 640 15268 440 4510 1939 2571 332 1459
internal_count=22838 4950 17888 1980 15908 521 640 15268 440 4510 1939 2571 332 1459
is_linear=0
shrinkage=0.05


Tree=423
num_leaves=14
num_cat=0
split_feature=19 19 18 9 19 1 16 13 13 13 7 18 16
split_gain=7.33501e-05 0.000327636 0.000408031 0.000752166 0.000264124 0.000803261 0.00102224 0.000280882 0.00121577 0.000427722 0.000149381 1.42302e-07 1.29326e-07
threshold=1.1712144921264713 2.9610859976290045 1.3613783736410825 0.78785609161948211 0.55893111095968129 0.1948430937943246 1.5687701219945673 -0.63545155834809341 -0.67858172478649215 -0.56734936417262005 61.226033295492385 0.93681366176200587 5.3790426970611156
decision_type=2 2 2 2 2 2 2 2 2 2 2 2 2
left_child=4 2 11 -4 7 6 -6 8 -1 -9 -7 -2 -3
right_child=1 12 3 -5 5 10 -8 9 -10 -11 -12 -13 -14
leaf_value=0 0 2.2476192535236893e-06 -0.00010304682244564872 0 0.00015145457838866206 -3.9949413583552747e-05 0 5.0094460578783098e-05 -8.8167831269502287e-05 0 0 1.6803108479103325e-06 0
leaf_weight=3046 65 63 366 111 227 233 245 454 471 17320 60 125 52
leaf_count=3046 65 63 366 111 227 233 245 454 471 17320 60 125 52
internal_value=0 -1.50547e-05 -3.86244e-05 -6.4953e-05 5.17782e-07 2.94914e-05 7.51936e-05 0 -1.33789e-05 2.01954e-06 0 0 0
internal_weight=22838 782 667 477 22056 765 472 21291 3517 17774 293 190 115
internal_count=22838 782 667 477 22056 765 472 21291 3517 17774 293 190 115
is_linear=0
shrinkage=0.05


Tree=424
num_leaves=15
num_cat=0
split_feature=6 0 13 2 15 0 0 13 4 15 9 6 0 4
split_gain=7.24082e-05 0.000267817 0.00123266 0.00123013 0.000342785 0.000491118 0.000463302 0.000255932 0.000379652 0.000313739 0.000157539 5.79096e-05 0.00038829 0.000268721
threshold=1.9799542868872109 -2.9958650972435295 -0.86877073142472272 -2.120557749722118 -3.4265084464645095 1.6046527367974661 2.1674124664596364 0.47082689340989253 2.6655052687713678 -2.5170622102459341 -0.03407477625535496 2.0725810379759766 -4.3522732544064358 2.4110793610736398
decision_type=2 2 2 2 2 2 2 2 2 2 2 2 2 2
left_child=1 2 10 -4 5 -3 -6 11 -9 -10 -1 13 -13 -2
right_child=7 4 3 -5 6 -7 -8 8 9 -11 -12 12 -14 -15
leaf_value=-5.568809924847388e-05 0 -3.2210173924367528e-05 0.00017700318736609 0 2.1087276333161593e-06 2.5231982652712767e-05 -2.6807050379660529e-05 0 0 0.00013826570249533742 0 -9.588329726587594e-05 0 9.4476233106423725e-05
leaf_weight=126 63 2039 213 78 16609 159 1508 180 73 132 415 107 1048 88
leaf_count=126 63 2039 213 78 16609 159 1508 180 73 132 415 107 1048 88
internal_value=0 -7.44216e-07 2.56408e-05 0.000111486 -2.56436e-06 -2.1224e-05 0 1.00032e-05 4.57844e-05 9.23866e-05 0 0 -4.38068e-06 2.83992e-05
internal_weight=22838 21147 832 291 20315 2198 18117 1691 385 205 541 1306 1155 151
internal_count=22838 21147 832 291 20315 2198 18117 1691 385 205 541 1306 1155 151
is_linear=0
shrinkage=0.05


Tree=425
num_leaves=15
num_cat=0
split_feature=8 8 1 8 3 8 15 1 4 15 15 6 10 4
split_gain=7.63743e-05 0.000546478 0.000547567 0.00058487 0.00053352 0.000445227 0.000628935 0.000437255 0.000625158 0.000412754 0.000685456 0.00062332 0.000311563 1.78994e-05
threshold=-0.2145358704172238 -0.97152949140477907 0.23157059086770754 -1.0838100556234005 1.4558108225906754 0.040610708407734626 -1.2888869875001649 -0.049973549244894187 1.4284711178956075 -0.70694043161126918 0.86798178736810516 1.0667887179408473 57.666454061311136 2.2533477460376607
decision_type=2 2 2 2 2 2 2 2 2 2 2 2 2 2
left_child=1 2 3 -1 -4 6 13 -3 -9 11 -11 -7 -8 -2
right_child=5 7 4 -5 -6 9 12 8 -10 10 -12 -13 -14 -15
leaf_value=1.1183889714572166e-05 1.4494360394439972e-05 0 -1.5605149734835149e-06 -7.555502666149787e-05 -5.6826359260754678e-05 -3.9657556164659564e-05 -6.744395413193451e-05 0 5.5495012135610662e-05 3.1492203265498952e-05 -4.9842281879864655e-07 9.9218563461094685e-06 0 0
leaf_weight=5905 212 712 2678 168 762 1461 781 294 1334 1975 5940 439 51 126
leaf_count=5905 212 712 2678 168 762 1461 781 294 1334 1975 5940 439 51 126
internal_value=0 2.87782e-06 -9.72869e-07 6.30281e-06 -1.81747e-05 -2.90581e-06 -3.20896e-05 2.49336e-05 3.95532e-05 0 5.59215e-06 -2.03123e-05 -5.77506e-05 0
internal_weight=22838 11853 9513 6073 3440 10985 1170 2340 1628 9815 7915 1900 832 338
internal_count=22838 11853 9513 6073 3440 10985 1170 2340 1628 9815 7915 1900 832 338
is_linear=0
shrinkage=0.05


Tree=426
num_leaves=15
num_cat=0
split_feature=12 8 15 4 14 14 7 13 13 13 14 11 19 13
split_gain=7.17101e-05 0.000519774 0.00073395 0.000544249 0.000363856 0.00122296 0.00119903 0.00114883 0.00287147 0.000853418 0.000528448 0.000353453 0.000582525 0.000269086
threshold=-9.2347614267499871 -10.717370608569203 -8.45027504945263 2.4224112166931451 15.695000171661379 14.135000228881838 64.069347961090017 -1.3754361407367353 -0.93968043077759511 -1.964541388946228 13.835000038146974 -4.4297463697244028 0.45218915024008771 -0.013045006246314992
decision_type=2 2 2 2 2 2 2 2 2 2 2 2 2 2
left_child=1 2 -1 -4 5 10 -7 9 -9 -6 -2 12 -3 -13
right_child=4 11 3 -5 7 6 -8 8 -10 -11 -12 13 -14 -15
leaf_value=0 0 0 0 0.0001193830325505601 0 0.00010575271636833463 0 -0.00020101708358163294 0 9.6241521361516787e-05 -7.4878337079072456e-05 0 -0.00011724466521730824 8.6680395298743693e-05
leaf_weight=102 18354 848 141 326 304 538 172 266 895 249 240 121 140 142
leaf_count=102 18354 848 141 326 304 538 172 266 895 249 240 121 140 142
internal_value=0 9.53541e-06 5.0697e-05 8.39704e-05 -8.07411e-07 4.01733e-07 6.52852e-05 -2.31641e-05 -5.57397e-05 1.81283e-05 -1.27251e-06 0 -2.20743e-05 3.90083e-05
internal_weight=22838 1820 569 467 21018 19304 710 1714 1161 553 18594 1251 988 263
internal_count=22838 1820 569 467 21018 19304 710 1714 1161 553 18594 1251 988 263
is_linear=0
shrinkage=0.05


Tree=427
num_leaves=14
num_cat=0
split_feature=15 15 5 16 1 8 1 21 5 13 3 7 7
split_gain=6.70935e-05 0.000283055 0.000624574 0.000459551 0.000273061 0.00111835 0.000514243 0.000200762 0.000730658 0.000188023 0.000131151 1.23345e-05 8.50177e-05
threshold=8.7162477917075449 5.3966486158231133 2.2676965917081335 -1.1486164757823654 0.26357087488971026 6.3821695238370078 1.3565666857997727 0.35905616534930279 5.6464827929910699 0.49393563195667683 6.1655052184715906 61.426698695239836 73.690294700072613
decision_type=2 2 2 2 2 2 2 2 2 2 2 2 2
left_child=1 7 10 -4 11 -6 -7 8 -1 -9 -3 -2 -13
right_child=4 2 3 -5 5 6 -8 9 -10 -11 -12 12 -14
leaf_value=-5.7749234052967557e-07 0 0 0 6.6465399940844624e-05 0 -0.00025468815764868755 0 -7.9277749178976187e-05 0.00011280553075737302 0 -4.791871827290205e-05 6.0270580153828912e-05 0
leaf_weight=20858 54 117 124 771 88 75 51 154 142 82 145 66 111
leaf_count=20858 54 117 124 771 88 75 51 154 142 82 145 66 111
internal_value=0 3.02655e-07 2.47175e-05 5.02399e-05 -1.9274e-05 -6.28152e-05 -0.000169395 -3.22323e-07 0 -4.612e-05 -5.29334e-06 0 1.31619e-05
internal_weight=22838 22393 1157 895 445 214 126 21236 21000 236 262 231 177
internal_count=22838 22393 1157 895 445 214 126 21236 21000 236 262 231 177
is_linear=0
shrinkage=0.05


Tree=428
num_leaves=14
num_cat=0
split_feature=2 5 12 10 5 0 8 0 0 6 6 14 9
split_gain=6.97092e-05 0.000419966 0.00105941 0.00125971 0.000334856 0.00133996 0.000339461 0.000843434 0.000385578 0.000209398 0.000666739 0.000487202 0.000121218
threshold=-5.5710253133461336 4.538150254863198 -15.262773160759314 37.059223861235175 4.9736562757684055 -1.1667271124058904 -12.597374435661026 1.0290185669024876 2.2720030215686404 0.91644055573557692 1.3198984806627609 11.234999656677248 0.71906068972406356
decision_type=2 2 2 2 2 2 2 2 2 2 2 2 2
left_child=1 9 -3 -4 6 -6 7 -2 -8 11 -11 -1 -7
right_child=4 2 3 -5 5 12 8 -9 -10 10 -12 -13 -14
leaf_value=0 -4.0306191082553809e-05 0 0.00028375982036599998 0 -0.00019287820223696218 4.6789525721953189e-05 4.9608549300007564e-06 2.3392886982722634e-05 -1.8822176792550303e-05 6.8843686926363954e-05 0 -6.183080810897566e-05 -1.0199958330714247e-05
leaf_weight=66 1624 98 86 54 112 135 17109 445 1738 385 524 412 50
leaf_count=66 1624 98 86 54 112 135 17109 445 1738 385 524 412 50
internal_value=0 9.84166e-06 7.10768e-05 0.000165369 -8.89409e-07 -5.35304e-05 0 -1.93548e-05 1.97095e-06 0 1.33665e-05 -2.74494e-05 0
internal_weight=22838 1625 238 140 21213 297 20916 2069 18847 1387 909 478 185
internal_count=22838 1625 238 140 21213 297 20916 2069 18847 1387 909 478 185
is_linear=0
shrinkage=0.05


Tree=429
num_leaves=14
num_cat=0
split_feature=6 3 9 7 16 3 6 9 1 12 9 1 6
split_gain=6.82828e-05 0.000262878 0.000447394 0.000436955 0.000281518 0.000517547 0.000501382 0.00025108 0.00035219 0.00044072 0.000219253 0.000459848 0.000360485
threshold=1.9799542868872109 5.7932261134202259 1.1860085783188912 69.223663858812714 -6.8057142677221849 -5.3464487423950926 2.6279123044141079 1.0223231961350081 -0.10017418508003283 4.9991573730162076 0.85265164803290949 0.30758574068941946 1.6658341590307759
decision_type=2 2 2 2 2 2 2 2 2 2 2 2 2
left_child=7 4 3 -3 6 -6 -2 10 -9 -10 12 -12 -1
right_child=1 2 -4 -5 5 -7 -8 8 9 -11 11 -13 -14
leaf_value=0 0.00011310169245452064 0.00014385034222943609 0 0 -9.1499476835939575e-05 0 0 0 0 -8.5911892892296096e-05 0 4.4873992447992909e-05 -3.8746371823589724e-05
leaf_weight=17725 136 145 102 187 178 812 131 76 175 355 1365 814 637
leaf_count=17725 136 145 102 187 178 812 131 76 175 355 1365 814 637
internal_value=0 9.51226e-06 4.31595e-05 7.6106e-05 0 -1.43738e-05 4.31523e-05 -9.12511e-07 -3.26054e-05 -5.36043e-05 0 1.50157e-05 -1.75573e-06
internal_weight=22838 1691 434 332 1257 990 267 21147 606 530 20541 2179 18362
internal_count=22838 1691 434 332 1257 990 267 21147 606 530 20541 2179 18362
is_linear=0
shrinkage=0.05


Tree=430
num_leaves=15
num_cat=0
split_feature=8 8 20 1 5 1 8 15 15 14 14 1 10 12
split_gain=6.75853e-05 0.000478709 0.000545856 0.00188445 0.000526031 0.000846405 0.000388515 0.000574377 0.000358581 0.00158323 0.00109859 0.000355767 0.000292347 0.000110032
threshold=-0.2145358704172238 -0.97152949140477907 -0.53758602857123983 -0.28987645369612919 2.2193290654732971 -0.049973549244894187 0.040610708407734626 -1.2888869875001649 -0.70694043161126918 13.405000209808351 13.405000209808351 0.23157059086770754 57.666454061311136 3.157470926727763
decision_type=2 2 2 2 2 2 2 2 2 2 2 2 2 2
left_child=1 2 3 -1 13 -6 7 -2 9 -8 -10 -4 -9 -3
right_child=6 4 11 -5 5 -7 8 12 10 -11 -12 -13 -14 -15
leaf_value=2.6218120416767004e-05 0 -1.3753430478375626e-05 9.9258328082082603e-06 -0.0001088335810041337 0 7.0261194299803864e-05 0 -6.4314615241021873e-05 -4.4540914775128963e-07 -0.00013734553761994475 5.1283102465454236e-05 -1.0435594162585998e-05 0 2.8199411420363359e-05
leaf_weight=263 338 768 5581 497 461 949 1654 781 6798 246 1117 3172 51 162
leaf_count=263 338 768 5581 497 461 949 1654 781 6798 246 1117 3172 51 162
internal_value=0 2.47169e-06 -1.04937e-06 -4.24146e-05 2.3188e-05 4.27094e-05 -2.96445e-06 -3.01976e-05 0 -1.92068e-05 4.96541e-06 8.33203e-07 -5.48246e-05 0
internal_weight=22838 11853 9513 760 2340 1410 10985 1170 9815 1900 7915 8753 832 930
internal_count=22838 11853 9513 760 2340 1410 10985 1170 9815 1900 7915 8753 832 930
is_linear=0
shrinkage=0.05


Tree=431
num_leaves=15
num_cat=0
split_feature=9 7 1 6 7 0 6 4 7 7 15 7 7 3
split_gain=6.8756e-05 0.000389188 0.00051602 0.000437238 0.000321293 0.000506311 0.000437723 0.000386994 0.000295001 0.00055425 0.000424549 0.000214832 0.000811173 0.000767711
threshold=0.080087067879951832 19.34839022012525 0.25747639150827945 0.8497579988848466 35.604707695650873 0.96343162083731826 1.5422740629444054 4.2647373099076615 44.549706144532927 45.990430865322118 -4.0879937457025051 38.28792673522581 36.031935537724074 -3.3955382347329581
decision_type=2 2 2 2 2 2 2 2 2 2 2 2 2 2
left_child=1 2 3 -1 5 6 -2 -7 10 -10 -6 12 -3 -13
right_child=4 11 -4 -5 8 7 -8 -9 9 -11 -12 13 -14 -15
leaf_value=0 -3.5678340693367459e-05 0 0 0.00012559758438967676 -2.8336677958548067e-05 0 0 9.3689702891800879e-05 -4.5291647158389842e-05 0 2.1754184966033225e-05 9.4734720902824162e-05 -9.8430905345758395e-05 0
leaf_weight=50 2455 1540 111 221 245 592 191 115 691 12636 3337 259 221 174
leaf_count=50 2455 1540 111 221 245 592 191 115 691 12636 3337 259 221 174
internal_value=0 7.52382e-06 5.40488e-05 9.41076e-05 -1.133e-06 -1.56074e-05 -2.7707e-05 8.46514e-06 8.5092e-07 -1.59481e-06 1.41347e-05 0 -8.3532e-06 3.08906e-05
internal_weight=22838 2576 382 271 20262 3353 2646 707 16909 13327 3582 2194 1761 433
internal_count=22838 2576 382 271 20262 3353 2646 707 16909 13327 3582 2194 1761 433
is_linear=0
shrinkage=0.05


Tree=432
num_leaves=15
num_cat=0
split_feature=3 16 4 1 16 15 15 3 15 15 16 13 8 4
split_gain=6.75889e-05 0.000705112 0.000758553 0.0012476 0.000760189 0.000511623 0.000415925 0.000397835 0.000586267 0.000788491 0.00039935 0.000362488 0.00035465 0.00032103
threshold=6.7082428865620667 6.5953001560825788 5.2039420849120406 0.44610789424490527 14.4567278943475 -0.73961588042586446 1.2997424251809833 3.729336434281894 3.2616587823526171 5.5646561123938909 4.0494189276548918 -0.33360624145318257 -6.3620724725228195 1.7878534018205865
decision_type=2 2 2 2 2 2 2 2 2 2 2 2 2 2
left_child=7 5 3 -3 -4 13 -7 8 11 -10 12 -1 -9 -2
right_child=1 2 4 -5 -6 6 -8 10 9 -11 -12 -13 -14 -15
leaf_value=-9.2646145441902618e-06 0 -2.4489634176732192e-06 0 6.6224458705477039e-05 -0.00017443003511289138 2.5475986628912835e-05 -5.1874123087450495e-05 0 -6.1491125759515633e-05 0 0 7.1072835653727632e-06 5.3584425034501912e-05 -0.00018959895253280046
leaf_weight=4684 55 2222 119 782 113 179 342 106 908 457 1499 10257 1005 110
leaf_count=4684 55 2222 119 782 113 179 342 106 908 457 1499 10257 1005 110
internal_value=0 -6.09611e-06 0 1.04525e-05 -8.20361e-05 -5.27079e-05 0 1.10704e-06 -9.34923e-07 -3.27581e-05 1.96046e-05 9.70539e-07 4.24295e-05 -0.000138573
internal_weight=22838 3922 3236 3004 232 686 521 18916 16306 1365 2610 14941 1111 165
internal_count=22838 3922 3236 3004 232 686 521 18916 16306 1365 2610 14941 1111 165
is_linear=0
shrinkage=0.05


Tree=433
num_leaves=15
num_cat=0
split_feature=11 16 8 14 14 14 6 13 14 14 14 19 11 5
split_gain=6.98114e-05 0.000567748 0.000424692 0.000402394 0.000774553 0.000374275 0.000356349 0.000327996 0.000290022 0.00183782 0.00108367 0.000273556 5.35501e-05 2.89752e-05
threshold=-3.3181721535572284 2.999456839258047 -5.7604486898204597 11.144999980926515 11.719999790191652 13.655000209808351 1.5072000988314376 -0.38075793360717308 11.679999828338625 11.775000095367433 11.38000011444092 0.15373800291212783 -1.5066405094292683 3.522454988782084
decision_type=2 2 2 2 2 2 2 2 2 2 2 2 2 2
left_child=1 3 5 7 -5 6 -2 -1 10 -10 -4 13 -7 -3
right_child=2 11 8 4 -6 12 -8 -9 9 -11 -12 -13 -14 -15
leaf_value=0 -4.1419222688474341e-05 0 0 -5.5029828078344831e-05 3.4439003577962098e-07 2.9108608662486236e-05 0 5.4897928248075877e-05 -9.0861610912021582e-05 0 5.4281704244450398e-05 0 0 0.00014469260480307807
leaf_weight=217 1709 90 6565 676 3238 157 172 567 582 7426 1091 53 186 109
leaf_count=217 1709 90 6565 676 3238 157 172 567 582 7426 1091 53 186 109
internal_value=0 5.06984e-06 -1.62557e-06 0 -5.39967e-06 -2.23057e-05 -3.29454e-05 3.37061e-05 3.5431e-07 -5.2245e-06 8.14853e-06 7.81866e-05 0 0.000105606
internal_weight=22838 4950 17888 4698 3914 2224 1881 784 15664 8008 7656 252 343 199
internal_count=22838 4950 17888 4698 3914 2224 1881 784 15664 8008 7656 252 343 199
is_linear=0
shrinkage=0.05


Tree=434
num_leaves=14
num_cat=0
split_feature=14 14 13 14 1 10 14 2 5 14 13 13 2
split_gain=7.00813e-05 0.000944979 0.00264288 0.000384306 0.000598408 0.000630199 0.000492179 0.000478193 0.000330066 0.000726572 0.000441217 0.000300496 2.71602e-06
threshold=10.055000305175783 9.9200000762939471 -0.15511208884687042 10.615000247955324 0.32923809200975268 26.84406851376292 10.659999847412111 5.2256095864489103 2.8686879167818464 9.6950001716613787 0.7137331665604153 0.36317388633246855 0.036006359344697987
decision_type=2 2 2 2 2 2 2 2 2 2 2 2 2
left_child=1 8 12 4 5 -2 -5 -6 10 -10 -1 -8 -3
right_child=3 2 -4 6 7 -7 11 -9 9 -11 -12 -13 -14
leaf_value=3.8472671409017332e-05 0 0 -0.00019953223807708256 -0.0001069511320637411 0 6.0001128585593891e-05 3.8187199185658968e-06 -0.00011315050220334943 -0.00013209437273022665 0 -4.7379838410760792e-06 -1.0298668382661604e-05 5.0811108484812908e-06
leaf_weight=1109 684 79 228 108 612 1116 12858 93 120 52 203 5314 262
leaf_count=1109 684 79 228 108 612 1116 12858 93 120 52 203 5314 262
internal_value=0 -8.87491e-06 -6.6359e-05 8.03571e-07 1.95504e-05 3.68518e-05 -9.458e-07 -3.36663e-06 3.09467e-06 -4.12863e-05 2.03641e-05 0 0
internal_weight=22838 2053 569 20785 2505 1800 18280 705 1484 172 1312 18172 341
internal_count=22838 2053 569 20785 2505 1800 18280 705 1484 172 1312 18172 341
is_linear=0
shrinkage=0.05


Tree=435
num_leaves=15
num_cat=0
split_feature=2 0 2 0 6 5 6 5 0 0 19 2 5 6
split_gain=6.62918e-05 0.000410378 0.00102616 0.00134195 0.000984591 0.000419184 0.000818474 0.000532208 0.000406538 0.00074021 0.000611479 0.000291469 0.000770211 0.000636363
threshold=-3.749003867012362 -0.96818195049339284 3.0181267545069672 -1.7999110121159954 0.66571418695147733 3.3116361026913768 0.65039188884704913 3.0025709447281317 -2.9958650972435295 -5.2283019911338773 -1.7639077954019358 -8.3949485297998265 4.6268630563214632 0.77089872010900984
decision_type=2 2 2 2 2 2 2 2 2 2 2 2 2 2
left_child=8 2 4 -4 -2 7 -7 -3 9 -1 -11 13 -13 -10
right_child=1 5 3 -5 -6 6 -8 -9 11 10 -12 12 -14 -15
leaf_value=0 0 1.4257576568948284e-06 0.00015909358240140091 0 -4.7443003351679495e-05 -6.4495049710571514e-05 0 4.1140702682083821e-05 0 0 0.00010045092587821669 0 0.00012286271643531583 -0.00010410944899805781
leaf_weight=132 1182 12500 165 280 2309 653 1221 1013 61 111 448 2424 128 211
leaf_count=132 1182 12500 165 280 2309 653 1221 1013 61 111 448 2424 128 211
internal_value=0 -1.2607e-06 -1.60902e-05 4.35716e-05 -2.80012e-05 1.55871e-06 -1.89624e-05 5.51577e-06 6.19683e-06 4.07899e-05 7.32155e-05 0 2.91948e-06 -5.08864e-05
internal_weight=22838 19323 3936 445 3491 15387 1874 13513 3515 691 559 2824 2552 272
internal_count=22838 19323 3936 445 3491 15387 1874 13513 3515 691 559 2824 2552 272
is_linear=0
shrinkage=0.05


Tree=436
num_leaves=15
num_cat=0
split_feature=3 6 13 14 14 0 14 2 3 5 21 3 8 5
split_gain=6.82987e-05 0.000676776 0.000848257 0.000832701 0.001394 0.000916441 0.000708845 0.000436847 0.000356374 0.000461122 0.000739777 0.000370763 0.000643095 0.00029468
threshold=6.7082428865620667 0.73579715083413622 0.19340332375729077 11.144999980926515 11.944999694824221 1.1865680804286789 10.280000209808351 -0.17386973400962955 3.729336434281894 2.108471033797946 0.16324156858932423 1.8879292054919563 9.8257822672852537 4.3915160015930654
decision_type=2 2 2 2 2 2 2 2 2 2 2 2 2 2
left_child=8 2 7 5 -5 -3 -4 -2 11 -10 -11 13 -13 -1
right_child=1 3 6 4 -6 -7 -8 -9 9 10 -12 12 -14 -15
leaf_value=0 4.3265072194929979e-05 0 0 0.00010150840646522598 0 -9.9344892286017185e-05 -0.00010103655070279076 -2.6721778043727715e-05 0 4.9918825078541302e-05 -6.1001891182599461e-06 -3.6818085824456088e-05 2.6209389995804276e-05 3.362908168896239e-05
leaf_weight=13659 328 415 90 491 1090 291 551 666 776 1565 269 1737 243 667
leaf_count=13659 328 415 90 491 1090 291 551 666 776 1565 269 1737 243 667
internal_value=0 -6.05616e-06 -3.26337e-05 6.3944e-06 3.16482e-05 -2.89066e-05 -7.75693e-05 0 1.19164e-06 1.86698e-05 3.35291e-05 -6.8711e-07 -2.15016e-05 1.144e-06
internal_weight=22838 3922 1635 2287 1581 706 641 994 18916 2610 1834 16306 1980 14326
internal_count=22838 3922 1635 2287 1581 706 641 994 18916 2610 1834 16306 1980 14326
is_linear=0
shrinkage=0.05


Tree=437
num_leaves=12
num_cat=0
split_feature=12 10 10 16 5 13 5 7 4 18 13
split_gain=6.78717e-05 0.000751908 0.000868425 0.000350867 0.0009606 0.00097694 0.000596585 0.000314888 0.000246953 0.000184165 0.000172555
threshold=15.236144266819622 33.672741557447999 63.995436496475989 10.814587097413321 3.2745585859694737 0.91260974821668628 5.6464827929910699 60.311182001030552 4.1220890301277349 1.0731273316640979 0.6375979816649503
decision_type=2 2 2 2 2 2 2 2 2 2 2
left_child=3 -2 10 6 7 -6 8 -5 -1 -8 -3
right_child=1 2 -4 4 5 -7 9 -9 -10 -11 -12
leaf_value=-1.9865077053022199e-06 -5.4978991342114241e-05 0.00013305084325330394 0 6.372082987586023e-05 -0.00012973838951641964 0 0.00016956575730171824 -1.173551443791265e-05 1.6670286990100516e-05 0 0
leaf_weight=18915 78 248 157 167 339 51 67 762 1952 51 51
leaf_count=18915 78 248 157 167 339 51 67 762 1952 51 51
internal_value=0 1.75351e-05 6.28548e-05 -4.81797e-07 -2.58059e-05 -9.15977e-05 3.96327e-07 0 0 0.000112076 0.000115131
internal_weight=22838 534 456 22304 1319 390 20985 929 20867 118 299
internal_count=22838 534 456 22304 1319 390 20985 929 20867 118 299
is_linear=0
shrinkage=0.05


Tree=438
num_leaves=11
num_cat=0
split_feature=13 13 8 8 1 14 14 14 13 8
split_gain=6.55745e-05 0.00171962 0.000466755 0.000837552 0.000585674 0.000455688 0.000393833 0.00158479 0.000838027 0.000101598
threshold=0.59102062739697658 0.58543975638573065 -30.56304263854285 -2.9937423834251837 -0.020966847401434622 19.029999732971195 12.175000190734863 12.22499990463257 -0.75248234889007104 -114.55272501332907
decision_type=2 2 2 2 2 2 2 2 2 2
left_child=1 6 9 5 -5 -4 8 -8 -1 -2
right_child=2 -3 3 4 -6 -7 7 -9 -10 -11
leaf_value=5.1595098455961926e-05 0 -0.00019834514582775726 -5.7424197654371397e-05 7.8904523363412831e-05 0 0 -0.00010113973365466033 -8.7783250383224772e-07 2.0786291236537847e-07 0.00010360358093613946
leaf_weight=913 58 109 757 352 2139 231 449 6302 11384 144
leaf_count=913 58 109 757 352 2139 231 449 6302 11384 144
internal_value=0 -1.21826e-06 6.06642e-06 0 1.71572e-05 -3.7087e-05 0 -9.78167e-06 5.24674e-06 8.00982e-05
internal_weight=22838 19157 3681 3479 2491 988 19048 6751 12297 202
internal_count=22838 19157 3681 3479 2491 988 19048 6751 12297 202
is_linear=0
shrinkage=0.05


Tree=439
num_leaves=15
num_cat=0
split_feature=4 13 7 7 4 4 3 2 13 12 4 14 2 12
split_gain=6.48165e-05 0.000508291 0.000308734 0.000187289 0.000158784 0.000439966 0.000253577 0.000648552 0.000572437 0.000194231 0.000136987 0.000305428 8.58803e-05 6.19825e-05
threshold=1.2297571949862787 -0.18136130447363727 45.990430865322118 25.755263001077768 1.5007865264532985 1.4695165211691037 6.6001631048008056 2.5379588957762049 1.2204103201609919 2.6550043159105976 1.0368169215154219 10.260000228881838 -2.120557749722118 -0.73476499033624409
decision_type=2 2 2 2 2 2 2 2 2 2 2 2 2 2
left_child=1 2 3 -1 5 9 7 -6 -8 -2 11 -3 -7 -12
right_child=4 10 -4 -5 6 12 8 -9 -10 -11 13 -13 -14 -15
leaf_value=0 -4.8402655250730255e-06 0 0 -0.00011336431719098693 -1.498261674457581e-06 0 -1.9277767646181442e-05 2.5254967403548079e-05 0.00010411060084372752 2.8460027735586213e-05 0 5.122233849313774e-05 8.8527051658233682e-05 -2.1385100652125875e-05
leaf_weight=54 1330 110 315 206 12825 51 3459 2596 65 560 287 420 219 341
leaf_count=54 1330 110 315 206 12825 51 3459 2596 65 560 287 420 219 341
internal_value=0 -9.28434e-06 -4.9655e-05 -9.16438e-05 7.71799e-07 1.37663e-05 0 2.03414e-06 -1.27177e-05 0 0 2.53421e-05 7.46319e-05 -1.51734e-06
internal_weight=22838 1733 575 260 21105 2160 18945 15421 3524 1890 1158 530 270 628
internal_count=22838 1733 575 260 21105 2160 18945 15421 3524 1890 1158 530 270 628
is_linear=0
shrinkage=0.05


Tree=440
num_leaves=10
num_cat=0
split_feature=14 19 14 14 9 14 3 7 20
split_gain=6.3644e-05 0.00045482 0.000338005 0.000357666 0.000745852 0.000436357 0.000268714 0.000446431 0.000104334
threshold=26.764999389648441 -0.37789335993273043 24.670000076293949 21.47500038146973 0.080087067879951832 18.954999923706058 -1.6532072359196068 35.80096982971191 -0.61842125568226181
decision_type=2 2 2 2 2 2 2 2 2
left_child=2 8 3 5 -5 -1 7 -4 -2
right_child=1 -3 6 4 -6 -7 -8 -9 -10
leaf_value=0 0 0 0 0 -6.720870445987723e-05 4.8403706231211841e-05 0 0.00011147398917393799 -0.00013371192023724094
leaf_weight=20870 50 92 187 205 608 468 61 211 86
leaf_count=20870 50 92 187 205 608 468 61 211 86
internal_value=0 -2.62318e-05 2.60415e-07 0 -3.29959e-05 6.09844e-07 4.28989e-05 6.16874e-05 -9.72103e-05
internal_weight=22838 228 22610 22151 813 21338 459 398 136
internal_count=22838 228 22610 22151 813 21338 459 398 136
is_linear=0
shrinkage=0.05


Tree=441
num_leaves=15
num_cat=0
split_feature=8 8 5 14 7 8 8 2 0 6 4 15 0 4
split_gain=7.09677e-05 0.000416918 0.00046632 0.000507825 0.000386192 0.000695202 0.000337622 0.000611422 0.00038753 0.000381237 0.000526766 0.000467079 0.00033433 0.000167426
threshold=-0.2145358704172238 -0.97152949140477907 2.2193290654732971 21.47500038146973 38.463102512346175 -5.0741203737043339 0.040610708407734626 -0.78617893427869168 -1.0805191977067816 1.6658341590307759 5.0981630614953817 -1.8638268188519767 -3.6828769181650372 2.2533477460376607
decision_type=2 2 2 2 2 2 2 2 2 2 2 2 2 2
left_child=1 4 -3 -4 5 -1 7 13 -9 11 -11 -8 -6 -2
right_child=6 2 3 -5 12 -7 9 8 -10 10 -12 -13 -14 -15
leaf_value=0 3.9802674354115242e-05 0 5.2543481765327625e-05 0 9.9776477391462775e-05 -3.3643949196206162e-05 -3.9836610878617401e-05 0 -7.2285867952044753e-05 4.3728659551996445e-05 -8.8101724386017416e-06 0 2.6404759500259727e-06 -4.5453969471173164e-06
leaf_weight=2942 261 930 1289 121 112 2107 807 85 656 1120 152 7736 4352 168
leaf_count=2942 261 930 1289 121 112 2107 807 85 656 1120 152 7736 4352 168
internal_value=0 2.69145e-06 2.19324e-05 4.03026e-05 -4.66608e-07 -1.13283e-05 -2.88675e-06 -2.82662e-05 -5.76279e-05 0 2.56653e-05 -3.66175e-06 8.45884e-06 0
internal_weight=22838 11853 2340 1410 9513 5049 10985 1170 741 9815 1272 8543 4464 429
internal_count=22838 11853 2340 1410 9513 5049 10985 1170 741 9815 1272 8543 4464 429
is_linear=0
shrinkage=0.05


Tree=442
num_leaves=15
num_cat=0
split_feature=16 9 18 3 13 10 16 9 7 4 9 13 13 6
split_gain=6.95895e-05 0.000604812 0.000681047 0.00120677 0.000913609 0.00058231 0.000520977 0.000843376 0.00146555 0.000995915 0.000494472 0.000490024 0.000480132 0.00040246
threshold=2.2256172921397641 0.34275853278998236 0.60451080378263033 -1.5215762666936414 0.41304686429662901 20.135866992820912 2.8384281266084503 0.41886423452071125 49.295170600255304 2.0209231031974295 0.032205559053282845 -1.3136583756299167 0.34203592013269951 0.53223424267730945
decision_type=2 2 2 2 2 2 2 2 2 2 2 2 2 2
left_child=1 5 4 -4 -3 10 12 9 -9 -8 -1 -7 -2 -14
right_child=6 2 3 -5 -6 11 7 8 -10 -11 -12 -13 13 -15
leaf_value=0 0 -5.7784034266678643e-06 0.00010454933410057113 0 3.7402292140505687e-05 -4.3545778440187734e-05 -1.5457506030466655e-07 -9.0519808509957069e-05 0 7.6291243028480917e-05 -5.0244584906969445e-05 4.8157834064852794e-06 0 -0.00014632870932145174
leaf_weight=334 502 3700 542 370 1623 569 200 476 6176 747 1164 6217 50 168
leaf_count=334 502 3700 542 370 1623 569 200 476 6176 747 1164 6217 50 168
internal_value=0 2.1036e-06 1.45885e-05 5.65373e-05 4.57465e-06 -5.48337e-06 -3.63147e-06 0 -6.0634e-06 4.43405e-05 -3.37246e-05 0 -4.42563e-05 -0.000109221
internal_weight=22838 14519 6235 912 5323 8284 8319 7599 6652 947 1498 6786 720 218
internal_count=22838 14519 6235 912 5323 8284 8319 7599 6652 947 1498 6786 720 218
is_linear=0
shrinkage=0.05


Tree=443
num_leaves=15
num_cat=0
split_feature=8 8 3 18 4 16 8 8 4 3 15 15 2 11
split_gain=7.14866e-05 0.00050414 0.000632841 0.000411256 0.000705123 0.00124853 0.000731056 0.000664216 0.000567893 0.00043371 0.000280551 0.000616387 0.000569788 0.000158364
threshold=-0.11182939233899455 0.040610708407734626 -5.4281132922291633 0.98868021481584434 3.57711184697955 0.5017089295644156 -9.9997446112535879 -6.1363115212563626 1.2550700576744869 1.3014845058672788 -0.70694043161126918 0.86798178736810516 -5.4580021531550544 3.4022575995275903
decision_type=2 2 2 2 2 2 2 2 2 2 2 2 2 2
left_child=3 2 -2 7 5 -5 -6 9 -9 -1 12 -12 -3 -4
right_child=1 10 13 4 6 -7 -8 8 -10 -11 11 -13 -14 -15
leaf_value=0 0 6.2451321133763857e-05 -7.7070093119464118e-05 0 7.498928700840513e-05 -8.9967514710853597e-05 -1.0372385478697173e-06 -1.3136561073928709e-05 2.5147257361369559e-05 -4.1406418349703468e-05 2.8912329776307374e-05 -1.7237622190362236e-06 -2.9949745261482837e-05 0
leaf_weight=2766 109 96 561 1024 342 644 648 619 5553 707 1975 5940 1804 50
leaf_count=2766 109 96 561 1024 342 644 648 619 5553 707 1975 5940 1804 50
internal_value=0 -3.07776e-06 -4.34336e-05 2.53251e-06 -1.28416e-05 -3.54667e-05 1.01394e-05 8.32529e-06 1.88763e-05 -6.1075e-06 0 4.02854e-06 -1.73601e-05 -6.93369e-05
internal_weight=22838 10535 720 12303 2658 1668 990 9645 6172 3473 9815 7915 1900 611
internal_count=22838 10535 720 12303 2658 1668 990 9645 6172 3473 9815 7915 1900 611
is_linear=0
shrinkage=0.05


Tree=444
num_leaves=15
num_cat=0
split_feature=11 11 10 13 10 4 5 10 5 19 18 1 13 11
split_gain=5.9319e-05 0.000406284 0.000323419 0.000493733 0.000388077 0.000235474 0.000827403 0.000231438 0.000542703 0.000325159 0.000309873 0.000840831 0.000474478 7.92155e-05
threshold=-3.3181721535572284 -2.2714738939529231 15.239741448557579 -0.11692168393516721 24.02618267499729 2.6395316189347118 2.6270930758487485 19.059078907906585 4.3915160015930654 -0.96451929769478395 0.68071242544381583 -0.3994907536221769 0.83243685891511998 -2.842921532194417
decision_type=2 2 2 2 2 2 2 2 2 2 2 2 2 2
left_child=7 5 3 -3 -4 13 -7 8 9 -1 11 -9 -12 -2
right_child=1 2 4 -5 -6 6 -8 10 -10 -11 12 -13 -14 -15
leaf_value=0 0 0 -1.4738670778318864e-05 4.9540934165866966e-05 3.0387655086213557e-06 0 -9.8280397219620383e-05 -2.5015364256861636e-05 4.1211068858965379e-07 -8.7540959412798615e-05 7.743479669531527e-06 3.8881154054330059e-05 -5.1184940130393032e-05 -1.5704252504018434e-05
leaf_weight=67 528 537 4076 827 10468 267 383 385 56 307 1649 2072 414 802
leaf_count=67 528 537 4076 827 10468 267 383 385 56 307 1649 2072 414 802
internal_value=0 -1.44918e-06 2.96931e-07 2.41763e-05 -9.12803e-07 -2.30431e-05 -5.02003e-05 4.72915e-06 -2.10341e-05 -6.42378e-05 1.0502e-05 2.27603e-05 0 0
internal_weight=22838 17888 15908 1364 14544 1980 650 4950 430 374 4520 2457 2063 1330
internal_count=22838 17888 15908 1364 14544 1980 650 4950 430 374 4520 2457 2063 1330
is_linear=0
shrinkage=0.05


Tree=445
num_leaves=15
num_cat=0
split_feature=16 16 8 5 3 8 8 3 5 20 5 15 0 5
split_gain=6.85e-05 0.000568907 0.000822701 0.000526869 0.000388499 0.000400744 0.000318663 0.000310402 0.000536073 0.000424736 0.000363802 0.000346424 0.000272369 0.000185294
threshold=-9.9960599603620235 -7.4695468767277831 -22.507268148055022 2.6769712643182682 -7.1463629180038888 1.2797511001099633 6.961100412302426 -12.49658817580697 3.8757669192611344 -0.5159117292087011 2.3577296967616181 -7.3027270156289452 -0.52671696582539906 4.0264127884465557
decision_type=2 2 2 2 2 2 2 2 2 2 2 2 2 2
left_child=7 2 3 -2 5 -3 -6 9 10 13 -9 -11 -4 -1
right_child=1 4 12 -5 6 -7 -8 8 -10 11 -12 -13 -14 -15
leaf_value=0 0 -3.6798224002692123e-05 -5.5704610108874484e-06 0.00020756369761845751 3.9344302995570655e-06 0 -1.3897099578977985e-05 0 0 0 -0.00010417751957296181 5.5677413924824242e-05 3.2677035182236829e-05 -0.00011745880248880085
leaf_weight=53 91 1465 538 110 15817 137 2871 161 63 99 293 441 626 73
leaf_count=53 91 1465 538 110 15817 137 2871 161 63 99 293 441 626 73
internal_value=0 5.33965e-07 3.21685e-05 0.000130971 -8.56472e-07 -2.47667e-05 3.918e-07 -1.18077e-05 -4.26234e-05 0 -7.0808e-05 3.05261e-05 2.13392e-06 -6.62679e-05
internal_weight=22838 21655 1365 201 20290 1602 18688 1183 517 666 454 540 1164 126
internal_count=22838 21655 1365 201 20290 1602 18688 1183 517 666 454 540 1164 126
is_linear=0
shrinkage=0.05


Tree=446
num_leaves=15
num_cat=0
split_feature=16 10 13 8 16 8 13 4 13 3 7 13 3 6
split_gain=6.16265e-05 0.000718655 0.000894513 0.000635721 0.000517401 0.000755095 0.000441253 0.000825959 0.000435323 0.000338085 0.000625242 0.000325267 0.000206522 0.000149907
threshold=-9.9960599603620235 46.513882467118513 -0.34484582721632789 -6.3620724725228195 -7.4695468767277831 -22.507268148055022 0.18603463639778053 2.5205887786561987 -0.013045006246314992 -7.2322725317584373 24.555063246722813 0.79675748132704849 -8.7731095367659648 0.86946745775176681
decision_type=2 2 2 2 2 2 2 2 2 2 2 2 2 2
left_child=1 2 -1 -4 5 12 13 -8 -7 10 -6 -11 -2 -3
right_child=4 6 3 -5 9 8 7 -9 -10 11 -12 -13 -14 -15
leaf_value=0 0.00020831896542307837 0 -0.00015900189987409617 0 5.7415569402918582e-06 -1.4588298240413256e-05 0 0.00014605195826734415 3.9642402136040244e-05 -8.6020654534944859e-07 -4.5051025273776337e-05 2.2689786588020087e-05 0 -4.3616130835270905e-05
leaf_weight=177 84 193 226 155 359 545 87 149 619 17189 1185 1557 117 196
leaf_count=177 84 193 226 155 359 545 87 149 619 17189 1185 1557 117 196
internal_value=0 -1.11935e-05 -5.85046e-05 -0.000104225 5.13847e-07 3.06938e-05 7.11021e-06 6.91961e-05 1.38462e-06 -7.78661e-07 -2.35363e-05 2.9678e-07 0.00012532 0
internal_weight=22838 1183 558 381 21655 1365 625 236 1164 20290 1544 18746 201 389
internal_count=22838 1183 558 381 21655 1365 625 236 1164 20290 1544 18746 201 389
is_linear=0
shrinkage=0.05


Tree=447
num_leaves=14
num_cat=0
split_feature=12 8 15 5 5 12 16 16 12 11 5 4 2
split_gain=6.2088e-05 0.000435814 0.00068321 0.000620805 0.000491121 0.000468076 0.000295024 0.000407452 0.000543227 0.0004989 0.000269724 0.000250883 0.000204575
threshold=-9.2347614267499871 -10.717370608569203 -8.45027504945263 2.7290232240092571 4.7287254153163607 -15.262773160759314 -9.9960599603620235 -7.2033955678022608 -6.8785933690657162 -3.4905313498461816 3.8757669192611344 2.9387559528719707 -0.17386973400962955
decision_type=2 2 2 2 2 2 2 2 2 2 2 2 2
left_child=1 2 -1 -4 11 -6 10 9 -9 -8 12 -3 -2
right_child=6 4 3 -5 5 -7 7 8 -10 -11 -12 -13 -14
leaf_value=0 -7.756708621826824e-05 -3.4852221963683917e-06 0 0.00010943171829218046 -0.00017747640860570277 0 6.0811928572446187e-05 -3.9454694339712549e-05 0 0 0 3.2792206072721293e-05 0
leaf_weight=102 321 542 93 374 75 54 598 904 18492 542 66 580 95
leaf_count=102 321 542 93 374 75 54 598 904 18492 542 66 580 95
internal_value=0 8.80459e-06 4.64664e-05 7.92422e-05 0 -9.70189e-05 -8.17714e-07 0 -1.61708e-06 2.91255e-05 -3.94479e-05 1.92324e-06 -5.84763e-05
internal_weight=22838 1820 569 467 1251 129 21018 20536 19396 1140 482 1122 416
internal_count=22838 1820 569 467 1251 129 21018 20536 19396 1140 482 1122 416
is_linear=0
shrinkage=0.05


Tree=448
num_leaves=15
num_cat=0
split_feature=12 5 4 0 14 14 14 14 14 10 0 1 5 0
split_gain=5.78805e-05 0.000586547 0.00145091 0.000946269 0.000558384 0.000860087 0.000793503 0.00053433 0.00117465 0.000809514 0.000619521 0.000697217 0.000658525 0.000392243
threshold=3.157470926727763 4.3915160015930654 2.6655052687713678 -1.3622519376465043 11.179999828338625 11.039999961853029 11.844999790191652 12.734999656677248 14.265000343322756 35.277947196734921 0.14651070450288903 1.2674106992600846 3.8060439477127628 1.1627652410792191
decision_type=2 2 2 2 2 2 2 2 2 2 2 2 2 2
left_child=1 4 -3 -4 5 -1 -6 10 9 -9 12 -12 -2 -10
right_child=7 2 3 -5 6 -7 -8 8 13 -11 11 -13 -14 -15
leaf_value=0 2.4978574761581814e-05 0.0002089572550586044 -6.1209809205893295e-05 6.4730715576780256e-05 -3.2020615805918636e-05 0.00010112954028409149 -2.5536961412869646e-07 0 -6.045105311120625e-05 0.00011925301083025968 -2.7601737424936468e-05 6.5679693298758388e-05 -6.4444606394209404e-05 0
leaf_weight=4214 2466 109 258 332 3330 239 7325 486 276 446 2882 133 150 192
leaf_count=4214 2466 109 258 332 3330 239 7325 486 276 446 2882 133 150 192
internal_value=0 -1.77307e-06 4.09818e-05 0 -4.74658e-06 8.26571e-06 -1.15927e-05 3.67563e-06 3.19277e-05 6.81491e-05 -6.89581e-07 -1.84929e-05 1.40967e-05 -8.21389e-06
internal_weight=22838 15807 699 590 15108 4453 10655 7031 1400 932 5631 3015 2616 468
internal_count=22838 15807 699 590 15108 4453 10655 7031 1400 932 5631 3015 2616 468
is_linear=0
shrinkage=0.05


Tree=449
num_leaves=15
num_cat=0
split_feature=14 14 13 14 1 10 14 2 13 0 14 4 3 11
split_gain=5.76403e-05 0.000824083 0.00239118 0.000349513 0.000548967 0.000557211 0.000437783 0.00043442 0.000285653 0.000284959 0.000573342 0.000446279 2.61965e-05 2.58953e-05
threshold=10.055000305175783 9.9200000762939471 -0.15511208884687042 10.615000247955324 0.32923809200975268 26.84406851376292 10.659999847412111 5.2256095864489103 0.36317388633246855 0.32531972036626572 9.4649996757507342 1.9461488909952742 -1.3006917692831352 3.0306950401338639
decision_type=2 2 2 2 2 2 2 2 2 2 2 2 2 2
left_child=1 9 13 4 5 -2 -5 -6 -8 10 -1 -11 -4 -3
right_child=3 2 12 6 7 -7 8 -9 -10 11 -12 -13 -14 -15
leaf_value=0 0 0 0 -0.00010081245823889607 0 5.7039007461937746e-05 3.7725961363451715e-06 -0.00010770435023779159 -9.9963974865735685e-06 0 6.1419853409964688e-05 -6.1943704486819249e-05 -0.0002167988282836242 2.0306283876594237e-05
leaf_weight=292 684 185 54 108 612 1116 12858 93 5314 332 559 301 174 156
leaf_count=292 684 185 54 108 612 1116 12858 93 5314 332 559 301 174 156
internal_value=0 -8.00217e-06 -6.18694e-05 7.77757e-07 1.86648e-05 3.52754e-05 -8.53761e-07 -2.48845e-06 0 2.57853e-06 2.82342e-05 -8.24353e-06 -0.000188765 0
internal_weight=22838 2053 569 20785 2505 1800 18280 705 18172 1484 851 633 228 341
internal_count=22838 2053 569 20785 2505 1800 18280 705 18172 1484 851 633 228 341
is_linear=0
shrinkage=0.05


Tree=450
num_leaves=15
num_cat=0
split_feature=9 14 14 7 14 13 5 9 13 14 14 9 2 1
split_gain=5.67543e-05 0.000471369 0.000789096 0.00111529 0.00108287 0.000504255 0.000429553 0.000678081 0.000425044 0.000183247 0.000742872 0.000532558 0.000123265 0.000102475
threshold=0.080087067879951832 21.47500038146973 18.954999923706058 60.311182001030552 18.210000038146976 0.14828700812177245 3.1344394069428803 -0.0086342561989159964 -2.1295115427365112 11.944999694824221 12.065000057220461 -0.024519478858164415 -9.6930688107481 -0.69404240370151948
decision_type=2 2 2 2 2 2 2 2 2 2 2 2 2 2
left_child=6 2 4 -4 -2 8 9 -8 -3 11 -11 -1 -9 -7
right_child=1 5 3 -5 -6 13 7 12 -10 10 -12 -13 -14 -15
leaf_value=0 9.0846909693341367e-08 0 0.00012656716677781214 0 -0.00010832687905443797 4.7370145778625996e-05 0 0 -0.00010311200854558314 0.00010686410833451582 0 -5.580119291711903e-05 9.7174339782058177e-05 -9.7715307665235142e-06
leaf_weight=373 18535 206 296 54 230 91 334 55 330 167 755 554 338 520
leaf_count=373 18535 206 296 54 230 91 334 55 330 167 755 554 338 520
internal_value=0 -9.42647e-07 1.5447e-07 7.49072e-05 -4.44398e-07 -3.22767e-05 6.93336e-06 4.0562e-05 -6.76365e-05 0 8.15407e-06 -2.06768e-05 8.56887e-05 0
internal_weight=22838 20262 19115 350 18765 1147 2576 727 536 1849 922 927 393 611
internal_count=22838 20262 19115 350 18765 1147 2576 727 536 1849 922 927 393 611
is_linear=0
shrinkage=0.05


Tree=451
num_leaves=14
num_cat=0
split_feature=8 11 7 0 21 4 5 4 0 0 8 8 3
split_gain=5.58898e-05 0.00110567 0.00125808 0.00107816 0.00118177 0.000610467 0.000359658 0.00150499 0.000571219 0.000375895 0.0010615 0.000504634 2.1917e-05
threshold=-12.597374435661026 -10.268986424557026 13.404024106737724 -0.57276351829778382 0.11120495071372516 4.3140601956753803 4.9736562757684055 4.4126335179767402 1.0731877960176661 2.1674124664596364 0.040610708407734626 -0.11182939233899455 -6.4507994501138519
decision_type=2 2 2 2 2 2 2 2 2 2 2 2 2
left_child=1 2 -1 4 -3 -5 9 12 -9 11 -11 -2 -8
right_child=6 3 -4 5 -6 -7 7 8 -10 10 -12 -13 -14
leaf_value=0 1.4217424369665156e-05 -9.2598626673325507e-05 0.00020576362265212271 -3.4700656857388215e-06 0 9.1607195799749927e-05 0 -0.00022818789496744534 0 -6.3794798772146442e-05 2.4044252751123332e-06 -1.3953814469971874e-06 2.5095776300181523e-05
leaf_weight=58 8668 779 117 1297 300 179 58 114 52 784 1128 9218 86
leaf_count=58 8668 779 117 1297 300 179 58 114 52 784 1128 9218 86
internal_value=0 -6.76233e-06 0.000102546 -2.01549e-05 -5.87974e-05 0 8.59005e-07 -5.06392e-05 -0.000165243 2.4255e-06 -1.69181e-05 5.33275e-06 0
internal_weight=22838 2730 175 2555 1079 1476 20108 310 166 19798 1912 17886 144
internal_count=22838 2730 175 2555 1079 1476 20108 310 166 19798 1912 17886 144
is_linear=0
shrinkage=0.05


Tree=452
num_leaves=15
num_cat=0
split_feature=12 12 4 5 5 3 0 8 15 3 6 6 12 0
split_gain=5.8719e-05 0.000535327 0.000588828 0.000668974 0.000533662 0.00181531 0.000416233 0.00096467 0.000677541 0.00044428 0.000400308 0.00049641 0.000422685 0.000371905
threshold=3.157470926727763 1.432200555592299 4.3140601956753803 2.3947769864870962 4.3915160015930654 -13.19244794347914 -0.061800715878375996 -7.0454785190171698 -1.8229233131998088 -0.80607464145647778 0.49157368245775618 0.74693332845832883 6.5474477605547401 0.20981747612798327
decision_type=2 2 2 2 2 2 2 2 2 2 2 2 2 2
left_child=1 4 3 -3 13 -6 7 9 -9 -2 12 -12 -8 -1
right_child=6 2 -4 -5 5 -7 10 8 -10 -11 11 -13 -14 -15
leaf_value=-7.6000647723466542e-06 0 -4.2128787922735589e-07 3.9469964322663399e-05 -7.2561851375654464e-05 -3.6569342863904167e-06 0.00012870476757101206 0 0.00010665673606724893 1.4535744064490616e-05 -7.7650897025342993e-05 3.3539905772401668e-05 -7.7497315145905042e-06 -8.3397941703842904e-05 9.8604514926680647e-06
leaf_weight=8247 58 1306 118 822 296 354 254 367 2042 280 954 2775 301 4664
leaf_count=8247 58 1306 118 822 296 354 254 367 2042 280 954 2775 301 4664
internal_value=0 -1.74939e-06 -2.47317e-05 -3.53542e-05 9.52496e-07 4.54748e-05 3.74111e-06 1.9971e-05 3.48324e-05 -4.14926e-05 -3.1675e-06 0 -4.33275e-05 -1.30602e-07
internal_weight=22838 15807 2246 2128 13561 650 7031 2747 2409 338 4284 3729 555 12911
internal_count=22838 15807 2246 2128 13561 650 7031 2747 2409 338 4284 3729 555 12911
is_linear=0
shrinkage=0.05


Tree=453
num_leaves=14
num_cat=0
split_feature=5 14 14 0 14 14 21 14 13 1 16 13 14
split_gain=6.63959e-05 0.000646719 0.00131976 0.0013246 0.00115118 0.00042889 0.00112249 0.000951732 0.000920299 0.0006884 0.000652239 0.000565582 0.00040863
threshold=3.6285126932233207 10.799999713897707 12.210000038146974 -1.1667271124058904 12.59500026702881 13.655000209808351 0.2179457923820031 14.460000038146974 -1.3754361407367353 -1.6970984336099715e-06 13.006257908470893 0.79675748132704849 10.154999732971193
decision_type=2 2 2 2 2 2 2 2 2 2 2 2 2
left_child=5 12 3 -3 -4 6 11 9 -9 -7 -8 -1 -2
right_child=1 2 4 -5 -6 7 10 8 -10 -11 -12 -13 -14
leaf_value=-5.2241778747016057e-07 0 0.00018562079314174678 -0.00015066510616506 0 -4.1071641443720006e-07 0 -7.6432457704944776e-05 4.8251292287649056e-05 -3.5293947031049307e-05 9.6160694246836696e-05 0 3.8256538607394261e-05 -0.00019814468694778661
leaf_weight=15817 85 167 162 382 1812 577 760 480 947 558 51 970 70
leaf_count=15817 85 167 162 382 1812 577 760 480 947 558 51 970 70
internal_value=0 -7.46227e-06 0 6.71083e-05 -2.04066e-05 9.1307e-07 -1.07547e-06 2.04197e-05 0 5.50928e-05 -5.88802e-05 8.26989e-07 -0.000106397
internal_weight=22838 2678 2523 549 1974 20160 17598 2562 1427 1135 811 16787 155
internal_count=22838 2678 2523 549 1974 20160 17598 2562 1427 1135 811 16787 155
is_linear=0
shrinkage=0.05


Tree=454
num_leaves=14
num_cat=0
split_feature=5 14 14 0 14 4 14 14 14 1 14 14 19
split_gain=6.3518e-05 0.000591293 0.00121808 0.00118163 0.00102794 0.000431852 0.00108349 0.000865132 0.000723318 0.000471006 0.000887006 0.000359204 0.000305936
threshold=3.6285126932233207 10.799999713897707 12.210000038146974 -1.1667271124058904 12.59500026702881 3.7875833961424727 10.920000076293947 9.995000362396242 14.159999847412109 -1.1568539991239535 21.099999427795414 10.154999732971193 0.33253305194011018
decision_type=2 2 2 2 2 2 2 2 2 2 2 2 2
left_child=5 11 3 -3 -4 9 7 -7 -8 10 -1 -2 -11
right_child=1 2 4 -5 -6 6 8 -9 -10 12 -12 -13 -14
leaf_value=-9.9781645874186611e-05 0 0.00017639500204019159 -0.00014317806636722849 0 -3.9019196887694181e-07 0 -1.3796385070248313e-05 0.00014533748677564314 6.4888314044607505e-05 -9.9573523816306144e-07 0 -0.0001883769945284962 2.7423242375723141e-05
leaf_weight=341 85 167 162 382 1812 109 1204 281 374 16707 150 70 994
leaf_count=341 85 167 162 382 1812 109 1204 281 374 16707 150 70 994
internal_value=0 -7.31253e-06 0 6.42903e-05 -1.97698e-05 8.77972e-07 2.34756e-05 9.85035e-05 0 -7.43283e-07 -4.913e-05 -0.000101952 0
internal_weight=22838 2678 2523 549 1974 20160 1968 390 1578 18192 491 155 17701
internal_count=22838 2678 2523 549 1974 20160 1968 390 1578 18192 491 155 17701
is_linear=0
shrinkage=0.05


Tree=455
num_leaves=15
num_cat=0
split_feature=5 6 18 3 14 5 2 14 14 21 11 14 13 0
split_gain=6.04578e-05 0.000589481 0.00130762 0.00204763 0.000688521 0.000614558 0.00112748 0.00063931 0.000379931 0.00099299 0.00093539 0.000888266 0.000818749 0.000660584
threshold=3.6285126932233207 0.8776159997395534 0.81589048744332093 15.135031455366478 13.769999980926515 4.1263492589536188 -3.2074043848349496 11.739999771118166 13.655000209808351 0.2179457923820031 5.1975599459687709 16.125000000000004 -1.2880400753498109 -0.48147201585095695
decision_type=2 2 2 2 2 2 2 2 2 2 2 2 2 2
left_child=8 5 3 -3 -4 7 -7 -2 9 -1 -11 13 -13 -10
right_child=1 2 4 -5 -6 6 -8 -9 11 10 -12 12 -14 -15
leaf_value=7.269328488776207e-07 -0.0001216335439214321 -0.00018495344939439183 6.4700928825941521e-05 0 -2.9940239994408913e-05 0.00013188914200060778 0 0 9.7961434705023598e-05 -8.288907586593029e-05 0 4.2732866630137848e-05 -3.6068931270999993e-05 0
leaf_weight=16787 114 289 265 70 677 248 495 520 501 702 109 478 900 683
leaf_count=16787 114 289 265 70 677 248 495 520 501 702 109 478 900 683
internal_value=0 -7.17012e-06 -3.43036e-05 -0.000115484 0 7.58678e-06 4.50894e-05 -1.27432e-05 8.15737e-07 -1.01004e-06 -5.53933e-05 1.92047e-05 0 5.16884e-05
internal_weight=22838 2678 1301 359 942 1377 743 634 20160 17598 811 2562 1378 1184
internal_count=22838 2678 1301 359 942 1377 743 634 20160 17598 811 2562 1378 1184
is_linear=0
shrinkage=0.05


Tree=456
num_leaves=15
num_cat=0
split_feature=13 10 13 16 10 13 13 3 1 13 13 12 8 20
split_gain=6.52356e-05 0.00056944 0.000381938 0.000380549 0.00100995 0.000377716 0.00106184 0.000512823 0.000371179 0.000365047 0.000806556 0.000382326 0.000246545 0.000148393
threshold=-0.42021305351745969 24.500646715391245 -1.2880400753498109 -11.708555559460603 54.723647135933966 -0.47389446344892056 -0.61614253177807987 4.9418880676403889 0.3130997675251308 -0.24290162539588597 -0.29479932225512367 0.89910860372351398 -3.8580526586763755 -0.52648093546017138
decision_type=2 2 2 2 2 2 2 2 2 2 2 2 2 2
left_child=1 2 13 4 12 6 -3 -7 -4 10 -5 -11 -2 -1
right_child=3 5 8 9 -6 7 -8 -9 -10 11 -12 -13 -14 -15
leaf_value=-1.9404594706306347e-06 -0.00012762924736405996 0 -5.5466218412213385e-05 0 0 -8.3045212350764321e-05 7.0767286969554031e-05 0 0 8.2445767868950598e-06 6.8839615561432592e-05 -8.3567547737258203e-06 0 4.8878720432948028e-05
leaf_weight=176 239 2948 1107 2156 194 264 613 119 241 7248 664 6630 85 154
leaf_count=176 239 2948 1107 2156 194 264 613 119 241 7248 664 6630 85 154
internal_value=0 -4.6945e-06 -3.01473e-05 1.50829e-06 -3.84724e-05 2.33716e-06 1.08628e-05 -3.76911e-05 -4.28836e-05 3.64905e-06 2.00582e-05 0 -0.00010066 0
internal_weight=22838 5622 1678 17216 518 3944 3561 383 1348 16698 2820 13878 324 330
internal_count=22838 5622 1678 17216 518 3944 3561 383 1348 16698 2820 13878 324 330
is_linear=0
shrinkage=0.05


Tree=457
num_leaves=15
num_cat=0
split_feature=10 12 14 15 20 6 14 14 20 14 0 0 7 10
split_gain=5.97162e-05 0.000476867 0.000898314 0.000426148 0.000415013 0.000397901 0.000946559 0.000741464 0.000481475 0.00101774 0.000367371 0.000330804 0.000302394 0.000285552
threshold=35.632601763938432 15.236144266819622 12.659999847412109 3.0662527574748801 1.0000000180025095e-35 0.70620848589159613 12.659999847412109 21.47500038146973 0.17805047470371765 21.560000419616703 0.96343162083731826 -0.96818195049339284 76.309808138484485 27.168209987107186
decision_type=2 2 2 2 2 2 2 2 2 2 2 2 2 2
left_child=5 3 -3 10 -5 6 11 -8 13 -10 -2 -1 -4 -7
right_child=1 2 12 4 -6 8 7 -9 9 -11 -12 -13 -14 -15
leaf_value=-2.7646425786697064e-05 -8.0363941729021844e-06 0 0.00023393270770299883 -4.9751782167853637e-05 0 -5.7427896888505915e-06 7.4438624684173023e-05 0 -6.802534339722995e-05 2.3748562290983906e-05 1.8939761473322375e-05 9.1315031960923748e-06 0 1.4444154335771565e-05
leaf_weight=721 5800 312 69 1031 283 5058 936 152 805 178 1518 3299 55 2621
leaf_count=721 5800 312 69 1031 283 5058 936 152 805 178 1518 3299 55 2621
internal_value=0 -3.14029e-06 4.35534e-05 -7.24107e-06 -3.39639e-05 2.08485e-06 1.37929e-05 5.53672e-05 -3.08873e-06 -3.61559e-05 -3.89346e-07 0 0.000156837 0
internal_weight=22838 9068 436 8632 1314 13770 5108 1088 8662 983 7318 4020 124 7679
internal_count=22838 9068 436 8632 1314 13770 5108 1088 8662 983 7318 4020 124 7679
is_linear=0
shrinkage=0.05


Tree=458
num_leaves=15
num_cat=0
split_feature=6 1 9 2 11 6 21 2 12 14 14 1 9 10
split_gain=5.93991e-05 0.000349567 0.000293063 0.000416264 0.000192183 0.000186063 0.000721691 0.000322949 0.000214835 0.000204529 0.00099098 0.000450666 0.000143996 5.21503e-05
threshold=0.43974277612710944 0.46163529377301132 0.15360162130596741 0.73087250453620645 -2.6716165367381843 0.52861722120325272 0.12245514988035738 3.0181267545069672 -2.0305628451639581 12.539999961853029 12.734999656677248 1.0077922276550979 0.75448801468558357 39.873509772914424
decision_type=2 2 2 2 2 2 2 2 2 2 2 2 2 2
left_child=1 2 13 -4 -3 6 8 -8 -2 11 -11 -7 -6 -1
right_child=5 4 3 -5 12 9 7 -9 -10 10 -12 -13 -14 -15
leaf_value=3.0516475610576375e-05 3.013074468666612e-05 0 -4.5865425020775568e-05 0 5.9729027829183602e-05 0 0.00010385339459890494 0 -1.1417128021523764e-05 -6.6125177954275645e-05 0 4.9765572564065227e-05 0 0
leaf_weight=139 444 114 1237 737 283 12210 286 50 1020 657 5047 499 65 50
leaf_count=139 444 114 1237 737 283 12210 286 50 1020 657 5047 499 65 50
internal_value=0 -7.03076e-06 -1.9596e-05 -2.81375e-05 1.93155e-05 9.6158e-07 1.63907e-05 8.23986e-05 0 0 -8.37007e-06 2.96373e-06 4.32623e-05 0
internal_weight=22838 2625 2163 1974 462 20213 1800 336 1464 18413 5704 12709 348 189
internal_count=22838 2625 2163 1974 462 20213 1800 336 1464 18413 5704 12709 348 189
is_linear=0
shrinkage=0.05


Tree=459
num_leaves=15
num_cat=0
split_feature=12 16 5 3 12 13 4 5 3 14 14 14 3 3
split_gain=5.8525e-05 0.000504426 0.000608113 0.000595751 0.00046113 0.0005938 0.000599758 0.000452097 0.0016091 0.000580595 0.000448829 0.00110891 0.000296293 0.000220247
threshold=3.157470926727763 2.0158669274144674 3.0896165330728462 -1.8525178964796716 1.432200555592299 -0.075603740240881553 3.1520931824345513 4.3915160015930654 -13.19244794347914 10.920000076293947 12.659999847412109 14.644999980926515 22.603736526177624 -0.53587187395565661
decision_type=2 2 2 2 2 2 2 2 2 2 2 2 2 2
left_child=4 2 3 -2 7 -6 -7 9 -9 -1 12 -12 -3 -4
right_child=1 10 13 -5 5 6 -8 8 -10 -11 11 -13 -14 -15
leaf_value=1.6865724063216961e-05 0 -4.681586136675158e-06 0 6.4195088455647434e-05 0 -6.3794311161911036e-05 0 -1.9073066287336934e-06 0.00012057800019496246 -7.3580271983848828e-06 5.8772389125040518e-05 -2.59229596407255e-05 -0.00011055981906823007 -6.7469539825057946e-05
leaf_weight=3266 120 4279 65 1061 997 1023 226 296 354 9645 918 378 90 120
leaf_count=3266 120 4279 65 1061 997 1023 226 296 354 9645 918 378 90 120
internal_value=0 3.8848e-06 3.16233e-05 4.94225e-05 -1.59444e-06 -2.29499e-05 -4.61995e-05 8.37893e-07 4.18414e-05 -6.77827e-08 -1.60803e-07 2.25035e-05 -1.03199e-05 -1.01283e-06
internal_weight=22838 7031 1366 1181 15807 2246 1249 13561 650 12911 5665 1296 4369 185
internal_count=22838 7031 1366 1181 15807 2246 1249 13561 650 12911 5665 1296 4369 185
is_linear=0
shrinkage=0.05


Tree=460
num_leaves=15
num_cat=0
split_feature=9 0 20 10 12 20 9 0 10 0 0 16 4 6
split_gain=5.65883e-05 0.00036013 0.000647058 0.000248497 0.000188922 0.000784815 0.000471553 0.000461792 0.000758096 0.000747331 0.000323498 6.53269e-05 0.000463173 0.000403919
threshold=0.032205559053282845 -1.2867075060220337 0.32419539623319699 16.95877861695962 -2.2758398799028319 1.3281393001242445 0.16249845032406118 -1.4352319687517485 22.025173956000142 -0.96818195049339284 0.41145109614373215 -7.2033955678022608 3.4972393009134071 0.9847221165287966
decision_type=2 2 2 2 2 2 2 2 2 2 2 2 2 2
left_child=1 11 3 -3 5 6 -2 8 -6 -9 -7 12 -1 -13
right_child=4 2 -4 -5 7 10 -8 9 -10 -11 -12 13 -14 -15
leaf_value=7.0733492709756514e-05 -3.250405631752888e-05 0 0 8.1116540046822258e-05 -6.1300214060739745e-06 0 -8.8715252183721961e-08 -4.1594178625642295e-05 4.8998814971651275e-05 2.0610973776068019e-06 0.00014879672820525324 0 -2.3910636425385587e-06 -4.7748462806211727e-05
leaf_weight=231 2120 52 74 496 424 60 4578 1052 1280 11462 96 279 122 512
leaf_count=231 2120 52 74 496 424 60 4578 1052 1280 11462 96 279 122 512
internal_value=0 8.61006e-06 4.06867e-05 6.94627e-05 -7.0512e-07 -8.0013e-06 -1.2591e-05 1.7575e-06 2.64881e-05 -4.13289e-07 9.23466e-05 0 3.15274e-06 -1.42044e-05
internal_weight=22838 1766 622 548 21072 6854 6698 14218 1704 12514 156 1144 353 791
internal_count=22838 1766 622 548 21072 6854 6698 14218 1704 12514 156 1144 353 791
is_linear=0
shrinkage=0.05


Tree=461
num_leaves=15
num_cat=0
split_feature=5 7 16 19 16 16 19 11 4 14 14 14 1 14
split_gain=6.27429e-05 0.000578671 0.00118421 0.0009791 0.000867773 0.00133922 0.000799606 0.000620785 0.000392869 0.000951449 0.000789282 0.000645553 0.000411047 0.000806969
threshold=3.6285126932233207 58.4062934837985 17.11085254679006 0.41857683368593768 -1.3700898100771906 9.3436336790556087 -1.1059065052009733 10.751939215925637 3.7875833961424727 10.920000076293947 9.995000362396242 14.159999847412109 -1.1568539991239535 21.099999427795414
decision_type=2 2 2 2 2 2 2 2 2 2 2 2 2 2
left_child=8 4 3 -3 6 -6 -2 -4 12 10 -10 -11 13 -1
right_child=1 2 7 -5 5 -7 -8 -9 9 11 -12 -13 -14 -15
leaf_value=-9.4451168113249742e-05 1.422233337925509e-05 -0.00015476695465958858 0.0001429005519898247 0 7.899022031984539e-05 -3.5875482643330614e-05 -5.3089858887154662e-05 0 0 -1.259366319876624e-05 0.00013768143065478192 6.1595846898756767e-05 0 0
leaf_weight=341 347 291 75 60 743 176 913 73 109 1204 281 374 17701 150
leaf_count=341 347 291 75 60 743 176 913 73 109 1204 281 374 17701 150
internal_value=0 -7.21007e-06 -5.63196e-05 -0.000113649 0 4.06726e-05 -2.26604e-05 0 9.34042e-07 2.24662e-05 9.28717e-05 0 -5.71907e-07 -4.58339e-05
internal_weight=22838 2678 499 351 2179 919 1260 148 20160 1968 390 1578 18192 491
internal_count=22838 2678 499 351 2179 919 1260 148 20160 1968 390 1578 18192 491
is_linear=0
shrinkage=0.05


Tree=462
num_leaves=15
num_cat=0
split_feature=16 1 1 1 1 12 1 20 5 20 9 13 19 21
split_gain=5.71474e-05 0.000729857 0.000756909 0.000845474 0.000743878 0.000650245 0.000563187 0.00122213 0.00089992 0.000868654 0.000928967 0.00060881 0.000513743 0.000112864
threshold=2.2256172921397641 -0.59270928693549318 0.44610789424490527 0.68109404730179768 0.14383988086452074 6.3011976680105972 -0.8522123280480064 -0.57498279951133036 2.4586718987938538 -0.73492480181636344 0.35826355311728164 -1.1082133161088357 1.0341262645287119 0.16999403155715023
decision_type=2 2 2 2 2 2 2 2 2 2 2 2 2 2
left_child=6 5 4 -4 -3 12 7 13 -9 10 -8 -11 -2 -1
right_child=1 2 3 -5 -6 -7 9 8 -10 11 -12 -13 -14 -15
leaf_value=0 8.8021484318584372e-05 -3.7298847968432628e-06 4.9642690729141056e-05 -6.9909836149982331e-06 -4.9733894559232319e-05 0 -9.8196571900298026e-05 0 -9.4170463460159222e-05 7.8871536222330913e-05 0 5.8379510685722248e-06 0 9.9378268968662158e-05
leaf_weight=52 527 3678 940 1169 1686 258 400 164 661 340 74 12751 61 77
leaf_count=52 527 3678 940 1169 1686 258 400 164 661 340 74 12751 61 77
internal_value=0 -3.30087e-06 -9.9129e-06 1.11537e-05 -2.09922e-05 3.73385e-05 1.89635e-06 -3.3217e-05 -6.62089e-05 5.47377e-06 -5.7018e-05 8.8864e-06 6.90276e-05 6.12793e-05
internal_weight=22838 8319 7473 2109 5364 846 14519 954 825 13565 474 13091 588 129
internal_count=22838 8319 7473 2109 5364 846 14519 954 825 13565 474 13091 588 129
is_linear=0
shrinkage=0.05


Tree=463
num_leaves=15
num_cat=0
split_feature=11 16 16 11 12 1 20 8 0 1 1 1 1 8
split_gain=5.6775e-05 0.000378465 0.00052745 0.000696626 0.000693166 0.00038205 0.00044645 0.000319098 0.00177872 0.00122436 0.000823632 0.000323545 0.000904674 0.00029002
threshold=-3.791717624107418 -3.4405164617242741 -7.0035038969353911 -5.4133863284867969 -12.460026207349957 0.73802922020808459 0.25280000379962059 -6.8050334036504685 -0.36818341823097428 0.64402741316097589 0.029364136897546095 -0.15042387457364129 -0.035893760454276023 0.96664755237646782
decision_type=2 2 2 2 2 2 2 2 2 2 2 2 2 2
left_child=1 2 4 -4 -1 6 -3 8 10 -10 -2 13 -13 -9
right_child=7 5 3 -5 -6 -7 -8 11 9 -11 -12 12 -14 -15
leaf_value=-1.885614415143413e-05 0 6.3919247207630027e-05 -7.0453701149181627e-05 0 3.6359087452231453e-05 0 0 -2.5600752551201895e-05 -2.6419019918935412e-06 0.00011462022359724862 -0.00013411150415619644 4.7874304470908971e-05 0 0
leaf_weight=606 459 766 564 582 1340 175 197 1891 1141 236 403 1115 11961 1402
leaf_count=606 459 766 564 582 1340 175 197 1891 1141 236 403 1115 11961 1402
internal_value=0 5.24273e-06 0 -3.0442e-05 1.14596e-05 3.05417e-05 4.57485e-05 -1.17389e-06 -1.91465e-05 6.63856e-06 -7.76779e-05 3.69166e-07 4.75868e-06 -1.25034e-05
internal_weight=22838 4230 3092 1146 1946 1138 963 18608 2239 1377 862 16369 13076 3293
internal_count=22838 4230 3092 1146 1946 1138 963 18608 2239 1377 862 16369 13076 3293
is_linear=0
shrinkage=0.05


Tree=464
num_leaves=15
num_cat=0
split_feature=13 10 6 6 13 13 9 14 14 1 18 1 20 9
split_gain=5.55016e-05 0.000520274 0.000555144 0.000612946 0.000339297 0.000961376 0.000353919 0.00031709 0.00138668 0.00109555 0.000932353 0.000872804 0.00145824 0.00106093
threshold=-0.42021305351745969 24.500646715391245 0.93630446109595133 1.8390425293893919 -0.47389446344892056 -0.61614253177807987 0.43241332145977812 12.22499990463257 11.954999923706056 0.13908316774997057 0.54491004260160281 1.0000000180025095e-35 -0.72357300649207112 0.73400925286035601
decision_type=2 2 2 2 2 2 2 2 2 2 2 2 2 2
left_child=1 2 -1 -4 5 -3 -6 8 10 -10 -2 13 -13 -9
right_child=7 4 3 -5 6 -7 -8 11 9 -11 -12 12 -14 -15
leaf_value=0 0 0 -8.2817653284069287e-05 0 -8.5775053925415807e-05 6.7470882465848391e-05 0 6.2215920631421479e-05 0 -8.4166996170330138e-05 5.7237708688236697e-05 -0.00014326430835322315 4.6084757752449881e-06 -2.8059092334059304e-06
leaf_weight=896 9236 2948 627 155 184 613 199 1445 847 866 748 173 3498 403
leaf_count=896 9236 2948 627 155 184 613 199 1445 847 866 748 173 3498 403
internal_value=0 -4.34479e-06 -2.87425e-05 -5.95314e-05 2.23775e-06 1.04863e-05 -3.52193e-05 1.37619e-06 -2.25113e-06 -4.45582e-05 3.50916e-06 1.17804e-05 0 3.993e-05
internal_weight=22838 5622 1678 782 3944 3561 383 17216 11697 1713 9984 5519 3671 1848
internal_count=22838 5622 1678 782 3944 3561 383 17216 11697 1713 9984 5519 3671 1848
is_linear=0
shrinkage=0.05


Tree=465
num_leaves=15
num_cat=0
split_feature=16 9 8 3 5 8 8 11 11 8 3 9 13 19
split_gain=5.58701e-05 0.000522446 0.000591497 0.00059784 0.00053865 0.000947754 0.000502851 0.000486491 0.000611897 0.000471526 0.000388396 0.000341958 0.000307028 0.00029983
threshold=2.2256172921397641 0.34275853278998236 -0.34965206007840693 -3.0472969389126523 3.5766719434842367 -18.440726771520424 -0.072652106472161485 -3.2661285293851128 1.5152702837453502 0.96664755237646782 -5.3464487423950926 0.70339855234880455 0.41304686429662901 0.21915767338103984
decision_type=2 2 2 2 2 2 2 2 2 2 2 2 2 2
left_child=1 4 3 -3 6 -6 -1 10 9 -9 -2 -10 -4 -12
right_child=7 2 12 -5 5 -7 -8 8 11 -11 13 -13 -14 -15
leaf_value=5.0725936685070761e-06 0 0 -4.6034069928394806e-06 5.4505668303044653e-05 6.8831464671400098e-06 -6.2831574155289917e-05 -3.7630909672518631e-05 -3.8399181983971644e-05 3.3357771243009797e-05 0 0.00011636277691793174 -2.9069722043548774e-06 2.3334110532912268e-05 0
leaf_weight=6204 77 414 3155 1380 313 993 774 2137 731 353 190 4776 1286 55
leaf_count=6204 77 414 3155 1380 313 993 774 2137 731 353 190 4776 1286 55
internal_value=0 1.78674e-06 1.34582e-05 3.81185e-05 -5.1879e-06 -3.46544e-05 0 -3.34909e-06 -7.45007e-06 -2.81481e-05 5.17685e-05 0 1.13158e-07 8.64057e-05
internal_weight=22838 14519 6235 1794 8284 1306 6978 8319 7997 2490 322 5507 4441 245
internal_count=22838 14519 6235 1794 8284 1306 6978 8319 7997 2490 322 5507 4441 245
is_linear=0
shrinkage=0.05


Tree=466
num_leaves=15
num_cat=0
split_feature=11 8 0 10 16 8 20 13 8 8 13 18 5 10
split_gain=6.23386e-05 0.000442713 0.00102483 0.00128166 0.000378375 0.000909483 0.000313448 0.00063897 0.000378804 0.000261031 0.000260885 0.000143733 0.000704614 0.000291423
threshold=-7.7066768246645916 -12.597374435661026 -0.57276351829778382 29.200368716554955 -9.7478124622880902 -18.440726771520424 0.17805047470371765 0.29530246179098057 -0.42194658058765228 -50.130388279334639 0.23042911338914121 1.8565187306481066 4.7287254153163607 46.513882467118513
decision_type=2 2 2 2 2 2 2 2 2 2 2 2 2 2
left_child=4 2 3 -2 11 9 8 -8 -3 -6 -4 13 -13 -1
right_child=1 6 10 -5 5 -7 7 -9 -10 -11 -12 12 -14 -15
leaf_value=-7.4692220713376838e-05 0 1.3166011928394655e-05 -1.5840841077328458e-05 -0.00011979462304780898 0 0 0 -4.8191316228922862e-05 -7.8426632999237479e-07 0.0002004853613994783 2.668491400428532e-05 0.00015751304565051665 0 0
leaf_weight=194 403 6948 677 477 72 388 1021 920 10636 99 676 70 52 205
leaf_count=194 403 6948 677 477 72 388 1021 920 10636 99 676 70 52 205
internal_value=0 -6.29807e-07 -2.21235e-05 -6.44148e-05 1.16698e-05 4.41821e-05 1.06114e-06 -1.66985e-05 3.87537e-06 0.00013991 0 0 0 -2.99722e-05
internal_weight=22838 21758 2233 880 1080 559 19525 1941 17584 171 1353 521 122 399
internal_count=22838 21758 2233 880 1080 559 19525 1941 17584 171 1353 521 122 399
is_linear=0
shrinkage=0.05


Tree=467
num_leaves=15
num_cat=0
split_feature=12 1 20 4 2 4 13 14 13 13 14 1 13 14
split_gain=6.48808e-05 0.000462311 0.00108137 0.000782073 0.000336395 0.000632551 0.000291342 0.00028704 0.000913204 0.00244219 0.000874143 0.000991513 0.000691742 0.000528118
threshold=-9.2347614267499871 0.10873491796530067 -0.16424046339868628 2.9387559528719707 -4.462862274597744 2.0989779260804151 -0.43357954555437445 15.695000171661379 -1.3754361407367353 -0.93968043077759511 14.135000228881838 -1.6970984336099715e-06 -1.964541388946228 13.835000038146974
decision_type=2 2 2 2 2 2 2 2 2 2 2 2 2 2
left_child=1 4 6 -4 -1 -6 -3 10 12 -10 13 -12 -9 -2
right_child=7 2 3 -5 5 -7 -8 8 9 -11 11 -13 -14 -15
leaf_value=1.0141314275739793e-05 0 0 0 0.00014239953558398138 0 -7.7748656281969173e-05 -7.2387567904096087e-05 0 -0.00018373710677942895 0 0 0.00010292168883128623 8.5703921397216624e-05 -7.4709294101816189e-05
leaf_weight=571 18354 78 218 293 132 390 138 304 266 895 273 437 249 240
leaf_count=571 18354 78 218 293 132 390 138 304 266 895 273 437 249 240
internal_value=0 8.99215e-06 4.23068e-05 8.84595e-05 0 -3.8672e-05 0 -8.43591e-07 -2.06622e-05 -5.0028e-05 1.40079e-07 5.51292e-05 1.38933e-05 -1.15583e-06
internal_weight=22838 1820 727 511 1093 522 216 21018 1714 1161 19304 710 553 18594
internal_count=22838 1820 727 511 1093 522 216 21018 1714 1161 19304 710 553 18594
is_linear=0
shrinkage=0.05


Tree=468
num_leaves=14
num_cat=0
split_feature=12 5 13 15 20 16 13 16 3 10 19 10 19
split_gain=6.23023e-05 0.000314604 0.000505745 0.000365052 0.000599188 0.000247364 0.000421709 0.000338222 0.000572767 0.000404628 0.000233384 0.000151256 0.000118247
threshold=-9.2347614267499871 4.7287254153163607 0.18603463639778053 -2.0277873045006216 0.051007989229227536 -9.9960599603620235 -0.36212995724053115 -7.2033955678022608 -7.1463629180038888 20.260695666790831 -1.6703282729907591 41.031136064509447 -0.85270122296261663
decision_type=2 2 2 2 2 2 2 2 2 2 2 2 2
left_child=1 3 12 10 -5 6 -2 9 -9 -7 -1 -8 -3
right_child=5 2 -4 4 -6 7 11 8 -10 -11 -12 -13 -14
leaf_value=6.773364016888822e-05 0 0 0 8.2289124086444066e-05 0 0 -0.00010712766451817719 -3.9135745088516192e-05 0 4.2411278439636268e-05 -7.1386375856607933e-06 0 -0.00014064837776309373
leaf_weight=117 108 50 74 474 196 135 179 965 18431 1005 825 195 84
leaf_count=117 108 50 74 474 196 135 179 965 18431 1005 825 195 84
internal_value=0 8.7944e-06 -2.41097e-05 2.23518e-05 5.06072e-05 -8.42432e-07 -3.6211e-05 0 -1.56678e-06 2.64449e-05 0 -6.7084e-05 -0.000101319
internal_weight=22838 1820 208 1612 670 21018 482 20536 19396 1140 942 374 134
internal_count=22838 1820 208 1612 670 21018 482 20536 19396 1140 942 374 134
is_linear=0
shrinkage=0.05


Tree=469
num_leaves=15
num_cat=0
split_feature=18 18 5 6 10 13 13 16 13 4 15 4 4 5
split_gain=5.98313e-05 0.000438333 0.000699001 0.000378711 0.000349165 0.000729898 0.0013882 0.00100256 0.000444984 0.00021203 0.000764641 0.000453915 3.65429e-05 2.68728e-05
threshold=1.234778214372964 0.98868021481584434 2.8686879167818464 0.59044714587690239 58.150869726076607 0.18603463639778053 0.49393563195667683 1.1909451354367941 -0.22703806390496625 5.8271622751580532 2.4936845097142286 4.1220890301277349 3.5212517529532765 3.4171147327634386
decision_type=2 2 2 2 2 2 2 2 2 2 2 2 2 2
left_child=1 9 3 -3 5 7 -7 -2 12 11 -11 -1 -6 -4
right_child=4 2 13 -5 8 6 -8 -9 -10 10 -12 -13 -14 -15
leaf_value=0 8.0839618734915547e-05 0 1.3153298091696668e-05 -0.0001015406794963137 -0.00013539026307492951 -8.4986832288899789e-05 2.1537614718383961e-05 0 0 -0.00010910040749215368 0 3.3252599222209334e-05 0 -7.4064646165867547e-06
leaf_weight=17233 768 73 270 369 81 424 872 734 166 201 163 1059 56 369
leaf_count=17233 768 73 270 369 81 424 872 734 166 201 163 1059 56 369
internal_value=0 -1.12036e-06 -3.2182e-05 -8.0463e-05 6.34295e-06 1.57965e-05 -1.78648e-06 4.0939e-05 -3.13766e-05 0 -3.67436e-05 1.4278e-06 -0.000101144 0
internal_weight=22838 19737 1081 442 3101 2798 1296 1502 303 18656 364 18292 137 639
internal_count=22838 19737 1081 442 3101 2798 1296 1502 303 18656 364 18292 137 639
is_linear=0
shrinkage=0.05


Tree=470
num_leaves=15
num_cat=0
split_feature=4 13 12 1 4 4 8 3 13 15 4 4 14 6
split_gain=5.57378e-05 0.000445125 0.000256526 0.000144872 0.000133072 0.000407664 0.000332184 0.000202128 0.000484874 0.000432808 0.000185176 0.000115983 0.000290681 7.9781e-05
threshold=1.2297571949862787 -0.18136130447363727 4.7037688786911191 -0.37546794670788203 1.5007865264532985 1.4695165211691037 1.3441684582632827 6.6001631048008056 1.2204103201609919 5.5646561123938909 1.3751949067335576 1.0368169215154219 10.260000228881838 0.68318809008952941
decision_type=2 2 2 2 2 2 2 2 2 2 2 2 2 2
left_child=1 2 3 -1 5 10 -7 9 -9 -6 -2 12 -3 -13
right_child=4 11 -4 -5 7 6 -8 8 -10 -11 -12 13 -14 -15
leaf_value=0 1.7234499057413644e-05 0 0 -7.3966804066932952e-05 0 0.00010706294643735644 0 -1.780014905825258e-05 9.3668478540635231e-05 4.1491526104217008e-05 -1.3225418067282886e-05 0 4.9119361022364159e-05 -2.4239734930633755e-05
leaf_weight=71 1080 110 94 410 14769 190 80 3459 65 652 810 288 420 340
leaf_count=71 1080 110 94 410 14769 190 80 3459 65 652 810 288 420 340
internal_value=0 -8.73521e-06 -4.64938e-05 -6.25601e-05 5.77277e-07 1.2538e-05 7.08117e-05 0 -1.14628e-05 1.65321e-06 0 0 2.33313e-05 -1.20089e-06
internal_weight=22838 1733 575 481 21105 2160 270 18945 3524 15421 1890 1158 530 628
internal_count=22838 1733 575 481 21105 2160 270 18945 3524 15421 1890 1158 530 628
is_linear=0
shrinkage=0.05


Tree=471
num_leaves=15
num_cat=0
split_feature=11 11 0 21 1 4 0 3 16 16 0 0 16 16
split_gain=5.50638e-05 0.000412724 0.000576769 0.000837591 0.000448675 0.000941061 0.000525931 0.000252068 0.000569925 0.000877345 0.000313076 0.000238905 0.000867667 0.000429934
threshold=3.0887599862524433 3.6144743387080669 -0.074197740111997187 0.17984552317790406 0.35413409018976844 6.607660807167778 -0.51163171469809166 1.8879292054919563 7.3597841663176746 5.3790426970611156 -1.3841990348643021 1.5123437609438959 1.0376272166325142 -1.3062660342566088
decision_type=2 2 2 2 2 2 2 2 2 2 2 2 2 2
left_child=7 2 -2 -4 6 -6 -3 11 9 -9 -10 13 -13 -1
right_child=1 4 3 -5 5 -7 -8 8 10 -11 -12 12 -14 -15
leaf_value=-7.4502777164382367e-06 0 1.2463021699829415e-05 0.00010599363132784517 0 3.8543415841939489e-05 -0.00012433443048188742 -3.0320972067045473e-05 -4.9745297428149898e-06 6.5150461381173445e-05 -7.8160537100522949e-05 0 4.1824849474012242e-05 -3.2273231584962172e-05 1.289254199928201e-05
leaf_weight=8700 252 555 415 53 1343 61 1900 2701 223 659 688 1389 332 3567
leaf_count=8700 252 555 415 53 1343 61 1900 2701 223 659 688 1389 332 3567
internal_value=0 4.80865e-06 3.97236e-05 7.4164e-05 0 2.07072e-05 -1.45402e-05 -1.31874e-06 -1.23234e-05 -2.38105e-05 1.35764e-05 9.6971e-07 1.88093e-05 -3.11728e-07
internal_weight=22838 4579 720 468 3859 1404 2455 18259 4271 3360 911 13988 1721 12267
internal_count=22838 4579 720 468 3859 1404 2455 18259 4271 3360 911 13988 1721 12267
is_linear=0
shrinkage=0.05


Tree=472
num_leaves=15
num_cat=0
split_feature=12 5 13 7 13 15 15 15 14 8 14 0 13 13
split_gain=5.76965e-05 0.000434454 0.00113674 0.00112064 0.00054202 0.000536869 0.00103581 0.00049256 0.000422702 0.000926081 0.00151994 0.000502915 0.000846656 0.00055212
threshold=3.157470926727763 4.3915160015930654 0.065460567596553623 25.755263001077768 -0.38564326937911558 3.2004394007645214 5.5646561123938909 2.0349621002537681 12.734999656677248 -2.655194649726746 14.265000343322756 0.14651070450288903 0.41836073653747091 0.39980588754765517
decision_type=2 2 2 2 2 2 2 2 2 2 2 2 2 2
left_child=1 5 4 -4 -3 7 -7 -1 11 -10 -11 12 -2 -13
right_child=8 2 3 -5 -6 6 -8 -9 9 10 -12 13 -14 -15
leaf_value=-4.2750099339247059e-06 3.0551445624736777e-05 0 0 0.00015292857579515183 -0.00014550829917197919 -6.9851612316107912e-05 3.3814723389709746e-06 3.1382496344422823e-05 -1.4213245744521806e-05 9.8945786340076436e-05 0 -3.3229860658277681e-05 -3.4827909635530755e-05 1.3726457197255268e-06
leaf_weight=12894 2152 281 79 276 63 865 334 1015 341 734 325 1972 464 1043
leaf_count=12894 2152 281 79 276 63 865 334 1015 341 734 325 1972 464 1043
internal_value=0 -1.79826e-06 3.45336e-05 0.000101625 0 -4.47418e-06 -3.69656e-05 -5.92497e-07 3.63905e-06 2.86488e-05 5.66018e-05 0 1.32145e-05 -1.62896e-05
internal_weight=22838 15807 699 355 344 15108 1199 13909 7031 1400 1059 5631 2616 3015
internal_count=22838 15807 699 355 344 15108 1199 13909 7031 1400 1059 5631 2616 3015
is_linear=0
shrinkage=0.05


Tree=473
num_leaves=11
num_cat=0
split_feature=10 10 0 6 3 2 3 16 13 2
split_gain=5.37885e-05 0.000331093 0.00088949 0.000217329 0.000215475 0.00139377 0.00032487 0.000185789 0.000162456 5.99102e-05
threshold=70.731206504103213 63.995436496475989 1.1381098072679465 1.0017755939983866 14.067772343719989 4.1635107089080696 7.6978279073255615 -3.2333750264677934 -0.38564326937911558 2.5998955346141499
decision_type=2 2 2 2 2 2 2 2 2 2
left_child=1 4 8 -2 6 -6 -1 -4 -3 -5
right_child=3 2 7 9 5 -7 -8 -9 -10 -11
leaf_value=9.0880315968637929e-07 0 -4.7104655802874796e-05 0 9.4044714363702452e-05 -8.1756608367092446e-06 0.00010607653340770744 -1.9322205205699688e-05 -0.00020979065515530239 1.966157413456434e-05 0
leaf_weight=18995 298 135 51 92 367 354 2143 79 269 55
leaf_count=18995 298 135 51 92 367 354 2143 79 269 55
internal_value=0 -4.74336e-07 -3.94535e-05 1.70355e-05 0 2.7214e-05 -4.33473e-07 -0.000152748 0 6.74213e-05
internal_weight=22838 22393 534 445 21859 721 21138 130 404 147
internal_count=22838 22393 534 445 21859 721 21138 130 404 147
is_linear=0
shrinkage=0.05


Tree=474
num_leaves=14
num_cat=0
split_feature=15 1 8 1 15 6 10 15 16 20 10 10 10
split_gain=5.2036e-05 0.000243347 0.00102004 0.000447871 0.000230981 0.000671748 0.000402623 0.000261138 0.000501136 0.000246937 0.000140608 2.3732e-05 0.000252124
threshold=8.7162477917075449 0.26357087488971026 6.3821695238370078 1.3565666857997727 4.7348291718760436 1.6026724332115776 19.878092396386268 3.6094228538197108 9.1294109423804795 -0.33036924865237044 35.632601763938432 29.047508371911928 48.197347769619903
decision_type=2 2 2 2 2 2 2 2 2 2 2 2 2
left_child=4 11 -3 -4 7 10 -7 9 -9 -1 -6 -2 -13
right_child=1 2 3 -5 5 6 -8 8 -10 -11 -12 12 -14
leaf_value=-1.7783695784380563e-05 0 0 -0.00024081364563914435 0 1.3954829825498549e-05 0 9.7755848245659045e-05 -4.8073752105140752e-05 0 2.4513345221887065e-06 -2.1057802994859654e-05 7.9909658720512039e-05 0
leaf_weight=1607 61 88 75 51 702 77 340 826 248 18110 483 107 63
leaf_count=1607 61 88 75 51 702 77 340 826 248 18110 483 107 63
internal_value=0 -1.70193e-05 -5.85704e-05 -0.000160895 2.00744e-07 1.89022e-05 7.34018e-05 -5.1966e-07 -2.47486e-05 4.05689e-08 0 0 1.86268e-05
internal_weight=22838 445 214 126 22393 1602 417 20791 1074 19717 1185 231 170
internal_count=22838 445 214 126 22393 1602 417 20791 1074 19717 1185 231 170
is_linear=0
shrinkage=0.05


Tree=475
num_leaves=12
num_cat=0
split_feature=19 6 18 8 0 1 1 12 6 0 20
split_gain=6.86382e-05 0.0004117 0.000289337 0.000995462 0.00226279 0.00057905 0.000256151 0.000182753 0.000558289 0.000256341 0.000102674
threshold=-2.0308634955439664 0.74693332845832883 1.989038741442406 -2.4169932421796987 -0.68126912428185193 0.25189418790817691 -0.20411110854499864 -11.273396390877975 0.94163526536895648 2.1674124664596364 0.34127183502747344
decision_type=2 2 2 2 2 2 2 2 2 2 2
left_child=1 -1 7 4 -4 -5 -3 8 -2 -9 -8
right_child=2 6 3 5 -6 -7 10 9 -10 -11 -12
leaf_value=0 -7.0674741664113216e-05 0 0.0002392180816620361 -6.3862080024917756e-05 0 4.0379256077802796e-05 -0.00011705612895395485 2.4872512898995135e-06 0 -1.677851214838301e-05 0
leaf_weight=66 370 167 154 264 164 224 152 18908 437 1860 72
leaf_count=66 370 167 154 264 164 224 152 18908 437 1860 72
internal_value=0 -1.92725e-05 2.57292e-07 2.99583e-05 0.000100359 0 -5.53137e-05 -1.58401e-07 -2.37924e-05 3.88379e-08 -9.04247e-05
internal_weight=22838 457 22381 806 318 488 391 21575 807 20768 224
internal_count=22838 457 22381 806 318 488 391 21575 807 20768 224
is_linear=0
shrinkage=0.05


Tree=476
num_leaves=15
num_cat=0
split_feature=14 14 13 14 1 5 2 14 14 13 13 14 0 11
split_gain=5.16835e-05 0.00076569 0.00218299 0.000281503 0.000506868 0.000537469 0.000405604 0.000391175 0.00185976 0.00138282 0.000269938 0.000862064 0.000237848 1.96108e-05
threshold=10.055000305175783 9.9200000762939471 -0.15511208884687042 10.615000247955324 0.32923809200975268 2.64264577603744 5.2256095864489103 11.039999961853029 11.144999980926515 -0.12027765887524521 0.7137331665604153 9.4649996757507342 0.47740815391242986 3.0306950401338639
decision_type=2 2 2 2 2 2 2 2 2 2 2 2 2 2
left_child=1 10 13 4 5 -2 -6 9 -9 -5 11 -1 -12 -3
right_child=3 2 -4 7 6 -7 -8 8 -10 -11 12 -13 -14 -15
leaf_value=-1.1959348019223393e-05 8.1213711498187989e-06 0 -0.00018080630105961822 -7.4036180779453453e-05 0 9.8853596838602598e-05 -0.00010431391895257007 0.00014548425797478227 -3.0985490307354955e-07 3.8915413485982589e-06 0 5.6950028592745632e-05 -7.3797992185341683e-05 1.7671294037317224e-05
leaf_weight=458 1473 185 228 806 612 327 93 219 16334 921 88 795 143 156
leaf_count=458 1473 185 228 806 612 327 93 219 16334 921 88 795 143 156
internal_value=0 -7.69017e-06 -5.96592e-05 6.10138e-07 1.67185e-05 3.29788e-05 -3.53882e-06 -7.77536e-07 7.21581e-07 -2.3819e-05 2.16172e-06 1.98109e-05 -2.85893e-05 0
internal_weight=22838 2053 569 20785 2505 1800 705 18280 16553 1727 1484 1253 231 341
internal_count=22838 2053 569 20785 2505 1800 705 18280 16553 1727 1484 1253 231 341
is_linear=0
shrinkage=0.05


Tree=477
num_leaves=12
num_cat=0
split_feature=19 14 4 18 19 1 15 5 4 16 16
split_gain=5.53715e-05 0.00072913 0.000469923 0.000255946 0.000920172 0.000362752 0.00017874 0.000148014 0.000109367 0.000864786 0.000616662
threshold=-2.0308634955439664 13.769999980926515 2.8755999969548656 1.989038741442406 -0.29307027667185664 -0.15042387457364129 -1.3200091639371467 3.3542569846939916 4.1220890301277349 11.003518455719437 13.945283424885536
decision_type=2 2 2 2 2 2 2 2 2 2 2
left_child=1 7 -3 8 5 -5 -6 -1 10 -10 -2
right_child=3 2 -4 4 6 -7 -8 -9 9 -11 -12
leaf_value=0 -4.3334063624947823e-06 0 -0.000126766546039457 0 -5.4110048863030472e-05 0.00016461551854301667 5.2936602249189066e-06 5.8639777639571015e-05 2.9848982096363627e-05 -5.5120253010687224e-05 4.2896842628246763e-05
leaf_weight=71 18921 85 194 140 148 141 377 107 1690 281 683
leaf_count=71 18921 85 194 140 148 141 377 107 1690 281 683
internal_value=0 -1.73146e-05 -8.36403e-05 2.23977e-07 2.81755e-05 0.000102124 0 2.73294e-06 -1.26277e-07 1.01069e-05 -1.9207e-06
internal_weight=22838 457 279 22381 806 281 525 178 21575 1971 19604
internal_count=22838 457 279 22381 806 281 525 178 21575 1971 19604
is_linear=0
shrinkage=0.05


Tree=478
num_leaves=12
num_cat=0
split_feature=5 2 14 14 21 3 14 12 14 21 14
split_gain=5.07914e-05 0.000485589 0.000663957 0.00254365 0.00101469 0.000368718 0.000308209 0.000241557 0.000220985 0.000946398 0.00074841
threshold=3.6285126932233207 11.688009148350922 12.210000038146974 11.75500011444092 0.27708394021789012 -13.19244794347914 22.795000076293949 -12.460026207349957 13.655000209808351 0.2179457923820031 14.460000038146974
decision_type=2 2 2 2 2 2 2 2 2 2 2
left_child=5 2 3 -2 -4 6 7 -1 9 -7 -10
right_child=1 -3 4 -5 -6 8 -8 -9 10 -11 -12
leaf_value=0 -2.7515365766707713e-06 -0.00012430833036189651 -3.8380585780183164e-05 0.0001734754368738834 4.892017415803989e-05 0 0 0.0001161829609716531 4.5999947388591748e-05 -5.5490851350747928e-05 -1.8353454390914702e-06
leaf_weight=129 415 85 1639 246 293 16603 90 170 1105 793 1270
leaf_count=129 415 85 1639 246 293 16603 90 170 1105 793 1270
internal_value=0 -6.55034e-06 0 4.03381e-05 -1.73625e-05 7.72492e-07 4.89329e-05 7.53735e-05 0 -2.12984e-06 1.41175e-05
internal_weight=22838 2678 2593 661 1932 20160 389 299 19771 17396 2375
internal_count=22838 2678 2593 661 1932 20160 389 299 19771 17396 2375
is_linear=0
shrinkage=0.05


Tree=479
num_leaves=14
num_cat=0
split_feature=12 0 15 0 9 9 14 12 15 12 15 21 9
split_gain=4.84241e-05 0.000275675 0.000256486 0.000253935 0.0012771 0.000600986 0.000491359 0.000281487 0.000644871 0.00048924 0.000201429 0.00080372 0.000384653
threshold=-9.2347614267499871 2.3809421006399645 0.056388525329154511 2.9299044835897701 0.83020414274995302 1.1223038013167972 24.720000267028812 -6.8785933690657162 -3.4970102088857202 -6.2980308118507766 0.66096551644867507 0.2265076589556286 0.080087067879951832
decision_type=2 2 2 2 2 2 2 2 2 2 2 2 2
left_child=1 10 -3 7 6 -6 -5 8 -2 -9 12 -12 -1
right_child=3 2 -4 4 5 -7 -8 9 -10 -11 11 -13 -14
leaf_value=7.2881630469405987e-06 -7.7414701806449273e-05 0.00012505395434108443 0 -9.7752704418141163e-05 6.5784720782044963e-05 -1.4490459690173386e-05 0 5.461667193965256e-05 0 5.6657075013753098e-08 0.00012484393292006016 0 -3.5397469055573184e-05
leaf_weight=687 371 91 62 525 346 205 53 438 1019 18061 158 57 765
leaf_count=687 371 91 62 525 346 205 53 438 1019 18061 158 57 765
internal_value=0 7.71325e-06 7.19635e-05 -7.77962e-07 -2.39387e-05 8.77222e-06 -8.09896e-05 0 -2.10649e-05 2.16217e-06 0 4.6591e-05 -4.88658e-06
internal_weight=22838 1820 153 21018 1129 551 578 19889 1390 18499 1667 215 1452
internal_count=22838 1820 153 21018 1129 551 578 19889 1390 18499 1667 215 1452
is_linear=0
shrinkage=0.05


Tree=480
num_leaves=15
num_cat=0
split_feature=14 14 8 3 14 1 10 2 14 14 1 14 14 14
split_gain=4.86204e-05 0.000675786 0.000941384 0.00111744 0.000261271 0.00047176 0.000495939 0.000365254 0.000359462 0.000222026 0.000404447 0.000196113 4.60122e-05 1.76163e-05
threshold=10.055000305175783 9.9200000762939471 2.7631268155521003 -0.33371006229903072 10.615000247955324 0.32923809200975268 26.84406851376292 5.2256095864489103 10.659999847412111 9.4149999618530291 0.48336916355759912 10.704999923706056 9.2849998474121112 9.9600000381469744
decision_type=2 2 2 2 2 2 2 2 2 2 2 2 2 2
left_child=1 9 3 -3 5 6 -2 -7 -6 12 -11 -10 -1 -4
right_child=4 2 13 -5 8 7 -8 -9 11 10 -12 -13 -14 -15
leaf_value=0 0 0 0 -0.00017932591376746939 -9.115600489067137e-05 0 5.2425806111267581e-05 -9.8828826981998854e-05 6.5287495206320557e-05 3.9826545299188556e-05 0 -4.9154280776230396e-07 -4.3374468986851004e-05 1.6095440970489379e-05
leaf_weight=232 684 132 53 215 108 612 1116 93 113 924 214 18059 114 169
leaf_count=232 684 132 53 215 108 612 1116 93 113 924 214 18059 114 169
internal_value=0 -7.38081e-06 -5.61799e-05 -0.000109236 6.81594e-07 1.61764e-05 3.1878e-05 -2.65461e-06 -6.21984e-07 1.25411e-06 2.00104e-05 0 -1.7088e-05 0
internal_weight=22838 2053 569 347 20785 2505 1800 705 18280 1484 1138 18172 346 222
internal_count=22838 2053 569 347 20785 2505 1800 705 18280 1484 1138 18172 346 222
is_linear=0
shrinkage=0.05


Tree=481
num_leaves=15
num_cat=0
split_feature=13 13 13 13 13 9 13 19 10 5 8 19 4 8
split_gain=5.8778e-05 0.00156495 0.00126992 0.000986282 0.000823534 0.00124375 0.000770687 0.000908531 0.00099719 0.000535836 0.000466331 0.000451047 0.00100359 0.000565785
threshold=0.35392504189512014 0.39980588754765517 0.38711088025348289 0.36686518694094566 0.44069366435062213 0.49412856329982607 0.16321711356648286 -0.047411095270005227 27.622367933981959 2.2960406272098326 -26.624355723006612 0.52685188555625861 1.8297452403161014 -12.597374435661026
decision_type=2 2 2 2 2 2 2 2 2 2 2 2 2 2
left_child=6 2 3 -2 5 -3 11 8 -8 -9 -6 13 -13 -1
right_child=1 4 -4 -5 10 -7 7 9 -10 -11 -12 12 -14 -15
leaf_value=-3.2224455983859512e-05 -9.5552608643453843e-05 0 -0.00017823111655447714 4.0252196080864802e-05 4.8975445715378232e-05 0.00012184087969499473 0 5.371435612270976e-05 0.00017700985718288522 -7.2409913252026632e-06 -7.4262544033767486e-06 -2.1335153649135415e-05 7.8781005820747276e-05 0
leaf_weight=1589 227 230 225 236 360 347 130 451 213 832 5727 133 540 11598
leaf_count=1589 227 230 225 236 360 347 130 451 213 832 5727 133 540 11598
internal_value=0 -3.79502e-06 -7.62358e-05 0 1.44361e-06 5.96524e-05 1.62798e-06 3.46114e-05 0.000110656 2.52893e-06 -1.61916e-06 -1.16154e-06 3.67383e-05 -4.2358e-06
internal_weight=22838 7352 688 463 6664 577 15486 1626 343 1283 6087 13860 673 13187
internal_count=22838 7352 688 463 6664 577 15486 1626 343 1283 6087 13860 673 13187
is_linear=0
shrinkage=0.05


Tree=482
num_leaves=15
num_cat=0
split_feature=6 2 5 4 2 6 8 6 16 16 12 13 13 13
split_gain=5.29521e-05 0.000283909 0.000377672 0.000599685 0.000460829 0.000303507 0.000526258 0.000156666 0.000465294 0.000428069 0.000425374 0.000246136 0.000776847 0.000634719
threshold=0.43974277612710944 -3.2074043848349496 2.4076970167834779 2.6655052687713678 4.2542345204065972 0.24220124161468817 -5.4000532123541038 0.52861722120325272 -3.7712322036407557 1.119460356859703 -4.8955563899318921 -0.89704472932619062 -0.92168973315990266 -0.75248234889007104
decision_type=2 2 2 2 2 2 2 2 2 2 2 2 2 2
left_child=1 5 3 -3 -4 -1 -7 8 10 -10 -2 12 -9 -13
right_child=7 2 4 -5 -6 6 -8 11 9 -11 -12 13 -14 -15
leaf_value=0 0.00010254828630844712 -9.6166554325895018e-06 -5.1512933983922114e-05 0.00010409593878900454 0 0.00014315237393290134 0 0 -3.3810178230429042e-05 2.4057471838672548e-05 0 5.7945008471855814e-05 -0.00011279652253671719 0
leaf_weight=71 249 978 1050 129 126 107 164 2174 559 742 250 483 197 15559
leaf_count=71 249 978 1050 129 126 107 164 2174 559 742 250 483 197 15559
internal_value=0 -6.80704e-06 -1.74146e-05 0 -3.7292e-05 2.01154e-05 5.74442e-05 7.27643e-07 1.4947e-05 0 5.59572e-05 0 -1.55973e-05 1.54495e-06
internal_weight=22838 2625 2283 1107 1176 342 271 20213 1800 1301 499 18413 2371 16042
internal_count=22838 2625 2283 1107 1176 342 271 20213 1800 1301 499 18413 2371 16042
is_linear=0
shrinkage=0.05


Tree=483
num_leaves=15
num_cat=0
split_feature=13 13 14 15 13 9 13 9 7 10 14 14 14 14
split_gain=5.01513e-05 0.00141063 0.00358998 0.000991753 0.00072689 0.00114076 0.000698662 0.000678858 0.000595678 0.000579599 0.000391697 0.00275011 0.00237564 0.000308811
threshold=0.35392504189512014 0.39980588754765517 11.75500011444092 3.0662527574748801 0.44069366435062213 0.49412856329982607 0.16321711356648286 1.0029157387896799 50.029921514802737 20.015465533993336 12.375000000000002 13.115000247955324 11.739999771118166 12.184999942779543
decision_type=2 2 2 2 2 2 2 2 2 2 2 2 2 2
left_child=6 2 8 -4 5 -3 10 9 -2 -8 12 -12 -1 -6
right_child=1 4 3 -5 13 -7 7 -9 -10 -11 11 -13 -14 -15
leaf_value=-9.9631264582249961e-06 0.00013099356777117999 0 -0.00022746609278210067 0 -1.3671992291753447e-05 0.00011583379976444894 0 -2.8978500406495042e-05 0 6.2525351364834257e-05 -7.6816840526383633e-05 7.3948575021709646e-06 4.5869933763879346e-05 7.743655095066838e-06
leaf_weight=7042 86 230 290 55 3297 347 289 105 257 1232 1288 2992 2538 2790
leaf_count=7042 86 230 290 55 3297 347 289 105 257 1232 1288 2992 2538 2790
internal_value=0 -3.52394e-06 -7.23433e-05 -0.000190657 1.34028e-06 5.60738e-05 1.48316e-06 3.29197e-05 3.26442e-06 4.70644e-05 -1.12478e-06 -1.44555e-05 3.2662e-06 -1.39252e-06
internal_weight=22838 7352 688 345 6664 577 15486 1626 343 1521 13860 4280 9580 6087
internal_count=22838 7352 688 345 6664 577 15486 1626 343 1521 13860 4280 9580 6087
is_linear=0
shrinkage=0.05


Tree=484
num_leaves=14
num_cat=0
split_feature=21 3 3 7 13 13 16 19 13 13 10 9 10
split_gain=5.38856e-05 0.000638163 0.000716872 0.000616352 0.000556865 0.000539019 0.000451403 0.000222723 0.000304514 0.00061857 0.000457417 0.000211986 0.000274829
threshold=0.17664222373873248 -1.0181810585057125 17.026269629331196 38.696493227904845 -0.43357954555437445 -1.2880400753498109 -3.032064685294372 0.31841771862112811 -1.3136583756299167 -1.0363005613350849 49.946105260030969 0.94828806481130257 57.666454061311136
decision_type=2 2 2 2 2 2 2 2 2 2 2 2 2
left_child=7 3 5 4 -2 -3 -5 8 10 -10 -1 12 -9
right_child=1 2 -4 6 -6 -7 -8 11 9 -11 -12 -13 -14
leaf_value=0 1.9280520669314946e-05 0 3.9123800014760816e-05 0 -4.0688715192958066e-05 -6.531366678509501e-05 7.6898290627470652e-05 5.2946132130823587e-05 8.0770369824988939e-05 0 -0.00012771368705526145 0 0
leaf_weight=366 471 227 80 286 756 1089 458 637 238 18009 115 52 54
leaf_count=366 471 227 80 286 756 1089 458 637 238 18009 115 52 54
internal_value=0 -5.97046e-06 -3.42008e-05 6.42493e-06 -5.4568e-06 -5.0074e-05 4.61355e-05 8.676e-07 0 8.36722e-07 -3.94072e-05 2.77146e-05 3.98956e-05
internal_weight=22838 3367 1396 1971 1227 1316 744 19471 18728 18247 481 743 691
internal_count=22838 3367 1396 1971 1227 1316 744 19471 18728 18247 481 743 691
is_linear=0
shrinkage=0.05


Tree=485
num_leaves=15
num_cat=0
split_feature=13 7 14 14 13 13 10 13 13 13 4 13 13 14
split_gain=5.12876e-05 0.000562356 0.000655254 0.0022997 0.00184419 0.000474189 0.000373919 0.000287142 0.000603873 0.000621646 0.000541601 0.000466661 0.00120602 0.000878391
threshold=-0.42021305351745969 16.814594671928393 12.175000190734863 11.97499990463257 -1.1082133161088357 -1.4098792687186776 34.92059188991319 -0.18422338437944494 -0.1432422593395821 -0.075603740240881553 1.6349890038729582 -0.29479932225512367 -0.27067507371424376 11.570000171661379
decision_type=2 2 2 2 2 2 2 2 2 2 2 2 2 2
left_child=1 5 3 -3 -4 -1 -7 11 10 -10 -9 13 -13 -2
right_child=7 2 4 -5 -6 6 -8 8 9 -11 -12 12 -14 -15
leaf_value=0 -3.6476663098984807e-05 -1.7959486774806751e-05 0 8.6948855788200811e-05 -7.9903412458052125e-05 0 0.00017331237330562573 0 4.0170145897428351e-05 -1.7405162318351612e-06 -8.7226850865691741e-05 0.00014338830907519314 0 2.7531559093954789e-05
leaf_weight=72 906 2021 1643 676 1058 50 102 190 939 12349 377 238 913 1304
leaf_count=72 906 2021 1643 676 1058 50 102 190 939 12349 377 238 913 1304
internal_value=0 -4.24714e-06 -9.94296e-06 2.79848e-06 -2.82133e-05 6.57794e-05 0.000118791 1.24742e-06 -9.48177e-07 9.51585e-08 -5.1765e-05 1.47575e-05 4.05992e-05 0
internal_weight=22838 5622 5398 2697 2701 224 152 17216 13855 13288 567 3361 1151 2210
internal_count=22838 5622 5398 2697 2701 224 152 17216 13855 13288 567 3361 1151 2210
is_linear=0
shrinkage=0.05


Tree=486
num_leaves=14
num_cat=0
split_feature=14 14 1 13 14 0 14 13 5 0 1 5 1
split_gain=5.53066e-05 0.00227885 0.000733507 0.000869125 0.000796825 0.0005455 0.000533005 0.000627078 0.000556559 0.000517342 0.000564384 0.000522192 0.000137149
threshold=11.679999828338625 11.719999790191652 0.18936021624326235 0.41663593221795697 12.175000190734863 -1.0410268327286991 11.38000011444092 -0.38075793360717308 3.2166586477788006 -1.5164893063633611 -0.53279833954869671 2.0073471407179491 0.15864618990901277
decision_type=2 2 2 2 2 2 2 2 2 2 2 2 2
left_child=5 12 4 -4 -3 9 7 -7 -8 10 -1 -11 -2
right_child=1 2 3 -5 -6 6 8 -9 -10 11 -12 -13 -14
leaf_value=-8.781603117792034e-05 -0.00018569704044773581 3.5361698625840849e-05 -3.3719636328547024e-05 2.9719608263995807e-06 0 -3.0993809587055204e-05 5.9026130635372562e-05 1.0427546806665755e-05 0 0 1.4959744270784574e-05 -7.5867619871282651e-05 0
leaf_weight=151 176 2260 2770 2344 5226 1000 993 5890 135 211 1066 566 50
leaf_count=151 176 2260 2770 2344 5226 1000 993 5890 135 211 1066 566 50
internal_value=0 -2.22598e-06 0 -1.39722e-05 1.05619e-05 2.73151e-06 9.82261e-06 2.23536e-06 4.28376e-05 -1.82541e-05 0 -5.01682e-05 -0.000159303
internal_weight=22838 12826 12600 5114 7486 10012 8018 6890 1128 1994 1217 777 226
internal_count=22838 12826 12600 5114 7486 10012 8018 6890 1128 1994 1217 777 226
is_linear=0
shrinkage=0.05


Tree=487
num_leaves=13
num_cat=0
split_feature=6 8 0 10 8 4 4 0 4 6 9 8
split_gain=4.88524e-05 0.000218835 0.000496279 0.00037182 0.000314197 0.000296317 0.000238475 0.000208146 0.000290015 0.000752409 0.000135498 5.49545e-05
threshold=1.9799542868872109 18.306088478003609 0.25426314288977109 41.679962263272152 13.319966282527682 3.4972393009134071 3.4496189065591447 -5.2283019911338773 2.9242896918604089 4.2225838705813157 0.90251618047926008 7.302203058320428
decision_type=2 2 2 2 2 2 2 2 2 2 2 2
left_child=1 4 3 -3 6 -6 -1 -2 11 -10 -4 -9
right_child=7 2 10 -5 5 -7 -8 8 9 -11 -12 -13
leaf_value=1.3526839502660935e-06 -2.0760916354447551e-05 -7.7100549101695622e-05 -2.6568648254770762e-06 0 0 0.00013631074952150457 -1.2923209012523024e-05 -3.5410991578609913e-06 7.5953529878579473e-05 0 3.6336295261600189e-05 3.0933712735812403e-05
leaf_weight=16135 95 458 291 199 321 81 3408 806 553 105 254 132
leaf_count=16135 95 458 291 199 321 81 3408 806 553 105 254 132
internal_value=0 -7.27351e-07 -2.15423e-05 -5.22877e-05 0 4.40735e-05 -3.69848e-07 8.09748e-06 1.92198e-05 4.46699e-05 0 0
internal_weight=22838 21147 1202 657 19945 402 19543 1691 1596 658 545 938
internal_count=22838 21147 1202 657 19945 402 19543 1691 1596 658 545 938
is_linear=0
shrinkage=0.05


Tree=488
num_leaves=15
num_cat=0
split_feature=13 13 14 2 20 13 15 13 19 2 5 7 2 4
split_gain=4.9205e-05 0.00123697 0.00321052 0.000923509 0.000800401 0.000959516 0.000873631 0.000622643 0.000851665 0.000658227 0.000564973 0.00053716 0.000479753 0.000895285
threshold=0.35392504189512014 0.39980588754765517 11.75500011444092 3.4658964916593042 -0.19178136812371041 0.52555861591733211 -2.2096492101613903 0.16321711356648286 -0.63120135793274257 6.1769630774738085 3.2535172103137087 50.029921514802737 -0.39541183954286402 2.4110793610736398
decision_type=2 2 2 2 2 2 2 2 2 2 2 2 2 2
left_child=7 2 11 -4 6 -6 -3 12 10 -10 -9 -2 -1 -14
right_child=1 4 3 -5 5 -7 -8 8 9 -11 -12 -13 13 -15
leaf_value=6.8330348477909987e-06 0.00012427221306588973 -0.00014868349105300797 -0.00021362349203996389 0 4.3645646940841304e-05 0 0 0 2.632509285499785e-05 -7.628514440617386e-05 0.00022088887885519609 0 -2.6877172913994331e-05 7.4704329382959681e-06
leaf_weight=7191 86 170 295 50 1474 4670 350 101 1285 137 103 257 4110 2559
leaf_count=7191 86 170 295 50 1474 4670 350 101 1285 137 103 257 4110 2559
internal_value=0 -3.44668e-06 -6.78681e-05 -0.00017991 9.62891e-07 8.17825e-06 -5.53506e-05 1.51746e-06 3.11773e-05 5.85152e-06 0.000133653 1.41787e-06 -8.81939e-07 -1.14494e-05
internal_weight=22838 7352 688 345 6664 6144 520 15486 1626 1422 204 343 13860 6669
internal_count=22838 7352 688 345 6664 6144 520 15486 1626 1422 204 343 13860 6669
is_linear=0
shrinkage=0.05


Tree=489
num_leaves=15
num_cat=0
split_feature=12 12 13 8 12 0 16 0 16 12 13 13 3 0
split_gain=5.40952e-05 0.000386776 0.000558354 0.00048584 0.000409623 0.000600284 0.000381826 0.000599364 0.000515442 0.000445625 0.000293716 0.000220184 0.000929939 0.000580014
threshold=3.157470926727763 1.432200555592299 -0.075603740240881553 -0.13160041856111784 -0.34195242815947985 -0.25317804921295206 2.0158669274144674 -0.34092415780429841 -1.9210426159538216 3.821379573558136 -2.1295115427365112 -0.64278278086672958 17.026269629331196 -1.6020046875809697
decision_type=2 2 2 2 2 2 2 2 2 2 2 2 2 2
left_child=1 4 -3 -4 10 -6 7 8 -2 -9 -1 12 -8 -13
right_child=6 2 3 -5 5 -7 11 9 -10 -11 -12 13 -14 -15
leaf_value=4.2018715371693554e-05 0 0 -8.0180861618884755e-05 0 0 4.2256260482608339e-05 -6.2146212403379388e-05 7.1322622330588774e-05 0.00010695321740427944 -1.3498649864075401e-05 -5.0542076943155875e-06 6.8202639424479736e-05 6.7632092679559738e-05 0
leaf_weight=296 115 997 562 687 1053 1377 646 192 334 725 10835 313 79 4627
leaf_count=296 115 997 562 687 1053 1377 646 192 334 725 10835 313 79 4627
internal_value=0 -1.68263e-06 -2.11909e-05 -4.38626e-05 4.4367e-07 1.98704e-05 3.58708e-06 2.76493e-05 7.51806e-05 0 -2.4513e-06 0 -2.727e-05 1.46243e-06
internal_weight=22838 15807 2246 1249 13561 2430 7031 1366 449 917 11131 5665 725 4940
internal_count=22838 15807 2246 1249 13561 2430 7031 1366 449 917 11131 5665 725 4940
is_linear=0
shrinkage=0.05


Tree=490
num_leaves=12
num_cat=0
split_feature=10 10 15 13 8 9 6 15 10 15 2
split_gain=4.67041e-05 0.000304286 0.00090426 0.000463037 0.000214551 0.000281939 0.000261485 0.000183885 0.000442098 0.000298748 1.19017e-05
threshold=70.731206504103213 63.995436496475989 -0.99759959025726974 0.68329041711937555 3.4368595997250764 0.14694019470957756 1.0017755939983866 4.7348291718760436 51.007156586572641 3.6094228538197108 -3.1148964326632442
decision_type=2 2 2 2 2 2 2 2 2 2 2
left_child=1 7 10 -4 5 -2 -7 9 -9 -1 -3
right_child=4 2 3 -5 -6 6 -8 8 -10 -11 -12
leaf_value=0 0 0 -0.00012134901578395035 0 0 0 0.00016151030655638861 0 8.2626584883651593e-05 -2.7333522194307497e-05 1.828433110266192e-05
leaf_weight=18913 53 104 283 59 119 197 76 1701 226 1019 88
leaf_count=18913 53 104 283 59 119 197 76 1701 226 1019 88
internal_value=0 -3.72551e-07 -3.7785e-05 -9.39026e-05 1.59633e-05 4.45854e-05 7.03193e-05 0 1.51842e-05 -8.73077e-07 0
internal_weight=22838 22393 534 342 445 326 273 21859 1927 19932 192
internal_count=22838 22393 534 342 445 326 273 21859 1927 19932 192
is_linear=0
shrinkage=0.05


Tree=491
num_leaves=15
num_cat=0
split_feature=12 14 6 1 13 0 1 13 12 14 13 13 13 11
split_gain=5.05792e-05 0.000408053 0.00143128 0.00111948 0.000695624 0.000451162 0.000655546 0.000642235 0.000322006 0.000363423 0.000871697 0.000506849 0.000310215 0.000441689
threshold=3.314342325988759 12.659999847412109 0.96843770554860298 0.83194071115757007 0.49393563195667683 0.096143754463186168 0.44610789424490527 0.41836073653747091 1.432200555592299 9.7150001525878924 0.7137331665604153 0.59102062739697658 -0.075603740240881553 1.0002457309633095
decision_type=2 2 2 2 2 2 2 2 2 2 2 2 2 2
left_child=8 5 3 -3 -4 7 -7 -2 9 10 -1 -11 -10 -14
right_child=1 2 4 -5 -6 6 -8 -9 12 11 -12 -13 13 -15
leaf_value=7.2606958663455737e-05 2.8811061507071665e-05 0.00010382411028207359 -5.8718226239709085e-05 0 3.0913038695489115e-05 -3.3223203388439252e-05 9.09807326532027e-06 -2.7508772056932489e-05 0 -5.8429313627244644e-06 -1.2038899663729613e-05 2.0902243879680225e-05 -6.5548852255308104e-05 0
leaf_weight=581 2008 689 460 113 206 2087 856 434 1070 10781 138 2061 632 722
leaf_count=581 2008 689 460 113 206 2087 856 434 1070 10781 138 2061 632 722
internal_value=0 3.60468e-06 2.74775e-05 7.60081e-05 -8.5009e-06 -1.22149e-07 -1.58196e-05 1.26546e-05 -1.52933e-06 4.19244e-07 3.55331e-05 -3.8138e-07 -1.86118e-05 -3.45296e-05
internal_weight=22838 6853 1468 802 666 5385 2943 2442 15985 13561 719 12842 2424 1354
internal_count=22838 6853 1468 802 666 5385 2943 2442 15985 13561 719 12842 2424 1354
is_linear=0
shrinkage=0.05


Tree=492
num_leaves=14
num_cat=0
split_feature=5 16 4 16 21 16 9 21 3 4 16 16 1
split_gain=5.31931e-05 0.000516054 0.00153841 0.00102805 0.000936313 0.000902239 0.000900887 0.000702239 0.000325664 0.000518606 0.000411833 0.000339629 0.000230304
threshold=3.6285126932233207 8.4257660532662673 3.9499689938616469 2.8384281266084503 0.21073745792650717 14.973068326319385 0.39725249130258206 0.25150392487482259 -13.19244794347914 2.7770124531605815 -9.9960599603620235 -7.2033955678022608 0.3892518654747788
decision_type=2 2 2 2 2 2 2 2 2 2 2 2 2
left_child=8 3 5 7 -4 -3 -5 -2 9 -1 12 -12 -10
right_child=1 2 4 6 -6 -7 -8 -9 10 -11 11 -13 -14
leaf_value=0 -3.669505497977756e-05 -3.3768803934731827e-05 -0.00020046298905822729 0.00015099862525150658 0 0.00013560248189086062 0 2.8801996653017247e-05 -6.7611773250095844e-05 0.00011084433770846209 2.6476125616813604e-05 0 0
leaf_weight=217 1309 171 188 197 72 111 270 360 345 172 1244 18046 136
leaf_count=217 1309 171 188 197 72 111 270 360 345 172 1244 18046 136
internal_value=0 -6.63947e-06 -5.09257e-05 0 -0.000141885 0 6.95268e-05 -1.35766e-05 8.59266e-07 4.61059e-05 0 1.10735e-06 -4.56835e-05
internal_weight=22838 2678 542 2136 260 282 467 1669 20160 389 19771 19290 481
internal_count=22838 2678 542 2136 260 282 467 1669 20160 389 19771 19290 481
is_linear=0
shrinkage=0.05


Tree=493
num_leaves=13
num_cat=0
split_feature=13 13 13 8 19 15 8 0 4 1 10 4
split_gain=5.17197e-05 0.00166882 0.000959573 0.000552242 0.000497311 0.000477695 0.000447275 0.000453722 0.000390139 0.000305461 0.000245156 0.000183489
threshold=0.52555861591733211 0.53714975524669095 0.49393563195667683 -30.56304263854285 -0.060259226587078545 -1.7179129754679778 -71.005765449534877 2.6712980405347637 1.8449473506362828 0.52619242421747325 24.500646715391245 1.9461488909952742
decision_type=2 2 2 2 2 2 2 2 2 2 2 2
left_child=2 11 6 4 -3 -5 9 -8 -4 -1 -10 -2
right_child=1 3 8 5 -6 -7 7 -9 10 -11 -12 -13
leaf_value=-8.1734483863306112e-05 0 0 0 -3.093564527770837e-05 0.00011588640042964941 3.9735707892279537e-06 3.5540373629823088e-06 -3.6178662940553336e-05 0 0 0.00017310954007795245 -0.00017471982788241978
leaf_weight=278 82 56 50 1211 193 3347 16511 720 52 51 133 154
leaf_count=278 82 56 50 1211 193 3347 16511 720 52 51 133 154
internal_value=0 -4.47267e-06 1.26317e-06 0 7.38127e-05 -2.0159e-06 0 1.02132e-06 0.000101416 -5.77406e-05 0.000135255 -0.000134274
internal_weight=22838 5043 17795 4807 249 4558 17560 17231 235 329 185 236
internal_count=22838 5043 17795 4807 249 4558 17560 17231 235 329 185 236
is_linear=0
shrinkage=0.05


Tree=494
num_leaves=13
num_cat=0
split_feature=11 8 1 7 12 8 6 10 7 4 1 8
split_gain=5.07747e-05 0.000839007 0.000561814 0.000557446 0.000303197 0.000226453 0.00029798 0.000187592 0.000199514 0.000183641 0.000142457 0.000127005
threshold=2.2804052086400364 0.73323731003392256 -0.26642910548563764 73.690294700072613 10.442132849557197 24.34385628718724 1.0798375255635051 63.995436496475989 75.335028409133116 2.0305980707684981 0.20002021520108074 4.0029606815080081
decision_type=2 2 2 2 2 2 2 2 2 2 2 2
left_child=4 2 -2 -4 5 9 -7 8 -3 -1 -6 -9
right_child=1 7 3 -5 10 6 -8 11 -10 -11 -12 -13
leaf_value=-5.1733114254918622e-06 0 -7.6183293526267003e-06 6.8877110225110111e-05 0 0 -7.6334985119238914e-05 0 0 1.6646215088374635e-05 5.331475467698918e-06 -0.00013085216881947095 -7.0803959911461874e-05
leaf_weight=6987 139 3007 1039 196 71 224 80 122 1169 9571 66 167
leaf_count=6987 139 3007 1039 196 71 224 80 122 1169 9571 66 167
internal_value=0 4.00934e-06 3.94108e-05 5.35186e-05 -1.39452e-06 0 -4.30833e-05 -3.53232e-06 0 0 -7.57117e-05 -4.25362e-05
internal_weight=22838 5839 1374 1235 16999 16862 304 4465 4176 16558 137 289
internal_count=22838 5839 1374 1235 16999 16862 304 4465 4176 16558 137 289
is_linear=0
shrinkage=0.05


Tree=495
num_leaves=14
num_cat=0
split_feature=10 5 10 8 0 1 5 5 3 14 0 18 0
split_gain=4.62878e-05 0.000397968 0.000398598 0.000764903 0.000624616 0.000335957 0.00164923 0.000790181 0.0010294 0.00023937 0.000264425 0.000236277 4.05074e-05
threshold=35.632601763938432 1.9109770025661426 27.302075147777416 -1.6013767360839035 -0.96818195049339284 0.68109404730179768 5.6464827929910699 4.7287254153163607 15.648681097242614 11.179999828338625 1.5662637088370834 0.54491004260160281 0.67427919742321774
decision_type=2 2 2 2 2 2 2 2 2 2 2 2 2
left_child=1 9 4 -4 -3 6 11 8 -7 12 -11 -2 -1
right_child=5 2 3 -5 -6 7 -8 -9 -10 10 -12 -13 -14
leaf_value=6.0685711585882284e-06 -7.7655373497526179e-06 -2.4224435730157109e-05 0 3.6952734008301962e-05 8.4197021158296317e-06 -2.917056200782771e-05 0.00025548026205450742 -0.00015923881929143536 0.00012968012893487378 -4.0971745038371381e-05 0 1.1330130270342924e-05 -1.5351607961146317e-05
leaf_weight=861 5914 2005 1555 2482 5421 968 62 113 103 1079 73 1908 294
leaf_count=861 5914 2005 1555 2482 5421 968 62 113 103 1079 73 1908 294
internal_value=0 1.7121e-06 6.4828e-06 1.91336e-05 0 -2.88251e-06 0 -2.77914e-05 0 -1.54859e-05 -3.16079e-05 -1.18931e-06 0
internal_weight=22838 13770 11463 4037 7426 9068 7884 1184 1071 2307 1152 7822 1155
internal_count=22838 13770 11463 4037 7426 9068 7884 1184 1071 2307 1152 7822 1155
is_linear=0
shrinkage=0.05


Tree=496
num_leaves=15
num_cat=0
split_feature=13 0 14 8 5 14 13 19 3 0 14 3 5 8
split_gain=4.87881e-05 0.00114508 0.00124256 0.000851977 0.000725524 0.000648143 0.000569666 0.000790739 0.000811192 0.000558135 0.000890907 0.00059184 0.000444132 0.000432672
threshold=0.35392504189512014 0.22480076238335336 10.315000057220461 -7.0454785190171698 2.2739987129510015 12.329999923706056 0.16321711356648286 -0.047411095270005227 0.86713205875403887 2.1674124664596364 13.019999980926515 13.090361526539887 2.2960406272098326 -1.8637311018546894
decision_type=2 2 2 2 2 2 2 2 2 2 2 2 2 2
left_child=6 2 -2 5 -4 -3 9 8 -8 11 -11 -1 -9 -5
right_child=1 3 4 13 -6 -7 7 12 -10 10 -12 -13 -14 -15
leaf_value=-7.1249680736354719e-07 1.7951345020908316e-05 0 0 -3.3877007387311833e-05 -7.3273680671362402e-05 0.00010126193336806515 0.00015709471879490097 4.8037972758446921e-05 0 0 -0.00016216704582684149 5.0915601652332762e-05 -8.9867353078795566e-06 7.621036459273527e-06
leaf_weight=12617 546 386 723 782 1363 401 220 451 123 538 137 568 832 3151
leaf_count=12617 546 386 723 782 1363 401 220 451 123 538 137 568 832 3151
internal_value=0 -3.47007e-06 -3.12994e-05 8.87438e-06 -5.13803e-05 5.63454e-05 1.46921e-06 2.98447e-05 9.97966e-05 -7.7942e-07 -4.55388e-05 3.77726e-07 0 0
internal_weight=22838 7352 2632 4720 2086 787 15486 1626 343 13860 675 13185 1283 3933
internal_count=22838 7352 2632 4720 2086 787 15486 1626 343 13860 675 13185 1283 3933
is_linear=0
shrinkage=0.05


Tree=497
num_leaves=15
num_cat=0
split_feature=21 3 3 16 1 13 10 13 13 2 13 0 1 10
split_gain=5.13843e-05 0.000548722 0.000643389 0.000553023 0.000965007 0.000511276 0.000465923 0.000224799 0.00103355 0.000742948 0.000686036 0.00052973 0.000459434 5.43994e-06
threshold=0.17664222373873248 -1.0181810585057125 17.026269629331196 -3.3698250878304461 0.10003876424044746 -1.2880400753498109 29.200368716554955 1.1133505751721564 0.79675748132704849 -2.0088014001110817 0.55071779110856822 0.87903025889602115 -0.026043707385516104 33.672741557447999
decision_type=2 2 2 2 2 2 2 2 2 2 2 2 2 2
left_child=7 3 5 6 -5 -3 -2 8 10 -10 -1 12 -9 -13
right_child=1 2 -4 4 -6 -7 -8 11 9 -11 -12 13 -14 -15
leaf_value=3.3501495746692373e-06 -6.2135413493476262e-05 0 3.2645302625620218e-05 0 9.8973786541639209e-05 -6.231792931649212e-05 0 0 0 8.3639896296918822e-05 -2.8170583232845123e-05 8.1251918696950987e-06 -0.00013350224682254498 0
leaf_weight=15993 323 227 80 514 383 1089 751 56 263 652 1934 205 163 205
leaf_count=15993 323 227 80 514 383 1089 751 56 263 652 1934 205 163 205
internal_value=0 -5.80529e-06 -3.20243e-05 5.16518e-06 3.87596e-05 -4.73669e-05 -8.94923e-06 8.76361e-07 2.59527e-06 5.44e-05 0 -2.67272e-05 -8.98069e-05 0
internal_weight=22838 3367 1396 1971 897 1316 1074 19471 18842 915 17927 629 219 410
internal_count=22838 3367 1396 1971 897 1316 1074 19471 18842 915 17927 629 219 410
is_linear=0
shrinkage=0.05


Tree=498
num_leaves=15
num_cat=0
split_feature=9 5 9 6 9 5 1 5 19 10 9 7 6 18
split_gain=4.89577e-05 0.000357052 0.000623686 0.000509989 0.000277197 0.000445338 0.000159275 0.000281518 0.000148235 0.00086364 0.000327979 0.000146467 0.000113563 2.62095e-05
threshold=0.080087067879951832 3.1344394069428803 -0.0086342561989159964 1.6658341590307759 0.10580324876220103 3.8757669192611344 0.51307093673269832 2.2085691123078557 -0.72558974483898597 20.621310704106943 0.11763888560562892 36.031935537724074 1.0195535258739912 1.7735354487979316
decision_type=2 2 2 2 2 2 2 2 2 2 2 2 2 2
left_child=1 6 13 -4 5 12 11 -8 9 -6 -10 -1 -2 -3
right_child=4 2 3 -5 8 -7 7 -9 10 -11 -12 -13 -14 -15
leaf_value=1.5523249353755556e-05 -3.277777860560935e-05 -1.6878575443748245e-05 0.00010859475583201855 0 -9.9411635441528878e-05 -0.00014819723897065173 0 -9.5040310619223144e-05 6.130285898644109e-05 0 0 -1.2604855366547139e-05 5.7658712588512027e-06 0
leaf_weight=1208 257 229 324 69 252 82 50 121 225 1154 18091 470 201 105
leaf_count=1208 257 229 324 69 252 82 50 121 225 1154 18091 470 201 105
internal_value=0 6.40896e-06 3.70343e-05 8.05705e-05 -9.03596e-07 -3.6215e-05 0 -4.8115e-05 0 -1.55729e-05 1.26624e-06 0 0 0
internal_weight=22838 2576 727 393 20262 540 1849 171 19722 1406 18316 1678 458 334
internal_count=22838 2576 727 393 20262 540 1849 171 19722 1406 18316 1678 458 334
is_linear=0
shrinkage=0.05


Tree=499
num_leaves=15
num_cat=0
split_feature=2 12 5 6 6 12 7 5 4 4 0 2 13 7
split_gain=4.56638e-05 0.000519662 0.000542748 0.00155783 0.000462832 0.000455301 0.00045367 0.000425929 0.000244681 0.000756813 0.000971744 0.000808292 0.000362034 0.00074345
threshold=-1.572433032119319 -1.9663615910092618 4.1263492589536188 0.88211689845714913 1.115052810698159 -10.399530518304827 28.149569238787127 2.3647634772755892 2.2731712619599809 3.3190458611969795 0.083286886251394868 4.2542345204065972 0.16321711356648286 52.720096379091622
decision_type=2 2 2 2 2 2 2 2 2 2 2 2 2 2
left_child=1 4 7 -4 6 -6 -1 -3 12 10 -10 -11 13 -2
right_child=8 2 3 -5 5 -7 -8 -9 9 11 -12 -13 -14 -15
leaf_value=0 -3.7503299969794999e-05 3.346548927722129e-05 0.00020539013508951028 0 4.9546400138044392e-05 0 -3.3676715201535264e-05 0 4.8998100372571908e-05 -3.6715307485270471e-05 0 1.3870639372041047e-05 8.0820315603341022e-07 0
leaf_weight=1025 2349 1119 149 75 539 1373 1946 1609 1645 1724 2323 915 3368 2679
leaf_count=1025 2349 1119 149 75 539 1373 1946 1609 1645 1724 2323 915 3368 2679
internal_value=0 3.00863e-06 2.07042e-05 0.000103991 -4.61995e-06 9.89661e-06 -1.90094e-05 8.33322e-06 -1.6974e-06 4.10169e-06 1.95849e-05 -1.34956e-05 -8.04714e-06 -1.69606e-05
internal_weight=22838 7835 2952 224 4883 1912 2971 2728 15003 6607 3968 2639 8396 5028
internal_count=22838 7835 2952 224 4883 1912 2971 2728 15003 6607 3968 2639 8396 5028
is_linear=0
shrinkage=0.05


Tree=500
num_leaves=15
num_cat=0
split_feature=10 12 14 8 8 6 6 6 12 12 8 12 12 0
split_gain=4.84468e-05 0.00039978 0.000746933 0.000398544 0.000512766 0.000396732 0.000372448 0.000739308 0.00116939 0.000631975 0.000802888 0.000741006 0.000492263 2.45904e-06
threshold=35.632601763938432 15.236144266819622 13.525000095367433 -26.624355723006612 -50.130388279334639 3.6656230136846752 1.3418272244237002 2.7503589026376223 -4.237805919284285 6.7834786214676308 -2.0539342601606005 -1.845274309282311 1.831544107827378 0.89916383336403427
decision_type=2 2 2 2 2 2 2 2 2 2 2 2 2 2
left_child=6 3 13 4 -2 -5 9 8 -8 11 -11 -1 -9 -3
right_child=1 2 -4 5 -6 -7 7 12 -10 10 -12 -13 -14 -15
leaf_value=-2.1993824277584748e-06 0 5.7645727230575772e-06 0.00016921880060651216 -7.5349692146184782e-06 8.5831423514274173e-05 -0.00011167586755348094 1.79192400845326e-05 0 -5.1604905589859424e-05 -0.00011078732566182645 0 2.2820765002414851e-05 9.0058369359422412e-05 0
leaf_weight=3806 324 184 88 7958 230 120 531 245 1728 220 838 6195 207 164
leaf_count=3806 324 184 88 7958 230 120 531 245 1728 220 838 6195 207 164
internal_value=0 -2.86306e-06 3.94813e-05 -6.7437e-06 2.75049e-05 -1.09523e-05 1.84304e-06 -1.30215e-05 -2.86247e-05 6.84401e-06 -2.5807e-05 1.18001e-05 3.17387e-05 0
internal_weight=22838 9068 436 8632 554 8078 13770 2711 2259 11059 1058 10001 452 348
internal_count=22838 9068 436 8632 554 8078 13770 2711 2259 11059 1058 10001 452 348
is_linear=0
shrinkage=0.05


Tree=501
num_leaves=15
num_cat=0
split_feature=14 14 14 13 13 13 13 14 15 0 13 13 13 0
split_gain=4.57973e-05 0.00062602 0.000600062 0.00169277 0.00160456 0.000392014 0.000884197 0.000565983 0.000360781 0.000225727 0.000182629 0.00271866 0.000964415 0.000107781
threshold=10.260000228881838 10.219999790191652 10.460000038146974 0.58543975638573065 0.67612298378809677 -0.13535187241220933 0.015546919509756842 9.9600000381469744 -0.99759959025726974 -0.81127584309923273 0.55772823085510359 0.52555861591733211 0.83243685891511998 0.58532194751300348
decision_type=2 2 2 2 2 2 2 2 2 2 2 2 2 2
left_child=1 5 3 9 -5 7 -7 -1 -3 -2 11 -4 -12 -10
right_child=2 8 10 4 -6 6 -8 -9 13 -11 12 -13 -14 -15
leaf_value=-6.7872514770274032e-05 0 0 3.3658640814938555e-07 -0.00018936984994368027 1.7909570935147552e-05 8.569381462406789e-05 0 0 -0.00015505943691188529 0.00013212086742965927 4.2873321155814705e-05 -0.0001003416375047311 -8.6116550412430094e-06 0
leaf_weight=444 102 50 15161 109 232 347 1597 464 117 360 1408 689 1698 60
leaf_count=444 102 50 15161 109 232 347 1597 464 117 360 1408 689 1698 60
internal_value=0 -5.71709e-06 8.36386e-07 4.33857e-05 -4.84723e-06 0 1.33187e-05 -2.64308e-05 -8.54739e-05 0.000111317 -1.76985e-07 -3.09964e-06 9.9058e-06 -0.000120105
internal_weight=22838 3079 19759 803 341 2852 1944 908 227 462 18956 15850 3106 177
internal_count=22838 3079 19759 803 341 2852 1944 908 227 462 18956 15850 3106 177
is_linear=0
shrinkage=0.05


Tree=502
num_leaves=15
num_cat=0
split_feature=9 0 20 13 7 7 4 12 20 9 0 0 13 16
split_gain=4.27135e-05 0.00029802 0.000493567 0.000305151 0.000169523 0.000483588 0.000304684 0.000145739 0.000653005 0.000430962 0.000381063 0.000623247 0.000356636 0.000283679
threshold=0.032205559053282845 -1.3841990348643021 0.35510485775653072 -0.30396420107253735 23.675530184399502 40.238675859315713 3.5212517529532765 -2.2758398799028319 1.3281393001242445 0.16249845032406118 -1.4352319687517485 -0.96818195049339284 0.16321711356648286 0.5017089295644156
decision_type=2 2 2 2 2 2 2 2 2 2 2 2 2 2
left_child=1 4 3 -3 6 -6 -1 8 9 -2 13 -12 -10 -9
right_child=7 2 -4 -5 5 -7 -8 10 12 -11 11 -13 -14 -15
leaf_value=6.3932826107866369e-05 -3.0387715825933294e-05 0 0 8.5435935589373021e-05 -4.7445135932935078e-05 7.980780179408846e-06 0 0 0 0 -3.8108761672164706e-05 1.6651886277311971e-06 0.00017102561864382605 3.7613947649040572e-05
leaf_weight=210 2120 210 73 388 676 126 83 513 89 4578 1052 11462 67 1191
leaf_count=210 2120 210 73 388 676 126 83 513 89 4578 1052 11462 67 1191
internal_value=0 7.43133e-06 3.54107e-05 5.88787e-05 0 -2.00583e-05 1.85101e-05 -6.60804e-07 -7.10489e-06 -1.14689e-05 1.39102e-06 -4.82658e-07 8.36049e-05 2.3941e-05
internal_weight=22838 1766 671 598 1095 802 293 21072 6854 6698 14218 12514 156 1704
internal_count=22838 1766 671 598 1095 802 293 21072 6854 6698 14218 12514 156 1704
is_linear=0
shrinkage=0.05


Tree=503
num_leaves=15
num_cat=0
split_feature=5 16 4 16 8 8 21 16 4 21 19 16 1 20
split_gain=4.80623e-05 0.000488043 0.00137971 0.000914249 0.00204019 0.000931032 0.000891334 0.000774872 0.000312439 0.000612766 0.000382978 0.000375533 0.000317927 0.000654133
threshold=3.6285126932233207 8.4257660532662673 3.9499689938616469 2.8384281266084503 9.4080638871461755 7.9258131355594159 0.14878691857288692 14.973068326319385 3.7875833961424727 0.21998640019902257 -0.038016716809290398 -6.3293962889679918 -1.1568539991239535 0.19923790865250149
decision_type=2 2 2 2 2 2 2 2 2 2 2 2 2 2
left_child=8 3 7 4 -2 -5 -4 -3 12 11 -11 -10 13 -1
right_child=1 2 6 5 -6 -7 -8 -9 9 10 -12 -13 -14 -15
leaf_value=-7.9918427543964509e-05 -3.6409731138675417e-05 -3.2332279695469356e-05 -0.00020988073227809942 0.00010551928411103318 0.00016212896485595838 0 0 0.00012526310680706438 0 0 -7.7534354565035433e-05 4.7540649490415642e-05 0 0
leaf_weight=380 1544 171 158 390 125 77 102 111 236 159 175 1398 17701 111
leaf_count=380 1544 171 158 390 125 77 102 111 236 159 175 1398 17701 111
internal_value=0 -6.29691e-06 -4.94227e-05 0 -1.24699e-05 6.57946e-05 -0.000135268 0 8.31235e-07 2.00526e-05 -1.73286e-05 3.68738e-05 -4.24614e-07 -4.02759e-05
internal_weight=22838 2678 542 2136 1669 467 260 282 20160 1968 334 1634 18192 491
internal_count=22838 2678 542 2136 1669 467 260 282 20160 1968 334 1634 18192 491
is_linear=0
shrinkage=0.05


Tree=504
num_leaves=15
num_cat=0
split_feature=12 1 19 15 0 14 13 13 14 1 13 14 6 12
split_gain=4.86507e-05 0.000420659 0.000774263 0.000832693 0.000437197 0.000266858 0.000805946 0.00210673 0.000730617 0.000925169 0.000608918 0.000427302 0.000222432 0.00089882
threshold=-9.2347614267499871 0.10873491796530067 0.15373800291212783 -7.3027270156289452 2.3809421006399645 15.695000171661379 -1.3754361407367353 -0.93968043077759511 14.135000228881838 -1.6970984336099715e-06 -1.964541388946228 13.835000038146974 1.0497445474032994 -11.273396390877975
decision_type=2 2 2 2 2 2 2 2 2 2 2 2 2 2
left_child=1 12 3 -3 -4 8 10 -8 11 -10 -7 -2 13 -1
right_child=5 2 4 -5 -6 6 7 -9 9 -11 -12 -13 -14 -15
leaf_value=-9.5971546646792712e-05 0 0 -0.00010402746070671994 0.0001026145940476254 0 0 -0.00017189690070446974 0 0 9.7058641909788011e-05 7.976527628819895e-05 -6.7025179390107061e-05 4.7931826832963642e-06 0
leaf_weight=302 18354 80 100 491 56 304 266 895 273 437 249 240 536 255
leaf_count=302 18354 80 100 491 56 304 266 895 273 437 249 240 536 255
internal_value=0 7.82864e-06 3.99734e-05 7.36048e-05 0 -6.90512e-07 -1.98552e-05 -4.75079e-05 2.35054e-07 5.04997e-05 1.11058e-05 -8.80212e-07 0 -3.12162e-05
internal_weight=22838 1820 727 571 156 21018 1714 1161 19304 710 553 18594 1093 557
internal_count=22838 1820 727 571 156 21018 1714 1161 19304 710 553 18594 1093 557
is_linear=0
shrinkage=0.05


Tree=505
num_leaves=15
num_cat=0
split_feature=11 3 11 20 19 16 16 15 18 16 19 1 20 1
split_gain=5.1769e-05 0.000424749 0.000328454 0.000563363 0.000524466 0.00033163 0.000322972 0.000325868 0.000279769 0.000431337 0.00021289 0.000982885 0.00075809 3.47914e-05
threshold=-3.3181721535572284 -2.6315768122930123 -2.2714738939529231 -0.42221246925246075 -1.1766645219060445 2.2256172921397641 -4.7578813356872462 -3.2576173167299767 1.3429134068351993 0.26935480359048808 -1.0896832208752387 0.22129967332893644 -0.15791452275283099 0.16368074422288742
decision_type=2 2 2 2 2 2 2 2 2 2 2 2 2 2
left_child=1 10 6 4 -4 -5 13 -8 9 -3 11 -1 -12 -2
right_child=2 8 3 5 -6 -7 7 -9 -10 -11 12 -13 -14 -15
leaf_value=0 1.28161111866926e-05 0 0 5.1467331264823627e-06 7.0849165661019027e-05 -9.255885523960769e-06 0 -5.0672161914936406e-05 0 0.00013387066750067059 -5.3308651347875618e-05 0.00011699745250278388 1.2459047880815195e-06 -6.3296085340739174e-06
leaf_weight=500 450 188 101 7934 539 7334 247 962 89 163 695 211 3104 321
leaf_count=500 450 188 101 7934 539 7334 247 962 89 163 695 211 3104 321
internal_value=0 4.48213e-06 -1.29412e-06 1.82152e-07 4.67246e-05 -7.89351e-07 -2.07211e-05 -3.70168e-05 5.13168e-05 7.27066e-05 0 2.49924e-05 -4.7985e-06 0
internal_weight=22838 4950 17888 15908 640 15268 1980 1209 440 351 4510 711 3799 771
internal_count=22838 4950 17888 15908 640 15268 1980 1209 440 351 4510 711 3799 771
is_linear=0
shrinkage=0.05


Tree=506
num_leaves=14
num_cat=0
split_feature=11 16 19 9 9 19 13 13 11 10 18 9 3
split_gain=5.28248e-05 0.000355507 0.000160981 0.000329367 0.000342845 0.00021167 0.000398696 0.000288956 0.000137228 9.85279e-05 0.000536242 0.000438384 9.42221e-05
threshold=-7.7066768246645916 -2.6970912322366312 0.85927349279732346 0.78785609161948211 0.58767861734638183 0.55893111095968129 0.83243685891511998 -1.3136583756299167 4.3241595506469439 33.17773206730778 1.6791373460418366 0.080087067879951832 -8.6020615928346782
decision_type=2 2 2 2 2 2 2 2 2 2 2 2 2
left_child=1 9 5 4 -4 7 -7 -2 -5 10 -1 -11 -3
right_child=2 12 3 8 -6 6 -8 -9 -10 11 -12 -13 -14
leaf_value=-9.1754218974630694e-05 -3.1066256074166941e-05 0.00014200196286002475 0 6.5080186693115672e-05 -0.00011021023859347076 6.6467502300060851e-05 0 1.2075500737955408e-07 0 6.2092300649249516e-05 0 0 0
leaf_weight=178 749 61 572 80 171 344 62 19594 186 304 88 395 54
leaf_count=178 749 61 572 80 171 344 62 19594 186 304 88 395 54
internal_value=0 1.07911e-05 -5.32994e-07 -2.01144e-05 -4.06938e-05 0 3.59991e-05 -2.91658e-07 0 0 -2.49619e-05 1.06873e-05 9.35252e-05
internal_weight=22838 1080 21758 1009 743 20749 406 20343 266 965 266 699 115
internal_count=22838 1080 21758 1009 743 20749 406 20343 266 965 266 699 115
is_linear=0
shrinkage=0.05


Tree=507
num_leaves=15
num_cat=0
split_feature=11 16 1 10 20 11 1 1 0 10 10 4 10 0
split_gain=4.78613e-05 0.000338352 0.000477694 0.000509591 0.000170667 0.000523164 0.00102813 0.000464821 0.000206876 0.000456177 0.00032437 0.000122379 0.000606034 0.000356459
threshold=-7.7066768246645916 -9.7478124622880902 -1.1568539991239535 33.17773206730778 0.17805047470371765 2.9100682808685971 -1.1568539991239535 0.44610789424490527 -1.0239514492021382 26.994454605196712 32.20948002270611 3.5212517529532765 51.284427464285848 -2.323967902912965
decision_type=2 2 2 2 2 2 2 2 2 2 2 2 2 2
left_child=1 11 -3 -4 8 6 -6 -7 9 -2 -10 13 -13 -1
right_child=4 2 3 -5 5 7 -8 -9 10 -11 -12 12 -14 -15
leaf_value=9.6852930829443635e-05 -2.7745004413035166e-05 0 0 0.00011205981801304371 4.4595162406734792e-05 0 -5.1796040213533008e-05 8.5246653557131892e-05 1.1106120746521441e-05 0 -2.4925894493869698e-06 -0.00011206629372539064 0 0
leaf_weight=94 1866 140 147 272 177 384 1446 169 8028 2910 6778 144 119 164
leaf_count=94 1866 140 147 272 177 384 1446 169 8028 2910 6778 144 119 164
internal_value=0 1.02728e-05 4.1403e-05 7.16173e-05 -5.06161e-07 -1.4073e-05 -3.20264e-05 1.15056e-05 2.36088e-07 -7.88161e-06 3.86802e-06 0 -3.40425e-05 0
internal_weight=22838 1080 559 419 21758 2176 1623 553 19582 4776 14806 521 263 258
internal_count=22838 1080 559 419 21758 2176 1623 553 19582 4776 14806 521 263 258
is_linear=0
shrinkage=0.05


Tree=508
num_leaves=15
num_cat=0
split_feature=8 7 0 7 1 10 10 5 8 3 0 6 12 6
split_gain=5.11857e-05 0.000322114 0.000574901 0.000852695 0.000449858 0.000812622 0.0003329 0.000263473 0.000261626 0.000398548 0.0003804 0.000341591 0.000364123 0.000337705
threshold=-0.2145358704172238 50.827092146325626 -1.6661475400358743 58.188078648475191 0.24764875600145461 32.20948002270611 28.49309610858457 2.4933703337760869 0.040610708407734626 -5.4281132922291633 -1.8701605333286624 1.6658341590307759 4.8024295698217676 1.2133145831199397
decision_type=2 2 2 2 2 2 2 2 2 2 2 2 2 2
left_child=1 4 7 -4 6 -6 -1 -3 9 -2 -11 13 -13 -10
right_child=8 2 3 -5 5 -7 -8 -9 11 10 -12 12 -14 -15
leaf_value=-3.3681629261531514e-06 0 0 5.995539231517933e-05 0 0 -4.2966612931910672e-05 1.6596080768063934e-05 -7.8140331496932911e-05 0 0 -5.3925598554144653e-05 0 5.1650166935174643e-05 -2.7878615968355606e-05
leaf_weight=2700 173 60 1177 857 1629 1591 3699 140 7333 81 916 648 624 1210
leaf_count=2700 173 60 1177 857 1629 1591 3699 140 7333 81 916 648 624 1210
internal_value=0 2.30153e-06 1.97043e-05 3.21449e-05 -1.8261e-07 -1.67851e-05 5.82939e-06 -3.1721e-05 -2.43565e-06 -2.47832e-05 -4.14614e-05 0 2.43861e-05 -3.3685e-06
internal_weight=22838 11853 2234 2034 9619 3220 6399 200 10985 1170 997 9815 1272 8543
internal_count=22838 11853 2234 2034 9619 3220 6399 200 10985 1170 997 9815 1272 8543
is_linear=0
shrinkage=0.05


Tree=509
num_leaves=15
num_cat=0
split_feature=11 16 16 11 16 13 14 11 0 20 2 8 16 0
split_gain=4.97952e-05 0.000406457 0.000467537 0.000602618 0.000599351 0.000387308 0.000474276 0.0002818 0.000898033 0.000507631 0.000450882 0.000392535 0.000307544 0.000151446
threshold=-3.3181721535572284 -3.4405164617242741 -7.0035038969353911 -5.4133863284867969 -8.3205735204465743 -0.85891014112878239 11.944999694824221 -2.2714738939529231 -1.2160757030068987 -0.42221246925246075 -4.9967347773296629 -1.3548362143528048 2.2256172921397641 -2.9958650972435295
decision_type=2 2 2 2 2 2 2 2 2 2 2 2 2 2
left_child=1 2 4 -4 -1 13 -7 8 10 11 -2 -9 -11 -3
right_child=7 5 3 -5 -6 6 -8 9 -10 12 -12 -13 -14 -15
leaf_value=0 0 3.153529932294691e-05 -6.6397330476368637e-05 0 5.5643867126625131e-05 0 7.4109268393588256e-05 0 0 4.906108149996625e-06 -9.5901287729284696e-05 6.5468995502561886e-05 -8.9442279304126907e-06 -2.058287782314447e-05
leaf_weight=1603 76 214 564 845 543 199 594 118 1459 7934 445 522 7334 388
leaf_count=1603 76 214 564 845 543 199 594 118 1459 7934 445 522 7334 388
internal_value=0 4.47614e-06 -6.38918e-07 -2.64215e-05 9.30711e-06 2.82474e-05 5.12091e-05 -1.18902e-06 -1.91911e-05 1.09828e-07 -7.54892e-05 4.4342e-05 -7.64683e-07 0
internal_weight=22838 4950 3555 1409 2146 1395 793 17888 1980 15908 521 640 15268 602
internal_count=22838 4950 3555 1409 2146 1395 793 17888 1980 15908 521 640 15268 602
is_linear=0
shrinkage=0.05


Tree=510
num_leaves=15
num_cat=0
split_feature=2 12 9 2 9 18 4 11 4 4 0 2 14 12
split_gain=4.92577e-05 0.000424382 0.000615983 0.000785481 0.000701985 0.000548375 0.000590895 0.000276676 0.000209725 0.000692142 0.000890918 0.000729375 0.000418395 0.000549491
threshold=-1.572433032119319 -1.9663615910092618 0.27562015963499492 -3.8095062323359126 0.18280098315632221 0.85081191903879438 3.1520931824345513 1.5152702837453502 2.2731712619599809 3.3190458611969795 0.083286886251394868 4.2542345204065972 10.704999923706056 7.5587777866017243
decision_type=2 2 2 2 2 2 2 2 2 2 2 2 2 2
left_child=1 2 4 -4 -1 6 -3 -7 12 10 -10 -11 -2 -14
right_child=8 5 3 -5 -6 7 -8 -9 9 11 -12 -13 13 -15
leaf_value=-5.8960655690364945e-06 5.2407788261313959e-06 9.4069921602067966e-06 0 -9.7273260833273832e-05 4.7527365739284216e-05 0 8.6099799318049009e-05 -8.8852690384120934e-05 4.6688257125836218e-05 -3.5251891660669384e-05 0 1.2152951834646623e-05 -2.3869160682999792e-05 8.6233141663399431e-06
leaf_weight=3633 2582 1886 155 375 720 472 503 91 1645 1724 2323 915 4834 980
leaf_count=3633 2582 1886 155 375 720 472 503 91 1645 1724 2323 915 4834 980
internal_value=0 3.25079e-06 -3.32774e-06 -5.47902e-05 0 1.92096e-05 3.186e-05 -7.83593e-06 -1.63963e-06 3.60321e-06 1.85154e-05 -1.31354e-05 -7.55162e-06 -1.58122e-05
internal_weight=22838 7835 4883 530 4353 2952 2389 563 15003 6607 3968 2639 8396 5814
internal_count=22838 7835 4883 530 4353 2952 2389 563 15003 6607 3968 2639 8396 5814
is_linear=0
shrinkage=0.05


Tree=511
num_leaves=14
num_cat=0
split_feature=14 14 14 13 13 4 13 13 8 2 14 14 14
split_gain=4.99836e-05 0.00057216 0.000526391 0.00152867 0.00146246 0.000412995 0.00034539 0.00080192 0.000610224 0.000212004 0.000177474 0.00164861 0.000822023
threshold=10.260000228881838 10.219999790191652 10.460000038146974 0.58543975638573065 0.67612298378809677 1.2675258183381091 -0.13535187241220933 0.015546919509756842 0.77847657621106092 -0.17386973400962955 11.039999961853029 11.144999980926515 10.920000076293947
decision_type=2 2 2 2 2 2 2 2 2 2 2 2 2
left_child=1 6 3 5 -5 -2 8 -8 -1 -3 12 -12 -4
right_child=2 9 10 4 -6 -7 7 -9 -10 -11 11 -13 -14
leaf_value=0 0 0 0 -0.00018082410936304686 1.6411572773477549e-05 0.00012532443816797029 8.1183589097715025e-05 0 -6.6494892256856769e-05 -0.00010954290095776024 0.00013725720843104806 0 -7.2268535597440822e-05
leaf_weight=434 69 56 1930 109 232 393 347 1597 474 171 219 16334 473
leaf_count=434 69 56 1930 109 232 393 347 1597 474 171 219 16334 473
internal_value=0 -5.79773e-06 1.04137e-06 4.07853e-05 -3.11917e-06 0.000105525 0 1.21851e-05 -2.5144e-05 -8.20229e-05 0 1.18288e-06 -1.3226e-05
internal_weight=22838 3079 19759 803 341 462 2852 1944 908 227 18956 16553 2403
internal_count=22838 3079 19759 803 341 462 2852 1944 908 227 18956 16553 2403
is_linear=0
shrinkage=0.05


Tree=512
num_leaves=11
num_cat=0
split_feature=15 2 1 0 1 10 6 3 10 10
split_gain=4.9665e-05 0.00036199 0.000201639 0.000257771 0.000695658 0.000175145 0.000327327 0.000187078 1.29339e-05 0.000227395
threshold=8.7162477917075449 8.6177823431344738 0.26357087488971026 5.4089737640413373 0.80630385701958662 70.731206504103213 1.0017755939983866 6.7082428865620667 29.047508371911928 48.197347769619903
decision_type=2 2 2 2 2 2 2 2 2 2
left_child=1 5 8 4 -4 7 -7 -1 -2 -10
right_child=2 -3 3 -5 -6 6 -8 -9 9 -11
leaf_value=4.6229232102676798e-07 0 7.3783907567243791e-05 0 0 -0.00018593196246482636 0 9.6002426349851142e-05 -1.1984526324130064e-05 7.4586680314462663e-05 0
leaf_weight=18489 61 166 75 53 86 293 134 3311 107 63
leaf_count=18489 61 166 75 53 86 293 134 3311 107 63
internal_value=0 4.32184e-07 -1.64016e-05 -5.38766e-05 -8.84889e-05 0 3.15453e-05 -7.40561e-07 0 1.37511e-05
internal_weight=22838 22393 445 214 161 22227 427 21800 231 170
internal_count=22838 22393 445 214 161 22227 427 21800 231 170
is_linear=0
shrinkage=0.05


Tree=513
num_leaves=15
num_cat=0
split_feature=6 6 21 3 10 2 9 13 13 13 10 10 7 7
split_gain=4.43857e-05 0.000303861 0.000534048 0.00028428 0.000381638 0.000944433 0.000644902 0.000183901 0.000633849 0.000546244 0.000163877 0.000216127 9.82467e-05 5.05487e-06
threshold=0.48241061787180861 0.52861722120325272 0.13137258205060162 -3.3323649686920747 28.787145391361211 -1.02624262007428 0.6230689994776123 -0.89704472932619062 -0.92168973315990266 -0.75248234889007104 57.183535746999034 21.262643866956711 40.939947303500595 36.479524308045683
decision_type=2 2 2 2 2 2 2 2 2 2 2 2 2 2
left_child=3 2 12 10 6 -6 -5 8 -3 -9 11 -1 -2 -12
right_child=1 7 -4 4 5 -7 -8 9 -10 -11 13 -13 -14 -15
leaf_value=0 3.1924232548458146e-05 0 0.00010638880882832257 -2.3693365248384284e-05 0 -6.8871094639674581e-05 5.6422597055662414e-05 5.3834876331365201e-05 -0.00010068602190971655 0 -1.1076597109475424e-05 3.7408669467671036e-05 0 0
leaf_weight=156 240 2174 186 682 476 850 385 483 197 15559 102 734 564 50
leaf_count=156 240 2174 186 682 476 850 385 483 197 15559 102 734 564 50
internal_value=0 1.05999e-06 2.80811e-05 -5.09407e-06 -1.73579e-05 -3.55324e-05 0 0 -1.33483e-05 1.52102e-06 8.67853e-06 2.34089e-05 0 0
internal_weight=22838 19403 990 3435 2393 1326 1067 18413 2371 16042 1042 890 804 152
internal_count=22838 19403 990 3435 2393 1326 1067 18413 2371 16042 1042 890 804 152
is_linear=0
shrinkage=0.05


Tree=514
num_leaves=11
num_cat=0
split_feature=14 14 13 4 14 13 7 14 13 13
split_gain=4.72203e-05 0.000179585 0.000881426 0.000704917 0.000519001 0.00117209 0.000247333 0.000184057 3.61164e-05 3.27219e-05
threshold=9.4149999618530291 9.865000247955324 0.68329041711937555 3.2536949774539159 10.055000305175783 -0.15511208884687042 60.097980057545243 10.615000247955324 0.015546919509756842 -0.13535187241220933
decision_type=2 2 2 2 2 2 2 2 2 2
left_child=8 2 3 -2 5 -3 -4 -6 9 -1
right_child=1 4 6 -5 7 -7 -8 -9 -10 -11
leaf_value=-2.4139685306062868e-05 8.4674321006418762e-05 0 -5.9121668287662038e-05 0 1.3756205170902149e-05 -0.00011003366909058426 0 -1.207270730065767e-07 -4.2192773422120028e-05 1.1148900583280283e-05
leaf_weight=114 604 341 199 72 2505 347 144 18280 114 118
leaf_count=114 604 341 199 72 2505 347 144 18280 114 118
internal_value=0 4.00916e-07 2.10643e-05 6.16777e-05 0 -4.3155e-05 -1.53205e-05 8.30657e-07 -1.816e-05 0
internal_weight=22838 22492 1019 676 21473 688 343 20785 346 232
internal_count=22838 22492 1019 676 21473 688 343 20785 346 232
is_linear=0
shrinkage=0.05


Tree=515
num_leaves=11
num_cat=0
split_feature=14 14 14 14 14 15 13 13 13 12
split_gain=4.55654e-05 0.000590632 0.00131642 0.00111028 0.000355192 0.000341649 0.000527484 0.000303706 0.000667025 0.000549989
threshold=10.280000209808351 10.315000057220461 10.339999675750734 10.460000038146974 10.219999790191652 -1.5964584055934814 0.67612298378809677 -0.13535187241220933 0.015546919509756842 -0.19722812283171345
decision_type=2 2 2 2 2 2 2 2 2 2
left_child=4 -2 -3 -4 7 -6 -7 9 -9 -1
right_child=1 2 3 -5 5 6 -8 8 -10 -11
leaf_value=-6.7554149431557173e-05 7.9413949816675865e-05 -0.00017247824560697405 8.9738568182159362e-05 0 0 -0.00012855716443925224 0 7.4309314287953989e-05 0 0
leaf_weight=411 236 109 346 18956 57 190 92 347 1597 497
leaf_count=411 236 109 346 18956 57 190 92 347 1597 497
internal_value=0 9.59203e-07 0 9.84195e-07 -5.4794e-06 -5.3792e-05 -8.05883e-05 0 1.14288e-05 -2.35753e-05
internal_weight=22838 19647 19411 19302 3191 339 282 2852 1944 908
internal_count=22838 19647 19411 19302 3191 339 282 2852 1944 908
is_linear=0
shrinkage=0.05


Tree=516
num_leaves=11
num_cat=0
split_feature=14 14 14 15 1 12 10 14 14 12
split_gain=4.55806e-05 0.000141973 0.000437919 0.00089845 0.00030264 0.00046711 0.000192326 2.93537e-05 2.28539e-05 2.73189e-06
threshold=9.4149999618530291 9.865000247955324 10.055000305175783 1.9799591119971984 0.49837697715335733 1.2347313022296411 16.814984563174196 9.2849998474121112 9.1699995994567889 -1.1684756994220296
decision_type=2 2 2 2 2 2 2 2 2 2
left_child=7 4 3 -3 5 -2 -4 8 -1 -6
right_child=1 2 6 -5 9 -7 -8 -9 -10 -11
leaf_value=-2.1151541967613062e-05 6.4409342790829467e-05 -8.8403312315911726e-05 1.5012532670965272e-05 0 -9.3573801673184684e-06 0 -1.1891971265668732e-07 -4.0101479163201048e-05 6.9118977023949971e-06 0
leaf_weight=114 549 425 2183 263 77 310 18602 114 118 83
leaf_count=114 549 425 2183 263 77 310 18602 114 118 83
internal_value=0 3.267e-07 0 -3.96488e-05 1.8717e-05 3.59899e-05 7.49308e-07 -1.79296e-05 0 0
internal_weight=22838 22492 21473 688 1019 859 20785 346 232 160
internal_count=22838 22492 21473 688 1019 859 20785 346 232 160
is_linear=0
shrinkage=0.05


Tree=517
num_leaves=15
num_cat=0
split_feature=1 1 10 13 8 3 14 14 14 13 4 13 8 12
split_gain=4.43055e-05 0.000681882 0.000636616 0.000747428 0.000623346 0.000690542 0.000541449 0.00131765 0.00119074 0.00105289 0.000984515 0.000982909 0.000479803 0.000411838
threshold=1.0000000180025095e-35 0.019493730043744575 17.982413595045113 -0.18422338437944494 -2.5049949249238694 1.3014845058672788 11.739999771118166 11.219999790191652 13.769999980926515 0.55772823085510359 1.702432191906819 0.10974257862870208 -0.42194658058765228 -1.9167628996020272
decision_type=2 2 2 2 2 2 2 2 2 2 2 2 2 2
left_child=6 2 -2 -4 5 -3 7 13 10 -10 -8 -9 -6 -1
right_child=1 4 3 -5 12 -7 8 11 9 -11 -12 -13 -14 -15
leaf_value=-8.5054001332386501e-06 0 0 0 -9.7692058770417649e-05 3.0415545817429915e-05 -5.8159957997676186e-05 0 -7.2001967780989588e-05 -2.7332213379040269e-05 9.2721737370617889e-05 5.0893081281733387e-05 0 0 2.5443913294627869e-05
leaf_weight=977 129 2884 334 545 2002 777 896 1141 1898 166 2435 373 6561 1720
leaf_count=977 129 2884 334 545 2002 777 896 1141 1898 166 2435 373 6561 1720
internal_value=0 -1.874e-06 -4.16552e-05 -6.16286e-05 1.82531e-07 -1.5723e-05 2.58691e-06 -8.77577e-06 1.42357e-05 -1.03726e-05 3.39842e-05 -4.78114e-05 8.7353e-06 7.58736e-06
internal_weight=22838 13232 1008 879 12224 3661 9606 4211 5395 2064 3331 1514 8563 2697
internal_count=22838 13232 1008 879 12224 3661 9606 4211 5395 2064 3331 1514 8563 2697
is_linear=0
shrinkage=0.05


Tree=518
num_leaves=15
num_cat=0
split_feature=13 13 0 13 0 14 12 14 4 5 19 5 14 7
split_gain=4.94562e-05 0.000759805 0.00100287 0.000608455 0.00084638 0.000717694 0.00193448 0.00105522 0.000598521 0.00114654 0.000988996 0.000333497 0.000312301 2.98373e-06
threshold=-0.075603740240881553 -0.11692168393516721 -0.48147201585095695 -0.013045006246314992 0.98581115602265734 10.84500026702881 1.0339346370256994 11.204999923706056 4.8941229472114598 3.2745585859694737 0.55893111095968129 2.1518589566485198 12.539999961853029 49.480455845151447
decision_type=2 2 2 2 2 2 2 2 2 2 2 2 2 2
left_child=1 8 11 4 12 6 -5 -7 10 -10 -1 -3 -2 -4
right_child=3 2 13 5 -6 7 -8 -9 9 -11 -12 -13 -14 -15
leaf_value=0 -0.00015071523573802033 0 -6.7771081155794059e-06 5.6732762220404555e-05 0 -8.3016118236208468e-05 -1.4496529914450548e-05 -1.7755365214208534e-06 0 -0.00011900300061723577 7.2321625585566586e-05 0.00017123275242341638 0 2.2820390614571031e-06
leaf_weight=8898 196 85 141 1797 72 454 1521 8209 222 304 480 180 100 179
leaf_count=8898 196 85 141 1797 72 454 1521 8209 222 304 480 180 100 179
internal_value=0 2.51986e-06 5.79237e-05 -2.14895e-06 -6.53979e-05 0 1.95667e-05 -7.77349e-06 0 -5.25076e-05 2.14965e-06 0.00012968 -0.000111526 0
internal_weight=22838 10489 585 12349 368 11981 3318 8663 9904 526 9378 265 296 320
internal_count=22838 10489 585 12349 368 11981 3318 8663 9904 526 9378 265 296 320
is_linear=0
shrinkage=0.05


Tree=519
num_leaves=13
num_cat=0
split_feature=14 5 14 13 13 2 14 14 15 14 6 6
split_gain=5.14566e-05 0.000659129 0.000403547 0.000945077 0.000481168 0.000218506 0.000165803 0.000406778 0.000624435 0.000391767 0.000266019 0.000233951
threshold=10.055000305175783 2.9130777541678738 9.7800002098083514 -0.15511208884687042 0.7137331665604153 0.065550766849487033 10.154999732971193 10.260000228881838 -1.6294221364107628 10.460000038146974 1.3539873758688448 0.52090255505601557
decision_type=2 2 2 2 2 2 2 2 2 2 2 2
left_child=1 2 4 -4 -1 -3 10 8 -8 -9 11 -2
right_child=6 5 3 -5 -6 -7 7 9 -10 -11 -12 -13
leaf_value=4.2945543901469683e-05 0 -0.00015208730755839498 0 -9.5969716175271487e-05 -4.5047128573702057e-06 0 0 3.5123887419884527e-05 -9.3734598332010952e-05 0 0 6.2762067998236199e-05
leaf_weight=914 142 99 406 312 203 119 51 803 291 18956 118 424
leaf_count=914 142 99 406 312 203 119 51 803 291 18956 118 424
internal_value=0 -7.61051e-06 0 -2.68953e-05 2.0909e-05 -8.98194e-05 6.82214e-07 0 -5.41156e-05 7.94342e-07 2.48846e-05 4.38297e-05
internal_weight=22838 2053 1835 718 1117 218 20785 20101 342 19759 684 566
internal_count=22838 2053 1835 718 1117 218 20785 20101 342 19759 684 566
is_linear=0
shrinkage=0.05


Tree=520
num_leaves=13
num_cat=0
split_feature=13 13 13 5 0 11 0 9 12 11 10 9
split_gain=5.33813e-05 0.00137368 0.000835505 0.000431612 0.00037659 0.000499305 0.000374093 0.000825616 0.000463975 0.00034175 0.00022665 0.000191374
threshold=0.52555861591733211 0.53714975524669095 0.49393563195667683 2.2031988749776041 0.24052246359238361 1.3823560492124165 2.6712980405347637 0.88191008185560882 7.5587777866017243 -1.3477683254984363 52.373624638677185 0.12491996107576948
decision_type=2 2 2 2 2 2 2 2 2 2 2 2
left_child=2 3 6 -2 5 -3 8 -8 -1 11 -6 -4
right_child=1 4 9 -5 10 -7 7 -9 -10 -11 -12 -13
leaf_value=-7.7897113402061432e-07 0 0 0 -0.00016839308308305695 0 -6.9405633778465707e-05 -9.4356084918580932e-05 0 2.3449848213448618e-05 0 4.3715156677182598e-05 0.0002503160798594102
leaf_weight=14683 74 1103 55 162 2840 378 332 390 2155 126 486 54
leaf_count=14683 74 1103 55 162 2840 378 332 390 2155 126 486 54
internal_value=0 -4.64497e-06 1.17633e-06 -0.000122268 0 -1.97391e-05 0 -3.52953e-05 1.43236e-06 9.46311e-05 1.04604e-05 0.000164255
internal_weight=22838 5043 17795 236 4807 1481 17560 722 16838 235 3326 109
internal_count=22838 5043 17795 236 4807 1481 17560 722 16838 235 3326 109
is_linear=0
shrinkage=0.05


Tree=521
num_leaves=13
num_cat=0
split_feature=13 13 13 21 8 19 8 12 20 10 9 9
split_gain=4.66159e-05 0.00124919 0.00078609 0.000478178 0.000429749 0.000454761 0.000367548 0.000350492 0.000257217 0.000134773 0.000376004 6.24772e-05
threshold=0.52555861591733211 0.53714975524669095 0.49393563195667683 0.35905616534930279 -30.56304263854285 -0.060259226587078545 -71.005765449534877 9.2255528921557808 -0.76033633803498291 24.02618267499729 0.3628691483981516 0.59264785210116666
decision_type=2 2 2 2 2 2 2 2 2 2 2 2
left_child=2 11 3 6 5 -3 -1 -6 -5 -4 -11 -2
right_child=1 4 9 8 7 -7 -8 -9 -10 10 -12 -13
leaf_value=-4.9771336638104845e-05 -0.00013964311714117407 0 0 0 0 0.00010618765877111823 2.6133682295936516e-06 -4.492134442398922e-05 -0.00012395537996903345 0.00018735144133222672 0 0
leaf_weight=327 172 56 66 71 4113 193 17044 445 118 92 77 64
leaf_count=327 172 56 66 71 4113 193 17044 445 118 92 77 64
internal_value=0 -4.32509e-06 1.11651e-06 0 0 6.48262e-05 7.60987e-07 -2.28312e-06 -7.89865e-05 9.17673e-05 0.00011693 -0.000116513
internal_weight=22838 5043 17795 17560 4807 249 17371 4558 189 235 169 236
internal_count=22838 5043 17795 17560 4807 249 17371 4558 189 235 169 236
is_linear=0
shrinkage=0.05


Tree=522
num_leaves=15
num_cat=0
split_feature=18 1 20 13 1 2 20 20 13 20 13 13 13 16
split_gain=4.35871e-05 0.000508045 0.00112269 0.000841287 0.000734258 0.00142109 0.000733781 0.000496398 0.000647321 0.000385732 0.000357929 0.000205927 0.000811255 0.000728729
threshold=1.234778214372964 0.22129967332893644 -0.22009933571269646 0.81313922080297207 -0.36060513754137802 0.73087250453620645 -0.49011484437878389 0.41767670762102571 0.24305868236405018 0.89741855169194795 -0.43357954555437445 -0.33360624145318257 -0.27067507371424376 1.4944357966496737
decision_type=2 2 2 2 2 2 2 2 2 2 2 2 2 2
left_child=7 4 10 -4 6 -6 -2 11 -9 -10 -3 13 -13 -1
right_child=1 2 3 -5 5 -7 -8 8 9 -11 -12 12 -14 -15
leaf_value=-2.4019722410902882e-05 8.5907825924307518e-05 6.4483416562273842e-07 0.0001172189229245351 0 -9.6033002253669236e-05 8.334067330153519e-06 0 0 -0.00011884954189126266 0 -5.3433262210091931e-05 4.7709147238780433e-05 0 9.9708133209397995e-06
leaf_weight=3306 272 122 452 338 566 255 781 303 271 118 315 979 12486 2274
leaf_count=3306 272 122 452 338 566 255 781 303 271 118 315 979 12486 2274
internal_value=0 5.40248e-06 3.28088e-05 7.21805e-05 -4.54969e-06 -4.5398e-05 1.30802e-05 -9.66303e-07 -4.26304e-05 -8.58999e-05 -4.12237e-06 0 3.87789e-06 -7.48067e-06
internal_weight=22838 3101 1227 790 1874 821 1053 19737 692 389 437 19045 13465 5580
internal_count=22838 3101 1227 790 1874 821 1053 19737 692 389 437 19045 13465 5580
is_linear=0
shrinkage=0.05


Tree=523
num_leaves=15
num_cat=0
split_feature=11 8 13 13 8 11 5 11 15 4 13 2 8 16
split_gain=4.59448e-05 0.000402253 0.000462028 0.000499946 0.000314014 0.00081983 0.000324182 0.000667726 0.000367988 0.000297226 0.000208617 0.000879035 0.000739607 9.44183e-05
threshold=-7.7066768246645916 -12.597374435661026 0.12984449397854816 -0.50203922587736527 -14.758454303354196 -10.268986424557026 3.9075576177942732 -8.7275328266120855 -6.886492961252376 4.756837566660816 0.35392504189512014 -0.50497274781468027 -2.4169932421796987 -9.7478124622880902
decision_type=2 2 2 2 2 2 2 2 2 2 2 2 2 2
left_child=4 2 3 -2 5 9 8 -8 -6 -1 12 -12 -3 -7
right_child=1 10 -4 -5 6 13 7 -9 -10 -11 11 -13 -14 -15
leaf_value=0.0001864905236886083 0 2.8489956119378902e-05 0 -6.4540036424626297e-05 0 -3.8111031192989518e-05 -0.0001002825857078263 0 5.9716496906236118e-05 0 -3.1372684279159659e-05 5.6796753670016273e-06 0 1.9121515574416888e-05
leaf_weight=105 472 2725 947 814 68 123 236 62 284 50 2282 4036 10482 152
leaf_count=105 472 2725 947 814 68 123 236 62 284 50 2282 4036 10482 152
internal_value=0 -5.24809e-07 -2.10499e-05 -4.08243e-05 1.00355e-05 4.55415e-05 0 -4.88701e-05 1.65217e-05 0.000137362 1.05531e-06 -5.33233e-06 5.2469e-06 0
internal_weight=22838 21758 2233 1286 1080 430 650 298 352 155 19525 6318 13207 275
internal_count=22838 21758 2233 1286 1080 430 650 298 352 155 19525 6318 13207 275
is_linear=0
shrinkage=0.05


Tree=524
num_leaves=14
num_cat=0
split_feature=14 5 14 15 0 10 10 3 4 10 10 15 8
split_gain=5.26776e-05 0.000608533 0.0003571 0.000705632 0.00047011 0.000180597 0.000174386 0.000685683 0.000510875 0.000296271 0.00029621 0.000216969 0.000174844
threshold=10.055000305175783 2.9130777541678738 9.7800002098083514 1.9799591119971984 -0.10056529367334587 27.45746954910248 16.814984563174196 -1.7337418592951401 1.2675258183381091 13.29485502217976 19.059078907906585 2.0349621002537681 4.5304339255557311
decision_type=2 2 2 2 2 2 2 2 2 2 2 2 2
left_child=1 2 4 -4 -1 -3 7 9 -9 -2 11 -8 -12
right_child=6 5 3 -5 -6 -7 10 8 -10 -11 12 -13 -14
leaf_value=6.0298391245293939e-05 -4.9744278876487716e-05 -0.00018082288061350483 -6.9795002773032907e-05 0 0 0 -3.8181898567460693e-05 0 5.13406132058577e-05 0 3.8097838538360017e-06 0 -8.8948431451488221e-06
leaf_weight=438 329 63 458 260 679 155 872 122 1275 457 14457 272 3001
leaf_count=438 329 63 458 260 679 155 872 122 1275 457 14457 272 3001
internal_value=0 -7.63639e-06 0 -2.5618e-05 1.94026e-05 -8.65659e-05 7.57146e-07 1.43202e-05 3.86297e-05 -9.82089e-06 -2.88769e-08 -2.52548e-05 7.6634e-07
internal_weight=22838 2053 1835 718 1117 218 20785 2183 1397 786 18602 1144 17458
internal_count=22838 2053 1835 718 1117 218 20785 2183 1397 786 18602 1144 17458
is_linear=0
shrinkage=0.05


Tree=525
num_leaves=15
num_cat=0
split_feature=12 1 19 15 0 0 11 19 5 12 5 1 6 12
split_gain=4.47255e-05 0.000360809 0.000678446 0.000761161 0.000383983 0.000216262 0.000839387 0.00067198 0.000340511 0.00191623 0.000421888 0.000307414 0.00018341 0.000807612
threshold=-9.2347614267499871 0.10873491796530067 0.15373800291212783 -7.3027270156289452 2.3809421006399645 2.9299044835897701 2.3852198231379194 1.6882079413525284 4.538150254863198 3.098440485756099 3.2166586477788006 1.2674106992600846 1.0497445474032994 -11.273396390877975
decision_type=2 2 2 2 2 2 2 2 2 2 2 2 2 2
left_child=1 12 3 -3 -4 8 7 -7 10 -10 -2 -8 13 -1
right_child=5 2 4 -5 -6 6 11 -9 9 -11 -12 -13 -14 -15
leaf_value=-9.023484379279222e-05 1.4698281576199653e-06 0 -9.7491192576097381e-05 9.6717565879253831e-05 0 -0.00010377956378136726 0 0 0.00015183474864164433 -1.3446922350052481e-05 -2.0737061605000969e-05 7.3310094636720865e-05 4.4067801290072727e-06 0
leaf_weight=302 17076 80 100 491 56 401 513 73 242 195 2376 142 536 255
leaf_count=302 17076 80 100 491 56 401 513 73 242 195 2376 142 536 255
internal_value=0 7.45728e-06 3.71234e-05 6.86967e-05 0 -7.08341e-07 -2.20859e-05 -7.46877e-05 0 4.39732e-05 -4.7251e-07 0 0 -2.83379e-05
internal_weight=22838 1820 727 571 156 21018 1129 474 19889 437 19452 655 1093 557
internal_count=22838 1820 727 571 156 21018 1129 474 19889 437 19452 655 1093 557
is_linear=0
shrinkage=0.05


Tree=526
num_leaves=11
num_cat=0
split_feature=14 14 13 8 14 13 7 9 13 13
split_gain=5.64842e-05 9.14652e-05 0.000695847 0.000607789 0.000317359 0.000946837 0.000245806 0.000149654 2.42161e-05 2.40364e-05
threshold=9.4149999618530291 9.865000247955324 0.68329041711937555 2.7631268155521003 10.055000305175783 -0.15511208884687042 60.097980057545243 0.99362140949327771 0.015546919509756842 -0.13535187241220933
decision_type=2 2 2 2 2 2 2 2 2 2
left_child=8 2 3 -2 5 -3 -4 -6 9 -1
right_child=1 4 6 -5 7 -7 -8 -9 -10 -11
leaf_value=-2.2558473868348705e-05 8.0377128589829871e-05 0 -5.9128343193879125e-05 0 2.3125514465761386e-06 -9.5156849626002292e-05 0 -1.6584027873533962e-05 -4.1714594204044585e-05 3.6313075683776249e-06
leaf_weight=114 526 341 199 150 19776 347 144 1009 114 118
leaf_count=114 526 341 199 150 19776 347 144 1009 114 118
internal_value=0 2.69891e-07 1.50262e-05 5.27697e-05 0 -3.37322e-05 -1.5693e-05 6.72831e-07 -2.00556e-05 0
internal_weight=22838 22492 1019 676 21473 688 343 20785 346 232
internal_count=22838 22492 1019 676 21473 688 343 20785 346 232
is_linear=0
shrinkage=0.05


Tree=527
num_leaves=11
num_cat=0
split_feature=14 14 14 1 14 1 14 1 14 14
split_gain=5.08323e-05 9.10782e-05 0.002043 0.00064872 0.000500706 0.00155498 0.000395507 9.18042e-05 2.18749e-05 2.17127e-05
threshold=9.4149999618530291 11.679999828338625 11.719999790191652 0.18936021624326235 11.38000011444092 -0.46952013107126028 11.219999790191652 0.15864618990901277 9.2849998474121112 9.1699995994567889
decision_type=2 2 2 2 2 2 2 2 2 2
left_child=8 4 7 -4 6 -6 -2 -3 9 -1
right_child=1 2 3 -5 5 -7 -8 -9 -10 -11
leaf_value=-2.144035749995016e-05 4.6974867811700145e-06 -0.00017430745740067597 1.024485022975029e-05 -1.2784295636032056e-05 -7.6471464687191863e-05 5.7288161411755243e-05 -2.3920483912121408e-05 0 -3.9647000681092649e-05 3.4512687051872296e-06
leaf_weight=114 6716 176 7486 5114 177 1305 1468 50 114 118
leaf_count=114 6716 176 7486 5114 177 1305 1468 50 114 118
internal_value=0 2.11001e-07 -1.78328e-06 0 4.40884e-06 3.11574e-05 0 -0.000150598 -1.90615e-05 0
internal_weight=22838 22492 12826 12600 9666 1482 8184 226 346 232
internal_count=22838 22492 12826 12600 9666 1482 8184 226 346 232
is_linear=0
shrinkage=0.05


Tree=528
num_leaves=11
num_cat=0
split_feature=14 14 14 14 1 14 1 14 14 14
split_gain=4.5699e-05 8.01598e-05 0.00189925 0.00148879 0.000506067 0.000436753 0.00142135 0.000356967 1.97601e-05 1.96136e-05
threshold=9.4149999618530291 11.679999828338625 11.739999771118166 11.75500011444092 0.46780530926067138 11.38000011444092 -0.46952013107126028 11.219999790191652 9.2849998474121112 9.1699995994567889
decision_type=2 2 2 2 2 2 2 2 2 2
left_child=8 5 4 -4 -3 7 -7 -2 9 -1
right_child=1 2 3 -5 -6 6 -8 -9 -10 -11
leaf_value=-2.0377661080087629e-05 4.4626475661105609e-06 -0.00011164241916906037 0.00017956051541440158 0 0 -7.2669370761769043e-05 5.4425947776664451e-05 -2.2725274438167707e-05 -3.768188974556878e-05 3.2801577477019427e-06
leaf_weight=114 6716 483 115 12149 79 177 1305 1468 114 118
leaf_count=114 6716 483 115 12149 79 177 1305 1468 114 118
internal_value=0 1.25876e-07 -1.7078e-06 1.21499e-06 -9.20211e-05 4.11062e-06 2.90931e-05 0 -1.81167e-05 0
internal_weight=22838 22492 12826 12264 562 9666 1482 8184 346 232
internal_count=22838 22492 12826 12264 562 9666 1482 8184 346 232
is_linear=0
shrinkage=0.05


Tree=529
num_leaves=14
num_cat=0
split_feature=14 5 14 11 12 2 10 6 16 10 1 9 1
split_gain=4.32582e-05 0.000567664 0.000283405 0.000585757 0.0003802 0.000189914 0.000143922 0.000443807 0.00130398 0.000266421 0.000252701 0.000172998 0.000151775
threshold=10.055000305175783 2.9130777541678738 9.7800002098083514 3.0306950401338639 1.2347313022296411 0.065550766849487033 16.814984563174196 0.68696579870530206 0.26935480359048808 19.059078907906585 1.0000000180025095e-35 0.31631668554396269 0.21707668791080589
decision_type=2 2 2 2 2 2 2 2 2 2 2 2 2
left_child=1 2 4 -4 -1 -3 7 8 -2 12 -11 -9 -8
right_child=6 5 3 -5 -6 -7 9 11 -10 10 -12 -13 -14
leaf_value=4.3221903817079011e-05 0 -0.0001413138174553751 -6.3510616430509224e-05 0 0 0 -3.8948051570771708e-05 -2.6409385709441028e-05 0.00012181963424126162 8.2163447580396627e-06 -3.6582651744954167e-06 8.9652773294827272e-06 0
leaf_weight=695 463 99 451 267 422 119 685 517 318 7452 10006 885 459
leaf_count=695 463 99 451 267 422 119 685 517 318 7452 10006 885 459
internal_value=0 -7.08187e-06 0 -2.23387e-05 1.76864e-05 -8.33701e-05 4.96852e-07 1.29186e-05 4.34156e-05 -1.5517e-07 5.51472e-07 0 -2.40304e-05
internal_weight=22838 2053 1835 718 1117 218 20785 2183 781 18602 17458 1402 1144
internal_count=22838 2053 1835 718 1117 218 20785 2183 781 18602 17458 1402 1144
is_linear=0
shrinkage=0.05


Tree=530
num_leaves=13
num_cat=0
split_feature=6 6 18 9 2 4 8 0 11 0 4 1
split_gain=4.30272e-05 0.000199155 0.00027694 0.000196356 0.000314632 0.000511794 0.000193381 0.000501216 0.000477193 0.000148094 0.000265046 3.22238e-05
threshold=1.9799542868872109 2.1703837091259537 1.5892350485192852 1.0223231961350081 7.5281779128428488 1.9461488909952742 18.306088478003609 0.25426314288977109 4.9802683492625333 -4.7334603025808457 3.6368786225937213 0.43408678272003848
decision_type=2 2 2 2 2 2 2 2 2 2 2 2
left_child=3 2 11 6 5 -5 8 -8 -1 -3 -11 -2
right_child=1 9 -4 4 -6 -7 7 -9 -10 10 -12 -13
leaf_value=-9.5821776168066614e-08 2.0811419026786493e-05 -6.0420803520359273e-05 0.00013942775874800813 0 0 -9.3527180672125577e-05 -5.1669160147122474e-05 0 3.1316093171143079e-05 0 4.3607902200933568e-05 0
leaf_weight=18216 185 97 65 139 174 293 640 444 1241 884 354 106
leaf_count=18216 185 97 65 139 174 293 640 444 1241 884 354 106
internal_value=0 7.40611e-06 4.06769e-05 -8.35455e-07 -2.88623e-05 -5.46294e-05 0 -2.05509e-05 1.1383e-06 0 3.1725e-06 0
internal_weight=22838 1691 356 21147 606 432 20541 1084 19457 1335 1238 291
internal_count=22838 1691 356 21147 606 432 20541 1084 19457 1335 1238 291
is_linear=0
shrinkage=0.05


Tree=531
num_leaves=11
num_cat=0
split_feature=15 2 5 4 7 10 6 10 3 4
split_gain=4.67879e-05 0.000322894 0.000200822 0.00025786 0.000518865 0.000158858 0.000286205 0.000173706 4.55681e-06 4.64561e-07
threshold=8.7162477917075449 8.6177823431344738 2.9021170643524346 4.8190749097622199 67.288301787816934 70.731206504103213 1.0017755939983866 35.632601763938432 9.5362451815534843 3.9157063786072359
decision_type=2 2 2 2 2 2 2 2 2 2
left_child=1 5 9 8 -5 7 -7 -1 -4 -2
right_child=2 -3 3 4 -6 6 -8 -9 -10 -11
leaf_value=1.6344799110086248e-06 0 6.9533823389500909e-05 -1.1497949723512079e-05 0 -0.00019848023847085784 0 8.9862010452499693e-05 -7.1097616693541672e-06 2.5774774713868188e-06 4.6811588816915943e-06
leaf_weight=13477 104 166 81 62 64 293 134 8323 82 52
leaf_count=13477 104 166 81 62 64 293 134 8323 82 52
internal_value=0 9.47898e-08 -1.61806e-05 -4.61939e-05 -9.97427e-05 0 2.95858e-05 -1.01611e-06 0 0
internal_weight=22838 22393 445 289 126 22227 427 21800 163 156
internal_count=22838 22393 445 289 126 22227 427 21800 163 156
is_linear=0
shrinkage=0.05


Tree=532
num_leaves=11
num_cat=0
split_feature=14 14 14 4 14 8 14 13 13 13
split_gain=4.50377e-05 7.98023e-05 0.00106404 0.000717932 0.000645102 0.00161659 0.00134676 0.000482228 1.60045e-05 1.90032e-05
threshold=9.4149999618530291 11.534999847412111 11.38000011444092 3.29805081535461 11.739999771118166 -0.4484269385348772 11.75500011444092 0.55071779110856822 0.015546919509756842 -0.13535187241220933
decision_type=2 2 2 2 2 2 2 2 2 2
left_child=8 2 7 -4 5 -3 -6 -2 9 -1
right_child=1 4 3 -5 6 -7 -8 -9 -10 -11
leaf_value=-2.0198310219237345e-05 5.7364721665406519e-06 -9.5338615568695017e-05 9.9177449361987063e-05 0 0.00017072458246447837 0 0 -2.4926641458769658e-05 -3.6395254145052455e-05 2.2292170236317661e-06
leaf_weight=114 6594 623 469 101 115 851 12149 1590 114 118
leaf_count=114 6594 623 469 101 115 851 12149 1590 114 118
internal_value=0 1.10534e-07 4.38142e-06 7.03776e-05 -1.51926e-06 -3.32462e-05 1.07338e-06 0 -1.79913e-05 0
internal_weight=22838 22492 8754 570 13738 1474 12264 8184 346 232
internal_count=22838 22492 8754 570 13738 1474 12264 8184 346 232
is_linear=0
shrinkage=0.05


Tree=533
num_leaves=15
num_cat=0
split_feature=11 3 10 3 8 3 16 16 15 15 20 13 13 7
split_gain=4.156e-05 0.000331737 0.000280065 0.000333839 0.000248918 0.000492302 0.000613747 0.000392054 0.000376743 0.000346626 0.000211787 0.00084079 0.000339641 0.000138878
threshold=-3.791717624107418 -5.832973645963107 34.556534708396526 -0.20821168695384082 -6.8050334036504685 1.3014845058672788 0.69838351388075159 6.3503449120514714 -4.5994530642436908 -3.4265084464645095 -0.054392540598517426 -0.43357954555437445 0.49393563195667683 45.676293434545663
decision_type=2 2 2 2 2 2 2 2 2 2 2 2 2 2
left_child=1 10 3 -3 5 6 -2 -7 13 -10 11 -1 -12 -6
right_child=4 2 -4 -5 8 7 -8 -9 9 -11 12 -13 -14 -15
leaf_value=0 -1.4468944667656855e-05 6.2361621094313914e-05 0 0 0 -7.7416678875927213e-05 7.2981353819273913e-05 0 -4.1294160988217137e-05 3.6111733515775254e-07 0 -8.1547412848690412e-05 3.604147897191112e-05 7.9886578619918134e-05
leaf_weight=583 1273 627 292 59 88 476 237 253 506 15574 1594 388 687 201
leaf_count=583 1273 627 292 59 88 476 237 253 506 15574 1594 388 687 201
internal_value=0 4.29837e-06 3.04464e-05 4.8375e-05 -1.17583e-06 -1.70075e-05 0 -5.07301e-05 7.42774e-08 -1.93854e-08 0 -2.23346e-05 4.42096e-06 5.69919e-05
internal_weight=22838 4230 978 686 18608 2239 1510 729 16369 16080 3252 971 2281 289
internal_count=22838 4230 978 686 18608 2239 1510 729 16369 16080 3252 971 2281 289
is_linear=0
shrinkage=0.05


Tree=534
num_leaves=15
num_cat=0
split_feature=8 8 3 18 0 4 14 14 5 14 6 4 9 13
split_gain=4.17357e-05 0.000405978 0.000544503 0.000308224 0.000601926 0.00100317 0.000553965 0.00171678 0.000487525 0.000370022 0.000302666 0.000448211 0.000334942 0.000187028
threshold=-0.11182939233899455 0.040610708407734626 -5.4281132922291633 0.98868021481584434 -0.27998982425797031 3.57711184697955 11.739999771118166 11.679999828338625 2.0766079458345552 13.284999847412111 1.6658341590307759 5.0981630614953817 0.34684517067085924 0.73648888134474355
decision_type=2 2 2 2 2 2 2 2 2 2 2 2 2 2
left_child=3 2 -2 6 9 -6 7 -1 -8 -5 12 -12 -3 -4
right_child=1 10 13 4 5 -7 8 -9 -10 -11 11 -13 -14 -15
leaf_value=1.5291890256850582e-06 0 -3.5895942188186046e-05 -7.2638457608174571e-05 -3.2243869632502134e-05 -7.72311492740354e-05 0 -1.617601970381886e-07 -0.00012945994968182199 2.8013153116741875e-05 2.3382523796371525e-05 3.9943805979085007e-05 -3.7192739432166348e-06 0 0
leaf_weight=4593 109 716 550 290 728 495 911 256 3885 1145 1120 152 7827 61
leaf_count=4593 109 716 550 290 728 495 911 256 3885 1145 1120 152 7827 61
internal_value=0 -2.45485e-06 -3.8675e-05 1.82201e-06 -1.13003e-05 -3.87752e-05 6.99414e-06 -2.31879e-06 1.95355e-05 1.68064e-06 0 2.29442e-05 -3.18207e-06 -6.31382e-05
internal_weight=22838 10535 720 12303 2658 1223 9645 4849 4796 1435 9815 1272 8543 611
internal_count=22838 10535 720 12303 2658 1223 9645 4849 4796 1435 9815 1272 8543 611
is_linear=0
shrinkage=0.05


Tree=535
num_leaves=15
num_cat=0
split_feature=12 1 8 8 14 5 14 13 13 14 7 13 14 19
split_gain=4.11511e-05 0.000325497 0.000671962 0.000542221 0.000776422 0.000635557 0.000228232 0.000690256 0.00195177 0.0005994 0.00092728 0.000540947 0.000360621 0.000200177
threshold=-9.2347614267499871 0.22129967332893644 5.6061097965781608 -14.758454303354196 14.515000343322756 4.6268630563214632 15.695000171661379 -1.3754361407367353 -0.93968043077759511 14.135000228881838 64.069347961090017 -1.964541388946228 13.835000038146974 0.15373800291212783
decision_type=2 2 2 2 2 2 2 2 2 2 2 2 2 2
left_child=1 3 13 4 -1 -5 9 11 -9 12 -11 -8 -2 -3
right_child=6 2 -4 5 -6 -7 7 8 -10 10 -12 -13 -14 -15
leaf_value=0 0 3.1667263717315143e-05 0.00022073365361891022 0 0.00016133390544528087 -0.00015033420927835269 0 -0.00016364305816389784 0 8.395577426191991e-05 0 7.4624269912785626e-05 -6.1754197585512817e-05 -1.7780672629655105e-05
leaf_weight=185 18354 458 52 800 99 100 304 266 895 538 172 249 240 126
leaf_count=185 18354 458 52 800 99 100 304 266 895 538 172 249 240 126
internal_value=0 6.97883e-06 3.7639e-05 0 4.81885e-05 -2.77484e-05 -8.21582e-07 -1.84654e-05 -4.42044e-05 0 4.56394e-05 8.47883e-06 -9.70702e-07 0
internal_weight=22838 1820 636 1184 284 900 21018 1714 1161 19304 710 553 18594 584
internal_count=22838 1820 636 1184 284 900 21018 1714 1161 19304 710 553 18594 584
is_linear=0
shrinkage=0.05


Tree=536
num_leaves=13
num_cat=0
split_feature=9 10 1 0 8 9 21 8 11 4 16 16
split_gain=3.90908e-05 0.000495665 0.00104875 0.000213884 0.00075761 0.000575744 0.000330432 0.000285695 0.000834827 0.000333423 0.000112647 0.000105799
threshold=1.0824888602906417 28.20863624191637 0.17392060557250727 1.4550770885035182 -21.434636308755461 0.94109767668377031 0.17900624425019515 -12.597374435661026 -10.268986424557026 4.3715138933567061 7.2341158452657153 2.1448977668190432
decision_type=2 2 2 2 2 2 2 2 2 2 2 2
left_child=3 10 -3 7 6 -6 -5 8 -1 -9 11 -2
right_child=1 2 -4 4 5 -7 -8 9 -10 -11 -12 -13
leaf_value=6.661129434222658e-05 0 0 -0.00015632154698884989 0.00013263626894240092 -3.6713877945247311e-06 5.1507104475672776e-05 0 2.8977519156379596e-06 -3.1086698921383503e-05 -2.5115534309393898e-05 0 6.4079072299068514e-05
leaf_weight=163 50 91 161 182 2631 529 50 15455 2179 1115 100 132
leaf_count=163 50 91 161 182 2631 529 50 15455 2179 1115 100 132
internal_value=0 -1.35112e-05 -7.26905e-05 5.21919e-08 1.21574e-05 8.3381e-07 0.00010135 -1.32639e-06 -1.78595e-05 1.06132e-07 0 3.92287e-05
internal_weight=22838 534 252 22304 3392 3160 232 18912 2342 16570 282 182
internal_count=22838 534 252 22304 3392 3160 232 18912 2342 16570 282 182
is_linear=0
shrinkage=0.05


Tree=537
num_leaves=15
num_cat=0
split_feature=16 16 13 0 12 4 16 4 7 0 13 21 13 3
split_gain=4.02934e-05 0.000545834 0.000917017 0.000778888 0.000509121 0.000474914 0.000472627 0.000594996 0.000363945 0.000355363 0.000507782 0.000441481 0.000262483 6.59344e-06
threshold=-0.63656930664804923 -1.1486164757823654 -0.16098361088326404 1.5123437609438959 0.25884010565814319 3.3699707279565638 0.19589325395460436 2.0822323098205295 34.547084137840628 2.2720030215686404 0.55270249734205035 0.16653732524502823 0.73574375614918763 0.86713205875403887
decision_type=2 2 2 2 2 2 2 2 2 2 2 2 2 2
left_child=1 3 8 5 -5 -1 7 13 -3 11 -11 -8 -9 -2
right_child=6 2 -4 4 -6 -7 9 12 -10 10 -12 -13 -14 -15
leaf_value=0 0 0 0 5.5687676278505734e-05 0 -3.1249484609125769e-05 1.0413561126491656e-05 -8.0672283452538692e-05 0.00013828855877288343 -4.9840431302950539e-05 0 -1.6527363050604068e-05 0 8.7970321072416385e-06
leaf_weight=7429 347 61 420 934 204 1543 7953 519 240 793 532 1561 90 212
leaf_count=7429 347 61 420 934 204 1543 7953 519 240 793 532 1561 90 212
internal_value=0 1.96507e-06 4.41355e-05 0 3.77918e-05 -5.97627e-06 -2.21485e-06 -3.25751e-05 0.000110672 0 -2.30236e-05 4.41553e-06 -6.68735e-05 0
internal_weight=22838 10831 721 10110 1138 8972 12007 1168 301 10839 1325 9514 609 559
internal_count=22838 10831 721 10110 1138 8972 12007 1168 301 10839 1325 9514 609 559
is_linear=0
shrinkage=0.05


Tree=538
num_leaves=15
num_cat=0
split_feature=18 1 14 1 3 14 4 18 8 14 3 10 14 4
split_gain=5.3907e-05 0.000469984 0.000808769 0.000613944 0.0014825 0.000640242 0.000604215 0.000347195 0.000352072 0.00068956 0.000531666 0.000307529 0.000304387 0.000341922
threshold=1.234778214372964 0.22129967332893644 18.679999351501468 -0.36060513754137802 5.0317932532211733 14.355000019073488 2.472119128469807 0.98868021481584434 -0.42194658058765228 11.739999771118166 -0.67911831948762036 49.575402788562549 19.745000839233402 1.9664200414926036
decision_type=2 2 2 2 2 2 2 2 2 2 2 2 2 2
left_child=7 3 6 5 -5 -2 -3 8 9 -1 -10 -4 13 -9
right_child=1 2 11 4 -6 -7 -8 12 10 -11 -12 -13 -14 -15
leaf_value=-3.4680421774489381e-06 8.104439848009978e-05 0 6.2280448536957885e-07 -8.4172803259872442e-05 4.8632830711141739e-05 0 9.3340971442037039e-05 0 -2.408473185685663e-05 2.2625139316802731e-05 0 -8.071038039368864e-05 0 -6.4345719011767979e-05
leaf_weight=4313 266 170 391 669 152 787 549 184 2907 4286 7150 117 291 606
leaf_count=4313 266 170 391 669 152 787 549 184 2907 4286 7150 117 291 606
internal_value=0 5.82685e-06 3.2025e-05 -3.33429e-06 -4.13077e-05 1.20523e-05 6.75088e-05 -1.22145e-06 0 7.79452e-06 -5.96347e-06 0 -2.87997e-05 -4.57885e-05
internal_weight=22838 3101 1227 1874 821 1053 719 19737 18656 8599 10057 508 1081 790
internal_count=22838 3101 1227 1874 821 1053 719 19737 18656 8599 10057 508 1081 790
is_linear=0
shrinkage=0.05


Tree=539
num_leaves=15
num_cat=0
split_feature=18 1 4 12 1 15 2 18 8 8 4 8 4 11
split_gain=4.92723e-05 0.000417668 0.000552756 0.000905504 0.000529323 0.00163596 0.000502237 0.000304962 0.00031107 0.000622926 0.000298759 0.000243433 0.00027402 8.36412e-06
threshold=1.234778214372964 0.22129967332893644 2.8296083810602086 -9.2347614267499871 -0.36060513754137802 0.86798178736810516 -0.39541183954286402 0.98868021481584434 -0.42194658058765228 -1.6586571125621161 2.0474423173312757 1.6104768568907899 1.9039923232027174 2.6190362927517716
decision_type=2 2 2 2 2 2 2 2 2 2 2 2 2 2
left_child=7 4 -3 -4 6 -6 -2 8 9 -1 -10 12 -9 -13
right_child=1 2 3 -5 5 -7 -8 11 10 -11 -12 13 -14 -15
leaf_value=0 4.0206097708134201e-05 0 0.00014832451864566277 0 -0.0001041748405604199 1.1538755582674041e-05 -1.9840108810684082e-05 0 2.3313339868637432e-07 2.9111381957727585e-05 -1.4638935361933996e-05 1.2221260719213339e-05 -5.5296310022476414e-05 0
leaf_weight=6219 791 383 216 628 483 338 262 124 5094 2380 4963 139 680 138
leaf_count=6219 791 383 216 628 483 338 262 124 5094 2380 4963 139 680 138
internal_value=0 5.59018e-06 3.03131e-05 5.45045e-05 -2.60464e-06 -3.83321e-05 1.10297e-05 -1.15307e-06 0 7.31769e-06 -5.61542e-06 -2.69978e-05 -4.16616e-05 0
internal_weight=22838 3101 1227 844 1874 821 1053 19737 18656 8599 10057 1081 804 277
internal_count=22838 3101 1227 844 1874 821 1053 19737 18656 8599 10057 1081 804 277
is_linear=0
shrinkage=0.05


Tree=540
num_leaves=14
num_cat=0
split_feature=19 14 9 5 5 19 5 21 21 14 7 5 8
split_gain=4.19746e-05 0.000644643 0.000352552 0.000330024 0.000185716 0.00117992 0.000442254 0.000756058 0.000425985 0.000302103 0.000224698 0.000111902 0.000210732
threshold=-2.0308634955439664 13.769999980926515 0.080087067879951832 3.6285126932233207 4.1263492589536188 -0.96451929769478395 3.6285126932233207 0.15483359860964968 0.18936418403325619 13.655000209808351 26.200777184842732 3.3542569846939916 -0.76491455202421788
decision_type=2 2 2 2 2 2 2 2 2 2 2 2 2
left_child=1 11 -3 -4 6 8 9 -8 -6 -2 -7 -1 -13
right_child=4 2 3 -5 5 10 7 -9 -10 -11 -12 12 -14
leaf_value=0 -7.9275687195037477e-07 0 0 -0.00017103593574357263 0.00021266686390358382 -6.210152411741938e-05 -7.1956130398905067e-05 0 0 1.7494308380762656e-05 4.9684891606309621e-06 0 0.00012221616152028559
leaf_weight=71 17506 106 57 116 98 139 576 577 138 2464 883 54 53
leaf_count=71 17506 106 57 116 98 139 576 577 138 2464 883 54 53
internal_value=0 -1.51115e-05 -7.82896e-05 -0.000122183 1.24891e-07 1.91714e-05 -3.00204e-07 -3.08372e-05 0.000119995 7.13268e-07 0 2.44032e-10 5.08953e-05
internal_weight=22838 457 279 173 22381 1258 21123 1153 236 19970 1022 178 107
internal_count=22838 457 279 173 22381 1258 21123 1153 236 19970 1022 178 107
is_linear=0
shrinkage=0.05


Tree=541
num_leaves=11
num_cat=0
split_feature=14 14 14 7 13 13 13 1 6 13
split_gain=3.79083e-05 8.95351e-05 0.00151584 0.000717251 0.000585584 0.00158629 0.000945888 8.63539e-05 1.7291e-05 6.6973e-05
threshold=9.4149999618530291 11.679999828338625 11.719999790191652 58.188078648475191 0.55071779110856822 -0.013045006246314992 0.56784825743932965 0.15864618990901277 0.53667182212534581 -0.13535187241220933
decision_type=2 2 2 2 2 2 2 2 2 2
left_child=8 4 7 -4 5 -2 -6 -3 -1 -10
right_child=1 2 3 -5 6 -7 -8 -9 9 -11
leaf_value=0 -5.3517963340034768e-06 -0.00015130031616479621 7.7170830298387951e-06 -1.9034007894875787e-05 -0.00015819864910978748 3.7592159723327672e-05 0 0 -6.5568325821177635e-05 0
leaf_weight=108 4543 176 9157 3443 119 3423 1581 50 70 168
leaf_count=108 4543 176 9157 3443 119 3423 1581 50 70 168
internal_value=0 9.12471e-08 -1.90136e-06 0 4.28687e-06 1.12209e-05 -1.93744e-05 -0.000129994 -1.65098e-05 -2.40128e-05
internal_weight=22838 22492 12826 12600 9666 7966 1700 226 346 238
internal_count=22838 22492 12826 12600 9666 7966 1700 226 346 238
is_linear=0
shrinkage=0.05


Tree=542
num_leaves=15
num_cat=0
split_feature=6 6 21 3 16 5 10 2 9 13 2 13 5 7
split_gain=3.88407e-05 0.000269293 0.000505574 0.000261303 0.000503582 0.000395212 0.000311869 0.000871466 0.000570022 0.000185854 0.000520847 0.000505285 0.000110243 8.48876e-05
threshold=0.48241061787180861 0.52861722120325272 0.13137258205060162 -3.3323649686920747 -4.6979402902518332 2.2372852639127889 28.787145391361211 -1.02624262007428 0.6230689994776123 -0.89704472932619062 1.2210908878426354 -0.75248234889007104 2.2793042790641986 40.939947303500595
decision_type=2 2 2 2 2 2 2 2 2 2 2 2 2 2
left_child=3 2 13 4 12 -6 8 -8 -5 10 -3 -11 -1 -2
right_child=1 9 -4 6 5 -7 7 -9 -10 11 -12 -13 -14 -15
leaf_value=1.1581844209566246e-06 2.9665919319727797e-05 -2.8747296088355874e-05 0.00010194428792134779 -2.3975917732170508e-05 0 0.00010478647851483576 0 -6.5433378894710198e-05 5.1717550345929724e-05 5.1475354864935584e-05 1.8437476705881485e-05 0 -2.3142223701553453e-05 -4.6659170475000912e-07
leaf_weight=243 240 1933 186 682 77 209 476 850 385 483 438 15559 513 564
leaf_count=243 240 1933 186 682 77 209 476 850 385 483 438 15559 513 564
internal_value=0 5.67846e-07 2.61851e-05 -5.1419e-06 7.51215e-06 6.7762e-05 -1.69184e-05 -3.32254e-05 0 0 -1.37029e-05 1.09532e-06 0 0
internal_weight=22838 19403 990 3435 1042 286 2393 1326 1067 18413 2371 16042 756 804
internal_count=22838 19403 990 3435 1042 286 2393 1326 1067 18413 2371 16042 756 804
is_linear=0
shrinkage=0.05


Tree=543
num_leaves=15
num_cat=0
split_feature=11 8 0 6 2 16 8 8 0 6 8 5 0 0
split_gain=3.93162e-05 0.000336652 0.000848113 0.000678364 0.000447659 0.000284511 0.000713839 0.000245341 0.000213684 0.000731146 0.000260867 7.94032e-05 0.000421759 0.000139806
threshold=-7.7066768246645916 -12.597374435661026 -0.57276351829778382 0.46820749908501924 -0.10430972094816469 -9.7478124622880902 -18.440726771520424 -50.130388279334639 2.8351614670104555 1.5836801300842873 -0.3954259996301337 4.6268630563214632 -1.5439584544207021 -0.75655052192036332
decision_type=2 2 2 2 2 2 2 2 2 2 2 2 2 2
left_child=5 2 3 -2 -4 11 7 -7 10 -10 -3 13 -13 -1
right_child=1 8 4 -5 -6 6 -8 -9 9 -11 -12 12 -14 -15
leaf_value=3.9153056110846691e-05 0 1.0217314524784868e-05 2.3382070734696608e-05 -7.7423741535069264e-05 -3.9173369941897549e-05 0 0 0.00017882516786776252 -6.3359754011465245e-05 0 -9.9443851292961708e-07 -0.00012755973434662327 0 0
leaf_weight=227 104 7483 971 776 382 72 388 99 555 621 10866 76 85 133
leaf_count=227 104 7483 971 776 382 72 388 99 555 621 10866 76 85 133
internal_value=0 -6.66781e-07 -1.9408e-05 -5.79812e-05 0 9.05408e-06 3.77939e-05 0.000122581 7.09259e-07 -1.85309e-05 2.76075e-06 0 -3.50051e-05 0
internal_weight=22838 21758 2233 880 1353 1080 559 171 19525 1176 18349 521 161 360
internal_count=22838 21758 2233 880 1353 1080 559 171 19525 1176 18349 521 161 360
is_linear=0
shrinkage=0.05


Tree=544
num_leaves=15
num_cat=0
split_feature=1 1 10 13 13 4 13 1 1 20 2 3 4 13
split_gain=4.28811e-05 0.000592301 0.00059812 0.000549449 0.000347862 0.000648665 0.000314205 0.000568195 0.000454006 0.000284602 0.000648657 0.000308197 3.69971e-06 1.40623e-06
threshold=1.0000000180025095e-35 0.019493730043744575 22.835293507845389 -0.47389446344892056 0.81313922080297207 3.8501319673580681 0.54635359327875899 -0.13461640107542452 -0.21401498948357847 -0.27842409241770155 -1.1238439119068242 -12.49658817580697 3.2536949774539159 0.13093769085575915
decision_type=2 2 2 2 2 2 2 2 2 2 2 2 2 2
left_child=4 2 13 -4 6 12 7 -1 -8 10 -3 -11 -6 -2
right_child=1 9 3 -5 5 -7 8 -9 -10 11 -12 -13 -14 -15
leaf_value=-6.1280571524513384e-06 4.2031220926849978e-06 -6.9190631209666803e-05 0 -8.813604777110116e-05 5.3102731728203517e-06 0.00016450311556369306 0 1.9096087267698538e-05 -6.2169645997545367e-05 4.9014587647377389e-05 0 2.3786138089932645e-07 0 0
leaf_weight=4806 198 463 146 566 327 93 248 3589 478 366 430 10965 65 98
leaf_count=4806 198 463 146 566 327 93 248 3589 478 366 430 10965 65 98
internal_value=0 -2.03424e-06 -3.90105e-05 -6.51981e-05 2.33641e-06 4.35582e-05 0 2.8701e-06 -3.13903e-05 0 -2.58996e-05 3.14126e-06 0 0
internal_weight=22838 13232 1008 712 9606 485 9121 8395 726 12224 893 11331 392 296
internal_count=22838 13232 1008 712 9606 485 9121 8395 726 12224 893 11331 392 296
is_linear=0
shrinkage=0.05


Tree=545
num_leaves=15
num_cat=0
split_feature=18 1 4 12 1 3 10 18 8 8 3 8 4 9
split_gain=4.55402e-05 0.000385834 0.000524551 0.000790145 0.000461021 0.00130509 0.0004871 0.000273126 0.000260284 0.000545379 0.000495713 0.00022457 0.000257781 2.09621e-05
threshold=1.234778214372964 0.22129967332893644 2.8296083810602086 -9.2347614267499871 -0.36060513754137802 5.0317932532211733 58.150869726076607 0.98868021481584434 -0.42194658058765228 -1.6586571125621161 -0.67911831948762036 1.6104768568907899 1.9039923232027174 0.65085767828301566
decision_type=2 2 2 2 2 2 2 2 2 2 2 2 2 2
left_child=7 4 -3 -4 6 -6 -2 8 9 -1 -10 12 -9 -13
right_child=1 2 3 -5 5 -7 -8 11 10 -11 -12 13 -14 -15
leaf_value=0 3.2469660099874877e-05 0 0.00014137796278329982 0 -7.7059890077600988e-05 4.7018650933085139e-05 -5.6902831466808522e-05 0 -2.2666128920276265e-05 2.7183571427856632e-05 4.149930462247655e-08 2.2234879699063422e-05 -5.2940350381634234e-05 0
leaf_weight=6219 957 383 216 628 669 152 96 124 2907 2380 7150 105 680 172
leaf_count=6219 957 383 216 628 669 152 96 124 2907 2380 7150 105 680 172
internal_value=0 5.50243e-06 2.92496e-05 5.287e-05 -2.05329e-06 -3.58106e-05 1.0044e-05 -1.0049e-06 0 6.78563e-06 -5.03245e-06 -2.54851e-05 -3.96283e-05 0
internal_weight=22838 3101 1227 844 1874 821 1053 19737 18656 8599 10057 1081 804 277
internal_count=22838 3101 1227 844 1874 821 1053 19737 18656 8599 10057 1081 804 277
is_linear=0
shrinkage=0.05


Tree=546
num_leaves=15
num_cat=0
split_feature=15 4 14 12 7 14 14 14 12 12 14 12 5 4
split_gain=4.59055e-05 0.000499939 0.000889085 0.000729086 0.000666286 0.000636066 0.000559332 0.000457384 0.000447855 0.000535218 0.000516743 0.0003709 0.000558534 0.00035421
threshold=-1.6638206137742249 1.9039923232027174 11.219999790191652 3.157470926727763 55.102338857440152 19.029999732971195 12.144999980926515 10.659999847412111 -7.3659062359823713 -11.273396390877975 22.795000076293949 -5.2621909335674761 2.3647634772755892 1.8958225958253931
decision_type=2 2 2 2 2 2 2 2 2 2 2 2 2 2
left_child=1 3 7 6 -5 -4 -1 -3 9 -2 -11 12 -10 -13
right_child=8 2 5 4 -6 -7 -8 -9 11 10 -12 13 -14 -15
leaf_value=-1.5920989610988726e-05 0 0 -3.8094727979820459e-05 0 0.00015539173232218675 0 4.5500210525059626e-05 5.5036034614001735e-05 0 7.8021277891102128e-05 0 -7.5948999248339362e-06 -6.3735335131239693e-05 8.3168623506241311e-06
leaf_weight=1293 374 556 3044 127 159 570 516 493 401 620 187 5393 567 8538
leaf_count=1293 374 556 3044 127 159 570 516 493 401 620 187 5393 567 8538
internal_value=0 -3.52698e-06 -1.43386e-05 1.33762e-05 8.75079e-05 -2.79733e-05 0 1.83316e-05 1.38136e-06 3.11962e-05 5.54947e-05 0 -3.06616e-05 1.0803e-06
internal_weight=22838 6758 4663 2095 286 3614 1809 1049 16080 1181 807 14899 968 13931
internal_count=22838 6758 4663 2095 286 3614 1809 1049 16080 1181 807 14899 968 13931
is_linear=0
shrinkage=0.05


Tree=547
num_leaves=13
num_cat=0
split_feature=12 10 10 15 15 4 13 15 10 15 13 8
split_gain=3.79208e-05 0.000595905 0.000711503 0.000777994 0.000266605 0.000961268 0.000384023 0.000183363 0.000456029 0.000213034 0.000118878 1.51859e-06
threshold=15.236144266819622 33.672741557447999 63.995436496475989 2.0814522273765461 7.4769720709562906 3.4216109834113086 0.42061300860636314 5.3966486158231133 22.417209940850032 3.0662527574748801 -0.13212091167613124 6.961100412302426
decision_type=2 2 2 2 2 2 2 2 2 2 2 2
left_child=4 -2 3 -3 7 6 -6 9 -9 -1 -7 -4
right_child=1 2 11 -5 5 10 -8 8 -10 -11 -12 -13
leaf_value=5.7154731536375667e-07 -4.4405550645852963e-05 0 0 0.00015334732533348091 -0.00013600457403683337 4.8185493130574746e-05 0 8.1874151391038603e-05 0 -1.567906578118991e-05 0 -8.6278912603316541e-06
leaf_weight=18794 78 81 107 218 217 127 55 237 582 2153 139 50
leaf_count=18794 78 81 107 218 217 127 55 237 582 2153 139 50
internal_value=0 1.31237e-05 5.58627e-05 0.000103358 -3.45183e-07 -3.5235e-05 -0.000106085 0 2.35644e-05 -3.83353e-07 0 0
internal_weight=22838 534 456 299 22304 538 272 21766 819 20947 266 157
internal_count=22838 534 456 299 22304 538 272 21766 819 20947 266 157
is_linear=0
shrinkage=0.05


Tree=548
num_leaves=15
num_cat=0
split_feature=18 20 13 6 10 13 20 4 2 13 13 13 10 18
split_gain=4.43189e-05 0.000410201 0.000593526 0.000369954 0.000312533 0.000695583 0.00121039 0.000622247 0.000374815 0.000452537 0.00020268 0.000751722 0.000717445 5.21057e-05
threshold=1.234778214372964 0.41767670762102571 0.24305868236405018 0.70620848589159613 58.150869726076607 0.18603463639778053 -0.10808764981047358 4.8941229472114598 -5.9606583346538615 -0.22703806390496625 -0.33360624145318257 -0.27067507371424376 44.857589165427108 0.88115329020229038
decision_type=2 2 2 2 2 2 2 2 2 2 2 2 2 2
left_child=1 10 13 -4 5 7 -7 -2 -6 -10 12 -12 -1 -3
right_child=4 2 3 -5 8 6 -8 -9 9 -11 11 -13 -14 -15
leaf_value=-1.906435741294169e-05 5.4328265478547856e-05 3.0287850050613924e-05 0 -0.0001167830392349513 0 -8.0629897991940021e-05 1.819025051342275e-05 0 -0.00014385113938984853 0 4.5973826288014161e-05 0 2.067050248989723e-05 0
leaf_weight=4335 1318 141 137 252 51 421 875 184 112 140 979 12486 1245 162
leaf_count=4335 1318 141 137 252 51 421 875 184 112 140 979 12486 1245 162
internal_value=0 -9.08261e-07 -3.87724e-05 -8.0473e-05 5.51987e-06 1.47129e-05 -2.38331e-06 3.94362e-05 -2.9799e-05 -6.90701e-05 0 3.77615e-06 -7.50898e-06 0
internal_weight=22838 19737 692 389 3101 2798 1296 1502 303 252 19045 13465 5580 303
internal_count=22838 19737 692 389 3101 2798 1296 1502 303 252 19045 13465 5580 303
is_linear=0
shrinkage=0.05


Tree=549
num_leaves=15
num_cat=0
split_feature=16 16 5 13 16 2 10 6 20 13 6 13 7 6
split_gain=3.63385e-05 0.000501056 0.000966342 0.000807349 0.000421488 0.000504311 0.000351681 0.000729846 0.000327688 0.00061057 0.00041009 0.0003182 0.000286713 4.63368e-05
threshold=-0.63656930664804923 -1.1486164757823654 1.9342922606262321 -0.16098361088326404 0.19589325395460436 1.2541103702550018 15.239741448557579 0.8776159997395534 -0.73492480181636344 -2.1295115427365112 1.123018678895765 0.41836073653747091 29.045659419173237 0.62101522437860857
decision_type=2 2 2 2 2 2 2 2 2 2 2 2 2 2
left_child=1 8 13 -4 5 12 7 -6 9 -1 -10 -8 -2 -3
right_child=4 2 3 -5 6 -7 11 -9 10 -11 -12 -13 -14 -15
leaf_value=0 0 0 0.00015686009885752347 0 8.1448546896707632e-05 0 2.466291568192569e-06 0 -3.5660760839820943e-06 -7.8795648469651424e-05 1.8807911410558174e-05 -1.6653094908912734e-05 -6.4604084279264916e-05 -2.9185249147758444e-05
leaf_weight=55 63 50 232 304 404 369 7300 366 7003 375 2677 2769 736 135
leaf_count=55 63 50 232 304 404 369 7300 366 7003 375 2677 2769 736 135
internal_value=0 2.06338e-06 4.24127e-05 8.31706e-05 -1.93e-06 -3.06537e-05 0 3.34389e-05 0 -4.32997e-05 1.07332e-06 -1.30315e-06 -5.4305e-05 0
internal_weight=22838 10831 721 536 12007 1168 10839 770 10110 430 9680 10069 799 185
internal_count=22838 10831 721 536 12007 1168 10839 770 10110 430 9680 10069 799 185
is_linear=0
shrinkage=0.05


Tree=550
num_leaves=15
num_cat=0
split_feature=18 1 20 6 8 13 12 20 13 20 13 3 15 3
split_gain=3.71587e-05 0.000378429 0.000891849 0.000812626 0.000717063 0.000710184 0.000489424 0.000374013 0.000533142 0.000346724 0.000284536 0.000201654 0.000758075 0.000410212
threshold=1.234778214372964 0.22129967332893644 -0.22009933571269646 1.2471817762044608 -2.9937423834251837 0.81313922080297207 -1.6139885737066708 0.41767670762102571 0.24305868236405018 0.89741855169194795 -0.43357954555437445 -1.4482241373060309 1.935278715793465 7.6978279073255615
decision_type=2 2 2 2 2 2 2 2 2 2 2 2 2 2
left_child=7 3 10 6 -5 -4 -2 11 -9 -10 -3 12 -1 -13
right_child=1 2 5 4 -6 -7 -8 8 9 -11 -12 13 -14 -15
leaf_value=0 0 0 0.00010526968577259469 0 -0.00010321179770301944 0 5.3876885685970267e-05 0 -0.00010757104738679438 0 -4.7454889542413061e-05 1.124295069744492e-05 -5.641094855200695e-05 -8.9211361507242598e-06
leaf_weight=7172 752 122 452 297 342 338 483 303 271 118 315 8364 672 2837
leaf_count=7172 752 122 452 297 342 338 483 303 271 118 315 8364 672 2837
internal_value=0 5.0828e-06 2.87528e-05 -2.42215e-06 -5.39272e-05 6.40456e-05 1.21132e-05 -8.03935e-07 -3.69819e-05 -7.6471e-05 -8.02907e-07 0 -5.60468e-06 4.79638e-06
internal_weight=22838 3101 1227 1874 639 790 1235 19737 692 389 437 19045 7844 11201
internal_count=22838 3101 1227 1874 639 790 1235 19737 692 389 437 19045 7844 11201
is_linear=0
shrinkage=0.05


Tree=551
num_leaves=15
num_cat=0
split_feature=13 13 0 13 14 21 14 10 7 14 11 6 14 12
split_gain=3.75736e-05 0.000497385 0.000872804 0.000690162 0.000665471 0.00040839 0.000248192 0.000926509 0.00111451 0.000216773 0.00021658 0.000208197 0.000193816 0.000496758
threshold=0.64779913388313137 0.52555861591733211 -0.11730880619573698 0.49393563195667683 10.315000057220461 0.35905616534930279 12.184999942779543 27.622367933981959 36.670106216632668 19.745000839233402 -1.3477683254984363 1.0017755939983866 11.965000152587892 4.1468605591976822
decision_type=2 2 2 2 2 2 2 2 2 2 2 2 2 2
left_child=1 3 4 5 -3 -1 12 8 -8 -9 -5 -4 -2 -14
right_child=6 2 11 10 -6 -7 7 9 -10 -11 -12 -13 13 -15
leaf_value=3.3094226113903614e-07 0 0 -1.9056472976714877e-05 0.00014381273543106297 -0.00011506241827643046 -7.3236145606834303e-05 0 -1.7887151645833759e-05 0.00010056708668611665 2.3121136190453671e-05 0 2.5012872076817129e-05 -0.00010701723590149759 0
leaf_weight=17371 1148 51 800 109 384 189 98 971 570 431 126 366 152 72
leaf_count=17371 1148 51 800 109 384 189 98 971 570 431 126 366 152 72
internal_value=0 -9.13257e-07 -2.79498e-05 6.77742e-07 -8.87409e-05 0 4.75225e-06 1.80188e-05 6.68385e-05 0 8.57069e-05 0 -4.3372e-06 -4.76266e-05
internal_weight=22838 19396 1601 17795 435 17560 3442 2070 668 1402 235 1166 1372 224
internal_count=22838 19396 1601 17795 435 17560 3442 2070 668 1402 235 1166 1372 224
is_linear=0
shrinkage=0.05


Tree=552
num_leaves=15
num_cat=0
split_feature=1 1 10 13 14 14 13 5 5 2 7 14 14 13
split_gain=3.7179e-05 0.000515764 0.000543793 0.000631668 0.000435334 0.00120905 0.000977 0.00088443 0.00081098 0.00083023 0.000422785 0.000395465 0.00102207 0.00050034
threshold=1.0000000180025095e-35 0.019493730043744575 17.982413595045113 -0.18422338437944494 11.899999618530275 13.769999980926515 0.55772823085510359 2.7887423324439973 2.758549853124622 -1.852097522969359 62.783868313598923 11.605000019073488 11.38000011444092 0.41663593221795697
decision_type=2 2 2 2 2 2 2 2 2 2 2 2 2 2
left_child=4 2 -2 -4 8 7 -7 -6 10 -10 -1 12 -3 -13
right_child=1 11 3 -5 5 6 -8 -9 9 -11 -12 13 -14 -15
leaf_value=-5.4980520909563523e-06 0 1.350544536423173e-06 0 -8.8422868436678894e-05 5.5832075992320221e-06 -2.6982297348908679e-05 8.7739613463890941e-05 7.4029823361479479e-05 0 -9.2775887084160297e-05 3.4257681036055913e-05 -1.8703753183166027e-05 8.4429425383361864e-05 5.8773252697784111e-06
leaf_weight=2935 129 4765 334 545 1881 1898 166 1072 330 500 824 4169 452 2838
leaf_count=2935 129 4765 334 545 1881 1898 166 1072 330 500 824 4169 452 2838
internal_value=0 -1.75794e-06 -3.63103e-05 -5.52863e-05 2.32771e-06 1.36219e-05 -1.04537e-05 3.55253e-05 -6.75217e-06 -5.18806e-05 0 0 1.1438e-05 -6.60801e-06
internal_weight=22838 13232 1008 879 9606 5017 2064 2953 4589 830 3759 12224 5217 7007
internal_count=22838 13232 1008 879 9606 5017 2064 2953 4589 830 3759 12224 5217 7007
is_linear=0
shrinkage=0.05


Tree=553
num_leaves=15
num_cat=0
split_feature=16 1 1 1 0 8 14 12 15 1 16 8 16 14
split_gain=3.97766e-05 0.00100286 0.00090984 0.000884841 0.000884661 0.000859766 0.000745459 0.000563584 0.000635451 0.00051677 0.000442287 0.000433977 0.000407757 0.000356755
threshold=-0.63656930664804923 0.44610789424490527 0.37401387377395806 1.0000000180025095e-35 1.4550770885035182 4.3370748264514836 14.175000190734863 -9.2347614267499871 4.0367175892368108 0.58849159456374367 -1.3062660342566088 1.8885337276191223 -1.3062660342566088 13.855000019073488
decision_type=2 2 2 2 2 2 2 2 2 2 2 2 2 2
left_child=2 3 4 13 10 11 -5 -4 -9 -7 -1 -3 -6 -2
right_child=1 5 7 6 12 9 -8 8 -10 -11 -12 -13 -14 -15
leaf_value=0 1.0245601656204966e-05 1.9896353867983754e-05 1.0048860324018436e-05 -3.6307312088784404e-05 8.5195647579363871e-05 1.5413286416204945e-05 2.2247394761301704e-05 -1.8413195588300108e-05 -0.00016052919912732435 -4.9331220739172173e-05 4.6085488872076701e-05 0.00010987413500233234 0 -2.0811110976697461e-05
leaf_weight=6697 3843 1771 492 3843 582 276 300 2268 128 526 606 321 58 1127
leaf_count=6697 3843 1771 492 3843 582 276 300 2268 128 526 606 321 58 1127
internal_value=0 -1.91972e-06 2.2572e-06 -1.11871e-05 1.22084e-05 2.20752e-05 -2.84433e-05 -1.99148e-05 -3.2327e-05 -8.37867e-06 5.01195e-06 4.09153e-05 7.079e-05 1.82893e-07
internal_weight=22838 12007 10831 9113 7943 2894 4143 2888 2396 802 7303 2092 640 4970
internal_count=22838 12007 10831 9113 7943 2894 4143 2888 2396 802 7303 2092 640 4970
is_linear=0
shrinkage=0.05


Tree=554
num_leaves=15
num_cat=0
split_feature=13 13 16 5 14 10 14 13 10 5 14 14 14 5
split_gain=3.76303e-05 0.000626804 0.00222496 0.00118853 0.000972308 0.000821099 0.000761807 0.000482698 0.000877759 0.00056036 0.000303697 0.000802103 0.000690423 0.000201577
threshold=-1.0363005613350849 -1.3136583756299167 0.76033664165300896 2.9021170643524346 14.389999866485597 53.13938399405496 18.07499980926514 -0.95398890585195451 53.521322471735537 2.0452088395564298 18.954999923706058 18.679999351501468 22.804999351501468 3.4559721943132797
decision_type=2 2 2 2 2 2 2 2 2 2 2 2 2 2
left_child=1 5 3 -3 -4 6 -1 8 9 -2 11 -9 -12 -7
right_child=7 2 4 -5 -6 13 -8 10 -10 -11 12 -13 -14 -15
leaf_value=-5.6483481587931678e-05 0 0 3.2588375784540313e-05 0.0002571015386345536 -0.00012341264534457779 0 3.8836153570483972e-05 0 0 -0.00014550138213910695 9.992254814747985e-05 -9.2584594530288763e-05 0 -0.00015279121299880156
leaf_weight=241 59 102 194 153 145 68 750 19677 53 226 247 234 580 109
leaf_count=241 59 102 194 153 145 68 750 19677 53 226 247 234 580 109
internal_value=0 7.15994e-06 5.25943e-05 0.000167801 0 -3.13998e-06 5.00956e-07 -4.18756e-07 -5.97547e-05 -0.00010911 0 -6.77525e-07 3.00985e-05 -0.000107683
internal_weight=22838 1762 594 255 339 1168 991 21076 338 285 20738 19911 827 177
internal_count=22838 1762 594 255 339 1168 991 21076 338 285 20738 19911 827 177
is_linear=0
shrinkage=0.05


Tree=555
num_leaves=15
num_cat=0
split_feature=10 0 2 12 19 12 12 0 5 16 4 19 4 20
split_gain=3.76837e-05 0.000651479 0.000700281 0.000441622 0.000406673 0.000755685 0.000579894 0.000283446 0.000467694 0.000404011 0.000329209 0.000250227 0.000538651 0.000392829
threshold=26.994454605196712 -0.96818195049339284 -3.6217181388314805 3.314342325988759 -1.0000000180025095e-35 1.7707536811174553 1.432200555592299 -1.6327121641210269 4.3280370980104248 3.0760886434092201 2.8755999969548656 -0.060259226587078545 2.1841628766087799 -0.22711913025669458
decision_type=2 2 2 2 2 2 2 2 2 2 2 2 2 2
left_child=1 2 -1 -4 5 -3 -6 8 9 -2 -10 12 -9 -13
right_child=7 4 3 -5 6 -7 -8 11 10 -11 -12 13 -14 -15
leaf_value=0 3.1784892397932368e-06 -7.6990235455119492e-05 -6.1457972124217365e-05 0 2.4368994242601861e-05 0 -3.1300193957470782e-06 6.6011521603187524e-05 0 7.0683061733151022e-05 -6.0514024772298101e-05 -5.080474846949932e-05 0 -4.1561027827497676e-07
leaf_weight=718 1341 413 1178 284 3291 197 2739 413 51 572 239 444 1055 9903
leaf_count=718 1341 413 1178 284 3291 197 2739 413 51 572 239 444 1055 9903
internal_value=0 -2.37767e-06 -2.70718e-05 -4.78458e-05 3.47392e-06 -3.0403e-05 9.39255e-06 1.77847e-06 1.84826e-05 3.12262e-05 -1.3853e-05 -6.7985e-08 1.76453e-05 -4.03211e-06
internal_weight=22838 8820 2180 1462 6640 610 6030 14018 2203 1913 290 11815 1468 10347
internal_count=22838 8820 2180 1462 6640 610 6030 14018 2203 1913 290 11815 1468 10347
is_linear=0
shrinkage=0.05


Tree=556
num_leaves=15
num_cat=0
split_feature=16 1 7 6 7 19 0 12 7 12 5 1 0 12
split_gain=3.47251e-05 0.000650057 0.000927809 0.000802098 0.000621061 0.000637119 0.00046944 0.000495841 0.00068852 0.000473724 0.000538133 0.000440118 0.000277552 5.17146e-05
threshold=2.2256172921397641 -0.59270928693549318 61.685233548565115 0.74343392399111485 64.069347961090017 1.0341262645287119 1.4816305722693353 0.89910860372351398 38.28792673522581 3.157470926727763 2.8907302291553445 0.45687113869933499 1.2118276890188051 4.9991573730162076
decision_type=2 2 2 2 2 2 2 2 2 2 2 2 2 2
left_child=6 4 3 -3 5 -2 9 8 -8 12 -11 -4 -1 -6
right_child=1 2 11 -5 13 -7 7 -9 -10 10 -12 -13 -14 -15
leaf_value=-1.923684948319369e-06 8.8022086146750153e-05 0 -1.2337311576832523e-06 -5.1860594009009022e-05 0 0 0 0 7.2090155535580491e-05 4.8173034264616522e-05 0 3.2551501386567912e-05 -4.5636000430217143e-05 -2.7026498160089204e-05
leaf_weight=11006 547 1582 2997 1793 57 66 561 510 801 971 223 1101 447 176
leaf_count=11006 547 1582 2997 1793 57 66 561 510 801 971 223 1101 447 176
internal_value=0 -2.3877e-06 -8.74965e-06 -2.89004e-05 3.60439e-05 6.57337e-05 1.64684e-06 2.53863e-05 4.23683e-05 -6.82829e-07 2.76004e-05 4.18957e-06 -4.94316e-06 0
internal_weight=22838 8319 7473 3375 846 613 14519 1872 1362 12647 1194 4098 11453 233
internal_count=22838 8319 7473 3375 846 613 14519 1872 1362 12647 1194 4098 11453 233
is_linear=0
shrinkage=0.05


Tree=557
num_leaves=13
num_cat=0
split_feature=14 5 14 0 7 10 14 1 5 14 0 7
split_gain=3.55199e-05 0.000511723 0.00027122 0.000419822 0.000298805 0.00015274 0.000140875 0.000438241 0.000526826 0.000328312 0.000285834 0.000152695
threshold=10.055000305175783 2.9130777541678738 9.7800002098083514 -0.10056529367334587 62.118098193670498 27.45746954910248 10.615000247955324 0.32923809200975268 2.64264577603744 10.659999847412111 -0.32639174577601587 58.188078648475191
decision_type=2 2 2 2 2 2 2 2 2 2 2 2
left_child=1 2 3 -1 -4 -3 7 8 -2 -8 -9 -11
right_child=6 5 4 -5 -6 -7 9 10 -10 11 -12 -13
leaf_value=5.650484327271362e-05 3.8598424410263063e-06 -0.00016487972706272561 -5.238505155911766e-05 0 0 0 -8.6777338404592921e-05 -6.7469026859495897e-05 9.0928645814867154e-05 3.3453644915821961e-06 0 -6.7761016105321755e-06
leaf_weight=438 1473 63 390 679 328 155 108 165 327 13037 540 5135
leaf_count=438 1473 63 390 679 328 155 108 165 327 13037 540 5135
internal_value=0 -6.19011e-06 0 1.7746e-05 -2.12923e-05 -7.87462e-05 6.96919e-07 1.20232e-05 2.80478e-05 -3.52238e-08 -7.62595e-06 0
internal_weight=22838 2053 1835 1117 718 218 20785 2505 1800 18280 705 18172
internal_count=22838 2053 1835 1117 718 218 20785 2505 1800 18280 705 18172
is_linear=0
shrinkage=0.05


Tree=558
num_leaves=10
num_cat=0
split_feature=14 14 13 14 10 7 7 13 13
split_gain=3.6542e-05 7.60865e-05 0.000525655 0.000410751 0.000305156 0.000215611 0.000134941 1.83181e-05 1.39069e-05
threshold=9.4149999618530291 9.9200000762939471 0.68329041711937555 9.9600000381469744 24.02618267499729 60.097980057545243 38.28792673522581 0.015546919509756842 -0.13535187241220933
decision_type=2 2 2 2 2 2 2 2 2
left_child=7 2 4 -3 -2 -4 -5 8 -1
right_child=1 3 5 6 -6 -7 -8 -9 -10
leaf_value=-1.7138983634140465e-05 0 -9.5314888223857355e-05 -5.4363435284176387e-05 -5.3138418440391893e-06 6.5548581887355794e-05 0 3.301758772321024e-06 -3.4299754765411112e-05 2.8793876447730565e-06
leaf_weight=114 280 112 199 6116 515 144 15126 114 118
leaf_count=114 280 112 199 6116 515 144 15126 114 118
internal_value=0 2.87256e-07 1.29859e-05 0 4.27415e-05 -1.23005e-05 1.14905e-07 -1.606e-05 0
internal_weight=22838 22492 1138 21354 795 343 21242 346 232
internal_count=22838 22492 1138 21354 795 343 21242 346 232
is_linear=0
shrinkage=0.05


Tree=559
num_leaves=11
num_cat=0
split_feature=14 14 14 13 14 5 14 14 14 13
split_gain=3.75421e-05 0.0013774 0.000555927 0.000570302 0.000520754 0.000513616 0.000271582 0.000170926 0.00138995 0.000677482
threshold=10.379999637603762 10.460000038146974 10.315000057220461 0.58543975638573065 10.280000209808351 2.0144719733571654 10.219999790191652 11.039999961853029 11.144999980926515 -0.12027765887524521
decision_type=2 2 2 2 2 2 2 2 2 2
left_child=2 5 4 -4 6 -2 -1 9 -9 -3
right_child=1 7 3 -5 -6 -7 -8 8 -10 -11
leaf_value=0 0 -4.2779006210351669e-05 0 -0.00016222564913782249 7.1857630401736278e-05 0.00017324305198104133 -4.718823810652098e-05 0.00012609934737677327 0 2.1661806231450957e-06
leaf_weight=2852 72 1142 117 109 236 157 339 219 16334 1261
leaf_count=2852 72 1142 117 109 236 157 339 219 16334 1261
internal_value=0 8.70591e-07 -4.65896e-06 -8.04484e-05 0 0.000122617 -4.94747e-06 0 1.18786e-06 -1.29628e-05
internal_weight=22838 19185 3653 226 3427 229 3191 18956 16553 2403
internal_count=22838 19185 3653 226 3427 229 3191 18956 16553 2403
is_linear=0
shrinkage=0.05


Tree=560
num_leaves=15
num_cat=0
split_feature=15 2 14 6 4 14 10 5 14 11 4 5 14 6
split_gain=3.93186e-05 0.000664608 0.000945605 0.000568911 0.000458927 0.000812085 0.000755675 0.0006691 0.00111118 0.000634597 0.000381493 0.000633917 0.00043113 0.000359504
threshold=-1.6638206137742249 -1.5339664167093756 20.240000724792484 1.6248571381392662 1.9039923232027174 11.204999923706056 30.662467195083654 2.6127546497297525 11.679999828338625 -9.8053183576130021 2.2533477460376607 4.9736562757684055 10.615000247955324 0.75448653508571772
decision_type=2 2 2 2 2 2 2 2 2 2 2 2 2 2
left_child=4 2 3 -2 7 6 -6 -1 -9 -7 12 -12 -3 -4
right_child=1 10 13 -5 5 9 -8 8 -10 -11 11 -13 -14 -15
leaf_value=0 6.0199078503871329e-05 3.3654674658512057e-06 -7.9301763034891339e-05 0 -4.979844069145291e-07 1.2955285580504168e-05 6.6317434401748482e-05 0 0.00011709673711775395 -3.5107098204283905e-05 1.0851918868326393e-05 -7.8836375212163804e-05 -1.8402453061173411e-05 0
leaf_weight=1577 1486 2237 150 117 491 350 505 169 349 3317 6172 174 5355 389
leaf_count=1577 1486 2237 150 117 491 350 505 169 349 3317 6172 174 5355 389
internal_value=0 1.34848e-06 2.7776e-05 4.97281e-05 -3.19636e-06 -1.3642e-05 1.83667e-05 1.28923e-05 6.24041e-05 -2.6428e-05 -1.6385e-06 6.01741e-06 -1.00134e-05 -9.70348e-06
internal_weight=22838 16080 2142 1603 6758 4663 996 2095 518 3667 13938 6346 7592 539
internal_count=22838 16080 2142 1603 6758 4663 996 2095 518 3667 13938 6346 7592 539
is_linear=0
shrinkage=0.05


Tree=561
num_leaves=15
num_cat=0
split_feature=9 0 20 5 9 4 5 5 16 16 15 11 8 3
split_gain=3.83003e-05 0.000256474 0.000445323 0.000181151 0.000102196 0.000583303 0.00100722 0.000502515 0.000225464 0.000757125 0.000280135 9.21151e-05 0.000405186 5.88878e-05
threshold=0.032205559053282845 -1.3841990348643021 0.35510485775653072 2.0884912754653433 0.16249845032406118 3.8501319673580681 3.600920309051078 2.0951308483559621 -6.1718479552375909 -6.3293962889679918 -2.5170622102459341 -9.8053183576130021 -8.1667897091277375 -17.524608823108405
decision_type=2 2 2 2 2 2 2 2 2 2 2 2 2 2
left_child=1 11 3 -3 5 7 -7 -2 9 -6 -10 13 -13 -1
right_child=4 2 -4 -5 8 6 -8 -9 10 -11 -12 12 -14 -15
leaf_value=0 0 0 0 7.5288597499506362e-05 5.0925810407598182e-07 0.00011762814073015414 0 -3.9112023975624262e-05 -2.1304875829942772e-05 0.00014881270974133673 4.4170137686430509e-08 -5.7896232243151538e-05 0 4.5522096098557093e-05
leaf_weight=53 561 194 73 404 1808 209 238 1692 1586 109 14869 352 591 99
leaf_count=53 561 194 73 404 1808 209 238 1692 1586 109 14869 352 591 99
internal_value=0 7.06995e-06 3.29481e-05 5.54661e-05 -5.93743e-07 -9.86618e-06 2.94139e-05 -2.43239e-05 0 1.68356e-05 -1.10319e-06 0 -1.34307e-05 1.9804e-05
internal_weight=22838 1766 671 598 21072 2700 447 2253 18372 1917 16455 1095 943 152
internal_count=22838 1766 671 598 21072 2700 447 2253 18372 1917 16455 1095 943 152
is_linear=0
shrinkage=0.05


Tree=562
num_leaves=13
num_cat=0
split_feature=14 14 14 8 14 10 0 9 14 14 14 4
split_gain=4.24926e-05 0.0012311 0.000505444 0.00139166 0.000467701 0.000382308 0.000286628 0.000211644 0.000159158 0.00123816 0.000650832 4.71657e-05
threshold=10.379999637603762 10.460000038146974 10.315000057220461 0.51425228499526787 10.280000209808351 26.994454605196712 0.91747814224006696 0.2371345990281564 11.039999961853029 11.144999980926515 10.920000076293947 1.4695165211691037
decision_type=2 2 2 2 2 2 2 2 2 2 2 2
left_child=2 7 4 -4 6 -6 -1 -2 10 -10 -3 -9
right_child=1 8 3 -5 5 -7 -8 11 9 -11 -12 -13
leaf_value=0 0 0 -0.00020143401216932751 0 0 0.0001080303051835342 -3.0379568745833e-05 0 0.00011921813347709594 0 -6.485173230940911e-05 0.00017172750758303251
leaf_weight=2326 51 1930 118 108 62 174 865 52 219 16334 473 126
leaf_count=2326 51 1930 118 108 62 174 865 52 219 16334 473 126
internal_value=0 1.03367e-06 -4.84381e-06 -7.70989e-05 0 6.77105e-05 -5.08935e-06 0.000116063 0 1.37839e-06 -1.23463e-05 0.000142354
internal_weight=22838 19185 3653 226 3427 236 3191 229 18956 16553 2403 178
internal_count=22838 19185 3653 226 3427 236 3191 229 18956 16553 2403 178
is_linear=0
shrinkage=0.05


Tree=563
num_leaves=10
num_cat=0
split_feature=14 14 14 5 14 0 14 14 5
split_gain=3.67231e-05 0.000933345 0.00074626 0.000464004 0.000413148 0.000260626 0.000143003 0.00111815 0.000657657
threshold=10.339999675750734 10.315000057220461 10.460000038146974 2.4853945545348952 10.280000209808351 0.91747814224006696 11.039999961853029 11.144999980926515 2.5492637980630204
decision_type=2 2 2 2 2 2 2 2 2
left_child=1 4 3 -2 5 -1 8 -8 -4
right_child=2 -3 6 -5 -6 -7 7 -9 -10
leaf_value=0 0 -0.00014791259373569948 0 0.00017108917249410857 6.3744798152342075e-05 -2.8862343872732527e-05 0.00011328432319450341 0 -5.8384894618986268e-05
leaf_weight=2326 243 109 1825 103 236 865 219 16334 578
leaf_count=2326 243 109 1825 103 236 865 219 16334 578
internal_value=0 -4.55023e-06 9.80977e-07 7.36889e-05 0 -4.67772e-06 0 1.29953e-06 -1.17083e-05
internal_weight=22838 3536 19302 346 3427 3191 18956 16553 2403
internal_count=22838 3536 19302 346 3427 3191 18956 16553 2403
is_linear=0
shrinkage=0.05


Tree=564
num_leaves=15
num_cat=0
split_feature=11 8 1 0 15 20 2 2 15 0 0 2 11 15
split_gain=3.60511e-05 0.000598876 0.000430703 0.000352326 0.000312211 0.000510863 0.000727478 0.000406842 0.000459196 0.000281747 0.000180116 0.000994776 0.000315167 7.65749e-05
threshold=3.0887599862524433 0.20165789685975002 -5.4056516845414025e-06 -0.047531634178582777 3.2616587823526171 -0.42221246925246075 4.9783224171433007 2.5379588957762049 2.2219917550812656 1.5123437609438959 -1.7999110121159954 2.2219671682015778 3.6900357445981338 4.4978143109676747
decision_type=2 2 2 2 2 2 2 2 2 2 2 2 2 2
left_child=4 2 -2 -4 7 13 -7 9 -9 -1 11 -3 -12 -6
right_child=1 10 3 -5 5 6 -8 8 -10 -11 12 -13 -14 -15
leaf_value=-4.133588631124483e-06 0 0 0 0.00010851016298347532 0 -7.4812293364747969e-05 0 6.2041245115669811e-05 0 1.6961179807934017e-05 2.0843808965366391e-05 0.00015646856462297397 -1.3437488145085207e-05 5.3706130039405693e-05
leaf_weight=14437 99 93 58 299 63 693 335 557 457 1650 604 116 3310 67
leaf_count=14437 99 93 58 299 63 693 335 557 457 1650 604 116 3310 67
internal_value=0 4.11556e-06 5.87016e-05 8.6061e-05 -8.29116e-07 -2.61587e-05 -4.48032e-05 1.04254e-08 3.13854e-05 -1.03666e-06 0 4.23984e-05 -4.31188e-06 5.98885e-06
internal_weight=22838 4579 456 357 18259 1158 1028 17101 1014 16087 4123 209 3914 130
internal_count=22838 4579 456 357 18259 1158 1028 17101 1014 16087 4123 209 3914 130
is_linear=0
shrinkage=0.05


Tree=565
num_leaves=15
num_cat=0
split_feature=11 14 14 13 14 14 6 14 9 6 0 15 20 14
split_gain=3.72796e-05 0.000404955 0.00132208 0.0011974 0.000455416 0.00068666 0.000466192 0.000285728 0.000223835 0.000588203 0.00059074 0.000430003 0.000421703 0.000573191
threshold=-3.791717624107418 12.175000190734863 11.899999618530275 0.45316036567362167 13.355000019073488 13.769999980926515 2.1213550815391811 11.454999923706056 0.27178104363203209 1.3777559928457863 -1.6661475400358743 -0.5379454489444101 -0.42221246925246075 21.47500038146973
decision_type=2 2 2 2 2 2 2 2 2 2 2 2 2 2
left_child=1 2 7 -4 6 -6 -3 -1 9 11 -11 -2 13 -10
right_child=8 4 3 -5 5 -7 -8 -9 12 10 -12 -13 -14 -15
leaf_value=1.5257728619446151e-05 -3.5998480661412958e-05 -6.5864499983149261e-05 0.00016218568749434327 0 8.4916498210169122e-05 -1.5111027915948038e-06 0 -3.8057120661852382e-05 6.8757636043652486e-05 0 7.5912740973157642e-05 0 0 0
leaf_weight=977 2149 536 279 90 237 1723 53 335 528 154 310 735 14601 131
leaf_count=977 2149 536 279 90 237 1723 53 335 528 154 310 735 14601 131
internal_value=0 4.43183e-06 2.51803e-05 0.000108698 -3.37342e-06 1.3284e-06 -4.4419e-05 0 -7.3662e-07 -1.2885e-05 2.60423e-05 -2.43541e-05 9.46475e-07 4.02253e-05
internal_weight=22838 4230 1681 369 2549 1960 589 1312 18608 3348 464 2884 15260 659
internal_count=22838 4230 1681 369 2549 1960 589 1312 18608 3348 464 2884 15260 659
is_linear=0
shrinkage=0.05


Tree=566
num_leaves=15
num_cat=0
split_feature=16 1 1 1 7 0 19 16 1 4 4 7 13 16
split_gain=3.38374e-05 0.000892253 0.000836803 0.000786899 0.000873299 0.000713193 0.000482869 0.000504848 0.000476172 0.000749891 0.000467177 0.000426376 0.000419652 0.000401586
threshold=-0.63656930664804923 0.44610789424490527 0.37401387377395806 1.0000000180025095e-35 52.909072972852449 1.4550770885035182 -1.0000000180025095e-35 -0.91408383923388115 0.68109404730179768 2.8160587202894658 7.0194085560811326 26.572429875432906 0.83243685891511998 -1.3062660342566088
decision_type=2 2 2 2 2 2 2 2 2 2 2 2 2 2
left_child=2 3 5 -2 -5 13 12 -8 9 -3 -10 -7 -4 -1
right_child=1 8 6 4 -6 11 7 -9 10 -11 -12 -13 -14 -15
leaf_value=0 1.2631449076465625e-07 0 5.8989480479593572e-05 -6.4110635097530252e-05 -5.8566675714506804e-06 0 -3.8847128434835774e-05 1.5453530576543136e-05 7.1400054840077608e-06 9.9254188569086014e-05 -0.00014219703340333784 8.0167297201494961e-05 -1.3460639912421525e-08 4.4326977367266244e-05
leaf_weight=6697 4970 911 306 1226 2917 55 2297 88 1491 439 53 585 197 606
leaf_count=6697 4970 911 306 1226 2917 55 2297 88 1491 439 53 585 197 606
internal_value=0 -1.62419e-06 2.21025e-06 -1.04373e-05 -2.67262e-05 1.17988e-05 -1.89644e-05 -3.05513e-05 2.09404e-05 4.26707e-05 0 6.49032e-05 6.16489e-06 5.08307e-06
internal_weight=22838 12007 10831 9113 4143 7943 2888 2385 2894 1350 1544 640 503 7303
internal_count=22838 12007 10831 9113 4143 7943 2888 2385 2894 1350 1544 640 503 7303
is_linear=0
shrinkage=0.05


Tree=567
num_leaves=15
num_cat=0
split_feature=0 13 9 19 8 15 3 8 3 13 5 0 3 5
split_gain=3.5313e-05 0.000574635 0.000909605 0.000764092 0.00045882 0.000473352 0.000277593 0.000257686 0.000255984 0.000582139 0.000957358 0.000205796 0.000721323 0.000226513
threshold=2.1188371783717312 0.30853621784847635 0.82593958297278547 0.65141619256942129 -11.130237434360962 0.86798178736810516 7.991719195387371 0.040610708407734626 17.026269629331196 0.45653273876830053 2.8801969293826928 1.5123437609438959 -0.87612618394379826 3.600920309051078
decision_type=2 2 2 2 2 2 2 2 2 2 2 2 2 2
left_child=8 2 3 -2 5 -3 -4 -6 11 10 -10 13 -13 -1
right_child=1 4 6 -5 7 -7 -8 -9 9 -11 -12 12 -14 -15
leaf_value=0 -0.00013983605036729137 0.00013770094606268686 4.2611527888427756e-05 0 -2.8512328821929613e-05 0 -3.3550407421005111e-05 1.5212306546594433e-05 0 0 0.00016282269549350639 6.6464687959432754e-05 0 -1.7199769965740142e-05
leaf_weight=16876 288 124 238 91 601 54 230 668 137 86 169 518 760 1998
leaf_count=16876 288 124 238 91 601 54 230 668 137 86 169 518 760 1998
internal_value=0 -5.52569e-06 -4.15912e-05 -9.92194e-05 5.24027e-06 8.14263e-05 0 0 9.41424e-07 4.09234e-05 8.29724e-05 0 1.95613e-05 -1.15286e-06
internal_weight=22838 2294 847 379 1447 178 468 1269 20544 392 306 20152 1278 18874
internal_count=22838 2294 847 379 1447 178 468 1269 20544 392 306 20152 1278 18874
is_linear=0
shrinkage=0.05


Tree=568
num_leaves=15
num_cat=0
split_feature=9 11 0 7 15 12 4 14 14 7 14 15 8 14
split_gain=3.38899e-05 0.000349871 0.000390573 0.000383383 0.000344403 0.000634013 0.000404899 0.000273231 0.000605054 0.000949942 0.000796851 0.000409086 0.000702409 0.000645737
threshold=0.080087067879951832 -9.8053183576130021 -0.8594353783989479 23.147115781660435 -4.8608220562231343 -6.8785933690657162 3.8501319673580681 21.47500038146973 18.954999923706058 60.311182001030552 18.210000038146976 1.4825772636226866 -5.2257042247258996 23.085000038146976
decision_type=2 2 2 2 2 2 2 2 2 2 2 2 2 2
left_child=1 2 3 -1 5 -3 -6 8 10 -10 -2 12 -9 -13
right_child=7 4 -4 -5 6 -7 -8 11 9 -11 -12 13 -14 -15
leaf_value=0.00014527237460820324 1.9402612714135937e-07 -8.1720167275610339e-05 0 0 0 0 7.3630912482453188e-05 0 0.00011442240587644778 0 -9.2858947744103111e-05 -5.6388944657246432e-05 -8.9229605977735271e-05 5.9368811240698903e-05
leaf_weight=136 18535 335 50 82 1475 275 223 238 296 54 230 193 434 282
leaf_count=136 18535 335 50 82 1475 275 223 238 296 54 230 193 434 282
internal_value=0 5.63027e-06 5.96261e-05 9.39445e-05 0 -3.28374e-05 1.09084e-05 -3.86951e-07 2.7179e-07 6.5668e-05 -1.52081e-07 -2.44219e-05 -5.03688e-05 0
internal_weight=22838 2576 268 218 2308 610 1698 20262 19115 350 18765 1147 672 475
internal_count=22838 2576 268 218 2308 610 1698 20262 19115 350 18765 1147 672 475
is_linear=0
shrinkage=0.05


Tree=569
num_leaves=15
num_cat=0
split_feature=11 14 14 13 14 14 12 14 8 0 13 1 1 1
split_gain=3.47062e-05 0.000371819 0.00117455 0.00110315 0.000391896 0.000617174 0.000467643 0.000258744 0.000204901 0.00143647 0.00135676 0.00116389 0.000280037 0.000705159
threshold=-3.791717624107418 12.175000190734863 11.899999618530275 0.45316036567362167 13.355000019073488 13.769999980926515 -6.8785933690657162 11.454999923706056 -6.8050334036504685 -0.36818341823097428 0.0026835935146740657 0.64402741316097589 -0.15042387457364129 -0.035893760454276023
decision_type=2 2 2 2 2 2 2 2 2 2 2 2 2 2
left_child=1 2 7 -4 6 -6 -3 -1 9 10 -2 -11 -10 -14
right_child=8 4 3 -5 5 -7 -8 -9 12 11 -12 -13 13 -15
leaf_value=1.4975682145830708e-05 0 -8.6026869096623179e-05 0.00015448421295254124 0 8.048746789308779e-05 -1.3092951009983331e-06 0 -3.5670577351484535e-05 -1.1383974602470085e-05 -1.3645596075022462e-06 -0.00015838896936067024 0.00011214168603303729 4.2751398068772414e-05 0
leaf_weight=977 567 292 279 90 237 1723 297 335 3293 1141 295 236 1115 11961
leaf_count=977 567 292 279 90 237 1723 297 335 3293 1141 295 236 1115 11961
internal_value=0 4.34513e-06 2.4237e-05 0.000102988 -2.89502e-06 9.68278e-07 -4.11544e-05 0 -6.08196e-07 -1.51709e-05 -6.83685e-05 7.27087e-06 4.68224e-07 4.60072e-06
internal_weight=22838 4230 1681 369 2549 1960 589 1312 18608 2239 862 1377 16369 13076
internal_count=22838 4230 1681 369 2549 1960 589 1312 18608 2239 862 1377 16369 13076
is_linear=0
shrinkage=0.05


Tree=570
num_leaves=15
num_cat=0
split_feature=9 13 8 2 5 9 5 8 5 7 7 13 5 8
split_gain=3.33555e-05 0.000463415 0.000567698 0.000224379 0.000297683 0.000191132 0.000795771 0.000326155 0.000211521 0.00104824 0.000381396 0.000190568 0.000181006 0.000154321
threshold=0.99362140949327771 -0.29718837871138265 1.2260944366412116 8.2222933002996559 3.2166586477788006 0.85265164803290949 2.9242783544295485 24.34385628718724 2.4785224383743127 58.593553039680394 52.720096379091622 0.23042911338914121 2.5270328018368158 1.2797511001099633
decision_type=2 2 2 2 2 2 2 2 2 2 2 2 2 2
left_child=5 2 -2 11 -5 8 13 -8 10 -10 -1 -3 -4 -7
right_child=1 3 12 4 -6 6 7 -9 9 -11 -12 -13 -14 -15
leaf_value=-8.5992557083804997e-07 0 0 0 8.7952194653986412e-05 0 -2.3007589641062449e-05 9.7701945429013199e-05 0 0 -4.289385742152813e-05 1.8138927997544807e-05 -3.4370948810557789e-05 -0.00016949995851771543 9.6988899490986042e-06
leaf_weight=6412 62 304 126 167 73 516 344 85 8015 1616 3413 407 107 1191
leaf_count=6412 62 304 126 167 73 516 344 85 8015 1616 3413 407 107 1191
internal_value=0 -7.62844e-06 -6.44914e-05 0 4.80047e-05 7.07946e-07 1.51183e-05 7.5911e-05 -1.03882e-07 -6.06653e-06 4.21449e-06 -2.79824e-06 -0.000106425 0
internal_weight=22838 1246 295 951 240 21592 2136 429 19456 9631 9825 711 233 1707
internal_count=22838 1246 295 951 240 21592 2136 429 19456 9631 9825 711 233 1707
is_linear=0
shrinkage=0.05


Tree=571
num_leaves=15
num_cat=0
split_feature=10 21 1 13 20 12 8 12 6 2 0 13 6 19
split_gain=3.29644e-05 0.000340697 0.000508307 0.00133533 0.000416079 0.000334759 0.00052971 0.000859022 0.000493683 0.000830433 0.000678309 0.000310636 0.000298596 0.00024944
threshold=35.632601763938432 0.1495759663705771 0.43976953685111569 -1.2448797960925293 -0.25283426379470691 5.9898606257762692 -5.0741203737043339 -2.854768943868399 0.78321449345742833 0.22754794069724807 2.2194820395899915 -0.61614253177807987 0.52861722120325272 -0.7488599596199953
decision_type=2 2 2 2 2 2 2 2 2 2 2 2 2 2
left_child=1 4 3 -3 -1 6 7 -2 9 -7 -10 -6 -8 -4
right_child=5 2 13 -5 11 8 12 -9 10 -11 -12 -13 -14 -15
leaf_value=6.4672476732293595e-05 3.7808214324618425e-05 1.7197750778152309e-05 0 -6.2321845387200119e-05 -1.5457199957160365e-05 3.6362287759055742e-05 0 -2.7683775450310551e-05 5.9890189586339497e-05 -4.4129006774975292e-05 0 7.612072402246728e-06 -2.5660069566676325e-05 3.7268066080679282e-05
leaf_weight=330 1259 510 225 1245 1420 475 979 618 903 742 287 9554 3805 486
leaf_count=330 1259 510 225 1245 1420 475 979 618 903 742 287 9554 3805 486
internal_value=0 1.77486e-06 -1.32686e-05 -3.06748e-05 6.38437e-06 -2.07455e-06 -9.19468e-06 8.25458e-06 1.13957e-05 -3.93599e-07 3.60372e-05 3.2591e-06 -1.9176e-05 8.61138e-06
internal_weight=22838 13770 2466 1755 11304 9068 6661 1877 2407 1217 1190 10974 4784 711
internal_count=22838 13770 2466 1755 11304 9068 6661 1877 2407 1217 1190 10974 4784 711
is_linear=0
shrinkage=0.05


Tree=572
num_leaves=9
num_cat=0
split_feature=15 2 8 5 10 10 6 10
split_gain=3.44329e-05 0.000270974 0.000184284 0.000318233 0.000346884 0.000144793 0.000254713 0.000145441
threshold=8.7162477917075449 8.6177823431344738 1.6687615733377907 2.5562440012820811 38.865688137424385 70.731206504103213 1.0017755939983866 35.632601763938432
decision_type=2 2 2 2 2 2 2 2
left_child=1 5 -2 -4 -5 7 -7 -1
right_child=2 -3 3 4 -6 6 -8 -9
leaf_value=1.8977453574996975e-06 0 6.398947339818903e-05 0 -0.00012039435021985188 0 0 8.5769931666113234e-05 -6.2070566844711505e-06
leaf_weight=13477 69 166 62 151 163 293 134 8323
leaf_count=13477 69 166 62 151 163 293 134 8323
internal_value=0 5.33455e-07 -1.33687e-05 -3.78612e-05 -6.5125e-05 0 2.88544e-05 -5.0868e-07
internal_weight=22838 22393 445 376 314 22227 427 21800
internal_count=22838 22393 445 376 314 22227 427 21800
is_linear=0
shrinkage=0.05


Tree=573
num_leaves=15
num_cat=0
split_feature=16 1 7 16 7 19 9 18 3 5 7 7 1 18
split_gain=3.29663e-05 0.000602881 0.000830368 0.000729105 0.000571171 0.000602178 0.000388942 0.000627732 0.0010037 0.000708838 0.000397806 0.000495547 0.000367407 0.000122666
threshold=2.2256172921397641 -0.59270928693549318 61.685233548565115 7.3597841663176746 64.069347961090017 1.0341262645287119 0.34275853278998236 0.60451080378263033 -1.5215762666936414 2.4933703337760869 43.509854537138722 49.835912480025151 0.45687113869933499 0.67488117592009345
decision_type=2 2 2 2 2 2 2 2 2 2 2 2 2 2
left_child=6 4 3 -3 5 -2 10 9 -9 -8 13 -12 -4 -1
right_child=1 2 12 -5 -6 -7 7 8 -10 -11 11 -13 -14 -15
leaf_value=4.9505884517402791e-06 8.4980591761556562e-05 -4.1833670649295068e-05 -8.5627979614400253e-07 0 0 0 1.6241658908892162e-05 9.5275566628795383e-05 0 -2.2866030376873557e-05 -4.843527055815471e-05 0 2.970597136217856e-05 -9.2952617975969321e-06
leaf_weight=4858 547 2493 2997 882 233 66 3802 542 370 1521 1010 246 1101 2170
leaf_count=4858 547 2493 2997 882 233 66 3802 542 370 1521 1010 246 1101 2170
internal_value=0 -2.16523e-06 -8.35789e-06 -2.74395e-05 3.47723e-05 6.31946e-05 1.72906e-06 1.18614e-05 5.1482e-05 2.24736e-06 -4.08715e-06 -3.00214e-05 3.70062e-06 0
internal_weight=22838 8319 7473 3375 846 613 14519 6235 912 5323 8284 1256 4098 7028
internal_count=22838 8319 7473 3375 846 613 14519 6235 912 5323 8284 1256 4098 7028
is_linear=0
shrinkage=0.05


Tree=574
num_leaves=15
num_cat=0
split_feature=3 16 15 4 5 5 3 15 3 5 19 0 15 4
split_gain=3.58323e-05 0.000536432 0.000457974 0.000456363 0.000793038 0.000653743 0.000327916 0.0004451 0.000573286 0.000404272 0.000410851 0.000333215 0.000314647 0.000251689
threshold=6.7082428865620667 6.5953001560825788 -0.73961588042586446 5.2039420849120406 3.8060439477127628 4.0728880582131213 3.729336434281894 3.2616587823526171 -4.3296551924684836 2.108471033797946 -0.54549467718356426 1.5123437609438959 1.2997424251809833 1.7878534018205865
decision_type=2 2 2 2 2 2 2 2 2 2 2 2 2 2
left_child=6 2 13 5 -5 -3 7 11 -9 -8 -11 -1 -4 -2
right_child=1 3 12 4 -6 -7 9 8 -10 10 -12 -13 -14 -15
leaf_value=-6.4689659000351161e-07 0 0 2.577537709945925e-05 0 -0.00015981267232066107 0.00011210838782074528 0 0 -4.9441384962216364e-05 0 4.1607568123940182e-05 2.2131878681897044e-05 -4.4098714405989637e-05 -0.00016920661315207082
leaf_weight=13224 55 2852 179 122 110 152 776 328 1037 172 1662 1717 342 110
leaf_count=13224 55 2852 179 122 110 152 776 328 1037 172 1662 1717 342 110
internal_value=0 -4.00195e-06 -4.52048e-05 1.09995e-07 -6.04829e-05 9.79985e-06 1.18918e-06 -5.74516e-07 -2.84304e-05 1.79488e-05 3.17675e-05 9.68235e-07 0 -0.000123912
internal_weight=22838 3922 686 3236 232 3004 18916 16306 1365 2610 1834 14941 521 165
internal_count=22838 3922 686 3236 232 3004 18916 16306 1365 2610 1834 14941 521 165
is_linear=0
shrinkage=0.05


Tree=575
num_leaves=12
num_cat=0
split_feature=14 14 5 14 14 14 10 14 7 14 14
split_gain=3.52241e-05 0.00106461 0.000431329 0.000410714 0.00042946 0.000365837 0.000345707 0.000246333 0.000136441 0.000552229 0.00049287
threshold=10.379999637603762 10.460000038146974 2.0144719733571654 10.315000057220461 10.339999675750734 10.280000209808351 26.994454605196712 10.219999790191652 58.188078648475191 14.265000343322756 11.844999790191652
decision_type=2 2 2 2 2 2 2 2 2 2 2
left_child=3 2 -2 5 -5 7 -7 -1 10 -10 -3
right_child=1 8 -4 4 -6 6 -8 -9 9 -11 -12
leaf_value=0 0 -8.1489306897046372e-06 0.00015433444667641071 -0.0001402896572121377 0 0 9.9105119123955133e-05 -4.4585437907765965e-05 0 -6.6417639873498423e-05 1.0808555237034703e-05
leaf_weight=2852 72 5107 157 109 117 62 174 339 5108 370 8371
leaf_count=2852 72 5107 157 109 117 62 174 339 5108 370 8371
internal_value=0 1.10822e-06 0.000108048 -4.20132e-06 -6.93355e-05 0 6.00475e-05 -4.33701e-06 0 -6.83577e-06 2.51239e-06
internal_weight=22838 19185 229 3653 226 3427 236 3191 18956 5478 13478
internal_count=22838 19185 229 3653 226 3427 236 3191 18956 5478 13478
is_linear=0
shrinkage=0.05


Tree=576
num_leaves=12
num_cat=0
split_feature=19 6 18 18 18 19 20 20 12 6 4
split_gain=2.91398e-05 0.000314119 0.000241057 0.000301295 0.00019929 0.000757989 0.00078351 0.000288871 0.000141184 0.000372583 0.000342068
threshold=-2.0308634955439664 0.74693332845832883 1.6458473390991941 3.1818946905043153 1.989038741442406 -0.29307027667185664 0.85156509771703071 -0.10808764981047358 -11.273396390877975 1.1797465190050158 4.1220890301277349
decision_type=2 2 2 2 2 2 2 2 2 2 2
left_child=1 -1 -3 -4 8 6 -6 -7 9 -2 -10
right_child=4 2 3 -5 5 7 -8 -9 10 -11 -12
leaf_value=0 -5.0644150056468788e-05 0 -9.976961582635325e-05 0 0.00014613010800566568 -4.944291307494932e-05 0 2.1405405280044461e-05 -8.8689355128361759e-07 0 2.1975386480710627e-05
leaf_weight=66 499 88 221 82 203 241 78 284 19025 308 1743
leaf_count=66 499 88 221 82 203 241 78 284 19025 308 1743
internal_value=0 -1.22389e-05 -4.66725e-05 -6.9219e-05 4.35542e-07 2.49528e-05 9.2204e-05 0 0 -2.08411e-05 3.10609e-07
internal_weight=22838 457 391 303 22381 806 281 525 21575 807 20768
internal_count=22838 457 391 303 22381 806 281 525 21575 807 20768
is_linear=0
shrinkage=0.05


Tree=577
num_leaves=15
num_cat=0
split_feature=14 14 13 10 0 9 14 14 6 6 14 6 2 11
split_gain=3.38671e-05 0.00028469 0.00139329 0.000155113 0.000352321 0.000278813 0.000128326 0.000310235 0.000243226 0.000241674 0.000237482 0.000209425 8.90843e-05 1.71267e-05
threshold=10.055000305175783 9.9200000762939471 -0.15511208884687042 25.104260986845116 1.4000248219632898 0.92404919393089358 10.154999732971193 10.260000228881838 0.47776857452908911 1.3539873758688448 10.460000038146974 0.52090255505601557 3.9116579940462475 3.0306950401338639
decision_type=2 2 2 2 2 2 2 2 2 2 2 2 2 2
left_child=1 3 13 5 -5 -1 9 8 -8 11 -9 -2 -4 -3
right_child=6 2 12 4 -6 -7 7 10 -10 -11 -12 -13 -14 -15
leaf_value=-4.0528600479378219e-05 0 0 -0.00016250614773290342 3.9721823279730306e-05 0 0 0 2.7523240443433092e-05 -7.0283233792575066e-05 0 0 5.8641062128299382e-05 0 1.6514198821180797e-05
leaf_weight=481 142 185 169 743 169 91 66 803 276 118 18956 424 59 156
leaf_count=481 142 185 169 743 169 91 66 803 276 118 18956 424 59 156
internal_value=0 -5.91034e-06 -3.70745e-05 0 1.79172e-05 -1.28548e-05 7.88313e-07 0 -4.70792e-05 2.20726e-05 8.81289e-07 4.06716e-05 -0.000136498 0
internal_weight=22838 2053 569 1484 912 572 20785 20101 342 684 19759 566 228 341
internal_count=22838 2053 569 1484 912 572 20785 20101 342 684 19759 566 228 341
is_linear=0
shrinkage=0.05


Tree=578
num_leaves=11
num_cat=0
split_feature=14 14 14 7 14 1 14 1 14 14
split_gain=3.33108e-05 7.47164e-05 0.00135468 0.000672884 0.00039326 0.00126858 0.000282221 5.82051e-05 1.68929e-05 1.19788e-05
threshold=9.4149999618530291 11.679999828338625 11.719999790191652 58.188078648475191 11.38000011444092 -0.46952013107126028 11.219999790191652 0.15864618990901277 9.2849998474121112 9.1699995994567889
decision_type=2 2 2 2 2 2 2 2 2 2
left_child=8 4 7 -4 6 -6 -2 -3 9 -1
right_child=1 2 3 -5 5 -7 -8 -9 -10 -11
leaf_value=-1.591199980011089e-05 4.2288441449977151e-06 -0.0001416915080031264 7.9584070832345166e-06 -1.7889330883952197e-05 -6.5975621114324745e-05 5.212755751543319e-05 -1.9963049148007507e-05 0 -3.2572265900418409e-05 2.6408099545412469e-06
leaf_weight=114 6716 176 9157 3443 177 1305 1468 50 114 118
leaf_count=114 6716 176 9157 3443 177 1305 1468 50 114 118
internal_value=0 3.94458e-07 -1.28961e-06 0 4.18065e-06 2.78725e-05 0 -0.000122529 -1.51626e-05 0
internal_weight=22838 22492 12826 12600 9666 1482 8184 226 346 232
internal_count=22838 22492 12826 12600 9666 1482 8184 226 346 232
is_linear=0
shrinkage=0.05


Tree=579
num_leaves=12
num_cat=0
split_feature=14 14 14 5 13 14 10 13 13 13 13
split_gain=3.22652e-05 0.00093594 0.000387889 0.000387798 0.00038606 0.000306465 0.000315186 0.000241885 0.000137027 0.00138144 0.000625971
threshold=10.379999637603762 10.460000038146974 10.315000057220461 2.0144719733571654 0.58543975638573065 10.280000209808351 26.994454605196712 -0.013045006246314992 0.36317388633246855 0.41663593221795697 0.10974257862870208
decision_type=2 2 2 2 2 2 2 2 2 2 2
left_child=2 3 5 -2 -4 7 -7 -1 10 -10 -3
right_child=1 8 4 -5 -6 6 -8 -9 9 -11 -12
leaf_value=-2.4002292360598128e-05 0 -1.2494271958934604e-06 0 0.0001450621527467924 -0.00013484269492486918 0 9.2592634377901322e-05 0 -8.0119752843380934e-05 0 2.6564124764223958e-05
leaf_weight=1142 72 10997 117 157 109 62 174 2049 578 5076 2305
leaf_count=1142 72 10997 117 157 109 62 174 2049 578 5076 2305
internal_value=0 8.97461e-07 -4.22447e-06 0.000101195 -6.75216e-05 0 5.48254e-05 -4.10477e-06 0 -6.82084e-06 2.44424e-06
internal_weight=22838 19185 3653 229 226 3427 236 3191 18956 5654 13302
internal_count=22838 19185 3653 229 226 3427 236 3191 18956 5654 13302
is_linear=0
shrinkage=0.05


Tree=580
num_leaves=15
num_cat=0
split_feature=0 13 14 19 14 5 14 3 13 5 0 3 5 4
split_gain=3.2603e-05 0.000521777 0.00140704 0.000589799 0.000285714 0.000624223 0.000569663 0.000217071 0.000536128 0.000901261 0.000160607 0.000637183 0.000209082 0.000158222
threshold=2.1188371783717312 0.30853621784847635 13.534999847412111 0.62616030513678511 18.300000190734867 2.9796135070590624 24.720000267028812 17.026269629331196 0.45653273876830053 3.522454988782084 1.5123437609438959 -0.87612618394379826 3.600920309051078 5.2039420849120406
decision_type=2 2 2 2 2 2 2 2 2 2 2 2 2 2
left_child=7 2 13 -4 5 -3 -6 10 9 -9 12 -12 -1 -2
right_child=1 4 3 -5 6 -7 -8 8 -10 -11 11 -13 -14 -15
leaf_value=0 0 0 -0.00025703019816925618 0 -8.3802885121460563e-05 7.6117413847414186e-05 0 0 0 0.00021230111632358669 6.159096555262269e-05 0 -1.6562844269139061e-05 -8.3303970929129032e-05
leaf_weight=16876 643 723 95 53 215 380 129 215 86 91 518 760 1998 56
leaf_count=16876 643 723 95 53 215 380 129 215 86 91 518 760 1998 56
internal_value=0 -5.56423e-06 -3.99009e-05 -0.000180746 4.18926e-06 2.42067e-05 -1.64003e-05 7.13285e-07 3.75161e-05 7.8534e-05 0 1.71422e-05 -1.16632e-06 0
internal_weight=22838 2294 847 148 1447 1103 344 20544 392 306 20152 1278 18874 699
internal_count=22838 2294 847 148 1447 1103 344 20544 392 306 20152 1278 18874 699
is_linear=0
shrinkage=0.05


Tree=581
num_leaves=15
num_cat=0
split_feature=12 1 20 6 16 16 3 10 5 9 9 6 1 9
split_gain=3.43362e-05 0.000222261 0.000637165 0.000363002 0.000196297 0.000274614 0.000472482 0.000354426 0.000223885 0.00021543 0.00018685 0.000484541 0.000253371 6.5422e-05
threshold=-9.2347614267499871 0.10873491796530067 -0.16424046339868628 0.62101522437860857 -9.9960599603620235 -7.2033955678022608 -7.1463629180038888 20.372565998803267 3.8757669192611344 0.34275853278998236 0.0877372385578397 0.61710885887702738 -0.040396500223639616 0.14694019470957756
decision_type=2 2 2 2 2 2 2 2 2 2 2 2 2 2
left_child=1 10 13 -4 8 7 -7 -6 9 -2 12 -12 -1 -3
right_child=4 2 3 -5 5 6 -8 -9 -10 -11 11 -13 -14 -15
leaf_value=4.2907737277633524e-05 -6.6914899412193828e-05 -3.6465265807717936e-05 0 8.7899913806485457e-05 0 -3.5343557177671748e-05 0 3.9274429705146544e-05 0 0 0 -6.1958052433640524e-05 0 0
leaf_weight=379 355 122 106 405 138 965 18431 1002 66 61 159 419 136 94
leaf_count=379 355 122 106 405 138 965 18431 1002 66 61 159 419 136 94
internal_value=0 6.66304e-06 2.95687e-05 6.59873e-05 -4.87492e-07 0 -1.14638e-06 2.40698e-05 -3.20371e-05 -5.03096e-05 0 -2.6315e-05 1.1325e-05 0
internal_weight=22838 1820 727 511 21018 20536 19396 1140 482 416 1093 578 515 216
internal_count=22838 1820 727 511 21018 20536 19396 1140 482 416 1093 578 515 216
is_linear=0
shrinkage=0.05


Tree=582
num_leaves=13
num_cat=0
split_feature=13 13 13 14 7 12 21 1 20 11 11 9
split_gain=3.6417e-05 0.00106877 0.000626413 0.000443985 0.00129198 0.000599999 0.000363971 0.000302068 0.000236943 0.000202685 0.000178537 0.000279174
threshold=0.52555861591733211 0.53714975524669095 0.49393563195667683 12.184999942779543 38.28792673522581 9.2255528921557808 0.35905616534930279 1.4423592471701656 -0.76033633803498291 0.47783840678994266 -1.3477683254984363 0.12491996107576948
decision_type=2 2 2 2 2 2 2 2 2 2 2 2
left_child=2 9 6 5 -5 -3 7 -1 -8 -2 11 -4
right_child=1 3 10 4 -6 -7 8 -9 -10 -11 -12 -13
leaf_value=0 -0.00014069969537170592 0 0 -2.122726116250494e-05 5.0367283074856796e-05 -8.5068625256776848e-05 0 5.2505145894095307e-05 -0.00011193737283959486 0 0 0.00022292962543459991
leaf_weight=17094 163 2348 55 786 1411 262 71 277 118 73 126 54
leaf_count=17094 163 2348 55 786 1411 262 71 277 118 73 126 54
internal_value=0 -3.67125e-06 1.13831e-06 0 1.79312e-05 -1.24274e-05 0 8.0354e-07 -6.87754e-05 -0.000107521 8.20575e-05 0.000136029
internal_weight=22838 5043 17795 4807 2197 2610 17560 17371 189 236 235 109
internal_count=22838 5043 17795 4807 2197 2610 17560 17371 189 236 235 109
is_linear=0
shrinkage=0.05


Tree=583
num_leaves=14
num_cat=0
split_feature=0 10 5 12 2 0 9 1 19 10 12 4 2
split_gain=3.23583e-05 0.000532909 0.000457118 0.000575245 0.000237873 0.000165931 0.000591826 0.000344768 0.00031915 0.000192679 0.000753963 0.000239376 0.000160435
threshold=2.1188371783717312 15.053229766045183 2.145619164586599 -7.9233218226357538 2.0280982036778643 1.5123437609438959 0.78412713403961687 0.24764875600145461 -0.41864009764207377 20.621310704106943 -4.8195200873301358 2.0379995380610021 4.2542345204065972
decision_type=2 2 2 2 2 2 2 2 2 2 2 2 2
left_child=5 4 12 -4 -2 9 8 -8 -7 10 -1 -11 -3
right_child=1 2 3 -5 -6 6 7 -9 -10 11 -12 -13 -14
leaf_value=-6.815638930436216e-05 0.00015102503453943365 5.0123745679415426e-05 0 -4.4109138298866615e-05 0 0 -5.8800393748662974e-05 0 5.8225250598841265e-05 -3.704374790631997e-06 0 8.1415016485300367e-06 0
leaf_weight=495 57 185 239 1639 87 68 250 223 794 6563 3539 8612 87
leaf_count=495 57 185 239 1639 87 68 250 223 794 6563 3539 8612 87
internal_value=0 -5.60348e-06 -1.77293e-05 -3.05415e-05 7.08672e-05 6.55772e-07 1.78077e-05 -3.53079e-06 4.68883e-05 0 -1.01922e-05 2.03e-06 1.5574e-05
internal_weight=22838 2294 2150 1878 144 20544 1335 473 862 19209 4034 15175 272
internal_count=22838 2294 2150 1878 144 20544 1335 473 862 19209 4034 15175 272
is_linear=0
shrinkage=0.05


Tree=584
num_leaves=15
num_cat=0
split_feature=2 12 9 21 9 5 4 5 12 9 4 5 19 9
split_gain=2.88417e-05 0.000359873 0.000516478 0.000716229 0.000643336 0.000434636 0.00115293 0.000362442 0.000171477 0.000528025 0.000493121 0.000371667 0.00077381 0.000298099
threshold=-1.572433032119319 -1.9663615910092618 0.27562015963499492 0.26415196545265751 0.18280098315632221 4.1263492589536188 5.2039420849120406 2.3647634772755892 -7.3659062359823713 0.25086049922574621 4.4126335179767402 3.6552112915236763 -0.23559314415168409 0.33475556942071433
decision_type=2 2 2 2 2 2 2 2 2 2 2 2 2 2
left_child=1 2 4 -4 -1 7 -7 -3 9 -2 -11 13 -13 -10
right_child=8 5 3 -5 -6 6 -8 -9 11 10 -12 12 -14 -15
leaf_value=-6.1821461233282085e-06 0 2.9765574708944443e-05 -8.1373714427878776e-05 0 4.5145056392445518e-05 0.00017160284410271776 0 -1.6297378215087118e-06 -1.7493407576133224e-05 8.5413396559242831e-05 0 0 -6.5604764877827447e-05 2.136135848590292e-06
leaf_weight=3633 346 1119 473 57 720 161 63 1609 2271 388 67 250 703 10978
leaf_count=3633 346 1119 473 57 720 161 63 1609 2271 388 67 250 703 10978
internal_value=0 2.50812e-06 -3.41351e-06 -5.03865e-05 0 1.73807e-05 9.16074e-05 5.75799e-06 -1.233e-06 1.88532e-05 5.93297e-05 -3.42323e-06 -3.38866e-05 -9.75386e-08
internal_weight=22838 7835 4883 530 4353 2952 224 2728 15003 801 455 14202 953 13249
internal_count=22838 7835 4883 530 4353 2952 224 2728 15003 801 455 14202 953 13249
is_linear=0
shrinkage=0.05


Tree=585
num_leaves=14
num_cat=0
split_feature=9 7 1 7 14 8 7 18 18 19 1 8 16
split_gain=3.01117e-05 0.000191324 0.000286569 0.000188709 0.000504099 0.000276586 0.000136875 0.000666067 0.000314442 0.000705151 0.000515159 0.000249681 0.000157979
threshold=0.032205559053282845 38.887656964967057 -0.27646961196006203 33.581043601183438 12.375000000000002 -2.1768654579577658 23.147115781660435 1.607236135008246 1.7390425857331069 -1.0040923831025368 0.30758574068941946 -24.882749334655756 -10.599597470939708
decision_type=2 2 2 2 2 2 2 2 2 2 2 2 2
left_child=1 3 -3 4 -1 -5 7 11 9 -8 -10 -2 -9
right_child=6 2 -4 5 -6 -7 8 12 10 -11 -12 -13 -14
leaf_value=4.6450340969962704e-05 0 0 9.0348107709301516e-05 -6.4602128720626174e-05 -5.2575258710472733e-06 0 5.4150037338496825e-05 0 -5.4613652380387281e-05 0 0 -5.9152742496879253e-05 8.4476397467023211e-05
leaf_weight=630 168 77 154 250 523 132 626 74 669 18244 514 694 83
leaf_count=630 168 77 154 250 523 132 626 74 669 18244 514 694 83
internal_value=0 6.31639e-06 4.86369e-05 0 1.00132e-05 -3.04907e-05 -4.76342e-07 -1.84436e-05 0 2.00191e-06 -2.44962e-05 -4.57668e-05 3.59764e-05
internal_weight=22838 1766 231 1535 1153 382 21072 1019 20053 18870 1183 862 157
internal_count=22838 1766 231 1535 1153 382 21072 1019 20053 18870 1183 862 157
is_linear=0
shrinkage=0.05


Tree=586
num_leaves=13
num_cat=0
split_feature=13 13 13 5 8 19 8 6 0 4 8 10
split_gain=3.62986e-05 0.000969988 0.000586931 0.00039925 0.000328363 0.000389756 0.000325332 0.000349205 0.000291341 0.000283091 0.000242557 0.000150675
threshold=0.52555861591733211 0.53714975524669095 0.49393563195667683 2.2193290654732971 -30.56304263854285 -0.081622639813821868 -71.005765449534877 1.5422740629444054 2.6712980405347637 1.8449473506362828 -2.9937423834251837 25.828606455837676
decision_type=2 2 2 2 2 2 2 2 2 2 2 2
left_child=2 3 6 -2 5 -3 7 -1 -8 -4 -6 -11
right_child=1 4 9 -5 10 -7 8 -9 -10 11 -12 -13
leaf_value=-7.7604363473173866e-05 0 0 0 -0.00014817221944466919 -2.2217493040087148e-05 9.5539621637166989e-05 3.2130343416236733e-06 0 -2.8265056191265861e-05 0 1.3152795079283153e-06 0.00014127707478406212
leaf_weight=276 78 55 50 158 1247 194 16511 53 720 57 3311 128
leaf_count=276 78 55 50 158 1247 194 16511 53 720 57 3311 128
internal_value=0 -3.66497e-06 1.13673e-06 -0.000102556 0 5.67639e-05 0 -4.90887e-05 1.02568e-06 7.94665e-05 -1.8362e-06 0.000108708
internal_weight=22838 5043 17795 236 4807 249 17560 329 17231 235 4558 185
internal_count=22838 5043 17795 236 4807 249 17560 329 17231 235 4558 185
is_linear=0
shrinkage=0.05


Tree=587
num_leaves=15
num_cat=0
split_feature=13 13 16 14 6 10 14 13 10 14 14 14 6 13
split_gain=3.16601e-05 0.000565333 0.00201348 0.000874718 0.000839649 0.000723964 0.000687509 0.000356465 0.000764616 0.000293825 0.000652923 0.000594269 0.00023022 0.000177952
threshold=-1.0363005613350849 -1.3136583756299167 0.76033664165300896 14.389999866485597 1.3198984806627609 53.13938399405496 18.07499980926514 -0.95398890585195451 53.521322471735537 18.954999923706058 18.679999351501468 22.804999351501468 1.3777559928457863 -2.1295115427365112
decision_type=2 2 2 2 2 2 2 2 2 2 2 2 2 2
left_child=1 5 4 -4 -3 6 -1 8 12 10 -9 -11 -2 -7
right_child=7 2 3 -5 -6 13 -8 9 -10 11 -12 -13 -14 -15
leaf_value=-5.3531097858294669e-05 -0.00012783579150403755 0.00021634324698701992 3.0491023898111266e-05 -0.00011720202127945999 0 0 3.6949277194491801e-05 0 0 9.4316143596012315e-05 -8.3702827498742183e-05 0 0 -0.00014216243672503232
leaf_weight=241 206 183 194 145 72 66 750 19677 53 247 234 580 79 111
leaf_count=241 206 183 194 145 72 66 750 19677 53 247 234 580 79 111
internal_value=0 6.50537e-06 4.98602e-05 0 0.000159502 -2.73556e-06 0 -4.64137e-07 -5.14022e-05 0 -8.42747e-07 2.9497e-05 -9.90733e-05 -0.00010108
internal_weight=22838 1762 594 339 255 1168 991 21076 338 20738 19911 827 285 177
internal_count=22838 1762 594 339 255 1168 991 21076 338 20738 19911 827 285 177
is_linear=0
shrinkage=0.05


Tree=588
num_leaves=12
num_cat=0
split_feature=13 13 13 14 13 13 5 14 14 14 5
split_gain=3.14774e-05 0.000867193 0.000543434 0.000403784 0.000767751 0.000383687 0.000342765 0.00029096 0.000981368 0.000969058 0.000243091
threshold=0.52157362889866399 0.53714975524669095 0.49393563195667683 12.184999942779543 0.83243685891511998 0.55071779110856822 2.2193290654732971 12.175000190734863 12.22499990463257 11.97499990463257 2.6069238007892706
decision_type=2 2 2 2 2 2 2 2 2 2 2
left_child=2 6 7 5 -5 -3 -2 9 -9 -1 -4
right_child=1 3 10 4 -6 -7 -8 8 -10 -11 -12
leaf_value=0 0 1.2875220803617653e-05 0 5.9123196805545645e-05 0 -2.416545813103973e-05 -0.00013754929948800893 -8.0405924961390453e-05 -4.8885610976859973e-07 5.09820760265777e-05 0.00013084519813454445
leaf_weight=10128 78 451 116 729 1468 2159 162 449 5948 1035 115
leaf_count=10128 78 451 116 729 1468 2159 162 449 5948 1035 115
internal_value=0 -3.41969e-06 1.05121e-06 0 1.69619e-05 -1.20175e-05 -9.61287e-05 0 -8.45434e-06 4.91869e-06 7.7076e-05
internal_weight=22838 5047 17791 4807 2197 2610 240 17560 6397 11163 231
internal_count=22838 5047 17791 4807 2197 2610 240 17560 6397 11163 231
is_linear=0
shrinkage=0.05


Tree=589
num_leaves=15
num_cat=0
split_feature=20 11 2 9 20 13 13 2 13 13 6 4 13 6
split_gain=3.33932e-05 0.000253738 0.000592564 0.000587664 0.00061344 0.000200314 0.000658691 0.00046269 0.000345529 0.000676128 0.000554007 0.000334416 0.000178229 0.000156104
threshold=0.17805047470371765 2.9100682808685971 2.4191296896932339 0.39309365913363797 1.0544556046834999 0.79675748132704849 1.1843243226661972 -2.0088014001110817 0.48761463514747089 0.39980588754765517 0.86946745775176681 2.9079570508526249 0.83243685891511998 0.64661447143085349
decision_type=2 2 2 2 2 2 2 2 2 2 2 2 2 2
left_child=5 3 13 12 -5 8 7 -7 9 -1 -10 -8 -2 -3
right_child=1 2 -4 4 -6 6 11 -9 10 -11 -12 -13 -14 -15
leaf_value=0 1.3883554499119776e-05 0 0 -8.1073161864593128e-05 0 0 -4.8959868371145746e-05 7.0772418753105196e-05 0 4.1008942900228298e-05 -4.1729660491735557e-05 1.6855924810248493e-06 -2.9483691020804456e-05 0.00013530257987318299
leaf_weight=14837 881 53 395 553 108 296 349 660 1672 1047 1249 317 316 105
leaf_count=14837 881 53 395 553 108 296 349 660 1672 1047 1249 317 316 105
internal_value=0 -5.50552e-06 1.11479e-05 -1.85343e-05 -5.64264e-05 7.12601e-07 1.77468e-05 4.7443e-05 0 2.131e-06 -1.64603e-05 -2.3987e-06 0 9.87424e-05
internal_weight=22838 2411 553 1858 661 20427 1622 956 18805 15884 2921 666 1197 158
internal_count=22838 2411 553 1858 661 20427 1622 956 18805 15884 2921 666 1197 158
is_linear=0
shrinkage=0.05


Tree=590
num_leaves=14
num_cat=0
split_feature=8 11 0 21 0 2 8 3 0 13 15 1 11
split_gain=2.837e-05 0.000721445 0.000623973 0.000861402 0.000559466 0.00030548 0.000197854 0.000475055 0.000385919 0.00016442 0.00106918 0.000675999 8.95158e-07
threshold=-12.597374435661026 -10.268986424557026 -0.57276351829778382 0.10969606359954122 -0.87727441930103034 -0.10430972094816469 -10.361660926073004 0.076410392721970602 -1.6020046875809697 0.52157362889866399 -2.1067098894301082 -0.15042387457364129 0.29792737987440998
decision_type=2 2 2 2 2 2 2 2 2 2 2 2 2
left_child=1 4 3 -3 -1 -4 7 8 -2 11 -11 -8 -9
right_child=6 2 5 -5 -6 -7 9 12 -10 10 -12 -13 -14
leaf_value=0.00014386249797157251 0 -7.5433124356899379e-05 1.8149247235679495e-05 0 0 -3.2237804230624956e-05 -1.4156644180265358e-05 -5.8676353387104866e-06 9.9952668940813218e-05 -5.7801225797373825e-05 0 9.318626778577859e-06 0
leaf_weight=123 74 774 1087 305 52 389 3900 64 265 896 3396 11461 52
leaf_count=123 74 774 1087 305 52 389 3900 64 265 896 3396 11461 52
internal_value=0 -4.70719e-06 -1.65067e-05 -4.57081e-05 8.14531e-05 0 7.19578e-07 3.32801e-05 7.05584e-05 0 -8.68641e-06 2.38153e-06 0
internal_weight=22838 2730 2555 1079 175 1476 20108 455 339 19653 4292 15361 116
internal_count=22838 2730 2555 1079 175 1476 20108 455 339 19653 4292 15361 116
is_linear=0
shrinkage=0.05


Tree=591
num_leaves=15
num_cat=0
split_feature=6 14 12 2 2 12 16 6 21 14 14 14 3 2
split_gain=3.15037e-05 0.000368366 0.000584385 0.000508477 0.000494946 0.000425065 0.000486188 0.00024176 0.000428897 0.000143194 0.000724884 0.000364884 5.47328e-05 3.29261e-05
threshold=0.48241061787180861 12.659999847412109 2.3034483971893764 -1.0850418991973751 0.80705432799713661 -2.340574377300678 9.1294109423804795 0.52861722120325272 0.13137258205060162 12.539999961853029 12.734999656677248 12.22499990463257 0.71751138557736305 -2.6413582968370926
decision_type=2 2 2 2 2 2 2 2 2 2 2 2 2 2
left_child=1 2 4 -4 -1 13 -7 8 12 11 -11 -9 -2 -3
right_child=7 5 3 -5 -6 6 -8 9 -10 10 -12 -13 -14 -15
leaf_value=-1.4555592639655297e-05 1.758420116205439e-05 0 0 -6.5755666536113951e-05 4.39813928949048e-05 9.658167770719016e-05 0 0 9.5100786762671499e-05 -5.636080107641257e-05 0 2.903490559744469e-05 -1.9508714918312937e-06 -2.4161856709847379e-05
leaf_weight=1256 437 121 264 788 501 276 89 11533 186 657 5047 1176 367 140
leaf_count=1256 437 121 264 788 501 276 89 11533 186 657 5047 1176 367 140
internal_value=0 -4.32069e-06 -1.55485e-05 -4.5084e-05 0 2.20818e-05 6.11455e-05 8.67865e-07 2.49927e-05 0 -6.98004e-06 2.50931e-06 0 0
internal_weight=22838 3435 2809 1052 1757 626 365 19403 990 18413 5704 12709 804 261
internal_count=22838 3435 2809 1052 1757 626 365 19403 990 18413 5704 12709 804 261
is_linear=0
shrinkage=0.05


Tree=592
num_leaves=15
num_cat=0
split_feature=2 4 14 14 0 14 12 4 16 16 0 3 16 0
split_gain=3.00151e-05 0.000259677 0.000972073 0.000786664 0.000405012 0.000396881 0.000599938 0.00058013 0.000219374 0.000437696 0.00042125 0.000297381 0.000557967 0.00039496
threshold=-0.36288854652275487 2.193080185631179 10.704999923706056 13.230000019073488 -0.074197740111997187 10.940000057220461 8.833028579821752 3.8193057262932855 -3.701545823798424 -3.9104929926511152 2.3809421006399645 4.0203111644065324 7.3597841663176746 -0.75655052192036332
decision_type=2 2 2 2 2 2 2 2 2 2 2 2 2 2
left_child=8 2 4 -4 -2 6 -3 -7 9 10 -1 13 -13 -10
right_child=1 5 3 -5 -6 7 -8 -9 11 -11 -12 12 -14 -15
leaf_value=-4.2869237419786526e-06 0 0 -3.5426356822015744e-05 1.4902734236685334e-05 3.3676481262199872e-05 2.6888410327346557e-05 -7.969052966126315e-05 -7.0887400831053288e-06 0 -8.4202410841449922e-05 8.0602922859179685e-05 -3.914419591635618e-05 1.5595775564575797e-05 2.7879027838823137e-05
leaf_weight=4276 711 1215 3539 522 1258 3073 277 1168 2129 166 149 813 701 2841
leaf_count=4276 711 1215 3539 522 1258 3073 277 1168 2129 166 149 813 701 2841
internal_value=0 -1.66248e-06 -9.78473e-06 -2.52622e-05 1.45195e-05 4.26478e-06 -1.33382e-05 1.39953e-05 1.95941e-06 -4.42216e-06 0 8.79089e-06 -3.90438e-06 1.56757e-05
internal_weight=22838 11763 6030 4061 1969 5733 1492 4241 11075 4591 4425 6484 1514 4970
internal_count=22838 11763 6030 4061 1969 5733 1492 4241 11075 4591 4425 6484 1514 4970
is_linear=0
shrinkage=0.05


Tree=593
num_leaves=15
num_cat=0
split_feature=20 10 13 14 6 5 13 13 13 15 5 13 13 6
split_gain=3.48357e-05 0.000255949 0.0006766 0.00062734 0.000750701 0.000500548 0.000467777 0.00018764 0.000586961 0.00064973 0.000482938 0.000297677 0.000596865 0.000506013
threshold=0.17805047470371765 33.826958159586219 0.83243685891511998 22.795000076293949 0.70620848589159613 3.3542569846939916 0.14828700812177245 0.79675748132704849 1.1843243226661972 -2.641271172621523 2.5069715720493133 0.48761463514747089 0.39980588754765517 0.86946745775176681
decision_type=2 2 2 2 2 2 2 2 2 2 2 2 2 2
left_child=7 3 6 4 -2 -4 -3 11 9 -9 -10 12 -1 -13
right_child=1 2 5 -5 -6 -7 -8 8 10 -11 -12 13 -14 -15
leaf_value=0 0 0 0 2.2359979883393478e-05 -7.2906625488762831e-05 -0.00011163542165060438 6.6270107893924468e-05 0 -7.8088101404837084e-05 6.8373599369330295e-05 4.3461234290202452e-07 0 3.8522407488764257e-05 -3.9458141187395082e-05
leaf_weight=14837 328 386 108 174 765 154 496 193 197 763 469 1672 1047 1249
leaf_count=14837 328 386 108 174 765 154 496 193 197 763 469 1672 1047 1249
internal_value=0 -5.61904e-06 1.34087e-06 -2.3729e-05 -4.47911e-05 -5.086e-05 3.38748e-05 7.31601e-07 1.71979e-05 4.51091e-05 -3.85572e-07 0 1.99218e-06 -1.5268e-05
internal_weight=22838 2411 1144 1267 1093 262 882 20427 1622 956 666 18805 15884 2921
internal_count=22838 2411 1144 1267 1093 262 882 20427 1622 956 666 18805 15884 2921
is_linear=0
shrinkage=0.05


Tree=594
num_leaves=15
num_cat=0
split_feature=11 11 0 2 12 14 18 2 13 13 12 13 13 14
split_gain=2.93898e-05 0.000307388 0.000511966 0.000805145 0.00020697 0.000743959 0.000433178 0.000178786 0.000591673 0.000585705 0.000524153 0.000449318 0.000931935 0.000664374
threshold=3.0887599862524433 3.6144743387080669 -0.074197740111997187 4.0079696625015657 4.7037688786911191 10.615000247955324 1.2664692652192879 -0.36288854652275487 -0.39825121268735048 -1.1082133161088357 6.5474477605547401 0.38711088025348289 0.47082689340989253 12.175000190734863
decision_type=2 2 2 2 2 2 2 2 2 2 2 2 2 2
left_child=7 2 -2 -4 5 -3 -6 11 9 -9 -10 13 -13 -1
right_child=1 4 3 -5 6 -7 -8 8 10 -11 -12 12 -14 -15
leaf_value=2.3272158898109914e-05 0 5.6858241089767887e-06 0.00011176932856307592 0 0 -6.3560984663158554e-05 5.8491095738354269e-05 0 3.7764904676114629e-06 -5.425782754824167e-05 -5.1052232487451991e-05 -8.6950617254435118e-05 0 -3.2042719831536116e-06
leaf_weight=4376 252 274 329 139 2682 573 330 308 5622 1135 471 365 2597 3385
leaf_count=4376 252 274 329 139 2682 573 330 308 5622 1135 471 365 2597 3385
internal_value=0 3.65664e-06 3.39231e-05 6.70681e-05 0 -2.3491e-05 4.0522e-06 -8.18571e-07 -7.29265e-06 -3.60826e-05 0 2.33286e-06 -1.21481e-05 9.79291e-06
internal_weight=22838 4579 720 468 3859 847 3012 18259 7536 1443 6093 10723 2962 7761
internal_count=22838 4579 720 468 3859 847 3012 18259 7536 1443 6093 10723 2962 7761
is_linear=0
shrinkage=0.05


Tree=595
num_leaves=15
num_cat=0
split_feature=10 5 21 10 3 7 10 5 21 3 10 4 4 16
split_gain=2.82607e-05 0.000352832 0.000484048 0.000549765 0.000299316 0.000244774 0.000288052 0.000241841 0.000298581 0.000394774 0.000226798 0.000206362 0.000198418 9.26729e-06
threshold=35.632601763938432 1.9109770025661426 0.1495759663705771 13.29485502217976 -1.3006917692831352 51.62184094514965 13.607598165133911 1.9029627184981723 0.1456543649939423 -0.9518856470969338 57.666454061311136 1.4488534942500599 2.5339822074573806 -1.2366550551877296
decision_type=2 2 2 2 2 2 2 2 2 2 2 2 2 2
left_child=1 5 3 -3 -4 13 -7 11 9 -9 -10 -2 -13 -1
right_child=7 2 4 -5 -6 6 -8 8 10 -11 -12 12 -14 -15
leaf_value=3.0398535466168146e-06 0 -2.3457305579711115e-05 0 1.6740682343450177e-05 -3.0033898638724894e-05 0 -4.343056057787387e-05 -2.6645936495649298e-05 2.1411087608462516e-05 0 -7.3073706232915169e-06 4.6013432479619291e-05 0 -6.1117216453263482e-06
leaf_weight=861 436 656 1262 8401 1144 72 968 2828 1364 3341 359 615 125 406
leaf_count=861 436 656 1262 8401 1144 72 968 2828 1364 3341 359 615 125 406
internal_value=0 1.47049e-06 6.02524e-06 1.21709e-05 -1.08726e-05 -1.46548e-05 -3.26188e-05 -2.12298e-06 -6.68953e-06 -1.28681e-05 6.72592e-06 1.5758e-05 3.3025e-05 0
internal_weight=22838 13770 11463 9057 2406 2307 1040 9068 7892 6169 1723 1176 740 1267
internal_count=22838 13770 11463 9057 2406 2307 1040 9068 7892 6169 1723 1176 740 1267
is_linear=0
shrinkage=0.05


Tree=596
num_leaves=15
num_cat=0
split_feature=12 5 4 0 5 7 0 0 16 8 20 8 16 8
split_gain=2.68167e-05 0.000304317 0.0012714 0.000519517 0.000446732 0.00101162 0.000336113 0.000273264 0.00076166 0.000712399 0.0005762 0.000553221 0.000441401 0.000235616
threshold=3.314342325988759 4.3915160015930654 2.6655052687713678 -1.3622519376465043 2.4785224383743127 43.509854537138722 0.74366464673592714 -0.34092415780429841 4.9880765492378751 -7.256799486037516 0.018583756821719352 0.5472473095380167 5.4979306183040544 0.31631934250150334
decision_type=2 2 2 2 2 2 2 2 2 2 2 2 2 2
left_child=1 4 -3 -4 6 -6 -1 8 9 -2 11 -9 -12 -10
right_child=7 2 3 -5 5 -7 -8 10 13 -11 12 -13 -14 -15
leaf_value=-3.5662315519465525e-07 0 0.00018432569317991618 -5.3115346007241619e-05 4.0894940991849116e-05 0 -3.7355478576350726e-05 2.2153940800296353e-05 1.9843852458449918e-06 -3.3222723254931444e-05 7.9730673160314082e-05 0 -2.9238283547355809e-05 6.8414580878912488e-05 9.2459031494062177e-06
leaf_weight=6580 157 110 259 337 4156 2700 1843 1921 468 692 152 2191 438 834
leaf_count=6580 157 110 259 337 4156 2700 1843 1921 468 692 152 2191 438 834
internal_value=0 -1.14054e-06 2.89571e-05 0 -3.51474e-06 -1.34476e-05 2.79023e-06 2.59758e-06 1.82944e-05 5.55654e-05 -1.39606e-06 -1.10081e-05 4.01195e-05 0
internal_weight=22838 15985 706 596 15279 6856 8423 6853 2151 849 4702 4112 590 1302
internal_count=22838 15985 706 596 15279 6856 8423 6853 2151 849 4702 4112 590 1302
is_linear=0
shrinkage=0.05


Tree=597
num_leaves=15
num_cat=0
split_feature=1 1 10 14 14 12 11 4 6 4 14 14 0 6
split_gain=3.07504e-05 0.000434911 0.000511648 0.000383181 0.000990406 0.000789171 0.000743568 0.000638542 0.000436506 0.000374802 0.000353651 0.000889563 0.000403961 0.00020156
threshold=1.0000000180025095e-35 0.019493730043744575 22.835293507845389 11.899999618530275 13.769999980926515 -1.845274309282311 -1.1233443486280625 1.702432191906819 1.3777559928457863 4.4790236033135171 11.605000019073488 11.38000011444092 -1.8341861666379313 0.3781684354074914
decision_type=2 2 2 2 2 2 2 2 2 2 2 2 2 2
left_child=3 2 -2 5 7 8 -6 -5 -1 -7 11 -3 -12 -4
right_child=1 10 13 4 6 9 -8 -9 -10 -11 12 -13 -14 -15
leaf_value=-4.6743884586185825e-05 0 1.2346891334111088e-06 0 0 1.4853658054793634e-06 0 -5.8151801102138767e-05 4.696345615035107e-05 0 9.2488892618954811e-05 2.866602685870905e-05 7.9080382616489932e-05 -1.1377971067783579e-05 -6.6705458546415783e-05
leaf_weight=1441 296 4765 61 797 1474 2754 590 2156 275 119 534 452 6473 651
leaf_count=1441 296 4765 61 797 1474 2754 590 2156 275 119 534 452 6473 651
internal_value=0 -1.52689e-06 -3.3289e-05 2.18878e-06 1.28448e-05 -6.19337e-06 -8.31806e-06 3.27123e-05 -3.46334e-05 5.58036e-06 0 1.08678e-05 -6.18217e-06 -5.79845e-05
internal_weight=22838 13232 1008 9606 5017 4589 2064 2953 1716 2873 12224 5217 7007 712
internal_count=22838 13232 1008 9606 5017 4589 2064 2953 1716 2873 12224 5217 7007 712
is_linear=0
shrinkage=0.05


Tree=598
num_leaves=15
num_cat=0
split_feature=6 3 14 9 6 5 0 12 3 6 15 2 4 16
split_gain=2.85339e-05 0.000234546 0.000638405 0.000525438 0.000204842 0.000616456 0.000624584 0.000169011 0.000536083 0.000328615 0.000117769 0.000664467 0.000391069 3.78956e-05
threshold=1.9799542868872109 5.7932261134202259 11.234999656677248 1.1223038013167972 1.7393716730304034 2.3464702918759439 -2.5701443442292597 -4.8955563899318921 -3.3323649686920747 2.444714149166471 -1.6638206137742249 -1.5339664167093756 1.9039923232027174 7.6205844510288676
decision_type=2 2 2 2 2 2 2 2 2 2 2 2 2 2
left_child=4 7 13 -4 10 -6 -7 9 -9 -2 12 -12 -1 -3
right_child=1 2 3 -5 5 6 -8 8 -10 -11 11 -13 -14 -15
leaf_value=8.7960960286763134e-06 7.3583635794172359e-05 0 0.00013956579069614592 0 0 0 -0.00010962676827852271 -0.00010042343119010508 0 0 2.9800344252839965e-05 -2.0080777528473382e-07 -1.5660046456474209e-05 -3.1252040846702971e-05
leaf_weight=1916 182 54 182 102 236 87 300 157 679 239 2008 12522 4078 96
leaf_count=1916 182 54 182 102 236 87 300 157 679 239 2008 12522 4078 96
internal_value=0 6.36807e-06 3.88034e-05 8.88719e-05 -3.5864e-07 -2.87235e-05 -7.27934e-05 0 -1.73929e-05 2.00311e-05 0 2.91475e-06 -5.34032e-06 0
internal_weight=22838 1691 434 284 21147 623 387 1257 836 421 20524 14530 5994 150
internal_count=22838 1691 434 284 21147 623 387 1257 836 421 20524 14530 5994 150
is_linear=0
shrinkage=0.05


Tree=599
num_leaves=15
num_cat=0
split_feature=20 18 5 14 21 1 0 21 20 1 19 3 14 1
split_gain=2.82356e-05 0.000346331 0.000615542 0.000483253 0.000347862 0.000697833 0.000612052 0.000141458 0.000822624 0.000606425 0.000554291 0.000262035 0.0011841 0.000829432
threshold=0.17805047470371765 1.234778214372964 2.3746976295188387 12.210000038146974 0.20705214407314124 0.21707668791080589 1.4816305722693353 0.12245514988035738 -0.33036924865237044 -0.28987645369612919 1.3104762966280874 -1.4482241373060309 14.250000000000002 -0.66572872256166626
decision_type=2 2 2 2 2 2 2 2 2 2 2 2 2 2
left_child=7 2 -2 -4 6 -6 -3 11 9 -9 -10 13 -13 -1
right_child=1 4 3 -5 5 -7 -8 8 10 -11 -12 12 -14 -15
leaf_value=-6.8954485246906666e-05 0 7.9358779920053366e-05 0 -7.5145857295286274e-05 -6.653968897343647e-05 2.0563531331660943e-05 0 2.2940762024460362e-05 5.3967084671695633e-05 -3.5845113185597417e-05 0 0 0.00010379213436882028 -1.0473748509146554e-06
leaf_weight=537 269 380 202 646 369 295 250 501 1282 1028 163 10100 289 6527
leaf_count=537 269 380 202 646 369 295 250 501 1282 1028 163 10100 289 6527
internal_value=0 -4.95343e-06 -2.84758e-05 -5.36688e-05 3.77476e-06 -5.3126e-06 3.71176e-05 7.47268e-07 1.10711e-05 -6.77671e-06 4.03215e-05 -1.53051e-07 3.97145e-06 -8.34179e-06
internal_weight=22838 2411 1117 848 1294 664 630 20427 2974 1529 1445 17453 10389 7064
internal_count=22838 2411 1117 848 1294 664 630 20427 2974 1529 1445 17453 10389 7064
is_linear=0
shrinkage=0.05


Tree=600
num_leaves=15
num_cat=0
split_feature=11 6 6 14 15 11 3 8 12 15 15 15 10 14
split_gain=2.94951e-05 0.000352104 0.00047633 0.000553985 0.000310066 0.000309754 0.000589623 0.000192661 0.000548377 0.000463905 0.000344854 0.000279673 0.000120927 0.000111756
threshold=-3.791717624107418 1.6429476836091912 1.1575623170826168 12.175000190734863 -6.886492961252376 -9.8053183576130021 -6.2469430983279608 -6.8050334036504685 1.9044592524210171 -0.57447323682867635 -4.5994530642436908 -3.4265084464645095 31.552919383444635 12.275000095367433
decision_type=2 2 2 2 2 2 2 2 2 2 2 2 2 2
left_child=1 2 3 -1 -4 -3 -7 8 13 -10 12 -12 -9 -2
right_child=7 5 4 -5 -6 6 -8 10 9 -11 11 -13 -14 -15
leaf_value=2.9052937487542605e-05 -2.4582904138965632e-07 0 0 -1.7083993052973188e-05 5.6838483279731975e-05 -8.4498798935667694e-05 0 8.7877960236888036e-05 -7.8501775547075737e-05 0 -3.7022490964818021e-05 5.22773994757911e-07 0 2.8372497326193376e-05
leaf_weight=1108 913 135 120 1537 796 361 173 150 489 491 506 15574 139 346
leaf_count=1108 913 135 120 1537 796 361 173 150 489 491 506 15574 139 346
internal_value=0 3.91357e-06 1.30735e-05 0 4.43004e-05 -2.24025e-05 -4.55627e-05 -6.92951e-07 -1.47741e-05 -4.35419e-05 3.17589e-07 0 5.45763e-05 0
internal_weight=22838 4230 3561 2645 916 669 534 18608 2239 980 16369 16080 289 1259
internal_count=22838 4230 3561 2645 916 669 534 18608 2239 980 16369 16080 289 1259
is_linear=0
shrinkage=0.05


Tree=601
num_leaves=15
num_cat=0
split_feature=6 3 14 9 6 5 20 16 14 6 7 14 11 16
split_gain=2.92337e-05 0.000199215 0.000582986 0.000475375 0.000159948 0.000547137 0.000567227 0.000159646 0.000485721 0.000337328 0.000102479 0.000319301 0.000271946 3.42975e-05
threshold=1.9799542868872109 5.7932261134202259 11.234999656677248 1.1223038013167972 1.7393716730304034 2.3464702918759439 -0.62586688193503159 -6.8057142677221849 10.704999923706056 2.6279123044141079 35.604707695650873 10.055000305175783 -3.2661285293851128 7.6205844510288676
decision_type=2 2 2 2 2 2 2 2 2 2 2 2 2 2
left_child=4 7 13 -4 10 -6 -7 9 -9 -2 12 -12 -1 -3
right_child=1 2 3 -5 5 6 -8 8 -10 -11 11 -13 -14 -15
leaf_value=0 8.8740057037059016e-05 0 0.00013253938355018726 0 0 0 -9.7263729462003856e-05 1.8079076995342899e-05 -4.115162765021556e-05 0 -1.6897634820488343e-05 5.5072811466127112e-06 -2.583787902257965e-05 -2.9731414729915927e-05
leaf_weight=3387 136 54 182 102 236 51 336 220 770 131 1579 14286 1272 96
leaf_count=3387 136 54 182 102 236 51 336 220 770 131 1579 14286 1272 96
internal_value=0 6.46711e-06 3.61606e-05 8.43191e-05 -3.3112e-07 -2.53877e-05 -6.75421e-05 0 -1.28481e-05 2.96452e-05 0 2.33104e-06 -6.03967e-06 0
internal_weight=22838 1691 434 284 21147 623 387 1257 990 267 20524 15865 4659 150
internal_count=22838 1691 434 284 21147 623 387 1257 990 267 20524 15865 4659 150
is_linear=0
shrinkage=0.05


Tree=602
num_leaves=15
num_cat=0
split_feature=6 3 16 5 16 0 19 6 21 7 7 10 15 7
split_gain=2.91626e-05 0.000232618 0.0004435 0.000347845 0.000300922 0.000504543 0.000245677 0.000212502 0.000378554 0.00012424 0.000375452 0.00029532 0.000104351 7.50665e-05
threshold=0.48241061787180861 -3.3955382347329581 -4.6979402902518332 2.2372852639127889 -1.9210426159538216 0.34015770814823104 -0.45159152226852511 0.52861722120325272 0.13137258205060162 78.916850237121238 75.335028409133116 51.007156586572641 -0.11416452643631668 40.939947303500595
decision_type=2 2 2 2 2 2 2 2 2 2 2 2 2 2
left_child=1 2 12 -4 5 -3 -6 8 13 10 -9 -11 -1 -2
right_child=7 4 3 -5 6 -7 -8 9 -10 11 -12 -13 -14 -15
leaf_value=-2.2539931549058631e-05 2.7902850746447649e-05 -9.4110430377503226e-05 0 9.9592603632806721e-05 -6.647293550538557e-05 0 0 0 8.9403588030167322e-05 -4.540156916790452e-05 4.2908649714708442e-05 0 4.9789576767622656e-06 -2.349399807255115e-07
leaf_weight=500 240 291 77 205 138 109 1860 17133 186 505 512 263 255 564
leaf_count=500 240 291 77 205 138 109 1860 17133 186 505 512 263 255 564
internal_value=0 -4.03187e-06 7.90635e-06 6.43982e-05 -1.54482e-05 -5.74786e-05 0 9.37411e-07 2.3522e-05 0 5.773e-07 -1.99062e-05 0 0
internal_weight=22838 3435 1037 282 2398 400 1998 19403 990 18413 17645 768 755 804
internal_count=22838 3435 1037 282 2398 400 1998 19403 990 18413 17645 768 755 804
is_linear=0
shrinkage=0.05


Tree=603
num_leaves=15
num_cat=0
split_feature=6 1 6 13 0 13 2 16 5 14 5 14 13 13
split_gain=2.78553e-05 0.000210444 0.000562604 0.000349686 0.000145954 0.000855256 0.00094006 0.000218216 0.000182533 0.00118243 0.000327975 0.000136352 0.00048874 0.000126764
threshold=1.9799542868872109 0.46780530926067138 2.5262321498111526 -0.080120292168034388 -2.9958650972435295 -0.86877073142472272 -2.120557749722118 -2.9078369952690415 3.2166586477788006 11.739999771118166 3.1517908383128987 11.719999790191652 0.99327539973204104 -0.3832591721591338
decision_type=2 2 2 2 2 2 2 2 2 2 2 2 2 2
left_child=4 2 3 -2 5 7 -7 -1 10 -10 -6 -3 -13 -4
right_child=1 11 13 -5 8 6 -8 -9 9 -11 -12 12 -14 -15
leaf_value=-4.9457843549212345e-05 0 0 1.326590165029589e-05 0.0001076633003096885 -6.0690502434846891e-07 0.00014957402507946504 0 4.4588591453021031e-07 -7.0758528455489345e-05 0 5.1487703092475134e-05 -7.4975564019028401e-05 0 -2.8087172154705012e-05
leaf_weight=222 300 257 186 247 16519 213 78 319 694 2796 306 277 65 359
leaf_count=222 300 257 186 247 16519 213 78 319 694 2796 306 277 65 359
internal_value=0 6.33162e-06 2.3311e-05 6.0419e-05 -2.92305e-07 1.89585e-05 9.1366e-05 0 -1.81995e-06 -1.22471e-05 0 0 -3.15249e-05 0
internal_weight=22838 1691 1092 547 21147 832 291 541 20315 3490 16825 599 342 545
internal_count=22838 1691 1092 547 21147 832 291 541 20315 3490 16825 599 342 545
is_linear=0
shrinkage=0.05


Tree=604
num_leaves=15
num_cat=0
split_feature=16 1 0 1 1 7 19 13 0 13 0 16 12 16
split_gain=2.68491e-05 0.000813637 0.00089159 0.000771355 0.000704837 0.000772627 0.000474088 0.000471885 0.000456103 0.000862257 0.000759717 0.000447373 0.000421741 0.000394371
threshold=-0.63656930664804923 0.31839326829800968 1.4550770885035182 0.44610789424490527 1.0000000180025095e-35 52.909072972852449 -0.15395459630412053 0.83243685891511998 -0.44040976787137576 -0.29718837871138265 2.3809421006399645 -0.91408383923388115 1.9044592524210171 -1.3062660342566088
decision_type=2 2 2 2 2 2 2 2 2 2 2 2 2 2
left_child=1 2 13 4 -2 -6 7 -3 9 -5 -10 -8 -4 -1
right_child=3 6 12 8 5 -7 11 -9 10 -11 -12 -13 -14 -15
leaf_value=0 2.2555336033529327e-07 6.4277787144672029e-05 8.9554393019312248e-05 4.9366360368386731e-05 -6.031320085937126e-05 -5.129528096648657e-06 -3.4627546014619754e-05 0 4.9860385894412291e-05 -6.7861165386283247e-05 0 1.2020573331563576e-05 0 4.4516778476457232e-05
leaf_weight=6408 4970 298 529 185 1226 2917 2654 188 1665 369 675 101 75 578
leaf_count=6408 4970 298 529 185 1226 2917 2654 188 1665 369 675 101 75 578
internal_value=0 2.03673e-06 1.21942e-05 -1.35935e-06 -9.63913e-06 -2.50898e-05 -1.71204e-05 1.06894e-05 1.95261e-05 -1.66935e-06 3.09502e-05 -2.7471e-05 7.26845e-05 4.80779e-06
internal_weight=22838 10831 7590 12007 9113 4143 3241 486 2894 554 2340 2755 604 6986
internal_count=22838 10831 7590 12007 9113 4143 3241 486 2894 554 2340 2755 604 6986
is_linear=0
shrinkage=0.05


Tree=605
num_leaves=14
num_cat=0
split_feature=3 0 16 7 9 1 1 7 3 2 3 11 12
split_gain=2.85902e-05 0.000279246 0.000276687 0.000447297 0.00061941 0.000370453 0.000338718 0.000371693 0.000236161 0.000581348 0.00033161 0.00018322 9.25529e-06
threshold=7.6978279073255615 -5.2283019911338773 9.7080928906589623 63.066608762843543 0.57402508155996823 0.35413409018976844 -0.026043707385516104 62.573024431761304 3.729336434281894 -0.53638120282477597 1.8879292054919563 -9.3867746165887898 4.5062761171997625
decision_type=2 2 2 2 2 2 2 2 2 2 2 2 2
left_child=1 11 6 4 -4 -5 12 -8 10 -10 -3 -1 -2
right_child=2 8 3 5 -6 -7 7 -9 9 -11 -12 -13 -14
leaf_value=0 0 2.5147582939985776e-06 0 -2.7525592942400913e-05 9.3492804745452655e-05 1.7869444738361675e-05 -8.8349156103447867e-05 0 -8.2047163771892212e-06 2.9905159126751668e-05 -1.9334153222438557e-05 -9.9660508519971498e-05 9.9227286152606067e-06
leaf_weight=56 73 14172 113 1006 304 531 321 711 901 2332 1977 107 234
leaf_count=56 73 14172 113 1006 304 531 321 711 901 2332 1977 107 234
internal_value=0 1.00926e-06 -3.95658e-06 1.73946e-06 5.17042e-05 -2.08825e-06 -2.34579e-05 -3.91606e-05 2.30959e-06 1.46469e-05 0 -6.12188e-05 0
internal_weight=22838 19545 3293 1954 417 1537 1339 1032 19382 3233 16149 163 307
internal_count=22838 19545 3293 1954 417 1537 1339 1032 19382 3233 16149 163 307
is_linear=0
shrinkage=0.05


Tree=606
num_leaves=15
num_cat=0
split_feature=6 1 6 1 6 18 20 11 18 6 4 14 14 1
split_gain=2.80801e-05 0.000195679 0.000515375 0.000326323 0.000144329 0.000462471 0.000764167 0.000332434 0.000210859 0.000434731 0.000338799 0.000113063 0.000323386 5.81316e-05
threshold=1.9799542868872109 0.46780530926067138 2.5262321498111526 -0.45701038969359714 1.3418272244237002 0.7058235818328854 -0.43421777992600902 5.0857395642938288 1.170957286561604 1.1575623170826168 3.4496189065591447 11.719999790191652 12.275000095367433 0.89657852111260727
decision_type=2 2 2 2 2 2 2 2 2 2 2 2 2 2
left_child=4 2 3 -2 8 7 -7 -6 10 -10 -1 13 -13 -3
right_child=1 11 -4 -5 5 6 -8 -9 9 -11 -12 12 -14 -15
leaf_value=1.2006279078062884e-06 0 0 0 7.9424491051769455e-05 -6.0183170316524348e-06 0 -7.5473312795743084e-05 5.3486237910273753e-05 0 6.3506085801145673e-05 -1.9875260489024731e-05 -9.1969167972488932e-05 0 3.5094192579104491e-05
leaf_weight=14014 126 140 545 421 1540 260 600 270 1956 399 2108 128 214 117
leaf_count=14014 126 140 545 421 1540 260 600 270 1956 399 2108 128 214 117
internal_value=0 6.36919e-06 2.25914e-05 5.80441e-05 -2.71738e-07 -1.15584e-05 -4.19198e-05 0 5.47988e-07 1.49473e-05 -6.25822e-07 0 -2.87068e-05 0
internal_weight=22838 1691 1092 547 21147 2670 860 1810 18477 2355 16122 599 342 257
internal_count=22838 1691 1092 547 21147 2670 860 1810 18477 2355 16122 599 342 257
is_linear=0
shrinkage=0.05


Tree=607
num_leaves=15
num_cat=0
split_feature=3 3 5 21 15 3 2 8 21 2 10 10 5 2
split_gain=2.76301e-05 0.000264011 0.000367186 0.000572755 0.000353092 0.000508036 0.000397443 0.000239984 0.00065774 0.000501186 0.000478605 0.000372509 0.000317739 0.000193511
threshold=6.7082428865620667 3.729336434281894 2.108471033797946 0.16324156858932423 3.2616587823526171 -4.3296551924684836 2.3241256989369412 6.961100412302426 0.24809269654265484 4.2542345204065972 55.160430693878205 28.787145391361211 2.4012964901583218 4.5505602069515154
decision_type=2 2 2 2 2 2 2 2 2 2 2 2 2 2
left_child=1 4 13 -4 6 -6 -1 8 10 12 -2 -10 -9 -3
right_child=7 2 3 -5 5 -7 -8 9 11 -11 -12 -13 -14 -15
leaf_value=-5.0577767427954184e-07 -1.8853788548273344e-05 -2.2652710975721506e-05 4.3963258306749822e-05 0 0 -4.5473180634030123e-05 2.9322139845891315e-05 0 0 0 2.6907953629529108e-05 0.00015501517993275272 -8.9311885228115243e-05 3.7843883690821605e-05
leaf_weight=13779 1966 685 1565 269 328 1037 1162 237 56 528 692 106 337 91
leaf_count=13779 1966 685 1565 269 328 1037 1162 237 56 528 692 106 337 91
internal_value=0 1.03468e-06 1.61008e-05 2.94808e-05 -4.57839e-07 -2.5328e-05 8.11942e-07 -3.5278e-06 0 -2.42528e-05 -1.29304e-06 0.000100303 -5.75099e-05 0
internal_weight=22838 18916 2610 1834 16306 1365 14941 3922 2820 1102 2658 162 574 776
internal_count=22838 18916 2610 1834 16306 1365 14941 3922 2820 1102 2658 162 574 776
is_linear=0
shrinkage=0.05


Tree=608
num_leaves=14
num_cat=0
split_feature=13 13 14 21 8 13 19 12 15 8 14 14 20
split_gain=2.79631e-05 0.00135103 0.000718613 0.000989476 0.00111606 0.000736169 0.00126872 0.000547044 0.000287467 0.000235563 0.000211297 0.000663113 0.000417988
threshold=-0.69276599147319862 -0.64278278086672958 13.769999980926515 0.12245514988035738 3.8658940182740849 -1.3136583756299167 -0.31220654048459745 5.3842991446171888 -1.6937480156403226 1.2260944366412116 18.954999923706058 18.210000038146976 -0.19178136812371041
decision_type=2 2 2 2 2 2 2 2 2 2 2 2 2
left_child=2 8 5 4 -4 9 -7 -5 -2 -1 11 -3 -12
right_child=1 10 3 7 -6 6 -8 -9 -10 -11 12 -13 -14
leaf_value=-6.2504516876563722e-05 0 5.1109158932076497e-07 -0.00011732684052578119 2.332535650187037e-05 0 0.00017800736049703586 1.6195888475578719e-05 -7.3551624668065187e-05 -0.00012008567016552443 0 0 -8.2309816861753153e-05 5.262541161126839e-05
leaf_weight=164 69 18017 403 1051 63 194 1303 146 283 77 256 243 569
leaf_count=164 69 18017 403 1051 63 194 1303 146 283 77 256 243 569
internal_value=0 -4.83888e-07 4.38306e-06 -1.337e-05 -7.7032e-05 2.99936e-05 4.72836e-05 0 -9.78056e-05 -1.51734e-05 5.30208e-07 0 2.54168e-05
internal_weight=22838 19437 3401 1663 466 1738 1497 1197 352 241 19085 18260 825
internal_count=22838 19437 3401 1663 466 1738 1497 1197 352 241 19085 18260 825
is_linear=0
shrinkage=0.05


Tree=609
num_leaves=14
num_cat=0
split_feature=13 13 8 8 19 6 3 13 3 6 1 1 6
split_gain=2.63075e-05 0.000593507 0.000721125 0.00109444 0.000556598 0.000753116 0.000532232 0.000477078 0.00035147 0.000747395 0.000433992 0.000257884 0.00026193
threshold=-0.075603740240881553 -0.12897990006948132 1.9639589963048514 -5.7604486898204597 0.55893111095968129 1.1082468254538662 -0.60958605511833286 -0.013045006246314992 -1.7948983724423326 0.82152263683776228 0.31839326829800968 -0.28987645369612919 0.75448653508571772
decision_type=2 2 2 2 2 2 2 2 2 2 2 2 2
left_child=1 4 3 -3 5 -1 -6 11 10 -10 -9 -2 -13
right_child=7 2 -4 -5 6 -7 -8 8 9 -11 -12 12 -14
leaf_value=3.4454344463388215e-06 0 0 0 0.0001231622772119408 9.7943079442587458e-05 -2.6307843287117345e-05 0 2.4170183002022082e-05 -2.3196932304475943e-05 7.1530181853740245e-06 -4.3027449339784078e-07 0 -0.00014655859184053527
leaf_weight=6403 105 186 121 399 267 2828 285 2823 3731 3396 2031 147 116
leaf_count=6403 105 186 121 399 267 2828 285 2823 3731 3396 2031 147 116
internal_value=0 2.06904e-06 4.64994e-05 7.53998e-05 0 -4.04683e-06 4.73589e-05 -1.29969e-06 0 -6.6319e-06 1.07893e-05 -5.73478e-05 -8.38981e-05
internal_weight=22838 10489 706 585 9783 9231 552 12349 11981 7127 4854 368 263
internal_count=22838 10489 706 585 9783 9231 552 12349 11981 7127 4854 368 263
is_linear=0
shrinkage=0.05


Tree=610
num_leaves=15
num_cat=0
split_feature=21 13 13 10 4 14 5 14 19 4 10 14 14 14
split_gain=3.008e-05 0.000382794 0.00157667 0.00103048 0.000313983 0.000310217 0.00104205 0.000467008 0.000215002 0.000435154 0.000333277 0.000243088 0.00067175 0.000670921
threshold=0.17664222373873248 0.18603463639778053 0.55270249734205035 46.214434166304372 3.7875833961424727 21.47500038146973 2.9796135070590624 22.795000076293949 0.31841771862112811 2.8160587202894658 46.214434166304372 12.539999961853029 12.734999656677248 12.22499990463257
decision_type=2 2 2 2 2 2 2 2 2 2 2 2 2 2
left_child=8 5 3 -3 -4 6 -2 -7 11 -10 -11 13 -13 -1
right_child=1 2 4 -5 -6 7 -8 -9 9 10 -12 12 -14 -15
leaf_value=0 -9.1025247641150255e-07 -0.00011529615754706472 0 0 4.9996830467924674e-05 -0.00010144330126989146 7.1205931092498017e-05 0 0 9.5079436027878275e-05 0 -5.7099308973857238e-05 0 3.5582596980632455e-05
leaf_weight=13762 668 560 555 126 321 121 659 357 384 273 86 667 2889 1410
leaf_count=13762 668 560 555 126 321 121 659 357 384 273 86 667 2889 1410
internal_value=0 -4.10648e-06 -2.47773e-05 -8.42924e-05 4.7684e-06 5.47971e-06 2.36348e-05 -1.35503e-05 9.72207e-07 2.73348e-05 6.75729e-05 0 -1.18386e-05 2.68264e-06
internal_weight=22838 3367 1562 686 876 1805 1327 478 19471 743 359 18728 3556 15172
internal_count=22838 3367 1562 686 876 1805 1327 478 19471 743 359 18728 3556 15172
is_linear=0
shrinkage=0.05


Tree=611
num_leaves=15
num_cat=0
split_feature=5 16 4 4 13 13 16 2 4 14 13 14 4 14
split_gain=2.77764e-05 0.000376795 0.00112733 0.000816085 0.000687164 0.000679291 0.000539823 0.000504096 0.000261386 0.000629939 0.000693915 0.00030737 0.000230478 0.000473021
threshold=3.6285126932233207 8.4257660532662673 3.7195842433058157 6.607660807167778 0.73648888134474355 0.81313922080297207 14.973068326319385 -5.6938399725280409 3.7195842433058157 10.920000076293947 -0.29722079198188917 14.159999847412109 3.4496189065591447 12.659999847412109
decision_type=2 2 2 2 2 2 2 2 2 2 2 2 2 2
left_child=8 3 6 4 -2 -4 -3 -5 12 10 -10 -11 -1 -14
right_child=1 2 5 7 -6 -7 -8 -9 9 11 -12 -13 13 -15
leaf_value=0 3.814213868997135e-06 -1.1440725493875727e-05 -0.00015484835671826578 0 -6.4490653663406877e-05 0 0.00011415799226561635 0.00019896686972674344 0 -7.4631208043183161e-06 0.00010875440752291371 4.1370104810404298e-05 -6.2833662716814043e-05 0
leaf_weight=17389 1594 154 229 50 410 58 101 82 70 1289 335 406 445 226
leaf_count=17389 1594 154 229 50 410 58 101 82 70 1289 335 406 445 226
internal_value=0 -4.58836e-06 -4.28795e-05 0 -2.70423e-06 -0.000115119 0 0.000123409 8.04226e-07 1.7783e-05 7.42659e-05 0 -3.4041e-07 -2.93351e-05
internal_weight=22838 2678 542 2136 2004 287 255 132 20160 2100 405 1695 18060 671
internal_count=22838 2678 542 2136 2004 287 255 132 20160 2100 405 1695 18060 671
is_linear=0
shrinkage=0.05


Tree=612
num_leaves=15
num_cat=0
split_feature=10 1 7 18 10 16 12 10 16 7 10 7 12 7
split_gain=2.71856e-05 0.00033035 0.000462161 0.000484572 0.000289474 0.000431868 0.000393049 0.00101312 0.00049868 0.000355212 0.000275758 0.000241656 0.000173656 0.000423586
threshold=35.632601763938432 0.68109404730179768 68.858895845002706 1.989038741442406 33.672741557447999 -3.1663062907175186 6.7834786214676308 22.981537930353561 -3.637472066085023 63.347237249290892 41.237481987508325 23.675530184399502 6.0960177047365613 65.354343005229381
decision_type=2 2 2 2 2 2 2 2 2 2 2 2 2 2
left_child=4 12 3 -3 6 11 8 -8 -1 -7 -4 -6 13 -2
right_child=1 2 10 -5 5 9 7 -9 -10 -11 -12 -13 -14 -15
leaf_value=-1.2755942808588374e-05 0 -6.2605810413396073e-05 0 0 0 -1.9785053367488645e-05 2.6224386443708154e-06 -6.7115245154825988e-05 9.905812699547515e-06 5.3517833199484528e-05 6.6691116823236498e-05 0.00010173139200961195 1.3946096056416392e-05 -4.3944828073583348e-05
leaf_weight=3054 5263 822 57 151 55 453 565 762 8399 247 154 235 2056 565
leaf_count=3054 5263 822 57 151 55 453 565 762 8399 247 154 235 2056 565
internal_value=0 -1.9084e-06 -2.69224e-05 -4.54761e-05 1.59274e-06 2.76678e-05 0 -2.61481e-05 2.55277e-06 0 0 7.94805e-05 0 -2.41747e-06
internal_weight=22838 9068 1184 973 13770 990 12780 1327 11453 700 211 290 7884 5828
internal_count=22838 9068 1184 973 13770 990 12780 1327 11453 700 211 290 7884 5828
is_linear=0
shrinkage=0.05


Tree=613
num_leaves=14
num_cat=0
split_feature=11 11 15 5 6 12 18 15 13 20 0 16 0
split_gain=2.46711e-05 0.000355001 0.000415787 0.000389319 0.000239786 0.000853787 0.000567358 0.000235867 0.000505787 0.00048179 0.000283673 0.000632837 0.000309719
threshold=3.2168677962023433 3.6144743387080669 3.7726298632692115 2.0144719733571654 1.6658341590307759 6.3011976680105972 1.2664692652192879 3.2616587823526171 -1.6231581869856568 0.68190771949700757 1.5123437609438959 1.7891111409787277 1.2118276890188051
decision_type=2 2 2 2 2 2 2 2 2 2 2 2 2
left_child=7 2 3 -2 6 -6 -3 10 -9 -10 12 -12 -1
right_child=1 4 -4 -5 5 -7 -8 8 9 -11 11 -13 -14
leaf_value=0 0 -1.9165232033899439e-05 0 0.00010061733299784003 -1.1532920195729255e-05 6.9674605220021937e-05 4.4339080001775173e-05 2.2619471834459871e-05 -5.5298498316384275e-05 0 4.0509590664895014e-05 -6.587750157984947e-06 -3.5503987022276826e-05
leaf_weight=14655 98 2772 151 291 270 514 303 113 982 110 1364 581 634
leaf_count=14655 98 2772 151 291 270 514 303 113 982 110 1364 581 634
internal_value=0 3.5642e-06 4.17589e-05 7.13041e-05 0 2.26204e-05 -8.01889e-06 -5.59982e-07 -2.22179e-05 -4.05978e-05 8.52177e-08 1.87366e-05 -1.30757e-06
internal_weight=22838 4399 540 389 3859 784 3075 18439 1205 1092 17234 1945 15289
internal_count=22838 4399 540 389 3859 784 3075 18439 1205 1092 17234 1945 15289
is_linear=0
shrinkage=0.05


Tree=614
num_leaves=15
num_cat=0
split_feature=20 4 12 4 0 0 13 13 19 5 13 13 6 15
split_gain=2.67547e-05 0.000220993 0.000382679 0.000676775 0.00023022 0.000458327 0.000163141 0.000511213 0.000611769 0.00043813 0.000255572 0.000564619 0.000489923 0.00012351
threshold=0.17805047470371765 3.57711184697955 4.0650840082829172 1.8958225958253931 3.2078429508309863 0.15807641261710501 0.79675748132704849 1.1843243226661972 0.21915767338103984 2.5069715720493133 0.48761463514747089 0.39980588754765517 0.86946745775176681 7.1962379108994954
decision_type=2 2 2 2 2 2 2 2 2 2 2 2 2 2
left_child=6 2 3 -2 5 -3 10 8 -8 -9 11 -1 -12 -4
right_child=1 4 13 -5 -6 -7 7 9 -10 -11 12 -13 -14 -15
leaf_value=0 0 0 3.3569551862031269e-05 -5.630501079326164e-05 -1.979776427455463e-06 6.6797714781989637e-05 6.1889761280581248e-05 -7.4355282024521563e-05 0 1.1675066475037706e-06 0 3.7507689226116824e-05 -3.7957135942895547e-05 0
leaf_weight=14837 258 254 273 1018 150 390 842 197 114 469 1672 1047 1249 68
leaf_count=14837 258 254 273 1018 150 390 842 197 114 469 1672 1047 1249 68
internal_value=0 -4.69702e-06 -1.89635e-05 -3.47105e-05 5.47632e-06 3.04692e-05 8.18127e-07 1.61158e-05 4.21417e-05 0 0 1.98844e-06 -1.40416e-05 0
internal_weight=22838 2411 1617 1276 794 644 20427 1622 956 666 18805 15884 2921 341
internal_count=22838 2411 1617 1276 794 644 20427 1622 956 666 18805 15884 2921 341
is_linear=0
shrinkage=0.05


Tree=615
num_leaves=15
num_cat=0
split_feature=10 13 14 15 18 14 12 14 13 16 16 10 14 10
split_gain=2.56201e-05 0.000373687 0.00057382 0.000687993 0.000427102 0.00107723 0.000981444 0.000424022 0.000227601 0.000444769 0.000957223 0.000436058 0.000718944 0.000421608
threshold=26.994454605196712 -0.33360624145318257 12.769999980926515 0.79648218500322232 0.39295612844293987 12.734999656677248 2.373825770578486 13.769999980926515 -0.18422338437944494 3.8799558333375401 6.8396269330123003 56.587684300738964 12.429999828338625 46.744457783104956
decision_type=2 2 2 2 2 2 2 2 2 2 2 2 2 2
left_child=1 2 3 -1 5 -3 -6 -4 11 -10 -11 13 -13 -2
right_child=8 4 7 -5 6 -7 -8 -9 9 10 -12 12 -14 -15
leaf_value=0 5.237492421270814e-06 2.1461533931613281e-06 5.4534596265538297e-05 -8.4074737230146459e-05 -5.3324367507553543e-05 0.00010469758600484897 2.866808018675029e-05 -7.8360137073656471e-06 3.496670471580387e-06 -6.1305733020689432e-05 0 0 -8.3130940362757943e-05 4.9525261012465247e-05
leaf_weight=1129 3818 4644 344 575 925 302 348 553 5689 925 1787 533 287 979
leaf_count=1129 3818 4644 344 575 925 302 348 553 5689 925 1787 533 287 979
internal_value=0 -1.87358e-06 -1.87725e-05 -3.71374e-05 2.78441e-06 1.14599e-05 -1.91312e-05 0 1.53625e-06 -2.31067e-06 -2.00185e-05 9.95923e-06 -1.53298e-05 1.74107e-05
internal_weight=22838 8820 2601 1704 6219 4946 1273 897 14018 8401 2712 5617 820 4797
internal_count=22838 8820 2601 1704 6219 4946 1273 897 14018 8401 2712 5617 820 4797
is_linear=0
shrinkage=0.05


Tree=616
num_leaves=15
num_cat=0
split_feature=10 5 10 8 13 12 14 14 11 14 13 10 13 10
split_gain=2.67971e-05 0.000313027 0.000355649 0.000726148 0.000416059 0.000279398 0.00087215 0.0006331 0.000532845 0.000427247 0.000422843 0.000276823 0.000227138 0.000199709
threshold=35.632601763938432 1.9109770025661426 27.302075147777416 -1.6013767360839035 0.59102062739697658 5.9898606257762692 12.769999980926515 18.07499980926514 0.34500297725479534 11.75500011444092 0.489122663410202 46.513882467118513 -0.67858172478649215 13.607598165133911
decision_type=2 2 2 2 2 2 2 2 2 2 2 2 2 2
left_child=1 12 4 -4 -3 8 10 -8 11 -10 -7 -2 -1 -14
right_child=5 2 3 -5 -6 6 7 -9 9 -11 -12 -13 13 -15
leaf_value=0 -1.1819512915488592e-05 -5.4653862880902493e-06 -3.3888690657349741e-07 3.5407606156059084e-05 2.7792116446769688e-05 6.9152779930039859e-06 9.8154949451843232e-05 0 0 -6.30930266605173e-05 -4.9950016351722122e-05 1.1821562241346907e-05 0 -2.7282780871014633e-05
leaf_weight=166 2501 6325 1555 2482 1101 1548 416 50 989 721 393 2450 156 1985
leaf_count=166 2501 6325 1555 2482 1101 1548 416 50 989 721 393 2450 156 1985
internal_value=0 1.64385e-06 5.97022e-06 1.79271e-05 0 -1.81211e-06 1.02789e-05 7.22059e-05 -8.43375e-06 -3.24885e-05 0 0 -1.33471e-05 -2.13788e-05
internal_weight=22838 13770 11463 4037 7426 9068 2407 466 6661 1710 1941 4951 2307 2141
internal_count=22838 13770 11463 4037 7426 9068 2407 466 6661 1710 1941 4951 2307 2141
is_linear=0
shrinkage=0.05


Tree=617
num_leaves=15
num_cat=0
split_feature=7 7 10 3 15 2 13 13 15 7 7 11 7 20
split_gain=2.51481e-05 0.000339697 0.000660097 0.000569091 0.000332469 0.00102396 0.00126579 0.000593214 0.00042933 0.000401519 0.000258122 0.000321839 0.000315015 0.0001853
threshold=58.188078648475191 56.944453465289833 18.765923897683901 -0.26967063164049504 2.0349621002537681 1.3314518905677699 -0.24290162539588597 -0.29479932225512367 7.1962379108994954 78.916850237121238 55.307121072066217 0.035423552161654159 52.720096379091622 0.051007989229227536
decision_type=2 2 2 2 2 2 2 2 2 2 2 2 2 2
left_child=1 10 -3 -4 5 13 -7 8 -6 -9 12 -12 -1 -2
right_child=4 2 3 -5 7 6 -8 9 -10 -11 11 -13 -14 -15
leaf_value=0 5.770401032467747e-06 0 0 0.00011287954258906182 0 0 -9.3172036986178858e-05 3.4523711899998263e-05 -7.7049332364268378e-05 0 0 -4.985501515417585e-05 2.5433942920023886e-05 -4.181859299219262e-05
leaf_weight=13414 2357 130 101 309 822 186 744 1904 237 435 149 571 1260 219
leaf_count=13414 2357 130 101 309 822 186 744 1904 237 435 149 571 1260 219
internal_value=0 1.31945e-06 4.02622e-05 7.84154e-05 -2.25552e-06 -1.45555e-05 -5.95624e-05 6.02287e-06 -1.78987e-05 2.32668e-05 0 -2.92562e-05 1.38584e-06 0
internal_weight=22838 15934 540 410 6904 3506 930 3398 1059 2339 15394 720 14674 2576
internal_count=22838 15934 540 410 6904 3506 930 3398 1059 2339 15394 720 14674 2576
is_linear=0
shrinkage=0.05


Tree=618
num_leaves=14
num_cat=0
split_feature=14 14 14 14 0 1 0 7 0 16 12 7 3
split_gain=2.5256e-05 0.0012319 0.00117275 0.00121287 0.000792563 0.000469795 0.00040001 0.000578951 0.000726307 0.000725706 0.000425366 0.000840044 0.000423955
threshold=11.679999828338625 11.739999771118166 11.75500011444092 11.775000095367433 -1.334007808913743 0.46780530926067138 -1.0410268327286991 59.019777053633192 -1.5164893063633611 -6.1718479552375909 6.7834786214676308 63.829331506854651 -3.7640791393378668
decision_type=2 2 2 2 2 2 2 2 2 2 2 2 2
left_child=6 4 -3 -4 -2 -6 7 9 -9 -1 12 -12 -8
right_child=1 2 3 -5 5 -7 10 8 -10 -11 11 -13 -14
leaf_value=0 0 0.00015922272138313616 -0.00016212617231370965 8.84625848278923e-07 -0.00012481696902820482 0 0 9.0685531421252642e-05 0 -5.5677892778682934e-05 -8.1716398985852103e-05 0 2.2249551734609439e-05
leaf_weight=424 92 115 114 12035 400 70 1706 236 169 1165 343 955 5014
leaf_count=424 92 115 114 12035 400 70 1706 236 169 1165 343 955 5014
internal_value=0 -1.26655e-06 8.53867e-07 0 -7.41008e-05 -0.00010378 2.06175e-06 -1.56124e-05 1.8119e-05 -3.36498e-05 8.32911e-06 -1.2314e-05 1.45495e-05
internal_weight=22838 12826 12264 12149 562 470 10012 1994 405 1589 8018 1298 6720
internal_count=22838 12826 12264 12149 562 470 10012 1994 405 1589 8018 1298 6720
is_linear=0
shrinkage=0.05


Tree=619
num_leaves=15
num_cat=0
split_feature=9 13 4 8 9 5 11 13 13 4 8 4 5 4
split_gain=2.69346e-05 0.000362829 0.000749896 0.00030808 0.000169548 0.000677003 0.000345429 0.000196655 0.0010145 0.000666257 0.000133726 9.39716e-05 0.000334438 0.000191871
threshold=0.99362140949327771 -0.29718837871138265 2.6139002791118138 2.4571781301423647 0.85265164803290949 2.9242783544295485 7.701283853252896 0.36317388633246855 0.37076945706988612 5.633558929032378 1.2797511001099633 2.9079570508526249 3.1517908383128987 2.0379995380610021
decision_type=2 2 2 2 2 2 2 2 2 2 2 2 2 2
left_child=4 2 -2 -4 7 10 -7 9 -9 -1 -6 13 -13 -3
right_child=1 11 3 -5 5 6 -8 8 -10 -11 -12 12 -14 -15
leaf_value=5.3064021146227763e-06 0 0 0 -0.00017420988484308274 -2.1153934308650241e-05 0.00011133788566386926 0 -0.00013588388687280772 -2.2931571039320563e-06 -6.3848807333955496e-05 9.2940369942702785e-06 6.1344746845605475e-05 0 -4.2889832836776427e-05
leaf_weight=13047 121 308 56 118 516 240 189 157 5915 337 1191 283 99 261
leaf_count=13047 121 308 56 118 516 240 189 157 5915 337 1191 283 99 261
internal_value=0 -6.9093e-06 -5.7145e-05 -0.000127421 6.01278e-07 1.42079e-05 7.02801e-05 -1.22266e-07 -8.23909e-06 2.43982e-06 0 0 2.46462e-05 -2.00084e-06
internal_weight=22838 1246 295 174 21592 2136 429 19456 6072 13384 1707 951 382 569
internal_count=22838 1246 295 174 21592 2136 429 19456 6072 13384 1707 951 382 569
is_linear=0
shrinkage=0.05


Tree=620
num_leaves=14
num_cat=0
split_feature=7 2 16 14 2 14 2 19 1 16 19 14 1
split_gain=2.6591e-05 0.00108773 0.000876364 0.000905679 0.000413359 0.000780033 0.000567058 0.000293535 0.000554912 0.000490276 0.000350965 0.00091361 0.000333569
threshold=44.549706144532927 2.2731886146099227 0.5017089295644156 11.844999790191652 -0.60380502732978447 10.920000076293947 -0.85661157104880414 -1.1059065052009733 -0.71976848526059567 0.82325215499882709 -0.10374548829815285 13.525000095367433 -1.4371906240197996
decision_type=2 2 2 2 2 2 2 2 2 2 2 2 2
left_child=1 4 3 -3 6 -6 -1 8 -2 -10 11 -9 -12
right_child=7 2 -4 -5 5 -7 -8 10 9 -11 12 -13 -14
leaf_value=0 0 0 0 0.00015967654762326825 8.308393132368079e-06 -4.2616685626918751e-05 6.5949706625863672e-05 0 0 -0.00010760117676328104 -6.5446614683493799e-05 9.6553897557852866e-05 0
leaf_weight=6262 84 199 114 282 687 1562 348 623 114 290 207 332 11734
leaf_count=6262 84 199 114 282 687 1562 348 623 114 290 207 332 11734
internal_value=0 2.15926e-06 6.80558e-05 0.000101353 -5.80757e-07 -2.03972e-05 3.89475e-06 -1.29349e-06 -3.93254e-05 -7.27504e-05 0 2.92947e-05 -2.18464e-06
internal_weight=22838 9454 595 481 8859 2249 6610 13384 488 404 12896 955 11941
internal_count=22838 9454 595 481 8859 2249 6610 13384 488 404 12896 955 11941
is_linear=0
shrinkage=0.05


Tree=621
num_leaves=13
num_cat=0
split_feature=0 10 14 13 3 3 13 4 8 14 8 10
split_gain=2.53933e-05 0.000471536 0.000464636 0.00108944 0.000473488 0.000179082 0.000490531 0.000503287 0.000181326 0.000380483 0.000316666 1.57402e-05
threshold=2.1188371783717312 15.053229766045183 13.019999980926515 0.48761463514747089 -5.0856639202781819 17.026269629331196 0.45653273876830053 2.9079570508526249 -0.11182939233899455 10.580000400543215 -12.597374435661026 12.004985655069683
decision_type=2 2 2 2 2 2 2 2 2 2 2 2
left_child=5 11 4 -4 -3 8 7 -7 10 -10 -1 -2
right_child=1 2 3 -5 -6 6 -8 -9 9 -11 -12 -13
leaf_value=-8.5839938901379003e-06 0 7.4880671553703896e-05 -0.00014464786287441211 0 -1.0945637983133341e-05 0 0 0.00015342504989937879 8.71843536329864e-06 -1.2432548886761257e-05 9.6541147695567439e-06 8.6870054703013021e-05
leaf_weight=2482 55 184 213 532 1221 182 86 124 2318 6614 8738 89
leaf_count=2482 55 184 213 532 1221 182 86 124 2318 6614 8738 89
internal_value=0 -4.82046e-06 -1.65946e-05 -4.84883e-05 0 7.03049e-07 3.41327e-05 7.40672e-05 0 -5.26399e-06 4.28244e-06 6.64274e-05
internal_weight=22838 2294 2150 745 1405 20544 392 306 20152 8932 11220 144
internal_count=22838 2294 2150 745 1405 20544 392 306 20152 8932 11220 144
is_linear=0
shrinkage=0.05


Tree=622
num_leaves=14
num_cat=0
split_feature=14 14 14 13 13 12 13 8 15 12 8 7 7
split_gain=2.98812e-05 0.000944704 0.00064514 0.00171058 0.000682651 0.00157284 0.000841334 0.000640399 0.000308461 0.000287489 0.000747047 0.000404973 1.59458e-05
threshold=11.039999961853029 11.144999980926515 10.920000076293947 -0.24290162539588597 -0.013045006246314992 1.432200555592299 -0.13212091167613124 3.4368595997250764 -0.46348784276520333 7.5587777866017243 -7.0454785190171698 60.311182001030552 49.835912480025151
decision_type=2 2 2 2 2 2 2 2 2 2 2 2 2
left_child=2 8 4 12 6 -6 -1 -5 -2 11 -11 -3 -4
right_child=1 9 3 7 5 -7 -8 -9 -10 10 -12 -13 -14
leaf_value=0 0.0001558936462645831 0 0 -0.00020132018207908505 4.6789804462747375e-05 -1.5734286428577907e-05 -9.3628976650232494e-05 0 0 -4.9502926564794814e-05 3.0120377339792756e-05 -2.2758277708081196e-05 2.0272525521859382e-05
leaf_weight=1930 129 11821 142 185 2008 1537 337 50 90 224 2118 2171 96
leaf_count=1930 129 11821 142 185 2008 1537 337 50 90 224 2118 2171 96
internal_value=0 1.26415e-06 -2.77047e-06 -5.91982e-05 0 1.54544e-05 -1.94694e-05 -0.000158616 0.00010419 0 1.60849e-05 -2.83584e-06 0
internal_weight=22838 16553 6285 473 5812 3545 2267 235 219 16334 2342 13992 238
internal_count=22838 16553 6285 473 5812 3545 2267 235 219 16334 2342 13992 238
is_linear=0
shrinkage=0.05


Tree=623
num_leaves=15
num_cat=0
split_feature=16 5 5 15 6 13 5 15 15 19 15 16 5 13
split_gain=2.82359e-05 0.000393149 0.000915747 0.000520786 0.000366169 0.000331696 0.00028946 0.000247678 0.000561396 0.00109137 0.000481604 0.000448307 0.000361894 0.000206982
threshold=-3.701545823798424 2.1777156303498604 2.5926447422174781 0.6269349615947496 0.27785167385152254 -0.30396420107253735 1.9923763506953762 0.89526473639714454 -0.94332934683008507 -0.71417784691067632 1.229186386538911 -2.0502994898035802 3.9075576177942732 0.57052321270107964
decision_type=2 2 2 2 2 2 2 2 2 2 2 2 2 2
left_child=1 5 4 -4 -3 -1 -7 8 12 -10 11 -9 -2 -12
right_child=7 2 3 -5 -6 6 -8 10 9 -11 13 -13 -14 -15
leaf_value=0 -8.5918176274018368e-06 0 -6.27968676048703e-06 4.5027464781825881e-05 -5.1232000478126863e-05 0 6.1283308944415748e-05 0 -5.4109258199121961e-05 3.1533379232798475e-05 -4.0577557024857852e-06 -6.1548572491133547e-05 3.7719543962561168e-05 1.9352075561126827e-05
leaf_weight=530 4312 55 2578 591 1487 859 500 85 297 3777 5565 649 417 1136
leaf_count=530 4312 55 2578 591 1487 859 500 85 297 3777 5565 649 417 1136
internal_value=0 -2.65715e-06 -1.21953e-05 0 -4.40214e-05 1.31874e-05 2.91791e-05 1.21529e-06 7.57824e-06 2.15972e-05 -4.3012e-06 -4.27233e-05 -1.32975e-06 0
internal_weight=22838 6600 4711 3169 1542 1889 1359 16238 8803 4074 7435 734 4729 6701
internal_count=22838 6600 4711 3169 1542 1889 1359 16238 8803 4074 7435 734 4729 6701
is_linear=0
shrinkage=0.05


Tree=624
num_leaves=14
num_cat=0
split_feature=13 13 13 13 4 0 3 8 8 13 8 13 13
split_gain=2.89492e-05 0.000538351 0.000523326 0.00114587 0.000580118 0.000537756 0.000522321 0.000472728 0.000629234 0.000321123 0.000758896 0.00040649 8.55523e-05
threshold=-0.18422338437944494 -0.1432422593395821 -0.29479932225512367 -0.27067507371424376 4.8941229472114598 0.53673275721047353 12.612215745424306 10.773146630130817 -3.0914554188759165 -0.075603740240881553 1.8885337276191223 -0.013045006246314992 -0.18677207905071211
decision_type=2 2 2 2 2 2 2 2 2 2 2 2 2
left_child=2 7 4 -4 6 -6 -1 8 -2 10 -3 -11 -5
right_child=1 9 3 12 5 -7 -8 -9 -10 11 -12 -13 -14
leaf_value=0 0 6.0503055761457727e-05 0.00013285116273646167 0 0 -0.00015577760956037549 6.2113895053061825e-05 0 -0.00010433852934127423 -5.3137741526606526e-05 -8.8261531086044334e-06 0 4.2755585568673465e-05
leaf_weight=7043 132 725 238 797 336 114 339 57 378 368 214 11981 116
leaf_count=7043 132 725 238 797 336 114 339 57 378 368 214 11981 116
internal_value=0 -1.34895e-06 2.29114e-06 3.42774e-05 -4.98397e-07 -5.66288e-05 8.98772e-07 -4.91314e-05 -7.06818e-05 0 2.87528e-05 -1.44226e-06 0
internal_weight=22838 13855 8983 1151 7832 450 7382 567 510 13288 939 12349 913
internal_count=22838 13855 8983 1151 7832 450 7382 567 510 13288 939 12349 913
is_linear=0
shrinkage=0.05


Tree=625
num_leaves=14
num_cat=0
split_feature=3 6 9 0 0 9 1 0 4 7 4 5 6
split_gain=2.75099e-05 0.000359805 0.000662191 0.000555915 0.000404466 0.000378523 0.000493945 0.000241078 0.000374571 0.000682931 0.00021881 0.000160218 8.07372e-06
threshold=7.6978279073255615 0.73579715083413622 0.99362140949327771 1.6757900911066328 4.1716334918593674 0.91900455678594273 -0.026043707385516104 -5.2283019911338773 6.2697796683745759 26.200777184842732 3.57711184697955 3.2745585859694737 0.60636661599973141
decision_type=2 2 2 2 2 2 2 2 2 2 2 2 2
left_child=7 5 3 -3 -4 6 -2 10 11 -10 -1 -9 -7
right_child=1 2 4 -5 -6 12 -8 8 9 -11 -12 -13 -14
leaf_value=0 0 4.8502704682808448e-05 -6.0914404708878192e-05 0 0 1.5689163616426843e-05 -5.8841414780450066e-05 3.0658847744426943e-06 0 0.00010074556024113945 -0.0001280606308511889 -9.0141999566084664e-06 0
leaf_weight=98 345 1064 424 322 103 81 898 15958 52 267 65 3105 56
leaf_count=98 345 1064 424 322 103 81 898 15958 52 267 65 3105 56
internal_value=0 -4.19343e-06 3.6846e-06 2.83611e-05 -3.27359e-05 -2.59707e-05 -3.88517e-05 7.45058e-07 2.00861e-06 5.62579e-05 -5.7134e-05 3.11076e-07 0
internal_weight=22838 3293 1913 1386 527 1380 1243 19545 19382 319 163 19063 137
internal_count=22838 3293 1913 1386 527 1380 1243 19545 19382 319 163 19063 137
is_linear=0
shrinkage=0.05


Tree=626
num_leaves=15
num_cat=0
split_feature=11 16 1 1 4 2 0 7 1 1 11 7 2 7
split_gain=2.73136e-05 0.00027466 0.000429528 0.000219449 0.00012151 0.000425028 0.000282827 0.000114401 0.000271757 0.000551788 0.000280265 0.000224285 0.00049453 0.000304742
threshold=-7.7066768246645916 -9.7478124622880902 -1.1568539991239535 0.85399291330118265 3.5212517529532765 -6.276552597552131 -2.323967902912965 36.889604398033306 0.37401387377395806 0.58849159456374367 -2.8875993015675427 44.549706144532927 2.3241256989369412 49.480455845151447
decision_type=2 2 2 2 2 2 2 2 2 2 2 2 2 2
left_child=1 4 -3 -4 6 -6 -1 8 10 -10 -2 12 -9 -13
right_child=7 2 3 -5 5 -7 -8 11 9 -11 -12 13 -14 -15
leaf_value=8.6271740023987254e-05 7.9459069697165312e-06 0 8.1894769145279082e-05 0 -8.8109701251927301e-05 0 0 9.9935644182480403e-07 -6.5924488115200671e-05 0 -2.3573314145136295e-05 -1.7810186420137753e-05 6.7090310960816392e-05 1.0446239050542564e-06
leaf_weight=94 2559 140 353 66 175 88 164 3262 537 652 969 2430 395 10954
leaf_count=94 2559 140 353 66 175 88 164 3262 537 652 969 2430 395 10954
internal_value=0 7.76022e-06 3.66389e-05 6.59287e-05 0 -3.39214e-05 0 -3.82607e-07 -7.69417e-06 -2.83836e-05 0 7.6141e-07 1.2255e-05 -1.25907e-06
internal_weight=22838 1080 559 419 521 263 258 21758 4717 1189 3528 17041 3657 13384
internal_count=22838 1080 559 419 521 263 258 21758 4717 1189 3528 17041 3657 13384
is_linear=0
shrinkage=0.05


Tree=627
num_leaves=11
num_cat=0
split_feature=13 13 13 5 21 8 19 1 12 5
split_gain=2.47445e-05 0.000713767 0.000519938 0.000320839 0.000307503 0.000284324 0.000363535 0.000282383 0.000276101 0.000172115
threshold=0.52555861591733211 0.53714975524669095 0.49393563195667683 2.2193290654732971 0.35905616534930279 -30.56304263854285 -0.060259226587078545 1.4423592471701656 9.2255528921557808 2.6069238007892706
decision_type=2 2 2 2 2 2 2 2 2 2
left_child=2 3 4 -2 7 6 -3 -1 -7 -4
right_child=1 5 9 -5 -6 8 -8 -9 -10 -11
leaf_value=0 0 0 0 -0.00012869322724745071 -6.333202840113173e-05 0 9.0999410438354935e-05 5.0630399724507849e-05 -3.9713271153028285e-05 0.00012059440193115735
leaf_weight=17094 78 56 116 158 189 4113 193 277 445 119
leaf_count=17094 78 56 116 158 189 4113 193 277 445 119
internal_value=0 -3.04716e-06 9.18906e-07 -8.79023e-05 0 0 5.28264e-05 6.19982e-07 -1.69854e-06 7.46424e-05
internal_weight=22838 5043 17795 236 17560 4807 249 17371 4558 235
internal_count=22838 5043 17795 236 17560 4807 249 17371 4558 235
is_linear=0
shrinkage=0.05


Tree=628
num_leaves=15
num_cat=0
split_feature=10 1 7 6 6 3 3 2 8 6 10 6 1 8
split_gain=2.5487e-05 0.000313376 0.000420926 0.000618096 0.000267705 0.000443327 0.000544096 0.000477493 0.00035292 0.000584345 0.000378708 0.000253323 0.000423412 0.000386906
threshold=35.632601763938432 0.68109404730179768 68.858895845002706 0.8457547849799617 0.70620848589159613 6.263427230696295 3.2134324171053334 3.3999580813931511 -16.10375560198074 1.129752317193315 29.200368716554955 1.4617891630671056 0.46163529377301132 3.5711569458648911
decision_type=2 2 2 2 2 2 2 2 2 2 2 2 2 2
left_child=4 11 3 -3 5 6 -1 -7 9 -6 -10 12 -2 -13
right_child=1 2 -4 -5 8 7 -8 -9 10 -11 -12 13 -14 -15
leaf_value=6.345991232219458e-06 -8.2434635589069928e-06 0 0 -7.6171823220261612e-05 -7.389411677600451e-05 -6.5279666711833646e-05 6.2397738713469605e-05 0 -5.7889251865506013e-06 0 1.9309324857104796e-05 4.390456599948165e-05 2.9301480233319622e-05 0
leaf_weight=3906 6068 385 211 588 439 336 694 172 5821 387 2015 818 777 221
leaf_count=3906 6068 385 211 588 439 336 694 172 5821 387 2015 818 777 221
internal_value=0 -2.00532e-06 -2.63041e-05 -4.38429e-05 1.40666e-06 1.11672e-05 1.80744e-05 -2.18214e-05 -2.61827e-06 -3.37443e-05 0 0 -1.78689e-06 2.42473e-05
internal_weight=22838 9068 1184 973 13770 5108 4600 508 8662 826 7836 7884 6845 1039
internal_count=22838 9068 1184 973 13770 5108 4600 508 8662 826 7836 7884 6845 1039
is_linear=0
shrinkage=0.05


Tree=629
num_leaves=14
num_cat=0
split_feature=13 13 6 4 4 6 20 5 1 13 13 13 10
split_gain=2.40212e-05 0.0011496 0.000617077 0.000425496 0.000560477 0.000328344 0.000322422 0.0008335 0.000370581 0.000182105 0.000601074 0.000158073 8.1381e-05
threshold=-0.69276599147319862 -0.64278278086672958 0.82497765281583757 1.3323446277356494 2.6905027591985253 1.5618788744058407 -0.57498279951133036 2.3402982056794528 -0.33826579631010434 -0.56734936417262005 -0.61614253177807987 -0.42021305351745969 19.5876656731227
decision_type=2 2 2 2 2 2 2 2 2 2 2 2 2
left_child=2 5 3 -1 -5 12 8 -8 -4 10 -3 -11 -2
right_child=1 9 6 4 -6 -7 7 -9 -10 11 -12 -13 -14
leaf_value=0 0 0 6.5896854638950857e-05 7.2988030984054759e-05 0 0 6.536170299938516e-06 -5.2723664795738454e-05 0 -1.7309053790941516e-05 9.2705562528434262e-05 6.7292487030349916e-07 -0.00012421237940058203
leaf_weight=96 50 350 229 738 508 50 534 1049 247 1292 227 17216 252
leaf_count=96 50 350 229 738 508 50 534 1049 247 1292 227 17216 252
internal_value=0 -5.87796e-07 3.95957e-06 3.31057e-05 4.50932e-05 -9.03119e-05 -7.76236e-06 -2.32721e-05 1.23114e-05 2.85787e-07 2.81131e-05 0 -0.000110505
internal_weight=22838 19437 3401 1342 1246 352 2059 1583 476 19085 577 18508 302
internal_count=22838 19437 3401 1342 1246 352 2059 1583 476 19085 577 18508 302
is_linear=0
shrinkage=0.05


Tree=630
num_leaves=15
num_cat=0
split_feature=13 13 13 13 8 7 1 20 20 21 13 8 13 1
split_gain=2.30154e-05 0.000478302 0.00102976 0.000467318 0.00043848 0.000656019 0.000348772 0.000323317 0.000609684 0.000315262 0.000274383 0.000704371 0.00036921 0.000102488
threshold=-0.18422338437944494 -0.29479932225512367 -0.27067507371424376 -0.1432422593395821 10.773146630130817 44.731828605804601 0.36081747091838906 0.91791063553310026 0.4842729010070505 0.24809269654265484 -0.075603740240881553 1.8885337276191223 -0.013045006246314992 0.0035038184220766429
decision_type=2 2 2 2 2 2 2 2 2 2 2 2 2 2
left_child=1 7 6 4 5 -2 -3 8 -1 -9 11 -5 -12 -4
right_child=3 2 13 10 -6 -7 -8 9 -10 -11 12 -13 -14 -15
leaf_value=-1.4725105854705891e-06 0 0.00015859343378085008 -5.9501652883986396e-06 5.7644578385747674e-05 0 -0.00011004708511285974 0 -0.00012771981958969859 8.3555912358153567e-05 0 -5.0530523243513241e-05 -8.4377107982301085e-06 0 2.3227426130674512e-05
leaf_weight=7464 187 185 470 725 57 323 53 97 215 56 368 214 11981 443
leaf_count=7464 187 185 470 725 57 323 53 97 215 56 368 214 11981 443
internal_value=0 2.06543e-06 3.27013e-05 -1.17755e-06 -4.5724e-05 -6.68513e-05 0.000126198 -5.25477e-07 0 -7.25445e-05 0 2.66339e-05 -1.2454e-06 0
internal_weight=22838 8983 1151 13855 567 510 238 7832 7679 153 13288 939 12349 913
internal_count=22838 8983 1151 13855 567 510 238 7832 7679 153 13288 939 12349 913
is_linear=0
shrinkage=0.05


Tree=631
num_leaves=12
num_cat=0
split_feature=14 14 14 8 5 14 10 0 13 0 14
split_gain=3.44554e-05 0.000851633 0.000344498 0.0011176 0.000341424 0.000217907 0.000283552 0.000251953 0.000111272 0.00122978 0.000575971
threshold=10.379999637603762 10.460000038146974 10.315000057220461 0.51425228499526787 2.0144719733571654 10.280000209808351 26.994454605196712 0.91747814224006696 0.36317388633246855 0.22480076238335336 10.735000133514406
decision_type=2 2 2 2 2 2 2 2 2 2 2
left_child=2 4 5 -4 -2 7 -7 -1 10 -10 -3
right_child=1 8 3 -5 -6 6 -8 -9 9 -11 -12
leaf_value=0 0 -4.4927942833400096e-05 -0.00017693934763960019 0 0.00013775869958753672 0 8.3011674044610134e-05 -2.7972606366562829e-05 -3.9182027277891797e-05 7.807694270625724e-06 5.4763379318161485e-06
leaf_weight=2326 72 556 118 108 157 62 174 865 1994 3660 12746
leaf_count=2326 72 556 118 108 157 62 174 865 1994 3660 12746
internal_value=0 9.07365e-07 -4.38757e-06 -6.40618e-05 9.65689e-05 0 4.57951e-05 -3.86704e-06 0 -6.11568e-06 2.23874e-06
internal_weight=22838 19185 3653 226 229 3427 236 3191 18956 5654 13302
internal_count=22838 19185 3653 226 229 3427 236 3191 18956 5654 13302
is_linear=0
shrinkage=0.05


Tree=632
num_leaves=13
num_cat=0
split_feature=11 8 9 5 1 5 4 5 8 12 11 8
split_gain=2.49383e-05 0.000655363 0.00055578 0.000515913 0.00046003 0.000695892 0.000416012 0.000202335 0.000533363 0.000120059 0.000185605 6.63417e-05
threshold=2.2804052086400364 0.73323731003392256 0.80880901807113414 4.9736562757684055 -0.26642910548563764 2.4725144440353364 4.4790236033135171 2.2372852639127889 2.4571781301423647 10.442132849557197 0.83632317878678253 -5.9525326585724398
decision_type=2 2 2 2 2 2 2 2 2 2 2 2
left_child=2 4 9 6 -2 -6 -3 8 -4 10 -1 -11
right_child=1 3 7 -5 5 -7 -8 -9 -10 11 -12 -13
leaf_value=-4.0156176755384404e-07 0 -6.0386286300655247e-06 -0.00013809115785646582 -0.00012877187407058148 0 8.9562750169747279e-05 4.7004784924933196e-05 0 0 -7.4954127474619023e-05 1.3867314477150446e-05 0
leaf_weight=14061 139 3981 169 80 672 563 404 74 104 80 2457 54
leaf_count=14061 139 3981 169 80 672 563 404 74 104 80 2457 54
internal_value=0 2.90497e-06 -8.76578e-07 -3.4571e-06 3.4476e-05 4.74631e-05 0 -6.3484e-05 -8.34553e-05 0 8.13554e-07 -4.62852e-05
internal_weight=22838 5839 16999 4465 1374 1235 4385 347 273 16652 16518 134
internal_count=22838 5839 16999 4465 1374 1235 4385 347 273 16652 16518 134
is_linear=0
shrinkage=0.05


Tree=633
num_leaves=11
num_cat=0
split_feature=14 14 13 4 14 13 2 10 13 13
split_gain=3.23254e-05 8.10968e-05 0.000462747 0.00042832 0.000295545 0.00117391 0.000160433 0.000113749 1.72346e-05 7.87984e-06
threshold=9.4149999618530291 9.9200000762939471 0.68329041711937555 3.5212517529532765 10.055000305175783 -0.15511208884687042 0.44991887080931831 16.814984563174196 0.015546919509756842 -0.13535187241220933
decision_type=2 2 2 2 2 2 2 2 2 2
left_child=8 2 3 -2 5 -3 -4 -6 9 -1
right_child=1 4 6 -5 7 -7 -8 -9 -10 -11
leaf_value=-1.3087973912226283e-05 5.7587771746716123e-05 0 -5.265051879623631e-05 0 1.1522888381659534e-05 -0.00012656047892150281 0 0 -3.263815037359525e-05 7.5273524662640952e-08
leaf_weight=114 727 341 150 68 2183 228 193 18602 114 118
leaf_count=114 727 341 150 68 2183 228 193 18602 114 118
internal_value=0 2.49169e-07 1.33875e-05 4.10831e-05 0 -3.58665e-05 -7.13289e-06 5.19584e-07 -1.51284e-05 0
internal_weight=22838 22492 1138 795 21354 569 343 20785 346 232
internal_count=22838 22492 1138 795 21354 569 343 20785 346 232
is_linear=0
shrinkage=0.05


Tree=634
num_leaves=11
num_cat=0
split_feature=14 14 13 8 14 13 1 10 13 13
split_gain=2.89935e-05 6.41805e-05 0.000411254 0.000743099 0.000255115 0.0010714 0.000147242 0.000102937 1.55685e-05 7.11807e-06
threshold=9.4149999618530291 9.9200000762939471 0.68329041711937555 3.0850478187006019 10.055000305175783 -0.15511208884687042 0.49196850779539886 16.814984563174196 0.015546919509756842 -0.13535187241220933
decision_type=2 2 2 2 2 2 2 2 2 2
left_child=8 2 3 -2 5 -3 -4 -6 9 -1
right_child=1 4 6 -5 7 -7 -8 -9 -10 -11
leaf_value=-1.2439262976049977e-05 7.0883204203282544e-05 0 0 0 1.0947008175721349e-05 -0.00012026008908821404 -6.7297025913527864e-05 0 -3.1020432267763215e-05 7.153987618429787e-08
leaf_weight=114 603 341 260 192 2183 228 83 18602 114 118
leaf_count=114 603 341 260 192 2183 228 83 18602 114 118
internal_value=0 1.81888e-07 1.18964e-05 3.84533e-05 0 -3.33353e-05 -5.98499e-06 4.59076e-07 -1.43785e-05 0
internal_weight=22838 22492 1138 795 21354 569 343 20785 346 232
internal_count=22838 22492 1138 795 21354 569 343 20785 346 232
is_linear=0
shrinkage=0.05


Tree=635
num_leaves=12
num_cat=0
split_feature=14 14 14 8 14 4 7 3 14 4 12
split_gain=2.7465e-05 0.000768099 0.000297977 0.00102459 0.000189193 0.000210077 0.000116962 0.00067135 0.000407927 2.02078e-05 5.93885e-06
threshold=10.379999637603762 10.460000038146974 10.315000057220461 0.51425228499526787 10.280000209808351 2.0822323098205295 58.188078648475191 3.2134324171053334 11.844999790191652 1.4695165211691037 0.31556739158057312
decision_type=2 2 2 2 2 2 2 2 2 2 2
left_child=2 9 4 -4 5 -1 8 -8 -3 -2 -6
right_child=1 6 3 -5 10 -7 7 -9 -10 -11 -12
leaf_value=4.0324589159477837e-07 0 -7.5519450588883218e-06 -0.00016820606355013147 0 0 -2.0794633073486064e-05 -3.7550325542856687e-05 1.9259151785687691e-10 9.6799144528149962e-06 0.00010664565406820668 6.0018980374802451e-05
leaf_weight=1883 56 5107 118 108 113 1308 1357 4121 8371 173 123
leaf_count=1883 56 5107 118 108 113 1308 1357 4121 8371 173 123
internal_value=0 6.53223e-07 -4.06824e-06 -5.95659e-05 0 -3.59037e-06 0 -6.56918e-06 2.03761e-06 9.15669e-05 4.26859e-05
internal_weight=22838 19185 3653 226 3427 3191 18956 5478 13478 229 236
internal_count=22838 19185 3653 226 3427 3191 18956 5478 13478 229 236
is_linear=0
shrinkage=0.05


Tree=636
num_leaves=15
num_cat=0
split_feature=11 8 3 2 15 15 15 3 2 8 10 2 14 14
split_gain=2.54642e-05 0.000584126 0.000432744 0.000593884 0.000339039 0.000532172 0.00041486 0.000236171 0.00106037 0.000685922 0.0003227 0.000256521 0.00142874 0.000264206
threshold=2.2804052086400364 0.73323731003392256 4.749880066013846 1.6379649442424429 2.0349621002537681 0.66096551644867507 3.0662527574748801 1.1581638288829079 -0.99107696148763014 -9.9997446112535879 14.593144550698417 2.3241256989369412 11.775000095367433 11.534999847412111
decision_type=2 2 2 2 2 2 2 2 2 2 2 2 2 2
left_child=7 2 -2 -4 5 -3 -6 11 9 -9 -10 13 -13 -1
right_child=1 4 3 -5 6 -7 -8 8 10 -11 -12 12 -14 -15
leaf_value=8.641359710896751e-06 0 0 8.9892234228575188e-05 0 4.0647290843667223e-05 -5.5657405625722917e-05 -1.5738057217324156e-06 -4.0287904799313979e-05 0 3.1362366774919791e-05 -4.3348382881646289e-05 -1.8586404891786739e-05 7.6087175367657833e-05 -6.7450609987929865e-06
leaf_weight=4359 334 734 498 542 633 710 2388 293 250 1474 2038 525 699 7361
leaf_count=4359 334 734 498 542 633 710 2388 293 250 1474 2038 525 699 7361
internal_value=0 2.8089e-06 3.26486e-05 4.9469e-05 -3.02012e-06 -2.45664e-05 2.31984e-06 -1.01701e-06 -1.20298e-05 1.09812e-05 -3.63511e-05 1.27491e-06 2.32527e-05 0
internal_weight=22838 5839 1374 1040 4465 1444 3021 16999 4055 1767 2288 12944 1224 11720
internal_count=22838 5839 1374 1040 4465 1444 3021 16999 4055 1767 2288 12944 1224 11720
is_linear=0
shrinkage=0.05


Tree=637
num_leaves=13
num_cat=0
split_feature=5 13 4 15 8 5 19 12 4 8 8 16
split_gain=2.96673e-05 0.000486657 0.00028301 0.000544985 0.000906557 0.000533861 0.000448212 0.000278808 0.000269687 0.000334489 0.000304336 0.000267348
threshold=2.5069715720493133 1.1843243226661972 2.0989779260804151 2.1267779745544453 0.77847657621106092 3.2373480252287536 0.1302755053317943 2.7310979179569239 2.0209231031974295 7.5589899742001281 0.51425228499526787 6.7320438779999785
decision_type=2 2 2 2 2 2 2 2 2 2 2 2
left_child=1 8 5 4 -4 7 -7 -2 10 -10 -1 -5
right_child=2 -3 3 11 -6 6 -8 -9 9 -11 -12 -13
leaf_value=-1.0640471540435364e-05 -1.5244802398270254e-05 -7.0807944023359743e-05 -4.3905149212031955e-06 0 -6.1948578143317017e-05 7.7606899419546262e-05 0 2.2762133332736202e-05 1.9430134888415174e-05 -8.017822150088419e-06 1.0275799643056803e-05 2.8648355018429396e-05
leaf_weight=4202 1315 207 4743 1313 1000 451 82 754 4444 594 2703 1030
leaf_count=4202 1315 207 4743 1313 1000 451 82 754 4444 594 2703 1030
internal_value=0 1.64037e-06 -1.96974e-06 -7.71909e-06 -1.70333e-05 1.01305e-05 5.47687e-05 0 4.15775e-06 1.32162e-05 -2.80356e-07 8.70939e-06
internal_weight=22838 12150 10688 8086 5743 2602 533 2069 11943 5038 6905 2343
internal_count=22838 12150 10688 8086 5743 2602 533 2069 11943 5038 6905 2343
is_linear=0
shrinkage=0.05


Tree=638
num_leaves=15
num_cat=0
split_feature=3 10 1 1 13 4 1 3 15 3 15 15 2 8
split_gain=2.55635e-05 0.00026698 0.000408756 0.000393158 0.000325865 0.000373638 0.000275387 0.000194394 0.000554538 0.000487664 0.000309621 0.00043946 0.000301871 0.000287358
threshold=7.6978279073255615 37.698784829358736 -0.035893760454276023 -0.57242996988876549 0.81313922080297207 1.5382884971594331 0.44610789424490527 3.729336434281894 -2.402610378339975 4.2807309574487205 3.2616587823526171 5.5646561123938909 2.3241256989369412 -2.5049949249238694
decision_type=2 2 2 2 2 2 2 2 2 2 2 2 2 2
left_child=7 4 3 -3 5 -2 -4 10 9 -9 12 -12 -1 -10
right_child=1 2 6 -5 -6 -7 -8 8 13 -11 11 -13 -14 -15
leaf_value=-7.3233575727722813e-07 0 0 -2.6087448880612425e-05 6.9269424484135495e-05 0 -5.0061323528589153e-05 7.4423145690363738e-06 0 0 -7.6404673379941172e-05 -4.5504771458075959e-05 0 2.53707152127717e-05 2.9264294127383144e-05
leaf_weight=13779 136 138 1022 409 63 986 539 51 346 274 908 457 1162 2568
leaf_count=13779 136 138 1022 409 63 986 539 51 346 274 908 457 1162 2568
internal_value=0 -4.17783e-06 2.64264e-07 4.23831e-05 -2.4721e-05 -3.70249e-05 -4.90948e-06 5.72862e-07 1.21912e-05 -3.44189e-05 -8.15747e-07 -2.39509e-05 2.95446e-07 2.25455e-05
internal_weight=22838 3293 2108 547 1185 1122 1561 19545 3239 325 16306 1365 14941 2914
internal_count=22838 3293 2108 547 1185 1122 1561 19545 3239 325 16306 1365 14941 2914
is_linear=0
shrinkage=0.05


Tree=639
num_leaves=15
num_cat=0
split_feature=10 5 21 10 3 8 5 19 8 15 16 8 14 5
split_gain=2.63201e-05 0.00027032 0.000418561 0.000520295 0.000244743 0.000239579 0.000560417 0.000507863 0.000490502 0.00040897 0.000184636 0.000251759 0.000134729 0.000132566
threshold=35.632601763938432 1.9109770025661426 0.1495759663705771 13.29485502217976 -1.3006917692831352 -26.624355723006612 1.9109770025661426 -0.57570600723396026 -50.130388279334639 -0.97066562417417723 -1.2366550551877296 15.949091075023972 12.34999990463257 1.6578009765679951
decision_type=2 2 2 2 2 2 2 2 2 2 2 2 2 2
left_child=1 10 3 -3 -4 8 13 -8 -2 -10 12 -12 -1 -7
right_child=5 2 4 -5 -6 6 7 -9 9 -11 11 -13 -14 -15
leaf_value=9.3104971466489506e-06 0 -2.3612953105908274e-05 0 1.5679892465272915e-05 -2.7406074209414538e-05 0 1.4770552468905028e-05 -1.8287974291292493e-05 0.0001323393038788501 0 -3.6306974692163488e-05 0 -3.9756449289920098e-05 3.3515101805932784e-05
leaf_weight=949 325 656 1262 8401 1144 315 912 6466 148 83 1104 94 160 819
leaf_count=949 325 656 1262 8401 1144 315 912 6466 148 83 1104 94 160 819
internal_value=0 1.28824e-06 5.38986e-06 1.11756e-05 -1.01535e-05 -2.17613e-06 -5.74565e-06 -1.21673e-05 2.54531e-05 8.27104e-05 -1.25862e-05 -2.62662e-05 0 2.27931e-05
internal_weight=22838 13770 11463 9057 2406 9068 8512 7378 556 231 2307 1198 1109 1134
internal_count=22838 13770 11463 9057 2406 9068 8512 7378 556 231 2307 1198 1109 1134
is_linear=0
shrinkage=0.05


Tree=640
num_leaves=15
num_cat=0
split_feature=16 1 1 16 2 13 15 2 15 15 19 12 15 2
split_gain=2.34231e-05 0.000460929 0.000989536 0.00105599 0.000691958 0.000474451 0.000302948 0.000281815 0.000462312 0.00044623 0.00150742 0.000407275 0.000376412 0.000374887
threshold=-3.701545823798424 0.37401387377395806 0.58849159456374367 -7.7450579119292913 2.3241256989369412 0.19340332375729077 -0.49212421118068889 -1.572433032119319 -0.94332934683008507 -1.8638268188519767 -0.71417784691067632 -0.13243750224395481 -1.8229233131998088 -0.17386973400962955
decision_type=2 2 2 2 2 2 2 2 2 2 2 2 2 2
left_child=1 4 3 -3 6 -6 -1 9 12 11 -11 -2 -9 -10
right_child=7 2 -4 -5 5 -7 -8 8 13 10 -12 -13 -14 -15
leaf_value=4.8416568984492712e-06 -1.8453039575190734e-05 0 0 -0.00010747079426778955 0 0.00016027833456705001 -2.5521058338998605e-05 0 2.3179416865854762e-05 -3.7907240725966845e-05 6.1623878849272778e-05 2.1247906664475023e-05 -4.9526892229210199e-05 -2.392735886181071e-06
leaf_weight=3467 1418 302 947 542 191 114 1037 451 1648 334 1336 1184 872 8995
leaf_count=3467 1418 302 947 542 191 114 1037 451 1648 334 1336 1184 872 8995
internal_value=0 -2.57381e-06 -2.54186e-05 -6.55578e-05 2.81921e-06 7.60144e-05 0 9.5561e-07 -1.93599e-06 1.2564e-05 3.27302e-05 0 -3.01101e-05 1.59508e-07
internal_weight=22838 6600 1791 844 4809 305 4504 16238 11966 4272 1670 2602 1323 10643
internal_count=22838 6600 1791 844 4809 305 4504 16238 11966 4272 1670 2602 1323 10643
is_linear=0
shrinkage=0.05


Tree=641
num_leaves=14
num_cat=0
split_feature=12 4 4 18 6 12 10 14 2 5 5 14 14
split_gain=2.32643e-05 0.000227321 0.000459025 0.000951459 0.000439865 0.000193804 0.000497465 0.000827436 0.000329376 0.000345099 0.000311661 8.651e-05 7.30984e-05
threshold=-9.2347614267499871 1.8541706208925992 2.9387559528719707 1.5588216984329335 1.3313117852867526 -6.8785933690657162 33.986423999019948 21.099999427795414 -6.885005781412489 2.9904352055106043 3.2166586477788006 13.734999656677248 11.364999771118166
decision_type=2 2 2 2 2 2 2 2 2 2 2 2 2
left_child=1 12 4 -4 -3 6 7 -2 9 -7 -10 -8 -1
right_child=5 2 3 -5 -6 8 11 -9 10 -11 -12 -13 -14
leaf_value=0 -8.782190422506063e-05 -6.446100219710249e-05 0 8.4671729728284705e-05 0 0 1.4882419948222497e-05 0 1.7054989520019029e-06 8.5810064788049661e-05 -1.6670045122043703e-05 -1.6975004136473712e-05 7.1315839394847457e-05
leaf_weight=57 492 448 625 384 149 96 619 72 16609 228 2629 273 157
leaf_count=57 492 448 625 384 149 96 619 72 16609 228 2629 273 157
internal_value=0 5.37104e-06 0 1.94359e-05 -3.57909e-05 -5.17478e-07 -1.83406e-05 -5.53951e-05 4.32134e-08 5.03362e-05 -2.67104e-08 0 5.37364e-05
internal_weight=22838 1820 1606 1009 597 21018 1456 564 19562 324 19238 892 214
internal_count=22838 1820 1606 1009 597 21018 1456 564 19562 324 19238 892 214
is_linear=0
shrinkage=0.05


Tree=642
num_leaves=15
num_cat=0
split_feature=11 8 5 3 7 4 3 2 8 7 4 2 5 8
split_gain=2.13621e-05 0.000522813 0.000463193 0.000404281 0.000651326 0.000386705 0.000223084 0.000938042 0.000632079 0.000331807 0.000228398 0.00102986 0.000291923 4.8202e-05
threshold=2.2804052086400364 0.73323731003392256 4.9736562757684055 4.749880066013846 66.682758563689788 4.4790236033135171 1.1581638288829079 -0.99107696148763014 -9.9997446112535879 64.572957385233778 2.3796175257588117 1.018855938640373 2.1214663982388715 0.13481674003759239
decision_type=2 2 2 2 2 2 2 2 2 2 2 2 2 2
left_child=6 3 5 13 -5 -3 10 8 -8 -9 12 -12 -1 -2
right_child=1 2 -4 4 -6 -7 7 9 -10 -11 11 -13 -14 -15
leaf_value=5.1791630042344074e-06 -2.7882809715998934e-05 -5.290412570674554e-06 -0.00012129678898261011 8.5310483219149828e-05 0 4.5955204619486376e-05 -3.9495757495523921e-05 -4.1366914364294651e-05 2.949188070023241e-05 0 0 5.4087699705127903e-05 -1.3390243539613854e-05 0
leaf_weight=3062 154 3981 80 542 498 404 293 2081 1474 207 4794 1056 4032 180
leaf_count=3062 154 3981 80 542 498 404 293 2081 1474 207 4794 1056 4032 180
internal_value=0 2.60411e-06 -2.74958e-06 3.09001e-05 4.72447e-05 0 -9.01036e-07 -1.16392e-05 9.55247e-06 -3.45554e-05 1.30483e-06 9.40525e-06 -3.26132e-06 0
internal_weight=22838 5839 4465 1374 1040 4385 16999 4055 1767 2288 12944 5850 7094 334
internal_count=22838 5839 4465 1374 1040 4385 16999 4055 1767 2288 12944 5850 7094 334
is_linear=0
shrinkage=0.05


Tree=643
num_leaves=15
num_cat=0
split_feature=0 13 14 9 9 9 14 12 13 9 9 9 12 5
split_gain=2.30405e-05 0.000397711 0.00112905 0.000649778 0.000322841 0.000254952 0.000154733 0.000150238 0.000911911 0.000157075 0.000474911 0.000359783 0.000136062 3.44221e-05
threshold=2.1188371783717312 0.30853621784847635 13.534999847412111 0.78412713403961687 0.20459504923747709 0.45646633921395446 18.82499980926514 14.14605863766935 -0.3832591721591338 0.70339855234880455 0.69031022757429106 0.73049467582439054 6.0960177047365613 3.3542569846939916
decision_type=2 2 2 2 2 2 2 2 2 2 2 2 2 2
left_child=7 2 12 -4 6 -6 -3 9 13 10 -1 -11 -2 -9
right_child=1 4 3 -5 5 -7 -8 8 -10 11 -12 -13 -14 -15
leaf_value=2.4102036662112992e-07 9.9040772072201436e-06 0.00013933433868993647 -0.00024821287626335191 0 -3.6599523940977389e-05 9.7687371488839583e-06 0 0 0 -4.7097316922053562e-05 7.341208000255747e-05 0 -3.1430951816785594e-05 0.00022985673561029568
leaf_weight=14847 395 61 88 60 409 923 54 67 403 543 235 4398 304 51
leaf_count=14847 395 61 88 60 409 923 54 67 403 543 235 4398 304 51
internal_value=0 -4.7443e-06 -3.49561e-05 -0.000160929 2.59298e-06 0 8.39149e-05 5.37908e-07 2.70356e-05 0 2.38042e-06 -7.88449e-06 0 0.000149546
internal_weight=22838 2294 847 148 1447 1332 115 20544 521 20023 15082 4941 699 118
internal_count=22838 2294 847 148 1447 1332 115 20544 521 20023 15082 4941 699 118
is_linear=0
shrinkage=0.05


Tree=644
num_leaves=11
num_cat=0
split_feature=14 14 14 7 13 13 13 4 6 13
split_gain=2.25428e-05 6.38378e-05 0.00113356 0.000604041 0.000466716 0.00173353 0.00126609 9.73998e-05 1.49487e-05 5.01018e-05
threshold=9.4149999618530291 11.679999828338625 11.719999790191652 58.188078648475191 -0.013045006246314992 -0.15511208884687042 0.55071779110856822 2.0642963875595575 0.53667182212534581 -0.13535187241220933
decision_type=2 2 2 2 2 2 2 2 2 2
left_child=8 4 7 -4 5 -2 -6 -3 -1 -10
right_child=1 2 3 -5 6 -7 -8 -9 9 -11
leaf_value=0 6.0654028876767187e-06 0 7.4200730055885868e-06 -1.7090026011597523e-05 3.4083909674170137e-05 -6.9421808362922822e-05 -1.4381842314388604e-05 -0.00013703055893755377 -5.5369635249494627e-05 0
leaf_weight=108 3643 62 9157 3443 3423 900 1700 164 70 168
leaf_count=108 3643 62 9157 3443 3423 900 1700 164 70 168
internal_value=0 2.41478e-07 -1.27555e-06 0 3.80605e-06 -5.60007e-06 1.50741e-05 -0.000112143 -1.25949e-05 -1.96642e-05
internal_weight=22838 22492 12826 12600 9666 4543 5123 226 346 238
internal_count=22838 22492 12826 12600 9666 4543 5123 226 346 238
is_linear=0
shrinkage=0.05


Tree=645
num_leaves=15
num_cat=0
split_feature=12 15 15 16 2 7 14 14 0 16 0 1 14 14
split_gain=2.23486e-05 0.000291438 0.000671338 0.000852239 0.000479747 0.000710048 0.000247652 0.000510639 0.000659236 0.000514768 0.000350857 0.000470482 0.000418238 0.000218406
threshold=3.314342325988759 3.2004394007645214 5.5646561123938909 -2.7724279095632292 2.2219671682015778 49.835912480025151 12.659999847412109 14.265000343322756 1.9299966235454404 12.630680222272028 0.096143754463186168 0.58849159456374367 12.429999828338625 11.534999847412111
decision_type=2 2 2 2 2 2 2 2 2 2 2 2 2 2
left_child=1 4 3 -3 13 -6 10 8 -8 -9 12 -12 -2 -1
right_child=6 2 -4 -5 5 -7 7 9 -10 -11 11 -13 -14 -15
leaf_value=4.7097520937078103e-06 2.1676087794341638e-05 0 2.3388533398203273e-06 -8.0192209950035839e-05 7.4349453631114567e-05 0 6.6788615424766512e-05 1.288595589581657e-05 0 -7.6317220168293219e-05 -2.6312363638006437e-05 1.3118027591858178e-05 -3.8265230945947391e-05 -7.5144789192799318e-06
leaf_weight=5327 2254 235 414 707 531 599 802 243 210 213 2413 530 188 8172
leaf_count=5327 2254 235 414 707 531 599 802 243 210 213 2413 530 188 8172
internal_value=0 -1.05321e-06 -2.34517e-05 -5.06836e-05 0 3.21041e-05 2.35892e-06 2.11525e-05 4.36927e-05 0 0 -1.41143e-05 1.09077e-05 -1.57943e-06
internal_weight=22838 15985 1356 942 14629 1130 6853 1468 1012 456 5385 2943 2442 13499
internal_count=22838 15985 1356 942 14629 1130 6853 1468 1012 456 5385 2943 2442 13499
is_linear=0
shrinkage=0.05


Tree=646
num_leaves=15
num_cat=0
split_feature=10 1 7 21 21 10 8 21 1 13 11 15 0 7
split_gain=2.66208e-05 0.000279945 0.000396226 0.000508957 0.000292017 0.000488412 0.000400363 0.000241947 0.000452182 0.00107832 0.000352053 0.000622008 0.000334623 0.000277231
threshold=35.632601763938432 0.68109404730179768 68.858895845002706 0.27020071789362288 0.13954515526753833 55.667701030910216 4.7333342023164322 0.1495759663705771 0.43976953685111569 -1.2448797960925293 -3.4371955340523677 -6.886492961252376 -0.96818195049339284 36.031935537724074
decision_type=2 2 2 2 2 2 2 2 2 2 2 2 2 2
left_child=7 4 3 -3 6 -6 -2 10 9 -9 11 -1 -12 -10
right_child=1 2 -4 -5 5 -7 -8 8 13 -11 12 -13 -14 -15
leaf_value=-1.3867255130649681e-05 0 -6.013845084472253e-05 0 0 4.233027657526443e-05 0 -3.1694402401490796e-05 1.2674889086323634e-05 0 -5.6488020745687928e-05 -1.6745934579507015e-05 4.5675017452069201e-05 6.309096736156643e-06 3.7240029551398461e-05
leaf_weight=174 5457 829 211 144 1055 318 1054 510 165 1245 1858 1310 7962 546
leaf_count=174 5457 829 211 144 1055 318 1054 510 165 1245 1858 1310 7962 546
internal_value=0 -2.0733e-06 -2.497e-05 -4.21376e-05 0 2.21015e-05 -3.00688e-06 1.41489e-06 -1.09758e-05 -2.78515e-05 5.44554e-06 2.8588e-05 4.18353e-07 9.5924e-06
internal_weight=22838 9068 1184 973 7884 1373 6511 13770 2466 1755 11304 1484 9820 711
internal_count=22838 9068 1184 973 7884 1373 6511 13770 2466 1755 11304 1484 9820 711
is_linear=0
shrinkage=0.05


Tree=647
num_leaves=15
num_cat=0
split_feature=11 11 9 9 10 10 10 13 13 2 13 14 2 9
split_gain=2.59669e-05 0.000303847 0.000285586 0.000466952 0.000265303 0.000673572 0.000420073 0.000180482 0.000763341 0.000377784 0.000307289 0.000451453 0.000265197 0.000256617
threshold=3.2168677962023433 3.6144743387080669 0.96996061327019867 0.83020414274995302 31.115150116860818 27.762735172739365 35.632601763938432 1.1133505751721564 1.2545973005403501 1.6379649442424429 0.67494438532680345 10.154999732971193 -0.36288854652275487 0.61918328771805509
decision_type=2 2 2 2 2 2 2 2 2 2 2 2 2 2
left_child=7 2 3 -2 5 -3 -6 10 9 -9 12 -12 -1 -10
right_child=1 4 -4 -5 6 -7 -8 8 13 -11 11 -13 -14 -15
leaf_value=2.2595130475347371e-06 0 0 0 0.00011354715198288314 5.320682806191818e-05 -8.4993503311681074e-05 0 -0.00012058468431636706 2.3373310584147699e-05 0 -8.2061119627976154e-06 3.4844506278689809e-05 -1.0170941292964058e-05 -8.3863935606303769e-05
leaf_weight=9352 259 1101 73 208 431 300 2027 227 491 76 248 1501 6492 52
leaf_count=9352 259 1101 73 208 431 300 2027 227 491 76 248 1501 6492 52
internal_value=0 3.49234e-06 3.87724e-05 5.71257e-05 0 -1.87038e-05 8.38273e-06 -7.81184e-07 -2.33666e-05 -8.83104e-05 0 2.01675e-05 -1.88745e-06 0
internal_weight=22838 4399 540 467 3859 1401 2458 18439 846 303 17593 1749 15844 543
internal_count=22838 4399 540 467 3859 1401 2458 18439 846 303 17593 1749 15844 543
is_linear=0
shrinkage=0.05


Tree=648
num_leaves=13
num_cat=0
split_feature=14 14 14 1 5 4 8 5 4 12 6 7
split_gain=2.53012e-05 0.00081524 0.000577009 0.0006295 0.000614289 0.000414205 0.00116441 0.000353077 0.000283918 0.000255987 0.000770132 0.00033632
threshold=11.039999961853029 11.144999980926515 10.920000076293947 -0.25560731009290127 1.8952192861132349 4.0379020041831177 0.62860430677170787 2.1518589566485198 1.7112273181862037 7.5587777866017243 0.7171656394705922 60.311182001030552
decision_type=2 2 2 2 2 2 2 2 2 2 2 2
left_child=2 7 5 -4 -5 8 -7 -2 -1 11 -11 -3
right_child=1 9 3 4 -6 6 -8 -9 -10 10 -12 -13
leaf_value=8.9361714766370471e-06 0 0 0 0 -0.00013839647118159821 0.00015770875135785902 0 0.00015036316862320886 -1.2914768888938674e-05 -8.8047938320766781e-06 4.0882144538071547e-05 -2.091365986818231e-05
leaf_weight=2096 90 11821 183 51 239 157 208 129 3351 916 1426 2171
leaf_count=2096 90 11821 183 51 239 157 208 129 3351 916 1426 2171
internal_value=0 1.05393e-06 -2.67159e-06 -5.60174e-05 -0.000102564 0 5.27591e-05 9.66834e-05 -1.75315e-06 0 1.50511e-05 -2.79343e-06
internal_weight=22838 16553 6285 473 290 5812 365 219 5447 16334 2342 13992
internal_count=22838 16553 6285 473 290 5812 365 219 5447 16334 2342 13992
is_linear=0
shrinkage=0.05


Tree=649
num_leaves=13
num_cat=0
split_feature=11 9 9 3 11 7 7 7 7 3 13 16
split_gain=2.554e-05 0.000398085 0.000352381 0.000693179 0.000276215 0.000197106 0.00014847 0.000390346 0.000150245 0.000138427 0.000322209 0.000241224
threshold=0.83632317878678253 0.60918907431767833 0.57402508155996823 3.9154109054142743 0.71085750760016075 56.310712585525529 60.311182001030552 49.480455845151447 64.815796166688287 7.6978279073255615 0.54635359327875899 9.7080928906589623
decision_type=2 2 2 2 2 2 2 2 2 2 2 2
left_child=4 2 -2 -4 6 -6 7 -1 -8 10 -3 -11
right_child=1 9 3 -5 5 -7 8 -9 -10 11 -12 -13
leaf_value=-2.2952165409029663e-06 0 1.2608932983246196e-05 0 0.00013476225264001649 -8.2776034240520285e-05 0 -7.2965949949450865e-05 2.0128154433506457e-05 0 -2.6931298848657735e-05 -1.489834932658585e-05 0
leaf_weight=11397 112 4252 181 200 175 95 139 2263 50 1168 1038 1768
leaf_count=11397 112 4252 181 200 175 95 139 2263 50 1168 1038 1768
internal_value=0 2.17425e-06 4.58044e-05 7.08473e-05 -1.2659e-06 -5.12991e-05 0 3.22763e-07 -4.41141e-05 0 4.37468e-06 -9.12983e-06
internal_weight=22838 8719 493 381 14119 270 13849 13660 189 8226 5290 2936
internal_count=22838 8719 493 381 14119 270 13849 13660 189 8226 5290 2936
is_linear=0
shrinkage=0.05


Tree=650
num_leaves=15
num_cat=0
split_feature=5 7 2 7 5 13 14 14 14 8 2 8 14 13
split_gain=2.59144e-05 0.000722191 0.00110714 0.00078942 0.000816673 0.000682247 0.00050199 0.000332792 0.00139947 0.000578629 0.000328304 0.000627706 0.000285066 0.000259208
threshold=2.5641015853013753 59.019777053633192 2.8964721910249907 56.735834828853172 2.7112082117851872 0.83243685891511998 11.844999790191652 13.694999694824221 12.570000171661379 -26.624355723006612 3.1985115644447064 -0.93376545788568033 12.22499990463257 -0.28435670424829523
decision_type=2 2 2 2 2 2 2 2 2 2 2 2 2 2
left_child=7 3 5 6 -5 -3 -2 8 12 -10 11 -9 -1 -4
right_child=1 2 13 4 -6 -7 -8 10 9 -11 -12 -13 -14 -15
leaf_value=6.2205266683009649e-07 -2.0536008485839223e-05 -7.1855435436791329e-05 -2.549090973201217e-05 0 0.00012160488691266177 0 8.7774596718669147e-06 0 0 -7.0349357152673823e-05 0 0.00010604109046134059 3.0876166356338163e-05 2.2662900145800418e-05
leaf_weight=10173 2042 1198 326 89 279 82 5105 331 67 949 64 288 998 847
leaf_count=10173 2042 1198 326 89 279 82 5105 331 67 949 64 288 998 847
internal_value=0 -1.92831e-06 -2.6453e-05 4.08359e-06 7.54191e-05 -5.91711e-05 0 1.46747e-06 0 -5.65738e-05 3.54523e-05 5.20617e-05 4.67007e-06 0
internal_weight=22838 9968 2453 7515 368 1280 7147 12870 12187 1016 683 619 11171 1173
internal_count=22838 9968 2453 7515 368 1280 7147 12870 12187 1016 683 619 11171 1173
is_linear=0
shrinkage=0.05


Tree=651
num_leaves=14
num_cat=0
split_feature=11 8 1 8 0 12 10 12 1 14 14 11 1
split_gain=2.84389e-05 0.00046932 0.000409636 0.000440858 0.000223511 0.000959477 0.000619284 0.000180515 0.000433498 0.000167442 0.000760367 0.000349037 0.000156925
threshold=2.2804052086400364 0.73323731003392256 -0.26642910548563764 -1.9825065979961611 -1.7999110121159954 8.1761732397493212 63.995436496475989 9.2255528921557808 0.18485958101825958 10.379999637603762 10.704999923706056 -1.7668744467463606 0.56862655237759763
decision_type=2 2 2 2 2 2 2 2 2 2 2 2 2
left_child=7 2 -2 -4 5 -3 -6 9 -9 11 -11 -1 -10
right_child=1 4 3 -5 6 -7 -8 8 12 10 -12 -13 -14
leaf_value=7.5720610102831698e-07 0 0 0 5.579864294191837e-05 0 0.00015979358312787019 -8.2757489087630022e-05 0 -0.00017996342030771002 5.1428472587443194e-05 0 -2.6995917317618419e-05 0
leaf_weight=785 139 131 163 1072 3968 106 260 130 59 734 13530 1711 50
leaf_count=785 139 131 163 1072 3968 106 260 130 59 734 13530 1711 50
internal_value=0 3.07537e-06 2.97204e-05 4.25581e-05 -1.77013e-06 3.74303e-05 -7.52277e-06 -9.65991e-07 -4.41187e-05 0 1.73771e-06 -1.22635e-05 -0.000118739
internal_weight=22838 5839 1374 1235 4465 237 4228 16999 239 16760 14264 2496 109
internal_count=22838 5839 1374 1235 4465 237 4228 16999 239 16760 14264 2496 109
is_linear=0
shrinkage=0.05


Tree=652
num_leaves=14
num_cat=0
split_feature=5 7 10 16 16 20 2 3 16 16 14 1 12
split_gain=2.48717e-05 0.000428643 0.0010888 0.000598653 0.000924819 0.000678001 0.000434204 0.000223399 0.000333026 0.000265179 0.000223675 0.000213662 0.000211201
threshold=3.6285126932233207 58.4062934837985 61.928103385865285 -1.3700898100771906 9.3436336790556087 0.49211542335836095 4.2542345204065972 -13.19244794347914 -9.9960599603620235 -7.2033955678022608 22.795000076293949 0.3892518654747788 -12.460026207349957
decision_type=2 2 2 2 2 2 2 2 2 2 2 2 2
left_child=7 3 6 5 -5 -2 -3 10 11 -10 12 -9 -1
right_child=1 2 -4 4 -6 -7 -8 8 9 -11 -12 -13 -14
leaf_value=0 -4.1857336228361575e-05 -0.00013644011468379508 2.9600509735666086e-05 6.7739916195923107e-05 -1.6304075475887393e-05 3.1883211851740326e-05 0 -6.2509596415857965e-05 2.3330869346973924e-05 0 0 0 9.8309268463634119e-05
leaf_weight=129 1032 261 64 743 176 228 174 345 1244 18046 90 136 170
leaf_count=129 1032 261 64 743 176 228 174 345 1244 18046 90 136 170
internal_value=0 -4.53932e-06 -4.74723e-05 0 3.53399e-05 -1.66038e-05 -9.32573e-05 5.8829e-07 0 8.74206e-07 3.80781e-05 -4.11914e-05 6.12281e-05
internal_weight=22838 2678 499 2179 919 1260 435 20160 19771 19290 389 481 299
internal_count=22838 2678 499 2179 919 1260 435 20160 19771 19290 389 481 299
is_linear=0
shrinkage=0.05


Tree=653
num_leaves=15
num_cat=0
split_feature=7 13 13 1 13 13 8 8 8 4 13 1 6 4
split_gain=2.33378e-05 0.000349664 0.000626867 0.000418123 0.000848141 0.000281655 0.000475563 0.000428823 0.000427978 0.000359653 0.000261086 0.000228028 0.000112326 1.29468e-05
threshold=36.889604398033306 0.83243685891511998 0.7059614949185834 0.27558740733791409 1.7720080047240796 0.79675748132704849 -35.922500421982143 -1.0838100556234005 0.47828285461888781 2.4018147418396993 -0.50203922587736527 0.42859073016075017 1.0132562377317871 2.6655052687713678
decision_type=2 2 2 2 2 2 2 2 2 2 2 2 2 2
left_child=1 2 10 13 -5 6 11 -8 9 -7 -1 -2 -10 -3
right_child=5 3 -4 4 -6 8 7 -9 12 -11 -12 -13 -14 -15
leaf_value=1.0663748586717878e-05 -9.6484076078653488e-05 0 9.8837517130651021e-05 -0.00012253431946078309 0 7.9048364683288578e-05 1.5333689424835919e-05 -3.8195282945775519e-06 -2.9354607035830996e-05 0 -1.1914454403322822e-05 0 2.6878232252784102e-06 1.5541695272124564e-05
leaf_weight=1612 188 111 158 271 76 429 3851 11404 323 565 3403 90 224 133
leaf_count=1612 188 111 158 271 76 429 3851 11404 323 565 3403 90 224 133
internal_value=0 -2.76797e-06 0 -3.93857e-05 -7.51174e-05 9.11134e-07 -1.74625e-07 3.30133e-08 2.1576e-05 4.23883e-05 -1.6659e-06 -6.52913e-05 0 0
internal_weight=22838 5764 5173 591 347 17074 15533 15255 1541 994 5015 278 547 244
internal_count=22838 5764 5173 591 347 17074 15533 15255 1541 994 5015 278 547 244
is_linear=0
shrinkage=0.05


Tree=654
num_leaves=15
num_cat=0
split_feature=15 2 8 5 10 12 6 2 10 8 5 6 0 3
split_gain=2.21379e-05 0.000364374 0.000409721 0.000597416 0.000299653 0.000550616 0.000655309 0.000552041 0.000299695 0.000295039 0.000290938 0.000287008 0.000263747 0.000224304
threshold=-1.6638206137742249 -1.5339664167093756 -1.5068190762918341 2.3746976295188387 46.513882467118513 -7.1150457549877482 1.5072000988314376 -2.5940153862735289 52.755644700012404 -4.4244799888375992 4.9736562757684055 0.53223424267730945 0.1220141232108776 4.1131101281697067
decision_type=2 2 2 2 2 2 2 2 2 2 2 2 2 2
left_child=4 2 9 -4 5 6 -1 -7 12 -2 13 -12 -6 -3
right_child=1 10 3 -5 8 7 -8 -9 -10 -11 11 -13 -14 -15
leaf_value=-6.3523653066900845e-05 2.0759343766102467e-05 -4.9267806162972526e-06 9.0856483311217042e-05 0 6.9241276400053381e-05 1.3087973693704409e-05 0 -2.3791237555310238e-05 0 -3.0012548977874871e-05 0 -0.00010465083276166728 0 8.3248895873584704e-06
leaf_weight=865 747 8711 415 520 357 2640 310 1638 788 460 56 132 160 5039
leaf_count=865 747 8711 415 520 357 2640 310 1638 788 460 56 132 160 5039
internal_value=0 1.02773e-06 2.06768e-05 4.55322e-05 -2.3823e-06 -9.37856e-06 -3.97297e-05 0 1.53512e-05 0 -9.17101e-07 -6.25333e-05 4.51726e-05 0
internal_weight=22838 16080 2142 935 6758 5453 1175 4278 1305 1207 13938 188 517 13750
internal_count=22838 16080 2142 935 6758 5453 1175 4278 1305 1207 13938 188 517 13750
is_linear=0
shrinkage=0.05


Tree=655
num_leaves=15
num_cat=0
split_feature=12 1 8 8 11 0 20 14 10 21 14 1 14 14
split_gain=2.7261e-05 0.000225647 0.000624759 0.000384066 0.0011664 0.000473813 0.000269773 0.000169087 0.000615035 0.000443425 0.00043253 0.000714738 0.000256653 0.000256053
threshold=-9.2347614267499871 0.22129967332893644 2.2921993995886143 -14.758454303354196 -8.4387815672709419 -1.4127116403826341 -1.0000000180025095e-35 15.695000171661379 49.575402788562549 0.10584565127659437 14.135000228881838 -1.6970984336099715e-06 13.835000038146974 17.144999504089359
decision_type=2 2 2 2 2 2 2 2 2 2 2 2 2 2
left_child=1 3 6 4 -1 -5 -3 10 13 -10 12 -12 -2 -9
right_child=7 2 -4 5 -6 -7 -8 8 9 -11 11 -13 -14 -15
leaf_value=0.00013922284623840825 0 -2.7311463992407968e-05 0.00018214074356805987 -5.7539960619232305e-05 0 0 3.7767943917719567e-05 -7.3812100604805496e-05 0 -0.00013990910479041288 0 8.0842917603764181e-05 -5.183268885678396e-05 1.3918758118670985e-06
leaf_weight=174 18354 209 65 503 110 397 362 116 54 156 273 437 240 1388
leaf_count=174 18354 209 65 503 110 397 362 116 54 156 273 437 240 1388
internal_value=0 5.90766e-06 3.13903e-05 0 4.08691e-05 -2.31804e-05 0 -4.67759e-07 -1.57801e-05 -9.64941e-05 1.15573e-07 3.88972e-05 -5.60624e-07 0
internal_weight=22838 1820 636 1184 284 900 571 21018 1714 210 19304 710 18594 1504
internal_count=22838 1820 636 1184 284 900 571 21018 1714 210 19304 710 18594 1504
is_linear=0
shrinkage=0.05


Tree=656
num_leaves=15
num_cat=0
split_feature=11 1 9 9 1 11 14 0 1 16 1 10 16 16
split_gain=2.40194e-05 0.000279639 0.00075886 0.000826678 0.000339255 0.000274208 0.00049656 0.000271412 0.000200094 0.000413946 0.000753493 0.000367786 0.000520101 0.000443335
threshold=3.2168677962023433 0.30758574068941946 0.9633474897548483 0.84307578335118272 1.8229354469634249 3.9311040960960946 12.210000038146974 0.14651070450288903 0.31839326829800968 -0.63656930664804923 0.10003876424044746 32.20948002270611 -7.4695468767277831 -3.5746390585562335
decision_type=2 2 2 2 2 2 2 2 2 2 2 2 2 2
left_child=8 5 3 -3 -4 7 -7 -2 9 10 -1 13 -13 -10
right_child=1 2 4 -5 -6 6 -8 -9 11 -11 -12 12 -14 -15
leaf_value=0 0 0 -3.6057278225013094e-05 9.0410927264502795e-05 3.6921336067353397e-05 0 -4.9093033002728777e-05 5.3909410605854007e-05 -2.7128572216512233e-05 -7.2716761723205263e-06 4.04610238195841e-05 0 -3.7639636573869324e-05 1.4910171172398375e-05
leaf_weight=5870 277 484 566 573 86 1392 715 306 867 5478 1627 585 1901 2111
leaf_count=5870 277 484 566 573 86 1392 715 306 867 5478 1627 585 1901 2111
internal_value=0 3.33885e-06 2.07426e-05 4.98131e-05 -3.41856e-06 -2.14752e-06 -1.51565e-05 1.91284e-05 -7.72277e-07 1.6727e-06 1.02089e-05 -9.32219e-06 -2.36785e-05 0
internal_weight=22838 4399 1709 1057 652 2690 2107 583 18439 12975 7497 5464 2486 2978
internal_count=22838 4399 1709 1057 652 2690 2107 583 18439 12975 7497 5464 2486 2978
is_linear=0
shrinkage=0.05


Tree=657
num_leaves=15
num_cat=0
split_feature=16 1 7 6 7 19 9 7 7 7 3 3 10 1
split_gain=2.15901e-05 0.000550279 0.00076844 0.000712736 0.000497186 0.000543091 0.000362542 0.000349639 0.000442813 0.000336438 0.000372531 0.000322871 0.000280629 0.000261289
threshold=2.2256172921397641 -0.59270928693549318 61.685233548565115 0.74343392399111485 64.069347961090017 1.0341262645287119 0.34275853278998236 43.509854537138722 49.835912480025151 60.097980057545243 -3.2675324921519251 2.2272320933890981 13.607598165133911 0.37863591083232645
decision_type=2 2 2 2 2 2 2 2 2 2 2 2 2 2
left_child=6 4 3 -3 5 -2 7 12 -9 10 -8 -11 -1 -4
right_child=1 2 13 -5 -6 -7 9 8 -10 11 -12 -13 -14 -15
leaf_value=-5.3882645926435538e-05 8.0320820885667441e-05 0 -4.716285645817251e-07 -4.7950316445208687e-05 0 0 0 -4.6016907905205444e-05 0 -2.8575291004440553e-05 2.628416544127171e-05 1.4232887382922652e-05 1.8070086844818529e-06 2.2865821953372961e-05
leaf_weight=233 547 1582 2753 1793 233 66 1239 1010 246 893 3658 445 6795 1345
leaf_count=233 547 1582 2753 1793 233 66 1239 1010 246 893 3658 445 6795 1345
internal_value=0 -1.96181e-06 -7.95547e-06 -2.63441e-05 3.32195e-05 5.9554e-05 1.22963e-06 -4.39068e-06 -2.86784e-05 1.11018e-05 1.80542e-05 -3.13551e-06 0 3.53221e-06
internal_weight=22838 8319 7473 3375 846 613 14519 8284 1256 6235 4897 1338 7028 4098
internal_count=22838 8319 7473 3375 846 613 14519 8284 1256 6235 4897 1338 7028 4098
is_linear=0
shrinkage=0.05


Tree=658
num_leaves=15
num_cat=0
split_feature=12 1 2 13 19 1 13 5 12 5 2 6 14 19
split_gain=2.39452e-05 0.000212421 0.000675667 0.00064852 0.000169251 0.000315377 0.000437338 0.00019852 0.00155848 0.000442031 0.000159425 0.00038331 0.000367798 1.78761e-05
threshold=-9.2347614267499871 0.22129967332893644 -5.8175248130838897 0.77257267491357429 -1.6097459383737893 -1.3326391627097303 1.0361546124647794 4.3915160015930654 1.2347313022296411 3.3116361026913768 -4.462862274597744 0.56824971150245174 14.625000000000002 -1.0617057919487898
decision_type=2 2 2 2 2 2 2 2 2 2 2 2 2 2
left_child=1 10 13 -4 5 -2 -7 9 -9 -6 12 -12 -1 -3
right_child=4 2 3 -5 7 6 -8 8 -10 -11 11 -13 -14 -15
leaf_value=0 0 0 0.00011776633237479403 0 1.1201300622837256e-06 -8.3397969216663566e-05 0 0.00013126792682511924 -5.3002871710406119e-06 -2.3246648761793647e-05 0 -5.535594915729531e-05 5.5521259552069845e-05 -1.8984334612098561e-05
leaf_weight=313 54 58 280 175 17956 331 95 253 314 2015 132 429 310 123
leaf_count=313 54 58 280 175 17956 331 95 253 314 2015 132 429 310 123
internal_value=0 5.52788e-06 3.03485e-05 7.06465e-05 -4.47963e-07 -2.98069e-05 -5.33599e-05 0 2.93529e-05 -5.88377e-07 0 -2.52872e-05 7.9257e-06 0
internal_weight=22838 1820 636 455 21018 480 426 20538 567 19971 1184 561 623 181
internal_count=22838 1820 636 455 21018 480 426 20538 567 19971 1184 561 623 181
is_linear=0
shrinkage=0.05


Tree=659
num_leaves=14
num_cat=0
split_feature=11 0 13 5 0 10 10 11 19 13 19 13 15
split_gain=2.35197e-05 0.000324802 0.000722757 0.000595905 0.00081112 0.00049618 0.000358592 0.000243948 0.000213476 0.000490753 0.000330733 0.000168021 2.16017e-05
threshold=0.83632317878678253 -1.5164893063633611 -0.78909905694107263 3.8060439477127628 0.45757023741510877 51.284427464285848 16.633510451634333 0.71085750760016075 -1.1416350680156435 -1.964541388946228 -0.71417784691067632 -0.29973634362466245 1.229186386538911
decision_type=2 2 2 2 2 2 2 2 2 2 2 2 2
left_child=7 2 12 6 -5 -4 -3 8 9 -1 -10 -9 -2
right_child=1 3 5 4 -6 -7 -8 11 10 -11 -12 -13 -14
leaf_value=0 0 3.6804846834600228e-05 0.00010566487545336838 -0.00014534380293054443 0 0 0 0 -3.9635652492717161e-05 4.6568146996003442e-05 0 -7.4195970048466185e-05 -1.9710917845749985e-05
leaf_weight=267 71 700 348 163 292 93 6914 80 561 785 12236 190 138
leaf_count=267 71 700 348 163 292 93 6914 80 561 785 12236 190 138
internal_value=0 2.06706e-06 3.61186e-05 0 -5.61301e-05 7.75204e-05 2.64044e-06 -1.23513e-06 0 2.12976e-05 -2.09295e-06 -4.82693e-05 0
internal_weight=22838 8719 650 8069 455 441 7614 14119 13849 1052 12797 270 209
internal_count=22838 8719 650 8069 455 441 7614 14119 13849 1052 12797 270 209
is_linear=0
shrinkage=0.05


Tree=660
num_leaves=13
num_cat=0
split_feature=14 14 14 1 12 1 15 12 6 7 2 8
split_gain=2.29847e-05 0.000741327 0.000508976 0.00056279 0.00029673 0.000334441 0.000271349 0.000234464 0.000697476 0.00027463 0.000195359 0.000122354
threshold=11.039999961853029 11.144999980926515 10.920000076293947 -0.25560731009290127 6.3011976680105972 2.7956817126872185e-06 -0.51668870654391064 7.5587777866017243 0.7171656394705922 60.311182001030552 -0.20560395911463633 4.7333342023164322
decision_type=2 2 2 2 2 2 2 2 2 2 2 2
left_child=2 6 4 -4 10 -6 -2 9 -9 -3 -1 -5
right_child=1 7 3 11 5 -7 -8 8 -10 -11 -12 -13
leaf_value=0 0.00014048061683857922 0 0 -0.00011210290278782448 0 -4.5164701956366484e-05 0 -7.7366296588926918e-06 3.8985656943421287e-05 -1.9103592630633755e-05 1.6026645007269104e-05 0
leaf_weight=2128 128 11821 183 240 313 672 91 916 1426 2171 2699 50
leaf_count=2128 128 11821 183 240 313 672 91 916 1426 2171 2699 50
internal_value=0 9.22877e-07 -2.62646e-06 -5.26873e-05 0 -2.33311e-05 9.21318e-05 0 1.43141e-05 -2.7535e-06 6.51787e-06 -9.67296e-05
internal_weight=22838 16553 6285 473 5812 985 219 16334 2342 13992 4827 290
internal_count=22838 16553 6285 473 5812 985 219 16334 2342 13992 4827 290
is_linear=0
shrinkage=0.05


Tree=661
num_leaves=15
num_cat=0
split_feature=10 0 2 10 6 19 10 10 1 8 1 19 2 19
split_gain=2.10757e-05 0.00053596 0.000646733 0.00113051 0.000358979 0.000529771 0.00040767 0.000247848 0.000226759 0.000724574 0.000681433 0.000539161 0.000311628 0.000912751
threshold=26.994454605196712 -0.96818195049339284 -5.1062432822801753 16.814984563174196 0.70620848589159613 -1.0000000180025095e-35 13.29485502217976 19.059078907906585 0.17991924282603097 -1.6586571125621161 1.4423592471701656 -0.97572263377502544 -1.5339664167093756 -1.0367096199704171
decision_type=2 2 2 2 2 2 2 2 2 2 2 2 2 2
left_child=1 2 7 -4 6 -6 -3 -1 12 11 -11 -10 13 -2
right_child=8 4 3 -5 5 -7 -8 -9 9 10 -12 -13 -14 -15
leaf_value=0 -3.2486099471070887e-05 -6.7108062652200239e-06 0 -6.7243556525429059e-05 -6.0545278540264107e-05 0 2.9046107929349234e-05 4.9727250581222168e-05 3.6679930459306676e-06 0 7.2210956810845968e-05 -4.1563922429334001e-05 0 3.2633033156155153e-05
leaf_weight=158 446 331 497 1266 372 3657 2280 259 175 3293 342 1865 5060 2837
leaf_count=158 446 331 497 1266 372 3657 2280 259 175 3293 342 1865 5060 2837
internal_value=0 -1.9903e-06 -2.45005e-05 -4.05652e-05 3.14398e-06 -3.26229e-06 1.87696e-05 7.46744e-06 1.12512e-06 -5.16846e-06 4.83403e-06 -3.03345e-05 7.20389e-06 1.92117e-05
internal_weight=22838 8820 2180 1763 6640 4029 2611 417 14018 5675 3635 2040 8343 3283
internal_count=22838 8820 2180 1763 6640 4029 2611 417 14018 5675 3635 2040 8343 3283
is_linear=0
shrinkage=0.05


Tree=662
num_leaves=12
num_cat=0
split_feature=10 10 0 13 9 9 13 12 10 3 16
split_gain=1.98116e-05 0.000255996 0.000898412 0.000153889 0.000188626 0.000493429 0.000127664 0.000105804 0.000933331 0.000126853 3.47968e-06
threshold=70.731206504103213 63.995436496475989 1.1381098072679465 0.73648888134474355 0.24437875964116276 0.68528168938808187 -0.28435670424829523 15.236144266819622 33.672741557447999 7.6978279073255615 -3.2333750264677934
decision_type=2 2 2 2 2 2 2 2 2 2 2
left_child=1 7 6 4 -2 -6 -3 9 -9 -1 -4
right_child=3 2 10 -5 5 -7 -8 8 -10 -11 -12
leaf_value=7.9180485094804438e-07 0 -2.9677127670931279e-05 0 0 0.00013754154891481386 0 2.6715095766121528e-05 -3.1544288017645583e-05 9.1637516988642641e-05 -1.1036363353930556e-05 -0.00019027656531034155
leaf_weight=18977 101 175 51 57 112 175 229 78 299 2505 79
leaf_count=18977 101 175 51 57 112 175 229 78 299 2505 79
internal_value=0 -2.75047e-07 -3.46325e-05 1.03563e-05 3.33463e-05 5.60296e-05 0 0 2.64531e-05 0 -0.000148471
internal_weight=22838 22393 534 445 388 287 404 21859 377 21482 130
internal_count=22838 22393 534 445 388 287 404 21859 377 21482 130
is_linear=0
shrinkage=0.05


Tree=663
num_leaves=15
num_cat=0
split_feature=11 5 12 6 6 8 16 11 8 13 13 13 13 13
split_gain=2.12525e-05 0.000265865 0.000494478 0.000292051 0.000593698 0.000279448 0.000262975 0.000216408 0.000271197 0.000277898 0.000150835 0.000150783 0.00108618 0.000537267
threshold=0.83632317878678253 3.8060439477127628 9.381119004969543 0.82152263683776228 1.2133145831199397 13.319966282527682 5.6069171101493014 0.71085750760016075 -1.4031614984662297 -0.29722079198188917 0.41836073653747091 -0.32272805747614591 -0.50203922587736527 -0.092435851343364281
decision_type=2 2 2 2 2 2 2 2 2 2 2 2 2 2
left_child=7 3 5 6 -5 -3 -2 11 -9 -10 -4 12 -1 -13
right_child=1 2 10 4 -6 -7 -8 8 9 -11 -12 13 -14 -15
leaf_value=3.6469963489524596e-06 5.6513538135513285e-06 -0.00010709459477051126 4.7785848191283137e-05 3.3867225774273164e-05 0 0 -1.8954428752824079e-05 0 0 -0.00011599146032595957 -2.0141158382976863e-06 2.745355154117573e-05 -4.6249211140695765e-05 -9.775717461641738e-07
leaf_weight=3403 2159 205 164 2158 2188 120 1649 67 60 143 76 1907 1376 7163
leaf_count=3403 2159 205 164 2158 2188 120 1649 67 60 143 76 1907 1376 7163
internal_value=0 1.83962e-06 -2.7494e-05 5.71466e-06 1.51072e-05 -7.14454e-05 -1.06797e-06 -1.2934e-06 -4.56459e-05 -7.80471e-05 0 0 -7.58803e-06 3.34892e-06
internal_weight=22838 8719 565 8154 4346 325 3808 14119 270 203 240 13849 4779 9070
internal_count=22838 8719 565 8154 4346 325 3808 14119 270 203 240 13849 4779 9070
is_linear=0
shrinkage=0.05


Tree=664
num_leaves=14
num_cat=0
split_feature=14 14 14 13 13 1 12 0 5 6 12 6 13
split_gain=2.29756e-05 0.000675308 0.000456152 0.00146502 0.000608885 0.000954728 0.000893446 0.000323136 0.000313423 0.000252534 0.000205935 0.00046859 0.000368987
threshold=11.039999961853029 11.144999980926515 10.920000076293947 -0.24290162539588597 -0.38075793360717308 1.0000000180025095e-35 1.0339346370256994 1.1627652410792191 2.1518589566485198 1.0132562377317871 5.1802913096293484 0.83307505761225176 -0.49107995841421442
decision_type=2 2 2 2 2 2 2 2 2 2 2 2 2
left_child=2 8 4 9 5 -1 -6 -5 -2 -4 12 -12 -3
right_child=1 10 3 7 6 -7 -8 -9 -10 -11 11 -13 -14
leaf_value=0 0 8.6995614708945014e-06 6.9688028636636981e-05 -0.00017486030566529686 2.9818546084113101e-05 -9.1965029243751034e-05 -1.0091258788794136e-05 0 0.00013821579444965419 0 -1.4599604586673357e-07 2.9842637751501647e-05 -9.2573981411945919e-06
leaf_weight=487 90 3409 129 184 2612 423 2290 51 129 109 1821 1737 9367
leaf_count=487 90 3409 129 184 2612 423 2290 51 129 109 1821 1737 9367
internal_value=0 8.38545e-07 -2.69924e-06 -5.00249e-05 0 -3.62814e-05 8.11682e-06 -0.000143337 8.79026e-05 0 0 1.02839e-05 -3.29168e-06
internal_weight=22838 16553 6285 473 5812 910 4902 235 219 238 16334 3558 12776
internal_count=22838 16553 6285 473 5812 910 4902 235 219 238 16334 3558 12776
is_linear=0
shrinkage=0.05


Tree=665
num_leaves=15
num_cat=0
split_feature=7 8 16 16 20 7 16 8 8 6 8 18 4 8
split_gain=2.01726e-05 0.000312955 0.000698421 0.000481389 0.00057733 0.000411469 0.000313296 0.000225182 0.000359877 0.000719486 0.000393344 0.000313685 0.000586292 0.000401767
threshold=36.889604398033306 -1.0120920400881943 -7.1007378207475877 -6.8057142677221849 0.018583756821719352 24.555063246722813 -8.3205735204465743 -0.3954259996301337 0.040610708407734626 0.72455297617407466 0.20165789685975002 0.99256795758365335 3.57711184697955 -2.9937423834251837
decision_type=2 2 2 2 2 2 2 2 2 2 2 2 2 2
left_child=1 2 6 -3 -5 -4 -1 11 9 -9 -10 13 -13 -2
right_child=7 3 5 4 -6 -7 -8 8 10 -11 -12 12 -14 -15
leaf_value=0 0 -1.6126948799696541e-06 0 6.5332508388756973e-05 0 -3.8519202829920416e-05 4.5362881645758214e-05 0 4.0717321775527444e-05 -5.6221704147502936e-05 -1.4404714146114103e-06 -4.7594681241780549e-05 1.79105858201208e-05 2.9949003365240057e-05
leaf_weight=1338 2589 398 656 688 99 2153 432 673 581 875 8896 626 361 2473
leaf_count=1338 2589 398 656 688 99 2153 432 673 581 875 8896 626 361 2473
internal_value=0 -2.69106e-06 -1.07473e-05 1.57747e-05 4.35942e-05 -2.77718e-05 7.80131e-06 7.13093e-07 -2.52904e-06 -2.5027e-05 0 9.10103e-06 -8.45975e-06 1.54887e-05
internal_weight=22838 5764 4579 1185 787 2809 1770 17074 11025 1548 9477 6049 987 5062
internal_count=22838 5764 4579 1185 787 2809 1770 17074 11025 1548 9477 6049 987 5062
is_linear=0
shrinkage=0.05


Tree=666
num_leaves=15
num_cat=0
split_feature=16 16 2 1 1 2 11 9 1 10 1 9 0 15
split_gain=2.07729e-05 0.000366593 0.000297903 0.000272332 0.000621536 0.000468859 0.000252338 0.000254813 0.000709006 0.000304979 0.00024592 0.000275235 0.000100309 1.02022e-05
threshold=-3.701545823798424 -4.0395710377863479 -0.66451850484019459 0.37401387377395806 0.58849159456374367 2.3241256989369412 -3.3181721535572284 0.29767353416579517 -0.1871745134573608 14.817946517805128 0.95091809593322274 -0.069848686710048097 0.1830617410043234 -1.2640369973240804
decision_type=2 2 2 2 2 2 2 2 2 2 2 2 2 2
left_child=1 3 12 5 -5 -1 10 8 -8 -9 11 -2 -3 -12
right_child=6 2 -4 4 -6 -7 7 9 -10 -11 13 -13 -14 -15
leaf_value=0 0 -0.00010164941013961594 0 -5.0640804749972386e-05 0 6.9935587638860383e-05 -6.9529412582324226e-05 2.9307428818756582e-05 0 0 -1.7024551985245626e-05 4.1335839000799692e-05 0 0
leaf_weight=4198 169 188 195 782 885 285 493 912 1392 11968 87 1137 67 80
leaf_count=4198 169 188 195 782 885 285 493 912 1392 11968 87 1137 67 80
internal_value=0 -2.48765e-06 -4.60726e-05 0 -1.65008e-05 7.10997e-06 8.26117e-07 -1.58215e-07 -1.80674e-05 1.29951e-06 2.08626e-05 3.10041e-05 -8.15401e-05 0
internal_weight=22838 6600 450 6150 1667 4483 16238 14765 1885 12880 1473 1306 255 167
internal_count=22838 6600 450 6150 1667 4483 16238 14765 1885 12880 1473 1306 255 167
is_linear=0
shrinkage=0.05


Tree=667
num_leaves=12
num_cat=0
split_feature=14 14 5 14 14 14 10 4 5 14 4
split_gain=2.41553e-05 0.000621166 0.000300118 0.000267754 0.000263056 0.00016046 0.000256985 0.000187957 9.20309e-05 0.000551007 0.00050706
threshold=10.379999637603762 10.460000038146974 2.0144719733571654 10.315000057220461 10.339999675750734 10.280000209808351 26.994454605196712 2.0822323098205295 2.5069715720493133 11.739999771118166 2.0739934964791531
decision_type=2 2 2 2 2 2 2 2 2 2 2
left_child=3 2 -2 5 -5 7 -7 -1 10 -10 -3
right_child=1 8 -4 4 -6 6 -8 -9 9 -11 -12
leaf_value=8.2627868416158128e-08 0 -4.6443618144757654e-06 0.00012090402681920591 -0.00011204765772378201 0 0 7.5923072114736516e-05 -1.9636471023512792e-05 -2.6186183678537098e-05 8.008118512052089e-07 1.7936736852778804e-05
leaf_weight=1883 72 5432 157 109 117 62 174 1308 2205 7464 3855
leaf_count=1883 72 5432 157 109 117 62 174 1308 2205 7464 3855
internal_value=0 5.77527e-07 8.23385e-05 -3.84387e-06 -5.64506e-05 0 3.93133e-05 -3.30466e-06 0 -3.80441e-06 3.11491e-06
internal_weight=22838 19185 229 3653 226 3427 236 3191 18956 9669 9287
internal_count=22838 19185 229 3653 226 3427 236 3191 18956 9669 9287
is_linear=0
shrinkage=0.05


Tree=668
num_leaves=14
num_cat=0
split_feature=14 14 14 1 2 11 8 1 14 14 2 14 8
split_gain=2.22453e-05 0.000635651 0.00040963 0.000505388 0.000309599 0.000499784 0.000253333 0.000677395 0.000230154 0.000855669 0.000585385 0.000229915 0.000112359
threshold=11.039999961853029 11.219999790191652 10.920000076293947 -0.25560731009290127 2.5379588957762049 1.0424585187063589 1.2260944366412116 0.41194010964129169 11.38000011444092 11.414999961853027 -3.5057026921421537 9.4649996757507342 4.7333342023164322
decision_type=2 2 2 2 2 2 2 2 2 2 2 2 2
left_child=2 4 6 -4 5 -2 11 -8 10 -10 -3 -1 -5
right_child=1 8 3 12 -6 -7 7 -9 9 -11 -12 -13 -14
leaf_value=-1.7503593920731042e-05 4.4173834374446891e-06 -8.7339539662090065e-05 0 -0.00010410336632954431 0 0.00015414647388943675 0 -5.8261549325861915e-05 9.6540402742626298e-05 0 0 1.5393030056704684e-05 0
leaf_weight=236 552 266 183 240 74 151 1594 596 229 14079 1202 3386 50
leaf_count=236 552 266 183 240 74 151 1594 596 229 14079 1202 3386 50
internal_value=0 8.5907e-07 -2.62748e-06 -4.74558e-05 4.53354e-05 5.80583e-05 0 -1.23278e-05 -3.83465e-07 5.56957e-07 -1.97545e-05 9.10512e-06 -8.94992e-05
internal_weight=22838 16553 6285 473 777 703 5812 2190 15776 14308 1468 3622 290
internal_count=22838 16553 6285 473 777 703 5812 2190 15776 14308 1468 3622 290
is_linear=0
shrinkage=0.05


Tree=669
num_leaves=15
num_cat=0
split_feature=4 13 8 8 6 4 3 8 3 2 13 4 5 4
split_gain=1.92006e-05 0.000386079 0.000216908 0.000199245 0.000252921 0.000149253 0.000437421 0.000633679 0.000143928 0.000400313 0.000373662 0.000127154 0.000104642 7.71684e-06
threshold=1.2426242548915909 -0.18136130447363727 7.9258131355594159 -2.1768654579577658 0.49600440034185217 1.5007865264532985 3.0527122600525374 1.9639589963048514 6.6001631048008056 2.5379588957762049 1.2204103201609919 1.4381950805112951 1.6328996999164553 1.0368169215154219
decision_type=2 2 2 2 2 2 2 2 2 2 2 2 2 2
left_child=1 2 12 4 -3 6 11 -8 9 -7 -10 -2 -1 -5
right_child=5 3 -4 13 -6 8 7 -9 10 -11 -12 -13 -14 -15
leaf_value=0 -9.6652996491385419e-06 0 0 0 7.5196057273205956e-05 -1.6963750712876137e-06 9.5999575015244499e-05 0 -1.5975847321968135e-05 1.93844321973914e-05 7.7965121522676351e-05 2.4108586354156486e-05 -6.4221721714023837e-05 -5.9882301510879876e-06
leaf_weight=116 1106 50 59 423 199 12825 330 266 3459 2596 65 368 439 537
leaf_count=116 1106 50 59 423 199 12825 330 266 3459 2596 65 368 439 537
internal_value=0 -5.03012e-06 -4.05425e-05 6.27023e-07 4.46582e-05 2.96729e-07 1.34153e-05 4.95587e-05 -3.45565e-07 8.80798e-07 -9.96617e-06 0 -5.28528e-05 0
internal_weight=22838 1823 614 1209 249 21015 2070 596 18945 15421 3524 1474 555 960
internal_count=22838 1823 614 1209 249 21015 2070 596 18945 15421 3524 1474 555 960
is_linear=0
shrinkage=0.05


Tree=670
num_leaves=15
num_cat=0
split_feature=10 5 6 6 12 12 8 5 12 6 7 1 13 10
split_gain=2.05855e-05 0.000255517 0.000361351 0.000797579 0.000538818 0.000233707 0.000459513 0.000846709 0.000686528 0.000319164 0.000590885 0.000225728 0.000209051 0.000183447
threshold=35.632601763938432 1.9109770025661426 1.3418272244237002 2.7503589026376223 -4.3933591764914057 5.9898606257762692 -5.0741203737043339 1.9263356046364721 -2.854768943868399 0.49157368245775618 80.283143857135599 -0.068194616398227881 -0.67858172478649215 13.607598165133911
decision_type=2 2 2 2 2 2 2 2 2 2 2 2 2 2
left_child=1 12 4 -4 -3 6 8 -8 -2 11 -11 -7 -1 -14
right_child=5 2 3 -5 -6 9 7 -9 -10 10 -12 -13 13 -15
leaf_value=0 3.4767766396985934e-05 -9.9486124914034888e-06 -2.785128933094107e-05 4.1194615009109705e-05 1.7128373048511298e-05 0 1.6684906364223161e-05 -2.928051754388723e-05 -2.2440582177645859e-05 3.8726716028008778e-05 -9.5361823596535176e-06 -4.247530963756374e-05 0 -2.5930034525444411e-05
leaf_weight=166 1259 1686 1930 411 7436 107 900 3884 618 1565 381 354 156 1985
leaf_count=166 1259 1686 1930 411 7436 107 900 3884 618 1565 381 354 156 1985
internal_value=0 1.10413e-06 5.12838e-06 -9.31198e-06 1.04791e-05 -1.95538e-06 -8.07641e-06 -1.74967e-05 7.94285e-06 8.7507e-06 2.15733e-05 -1.28388e-05 -1.2386e-05 -2.0231e-05
internal_weight=22838 13770 11463 2341 9122 9068 6661 4784 1877 2407 1946 461 2307 2141
internal_count=22838 13770 11463 2341 9122 9068 6661 4784 1877 2407 1946 461 2307 2141
is_linear=0
shrinkage=0.05


Tree=671
num_leaves=15
num_cat=0
split_feature=16 16 13 0 13 5 12 13 13 6 13 5 13 3
split_gain=2.16923e-05 0.000447767 0.000414716 0.00039082 0.000543621 0.0004388 0.00025573 0.000497543 0.000602726 0.000515555 0.000370836 0.000890429 0.000414676 9.64125e-05
threshold=2.2256172921397641 2.8384281266084503 0.41663593221795697 -0.01767359240208205 0.39510383786142139 2.7986271412711621 -0.34195242815947985 -0.24290162539588597 -0.18136130447363727 1.2133145831199397 -0.32272805747614591 2.6352748339655521 -0.29973634362466245 2.9583377449747155
decision_type=2 2 2 2 2 2 2 2 2 2 2 2 2 2
left_child=6 2 13 5 -5 -3 10 9 -9 -8 11 -1 -12 -2
right_child=1 3 -4 4 -6 -7 7 8 -10 -11 12 -13 -14 -15
leaf_value=-4.305850975271864e-05 -2.9768172340107629e-05 0 -0.00010919726323545152 -2.4481468400623187e-05 7.5673205481696242e-06 3.7866852866696922e-05 5.5719759337161887e-05 -9.4844920394023544e-05 5.9950017632698485e-06 0 7.07015245179635e-05 1.699518193124135e-06 0 0
leaf_weight=1692 271 2061 183 2608 1695 1235 1012 155 2879 281 217 1621 6662 266
leaf_count=1692 271 2061 183 2608 1695 1235 1012 155 2879 281 217 1621 6662 266
internal_value=0 -2.13197e-06 -4.00629e-05 0 -8.37314e-06 1.43116e-05 1.06322e-06 1.18944e-05 0 3.7874e-05 -2.06424e-06 -1.66389e-05 2.77625e-06 0
internal_weight=22838 8319 720 7599 4303 3296 14519 4327 3034 1293 10192 3313 6879 537
internal_count=22838 8319 720 7599 4303 3296 14519 4327 3034 1293 10192 3313 6879 537
is_linear=0
shrinkage=0.05


Tree=672
num_leaves=15
num_cat=0
split_feature=7 2 6 14 6 2 6 7 11 14 2 11 8 8
split_gain=2.17409e-05 0.000724263 0.000933701 0.000511323 0.000335064 0.000545974 0.000521227 0.000271084 0.000805639 0.000580107 0.000458004 0.00134627 0.000599411 0.00026181
threshold=44.549706144532927 2.2731886146099227 0.62502049581441421 10.315000057220461 0.57964606165489896 -0.60380502732978447 0.43974277612710944 49.480455845151447 1.0000000180025095e-35 14.159999847412109 2.2219671682015778 2.2391438010631193 4.7333342023164322 1.4671167143464625
decision_type=2 2 2 2 2 2 2 2 2 2 2 2 2 2
left_child=1 4 -3 -4 6 -6 -1 8 9 -2 12 -12 -9 -10
right_child=7 2 3 -5 5 -7 -8 10 13 -11 11 -13 -14 -15
leaf_value=0 -5.3621274112022421e-05 0 0 0.00012464831896192438 0 -3.3132687536032881e-05 4.1179283433492876e-05 1.9287650385721076e-05 0 0 -7.2829995023551445e-05 0 -1.3572634857136613e-05 5.5447316854948461e-05
leaf_weight=958 1405 180 65 350 5289 1549 1063 5237 520 255 719 3654 1344 250
leaf_count=958 1405 180 65 350 5289 1549 1063 5237 520 255 719 3654 1344 250
internal_value=0 1.79569e-06 5.55781e-05 0.000100183 -1.29376e-07 -7.0157e-06 1.57439e-05 -1.33526e-06 -1.69128e-05 -3.95057e-05 7.52406e-07 -1.01808e-05 1.02968e-05 1.23266e-05
internal_weight=22838 9454 595 415 8859 6838 2021 13384 2430 1660 10954 4373 6581 770
internal_count=22838 9454 595 415 8859 6838 2021 13384 2430 1660 10954 4373 6581 770
is_linear=0
shrinkage=0.05


Tree=673
num_leaves=15
num_cat=0
split_feature=16 1 1 7 1 1 14 19 5 1 4 4 16 19
split_gain=2.48887e-05 0.000637699 0.000606222 0.000710526 0.000551077 0.000704298 0.00149012 0.000415585 0.000535066 0.00040032 0.000681814 0.000348637 0.0003058 0.000269295
threshold=-0.63656930664804923 0.44610789424490527 1.0000000180025095e-35 52.909072972852449 0.31839326829800968 0.10003876424044746 11.339999675750734 -0.15395459630412053 2.3696608568172293 0.68109404730179768 2.8160587202894658 7.0194085560811326 2.7654480866722402 0.55893111095968129
decision_type=2 2 2 2 2 2 2 2 2 2 2 2 2 2
left_child=4 2 12 -4 5 13 -7 -6 -9 10 -3 -11 -2 -1
right_child=1 9 3 -5 7 6 -8 8 -10 11 -12 -13 -14 -15
leaf_value=-3.0355601022905844e-07 -1.315492168871381e-05 0 -5.7207195785306441e-05 -4.1924157283341013e-06 1.285000794065291e-05 0.00010091336160473505 0 0 -4.4488911722315833e-05 4.2659785057685322e-06 8.9898969728024401e-05 -0.00012505113699094015 1.1937594460123018e-05 4.6286249517388166e-05
leaf_weight=5628 1831 911 1226 2917 486 616 1033 1287 1468 1491 439 53 3139 313
leaf_count=5628 1831 911 1226 2917 486 616 1033 1287 1468 1491 439 53 3139 313
internal_value=0 -1.61701e-06 -9.22125e-06 -2.35103e-05 1.68691e-06 1.02478e-05 3.93734e-05 -1.37319e-05 -2.38667e-05 1.71418e-05 3.70195e-05 0 0 0
internal_weight=22838 12007 9113 4143 10831 7590 1649 3241 2755 2894 1350 1544 4970 5941
internal_count=22838 12007 9113 4143 10831 7590 1649 3241 2755 2894 1350 1544 4970 5941
is_linear=0
shrinkage=0.05


Tree=674
num_leaves=15
num_cat=0
split_feature=10 15 10 10 6 6 15 10 3 6 3 21 5 21
split_gain=2.10538e-05 0.000220921 0.000895336 0.00131674 0.000589934 0.001114 0.000391931 0.000219419 0.000305316 0.000863909 0.000532355 0.000238404 0.000211267 0.000172076
threshold=35.632601763938432 -3.9348874910370308 46.744457783104956 40.847801270081114 1.4062140107154779 2.923403140418277 0.1128505174556982 33.672741557447999 6.6001631048008056 1.9799542868872109 5.0317932532211733 0.27020071789362288 2.4012964901583218 0.071184172481977018
decision_type=2 2 2 2 2 2 2 2 2 2 2 2 2 2
left_child=7 2 3 -2 6 -6 -3 8 10 -10 -1 12 -9 -4
right_child=1 4 13 -5 5 -7 -8 11 9 -11 -12 -13 -14 -15
leaf_value=0 0 3.7711047117940938e-06 0 -0.00017023665599589618 6.023180230817656e-05 -4.1207861976281206e-05 -1.7715246718979481e-05 0 -4.9278972542519213e-05 4.1498750196797636e-05 4.4490984517193385e-05 0 5.8246913859567322e-05 5.4657472614457636e-05
leaf_weight=10851 252 3431 308 210 1040 185 3499 440 1058 177 694 52 498 143
leaf_count=10851 252 3431 308 210 1040 185 3499 440 1058 177 694 52 498 143
internal_value=0 -1.89015e-06 -2.52927e-05 -7.80851e-05 0 3.26563e-05 -4.91429e-06 1.21215e-06 0 -2.41098e-05 1.97043e-06 2.39572e-05 3.52202e-05 0
internal_weight=22838 9068 913 462 8155 1225 6930 13770 12780 1235 11545 990 938 451
internal_count=22838 9068 913 462 8155 1225 6930 13770 12780 1235 11545 990 938 451
is_linear=0
shrinkage=0.05


Tree=675
num_leaves=15
num_cat=0
split_feature=16 1 12 3 6 20 1 20 8 20 13 1 6 3
split_gain=2.36122e-05 0.000461897 0.00049767 0.000456416 0.00136215 0.000384095 0.000300306 0.00090587 0.00109908 0.000394284 0.000540499 0.000460141 0.000215247 4.57443e-05
threshold=2.2256172921397641 -0.59270928693549318 6.3011976680105972 4.1131101281697067 0.8457547849799617 -0.45123496347750852 -0.8522123280480064 -0.57498279951133036 -19.25445545207241 -0.73492480181636344 -1.1082133161088357 -0.24559781950701487 1.6026724332115776 -14.987507709286799
decision_type=2 2 2 2 2 2 2 2 2 2 2 2 2 2
left_child=6 2 5 4 -3 -2 7 13 -9 11 -11 -8 -5 -1
right_child=1 3 -4 12 -6 -7 9 8 -10 10 -12 -13 -14 -15
leaf_value=0 0 0 0 -4.4766840804682149e-06 -7.2086916641280065e-05 7.8633690620557152e-05 0 5.20118442715809e-06 -8.56362161501305e-05 7.1762562966126944e-05 3.779139791943579e-06 -6.7822623927660001e-05 2.3587306461935506e-05 7.8389361096469672e-05
leaf_weight=50 112 966 258 4752 960 476 89 120 705 340 12751 385 795 79
leaf_count=50 112 966 258 4752 960 476 89 120 705 340 12751 385 795 79
internal_value=0 -2.12841e-06 2.96576e-05 -7.73728e-06 -2.87111e-05 5.81138e-05 1.21231e-06 -2.39026e-05 -5.42734e-05 4.08592e-06 6.69589e-06 -3.62799e-05 0 5.38681e-05
internal_weight=22838 8319 846 7473 1926 588 14519 954 825 13565 13091 474 5547 129
internal_count=22838 8319 846 7473 1926 588 14519 954 825 13565 13091 474 5547 129
is_linear=0
shrinkage=0.05


Tree=676
num_leaves=14
num_cat=0
split_feature=14 14 13 13 2 14 2 13 16 15 15 6 2
split_gain=2.19605e-05 0.000597693 0.00036725 0.00102379 0.00131399 0.00103262 0.0007425 0.0005893 0.000264344 0.000243361 0.000181905 0.00038464 0.000189377
threshold=11.039999961853029 11.144999980926515 -0.013045006246314992 0.55071779110856822 2.1710925091646964 10.315000057220461 4.9783224171433007 -0.15511208884687042 7.0892815408758425 -0.46348784276520333 -4.9738436583411092 1.1510058648192076 -3.6829988076187976
decision_type=2 2 2 2 2 2 2 2 2 2 2 2 2
left_child=2 9 6 4 -4 -5 7 -1 -8 -2 11 -3 -12
right_child=1 10 3 5 -6 -7 8 -9 -10 -11 12 -13 -14
leaf_value=-8.4990369025922909e-06 0.00012771772026070932 -4.9296667684964328e-05 5.9293911365173381e-05 0 -9.4874681966385812e-06 -7.6021612025981174e-05 8.8557839325160235e-05 -8.4917078578775309e-05 0 0 1.5806383841478256e-05 0 0
leaf_weight=1871 129 570 1464 908 723 569 141 500 109 90 2009 558 13197
leaf_count=1871 129 570 1464 908 723 569 141 500 109 90 2009 558 13197
internal_value=0 1.03987e-06 -2.42616e-06 4.78644e-06 2.9706e-05 -2.19583e-05 -1.82277e-05 -3.0967e-05 4.24721e-05 8.29056e-05 0 -1.94254e-05 1.37476e-06
internal_weight=22838 16553 6285 3664 2187 1477 2621 2371 250 219 16334 1128 15206
internal_count=22838 16553 6285 3664 2187 1477 2621 2371 250 219 16334 1128 15206
is_linear=0
shrinkage=0.05


Tree=677
num_leaves=15
num_cat=0
split_feature=12 8 1 1 9 7 11 12 6 6 1 7 6 11
split_gain=2.14125e-05 0.000441123 0.000428026 0.000582389 0.000425999 0.000911534 0.000671272 0.000376359 0.000336858 0.000536904 0.000388438 0.000326879 0.000290358 9.72261e-05
threshold=1.0339346370256994 -6.1363115212563626 0.51307093673269832 -0.17668850758569313 0.45646633921395446 47.06445184454315 0.91630344998738911 -0.34195242815947985 1.115052810698159 0.86946745775176681 0.034510256601805372 63.066608762843543 2.5262321498111526 -0.18861335040508834
decision_type=2 2 2 2 2 2 2 2 2 2 2 2 2 2
left_child=7 2 3 -2 5 -3 -6 8 9 -1 -10 12 -9 -4
right_child=1 4 13 -5 6 -7 -8 11 10 -11 -12 -13 -14 -15
leaf_value=0 0 0 0 -6.9185953882058108e-05 -3.9969198738776957e-05 0.00011027345477539876 2.88668165288095e-06 3.968640490690225e-05 0 -3.0036993922334049e-05 2.9149671466909955e-05 0 0 4.2275804729102038e-05
leaf_weight=5746 251 439 146 762 1017 274 6793 1587 1788 2007 1590 249 54 135
leaf_count=5746 251 439 146 762 1017 274 6793 1587 1788 2007 1590 249 54 135
internal_value=0 -1.69969e-06 -2.949e-05 -4.65398e-05 7.62786e-07 3.86254e-05 -7.77945e-07 1.39021e-06 -8.49795e-07 -7.78051e-06 1.06156e-05 2.25083e-05 3.28806e-05 0
internal_weight=22838 9817 1294 1013 8523 713 7810 13021 11131 7753 3378 1890 1641 281
internal_count=22838 9817 1294 1013 8523 713 7810 13021 11131 7753 3378 1890 1641 281
is_linear=0
shrinkage=0.05


Tree=678
num_leaves=14
num_cat=0
split_feature=14 14 5 11 7 6 11 6 7 14 14 9 9
split_gain=2.43177e-05 0.000524564 0.00026588 0.000238658 0.000621592 0.000512567 0.000406088 0.000241782 0.000108252 0.000454152 0.000369596 0.000103687 8.2663e-05
threshold=10.379999637603762 10.460000038146974 2.0144719733571654 2.1886562647453927 68.507280630689749 1.8390425293893919 -1.7668744467463606 1.4773133537548568 58.188078648475191 11.679999828338625 11.844999790191652 0.10936459325157404 1.1223038013167972
decision_type=2 2 2 2 2 2 2 2 2 2 2 2 2
left_child=3 2 -2 6 5 -5 11 -8 10 -10 -3 -1 -6
right_child=1 8 -4 4 12 -7 7 -9 9 -11 -12 -13 -14
leaf_value=0 0 -6.7481770605401633e-06 0.00011213919645411761 7.8317915110255072e-05 -2.1417101399947573e-05 0 -3.7976612117796124e-05 0 8.1577204328720978e-06 -1.8620959275330619e-05 9.5235416211819423e-06 2.1438400807096033e-05 0
leaf_weight=222 72 5107 157 465 555 93 1521 164 2005 3473 8371 563 70
leaf_count=222 72 5107 157 465 555 93 1521 164 2005 3473 8371 563 70
internal_value=0 7.49249e-07 7.58196e-05 -3.70002e-06 7.75905e-06 5.31122e-05 -1.52596e-05 -3.07152e-05 0 -6.08228e-06 2.24508e-06 0 -8.79073e-06
internal_weight=22838 19185 229 3653 1183 558 2470 1685 18956 5478 13478 785 625
internal_count=22838 19185 229 3653 1183 558 2470 1685 18956 5478 13478 785 625
is_linear=0
shrinkage=0.05


Tree=679
num_leaves=15
num_cat=0
split_feature=0 13 5 1 14 19 10 13 4 1 13 7 13 10
split_gain=2.12642e-05 0.000306135 0.000401062 0.000502391 0.000211031 0.000899138 0.00022853 0.000104454 0.000320327 0.000258134 0.000178622 0.000505708 0.00026553 0.000134741
threshold=2.9299044835897701 0.30853621784847635 2.4785224383743127 1.2674106992600846 12.275000095367433 -1.0000000180025095e-35 47.890256811873492 1.1133505751721564 3.5212517529532765 -0.15955510101050513 0.67494438532680345 54.331141109637791 0.52157362889866399 33.986423999019948
decision_type=2 2 2 2 2 2 2 2 2 2 2 2 2 2
left_child=7 2 -2 -4 6 -6 -3 10 9 -9 12 -12 -1 -10
right_child=1 4 3 -5 5 -7 -8 8 13 -11 11 -13 -14 -15
leaf_value=2.0953190843515321e-06 0 -4.7700522966155997e-05 -0.00010914375062024784 0 -4.279417126812849e-06 8.998863700249118e-05 0 0 5.4121562986477769e-05 -6.0453861279084245e-05 3.7834837820714048e-05 -6.4995202082550281e-08 -1.8598554312158769e-05 0
leaf_weight=17182 141 266 257 58 115 337 58 51 114 450 1238 750 1700 121
leaf_count=17182 141 266 257 58 115 337 58 51 114 450 1238 750 1700 121
internal_value=0 -6.33088e-06 -4.22236e-05 -7.58373e-05 0 3.29354e-05 -1.05524e-05 4.1615e-07 -1.65597e-05 -4.46973e-05 1.73429e-06 1.60023e-05 0 0
internal_weight=22838 1232 456 315 776 452 324 21606 736 501 20870 1988 18882 235
internal_count=22838 1232 456 315 776 452 324 21606 736 501 20870 1988 18882 235
is_linear=0
shrinkage=0.05


Tree=680
num_leaves=15
num_cat=0
split_feature=7 8 16 1 16 16 10 7 4 16 10 7 9 2
split_gain=2.16668e-05 0.000277997 0.000645685 0.000467479 0.000435278 0.000287008 0.00026553 0.000205468 0.000379715 0.000607269 0.00038588 0.000228301 0.000753742 0.000413228
threshold=36.889604398033306 -1.0120920400881943 -7.1007378207475877 2.7956817126872185e-06 -6.8057142677221849 -8.6114384968855315 27.168209987107186 44.549706144532927 1.912081092303626 0.34999661100387774 43.795016005137548 49.480455845151447 0.50864333030390552 2.2219671682015778
decision_type=2 2 2 2 2 2 2 2 2 2 2 2 2 2
left_child=1 2 5 -4 -3 -1 -6 8 9 -2 -10 12 -9 -13
right_child=7 4 3 -5 6 -7 -8 11 10 -11 -12 13 -14 -15
leaf_value=0 4.0530909562012186e-06 -8.3203299553425457e-07 0 -4.7976231995591536e-05 0 3.9144358726297355e-05 6.2654318228588812e-05 -3.6915209007718754e-05 3.5828511104892109e-05 -7.7765065713753109e-05 0 9.9533550164385604e-06 1.4058939040225813e-05 -9.4286341072519008e-06
leaf_weight=1242 1120 398 1429 1380 279 528 508 1698 1891 247 432 6581 732 4373
leaf_count=1242 1120 398 1429 1380 279 528 508 1698 1891 247 432 6581 732 4373
internal_value=0 -2.64047e-06 -1.0331e-05 -2.6745e-05 1.44128e-05 7.24875e-06 4.11492e-05 9.04614e-07 1.18092e-05 0 2.5099e-05 -9.81816e-07 -1.53903e-05 8.46384e-07
internal_weight=22838 5764 4579 2809 1185 1770 787 17074 3690 1367 2323 13384 2430 10954
internal_count=22838 5764 4579 2809 1185 1770 787 17074 3690 1367 2323 13384 2430 10954
is_linear=0
shrinkage=0.05


Tree=681
num_leaves=14
num_cat=0
split_feature=11 15 15 11 15 11 9 15 13 2 0 8 0
split_gain=2.05839e-05 0.000325708 0.000638037 0.00051463 0.000391133 0.000330841 0.000239068 0.000177223 0.000439181 0.000386561 0.000244946 0.00041263 0.000272551
threshold=3.2168677962023433 0.6269349615947496 2.0349621002537681 7.220326533162881 -1.3458014572087948 3.6144743387080669 0.99362140949327771 3.2616587823526171 -1.6231581869856568 4.9783224171433007 1.5123437609438959 -9.708721698814367 1.2118276890188051
decision_type=2 2 2 2 2 2 2 2 2 2 2 2 2
left_child=7 3 5 4 -2 -3 -4 10 -9 -10 12 -12 -1
right_child=1 2 6 -5 -6 -7 -8 8 9 -11 11 -13 -14
leaf_value=0 0 0 1.9122772784389185e-05 0 8.527806036321919e-05 -6.5129553120546658e-05 -2.1717697988456049e-06 1.9456405484162507e-05 -5.8462783344317835e-05 0 6.2297567319816061e-05 0 -3.3639784604277762e-05
leaf_weight=14655 149 126 2014 57 428 536 1089 113 723 369 413 1532 634
leaf_count=14655 149 126 2014 57 428 536 1089 113 723 369 413 1532 634
internal_value=0 3.0586e-06 0 3.67033e-05 6.0876e-05 -4.67782e-05 6.81867e-06 -7.47288e-07 -1.93886e-05 -3.71461e-05 0 1.71918e-05 -1.56001e-06
internal_weight=22838 4399 3765 634 577 662 3103 18439 1205 1092 17234 1945 15289
internal_count=22838 4399 3765 634 577 662 3103 18439 1205 1092 17234 1945 15289
is_linear=0
shrinkage=0.05


Tree=682
num_leaves=12
num_cat=0
split_feature=14 14 9 14 8 14 4 13 13 13 4
split_gain=2.04578e-05 0.000479608 0.000239621 0.000237201 0.000890704 0.000125908 0.000176725 8.70433e-05 0.000973999 0.000527367 3.05035e-05
threshold=10.379999637603762 10.460000038146974 0.2371345990281564 10.315000057220461 0.51425228499526787 10.280000209808351 2.0822323098205295 0.36317388633246855 0.41663593221795697 0.10974257862870208 1.4695165211691037
decision_type=2 2 2 2 2 2 2 2 2 2 2
left_child=3 2 -2 5 -5 6 -1 9 -9 -3 -4
right_child=1 7 10 4 -6 -7 -8 8 -10 -11 -12
leaf_value=4.4125779252810647e-07 0 -1.3311105227190282e-06 0 -0.00015511406974440459 0 3.4988020733514614e-05 -1.8869695135789559e-05 -6.7026007900981686e-05 0 2.4199130919644334e-05 0.0001217345191510926
leaf_weight=1883 51 10997 52 118 108 236 1308 578 5076 2305 126
leaf_count=1883 51 10997 52 118 108 236 1308 578 5076 2305 126
internal_value=0 6.34361e-07 7.24341e-05 -3.4473e-06 -5.29494e-05 0 -2.77854e-06 0 -5.42045e-06 1.96675e-06 0.00010044
internal_weight=22838 19185 229 3653 226 3427 3191 18956 5654 13302 178
internal_count=22838 19185 229 3653 226 3427 3191 18956 5654 13302 178
is_linear=0
shrinkage=0.05


Tree=683
num_leaves=14
num_cat=0
split_feature=0 10 8 8 11 2 2 2 10 13 6 2 11
split_gain=1.94348e-05 0.000392779 0.000400641 0.000892227 0.000301338 0.000213085 0.00015298 0.000347697 0.00070954 0.000319162 0.000286336 0.000526147 0.000507243
threshold=2.1188371783717312 15.053229766045183 0.040610708407734626 -3.1821184492773038 6.4455575998753556 2.0280982036778643 0.73087250453620645 0.38914101905616066 38.271230297683836 0.38711088025348289 1.2133145831199397 1.2866975964545226 4.874555017932984
decision_type=2 2 2 2 2 2 2 2 2 2 2 2 2
left_child=6 5 3 -3 -4 -2 7 9 -9 -1 11 -8 -12
right_child=1 2 4 -5 -6 -7 10 8 -10 -11 12 -13 -14
leaf_value=4.9618680074017261e-06 0.00013363418384211275 0 2.4792768154796609e-05 -8.3693042572407134e-05 -2.7457394754358648e-05 0 4.6021375819407508e-05 -7.0229123332155884e-05 0 -1.3302152466664201e-05 -3.3919063725258677e-05 2.3300981321754192e-06 1.980912511713614e-05
leaf_weight=9258 57 487 707 535 421 87 1072 544 285 3220 1014 4703 448
leaf_count=9258 57 487 707 535 421 87 1072 544 285 3220 1014 4703 448
internal_value=0 -4.34686e-06 -1.55819e-05 -3.85953e-05 0 5.89013e-05 5.0418e-07 -1.83722e-06 -3.31873e-05 0 6.88148e-06 1.30439e-05 -7.19997e-06
internal_weight=22838 2294 2150 1022 1128 144 20544 13307 829 12478 7237 5775 1462
internal_count=22838 2294 2150 1022 1128 144 20544 13307 829 12478 7237 5775 1462
is_linear=0
shrinkage=0.05


Tree=684
num_leaves=13
num_cat=0
split_feature=13 13 13 1 15 6 3 19 7 12 10 15
split_gain=2.2108e-05 0.00067029 0.000667167 0.000501508 0.000527306 0.000483505 0.000376184 0.00026979 0.00026603 0.000397181 0.0003192 6.47551e-05
threshold=-0.61614253177807987 -0.67858172478649215 -0.56734936417262005 -0.23247576528333094 -1.7179129754679778 0.82497765281583757 10.11190752373612 0.62616030513678511 25.407733130300809 -8.5328589161021551 58.793853196576784 2.5560597943185552
decision_type=2 2 2 2 2 2 2 2 2 2 2 2
left_child=1 5 11 -3 -5 6 -1 -7 10 -10 -4 -2
right_child=2 3 8 4 -6 7 -8 -9 9 -11 -12 -13
leaf_value=4.0469471412713317e-05 0.0001059848780251497 0 -3.6652094926673246e-05 0 -0.00010117841186545853 -1.9928240899503988e-05 0 1.9204461530041616e-05 3.6303434450236421e-05 0 0 0
leaf_weight=1234 163 142 1063 139 417 1826 110 235 778 16449 218 64
leaf_count=1234 163 142 1063 139 417 1826 110 235 778 16449 218 64
internal_value=0 -3.23298e-06 8.12678e-07 -4.94181e-05 -7.29087e-05 1.84235e-06 2.83656e-05 -8.1846e-06 0 1.39907e-06 -2.21918e-05 8.58469e-05
internal_weight=22838 4103 18735 698 556 3405 1344 2061 18508 17227 1281 227
internal_count=22838 4103 18735 698 556 3405 1344 2061 18508 17227 1281 227
is_linear=0
shrinkage=0.05


Tree=685
num_leaves=15
num_cat=0
split_feature=10 1 10 18 1 10 13 3 3 13 13 8 10 3
split_gain=1.99291e-05 0.000213933 0.000363228 0.000770176 0.000223007 0.000193244 0.000267255 0.000263439 0.00047801 0.000326603 0.000202959 0.000150407 0.000306889 0.000252248
threshold=35.632601763938432 0.68109404730179768 42.755921423995417 1.8444252398870935 1.2674106992600846 33.672741557447999 0.20721149365346972 6.6001631048008056 5.0317932532211733 -0.29722079198188917 -1.2880400753498109 -3.7474066044163812 38.865688137424385 -8.6020615928346782
decision_type=2 2 2 2 2 2 2 2 2 2 2 2 2 2
left_child=5 11 3 -3 -4 7 10 8 -1 -9 -7 12 -2 -13
right_child=1 2 4 -5 -6 6 -8 9 -10 -11 -12 13 -14 -15
leaf_value=0 -5.4905883563733578e-06 -0.0001000622767534991 -2.3842385936813645e-05 0 2.9991198701005419e-05 0 0 -6.4910298918121823e-05 4.227017905140587e-05 0 5.5360820866596767e-05 -2.8950357395560628e-05 2.4921993394340722e-05 0
leaf_weight=10851 377 338 475 53 318 62 380 338 694 897 548 805 1749 4953
leaf_count=10851 377 338 475 53 318 62 380 338 694 897 548 805 1749 4953
internal_value=0 -1.68935e-06 -2.17526e-05 -6.12119e-05 0 1.31852e-06 2.26198e-05 0 2.01285e-06 -2.22486e-05 4.38564e-05 0 1.24767e-05 -2.79248e-06
internal_weight=22838 9068 1184 391 793 13770 990 12780 11545 1235 610 7884 2126 5758
internal_count=22838 9068 1184 391 793 13770 990 12780 11545 1235 610 7884 2126 5758
is_linear=0
shrinkage=0.05


Tree=686
num_leaves=15
num_cat=0
split_feature=5 7 7 4 8 4 4 4 8 8 13 12 13 13
split_gain=2.22141e-05 0.000638846 0.000828123 0.00143913 0.000712494 0.000746616 0.000730812 0.000444823 0.000707514 0.00075867 0.000348795 0.00028762 0.000212921 0.000251923
threshold=2.5641015853013753 59.019777053633192 61.685233548565115 2.3253808670968752 3.5711569458648911 2.7460583756349175 2.9562911645164749 2.7770124531605815 7.5589899742001281 -7.256799486037516 -0.38075793360717308 4.7037688786911191 1.1843243226661972 0.41304686429662901
decision_type=2 2 2 2 2 2 2 2 2 2 2 2 2 2
left_child=7 4 3 -3 5 -2 -6 12 9 -9 -4 -10 13 -1
right_child=1 2 10 -5 6 -7 -8 8 11 -11 -12 -13 -14 -15
leaf_value=-4.9600273846218282e-06 1.6858401440660468e-05 0 -4.187872628263952e-05 -0.0001615777241726139 0 -1.6490087254725048e-05 9.5968711582395153e-05 0 -7.4770298726390349e-05 5.4159231925446236e-05 0 0 -5.4451841874627707e-05 1.2846324245674796e-05
leaf_weight=7890 3037 141 512 273 387 3688 403 329 163 1562 1527 101 186 2639
leaf_count=7890 3037 141 512 273 387 3688 403 329 163 1562 1527 101 186 2639
internal_value=0 -1.68982e-06 -2.48304e-05 -9.25618e-05 3.87013e-06 0 4.89305e-05 1.4502e-06 2.27613e-05 3.76921e-05 -3.68657e-06 -2.73211e-05 -1.43783e-06 0
internal_weight=22838 9968 2453 414 7515 6725 790 12870 2155 1891 2039 264 10715 10529
internal_count=22838 9968 2453 414 7515 6725 790 12870 2155 1891 2039 264 10715 10529
is_linear=0
shrinkage=0.05


Tree=687
num_leaves=15
num_cat=0
split_feature=11 15 15 11 15 1 4 15 20 3 15 12 9 12
split_gain=1.86148e-05 0.000281808 0.000570006 0.000480567 0.000351962 0.000348431 0.000343299 0.000150229 0.000377985 0.000422742 0.000179992 0.000412261 0.000295308 7.2641e-05
threshold=3.2168677962023433 0.6269349615947496 2.0349621002537681 7.220326533162881 -1.3458014572087948 0.30758574068941946 1.545875454397285 3.2616587823526171 -0.42221246925246075 -10.854028125066149 0.6269349615947496 -7.9233218226357538 0.71506117832227123 -0.67119686763988129
decision_type=2 2 2 2 2 2 2 2 2 2 2 2 2 2
left_child=7 3 6 4 -2 -4 -3 10 13 -10 12 -12 -1 -9
right_child=1 2 5 -5 -6 -7 -8 8 9 -11 11 -13 -14 -15
leaf_value=0 0 0 0 0 8.1138256155651169e-05 2.8563285823921806e-05 -6.4388557785960033e-05 0 0 -4.867337626810722e-05 7.1485538598393435e-05 1.2601728921588322e-06 -3.5166152821345763e-05 5.4190274287695795e-05
leaf_weight=12491 149 145 1870 57 428 1233 517 69 70 1002 274 3817 652 64
leaf_count=12491 149 145 1870 57 428 1233 517 69 70 1002 274 3817 652 64
internal_value=0 2.95598e-06 0 3.42056e-05 5.79998e-05 6.6118e-06 -4.40985e-05 -6.6238e-07 -1.78362e-05 -3.50655e-05 0 9.64562e-06 -2.29563e-06 8.31994e-06
internal_weight=22838 4399 3765 634 577 3103 662 18439 1205 1072 17234 4091 13143 133
internal_count=22838 4399 3765 634 577 3103 662 18439 1205 1072 17234 4091 13143 133
is_linear=0
shrinkage=0.05


Tree=688
num_leaves=15
num_cat=0
split_feature=7 13 13 13 7 5 2 13 10 19 13 0 8 11
split_gain=2.04887e-05 0.000272889 0.00104517 0.000562624 0.000355008 0.000337647 0.000314076 0.000238702 0.000721538 0.000411489 0.000281235 0.00023694 0.000233378 0.000222855
threshold=38.28792673522581 -0.50203922587736527 -0.89704472932619062 -0.42021305351745969 16.814594671928393 2.1985876817065981 -0.20560395911463633 0.79675748132704849 27.622367933981959 1.0528254484745154 0.7137331665604153 0.13261720318059914 -35.922500421982143 -1.38979564347643
decision_type=2 2 2 2 2 2 2 2 2 2 2 2 2 2
left_child=1 2 4 11 -1 -5 -4 10 9 -9 12 -3 -2 -12
right_child=7 3 6 5 -6 -7 -8 8 -10 -11 13 -13 -14 -15
leaf_value=3.5432807916809654e-05 -4.6234628137938451e-05 -0.00013466217272306336 8.6636843975401381e-05 1.2246350427429007e-05 -2.6334634580796855e-05 -1.491437160339279e-05 0 7.8506117237133911e-05 0 0 0 0 1.9681087209590121e-06 -6.4699278531727181e-05
leaf_weight=167 246 135 475 1358 1016 3088 89 558 848 65 51 66 14376 300
leaf_count=167 246 135 475 1358 1016 3088 89 558 848 65 51 66 14376 300
internal_value=0 -2.34972e-06 1.07877e-05 -1.05171e-05 -4.92366e-06 -3.24437e-06 7.02415e-05 9.83721e-07 2.04013e-05 6.22303e-05 0 -9.63148e-05 1.2826e-07 -4.46847e-05
internal_weight=22838 6394 1747 4647 1183 4446 564 16444 1471 623 14973 201 14622 351
internal_count=22838 6394 1747 4647 1183 4446 564 16444 1471 623 14973 201 14622 351
is_linear=0
shrinkage=0.05


Tree=689
num_leaves=15
num_cat=0
split_feature=16 10 0 16 8 5 9 7 8 8 8 5 2 6
split_gain=1.90025e-05 0.000404645 0.000446683 0.000241866 0.000659132 0.000386589 0.00025621 0.00017339 0.000694439 0.000363238 0.000101093 0.000205638 7.48328e-05 1.62414e-05
threshold=-9.9960599603620235 46.513882467118513 -0.75655052192036332 -7.4695468767277831 -22.507268148055022 2.6769712643182682 0.2371345990281564 38.463102512346175 -1.0120920400881943 -0.42194658058765228 -10.717370608569203 2.6925777205109229 -0.88535122643518804 0.86946745775176681
decision_type=2 2 2 2 2 2 2 2 2 2 2 2 2 2
left_child=1 2 -1 4 5 -2 -6 8 -5 -9 11 -3 -4 -12
right_child=3 10 12 7 6 -7 -8 9 -10 -11 13 -13 -14 -15
leaf_value=0 0 0 -0.00010849117131219828 -2.3195767110658711e-05 -1.1253896363204909e-05 0.00017031850736194421 3.5237691044548998e-05 1.2797298591350226e-05 1.7819551752736419e-05 -2.8283275826043559e-06 0 7.3518444662075183e-05 0 -1.4356487010288596e-05
leaf_weight=300 91 59 199 3327 723 110 441 5200 1107 10656 228 142 59 196
leaf_count=300 91 59 199 3327 723 110 441 5200 1107 10656 228 142 59 196
internal_value=0 -6.14769e-06 -4.33457e-05 3.56873e-07 2.10561e-05 0.000105621 0 -2.97382e-07 -9.57192e-06 1.35065e-06 3.11723e-06 3.57947e-05 -9.14699e-05 0
internal_weight=22838 1183 558 21655 1365 201 1164 20290 4434 15856 625 201 258 424
internal_count=22838 1183 558 21655 1365 201 1164 20290 4434 15856 625 201 258 424
is_linear=0
shrinkage=0.05


Tree=690
num_leaves=15
num_cat=0
split_feature=11 16 16 12 11 19 15 9 9 4 10 8 10 13
split_gain=2.00523e-05 0.000199349 0.000301549 0.000485738 0.000482681 0.000246738 0.000364873 0.000164947 0.000188476 0.000306996 0.000178958 0.000441366 0.000311136 0.000136197
threshold=-3.791717624107418 -3.4405164617242741 -7.0035038969353911 -12.460026207349957 -5.4133863284867969 -0.68295251410796165 -4.8608220562231343 0.27178104363203209 0.24087059281258846 1.6938066836380248 14.817946517805128 3.5711569458648911 24.02618267499729 -0.32532842971015324
decision_type=2 2 2 2 2 2 2 2 2 2 2 2 2 2
left_child=1 2 3 -1 -4 -3 -7 8 13 -10 11 -9 -12 -2
right_child=7 5 4 -5 -6 6 -8 10 9 -11 12 -13 -14 -15
leaf_value=-1.5640260129420953e-05 -1.8280359448973347e-05 0 -5.7042951941715789e-05 2.9763970110683225e-05 0 0 5.8005451237492031e-05 0 0 -6.2660547010688793e-05 -1.2905007765240434e-05 8.8681373873175366e-05 3.6327051513506129e-06 2.5574129792617908e-06
leaf_weight=606 984 399 564 1340 582 125 614 859 212 420 3849 197 10355 1732
leaf_count=606 984 399 564 1340 582 125 614 859 212 420 3849 197 10355 1732
internal_value=0 3.14503e-06 0 7.9198e-06 -2.34688e-05 2.17783e-05 3.95424e-05 -6.67086e-07 -1.11226e-05 -3.74018e-05 6.445e-07 2.07187e-05 0 0
internal_weight=22838 4230 3092 1946 1146 1138 739 18608 3348 632 15260 1056 14204 2716
internal_count=22838 4230 3092 1946 1146 1138 739 18608 3348 632 15260 1056 14204 2716
is_linear=0
shrinkage=0.05


Tree=691
num_leaves=14
num_cat=0
split_feature=2 0 0 7 7 2 0 0 14 2 19 0 0
split_gain=1.91204e-05 0.000352217 0.000449781 0.00048291 0.000347258 0.000292636 0.000399506 0.000431957 0.000278966 0.00014267 0.000302535 0.000277518 3.2024e-05
threshold=-5.4580021531550544 -0.66432827218862878 -5.2283019911338773 53.957818050414978 44.731828605804601 -4.8269170714071823 1.4318011364384289 -2.6633463253459335 19.745000839233402 -3.749003867012362 1.0000000180025095e-35 -2.7296914526976157 -5.8610887181334261
decision_type=2 2 2 2 2 2 2 2 2 2 2 2 2
left_child=1 2 12 -4 8 6 7 -2 -3 10 -7 -11 -1
right_child=5 4 3 -5 -6 9 -8 -9 -10 11 -12 -13 -14
leaf_value=0 0 -6.849788268433695e-05 5.5661468302111751e-05 0 0 3.1663080482686689e-05 0 -8.5149442856135532e-05 0 -3.6019084216733307e-05 0 0 -3.962077612431685e-05
leaf_weight=53 103 354 1018 53 93 1105 50 387 94 537 155 18786 50
leaf_count=53 103 354 1018 53 93 1105 50 387 94 537 155 18786 50
internal_value=0 5.11419e-06 2.65031e-05 4.26478e-05 -1.3589e-05 -3.71737e-07 -3.68468e-05 -5.94146e-05 -4.64372e-05 0 1.67191e-05 -4.65803e-07 0
internal_weight=22838 1715 1174 1071 541 21123 540 490 448 20583 1260 19323 103
internal_count=22838 1715 1174 1071 541 21123 540 490 448 20583 1260 19323 103
is_linear=0
shrinkage=0.05


Tree=692
num_leaves=15
num_cat=0
split_feature=6 1 1 8 6 4 3 18 1 8 0 8 8 3
split_gain=1.67672e-05 0.000164836 0.000438083 0.000421254 0.000127155 0.000460163 0.000799481 8.02531e-05 0.000519698 7.68018e-05 0.000285701 0.000246298 4.5038e-05 2.85446e-05
threshold=1.9799542868872109 0.43976953685111569 -0.075346057435313321 -19.25445545207241 1.7393716730304034 1.6776277696723461 -2.9184611296597267 1.2614402072545983 1.4423592471701656 18.306088478003609 0.25426314288977109 13.319966282527682 -10.717370608569203 -5.157066621549899
decision_type=2 2 2 2 2 2 2 2 2 2 2 2 2 2
left_child=4 2 12 -4 9 -6 -7 8 -3 11 -11 -1 -2 -9
right_child=1 7 3 -5 5 6 -8 13 -10 10 -12 -13 -14 -15
leaf_value=0 0 -6.6812594050458899e-05 0 6.8685247762234459e-05 0 0 -0.00010790743600953023 0 0 -3.7038160957844553e-05 0 4.0471981090372415e-05 -1.7734455409049718e-05 2.6848170724920842e-05
leaf_weight=18975 103 335 52 550 129 197 297 58 138 644 517 388 357 98
leaf_count=18975 103 335 52 550 129 197 297 58 138 644 517 388 357 98
internal_value=0 4.80097e-06 2.05999e-05 5.06393e-05 -3.71487e-07 -2.2674e-05 -5.45174e-05 0 -2.05737e-05 0 -1.21158e-05 1.052e-06 0 0
internal_weight=22838 1691 1062 602 21147 623 494 629 473 20524 1161 19363 460 156
internal_count=22838 1691 1062 602 21147 623 494 629 473 20524 1161 19363 460 156
is_linear=0
shrinkage=0.05


Tree=693
num_leaves=14
num_cat=0
split_feature=13 13 13 2 6 4 20 6 5 5 4 6 10
split_gain=1.83926e-05 0.000619161 0.000603782 0.000444535 0.000418343 0.000348119 0.000280578 0.00025728 0.000110228 0.000415013 0.000299396 5.94534e-05 9.81751e-05
threshold=-0.61614253177807987 -0.67858172478649215 -0.56734936417262005 -3.1148964326632442 0.82497765281583757 1.3323446277356494 -0.57498279951133036 1.6026724332115776 2.758549853124622 3.0025709447281317 2.2020082710601465 0.77440980040066332 23.875498409696554
decision_type=2 2 2 2 2 2 2 2 2 2 2 2 2
left_child=1 4 11 -3 5 -1 -6 -5 10 -10 -4 -2 -13
right_child=2 3 8 7 6 -7 -8 -9 9 -11 -12 12 -14
leaf_value=0 0 0 -2.0712646924859532e-06 -8.2239168697270085e-05 1.0276968843041627e-05 3.8189687279871831e-05 -2.1837399224929615e-05 0 -2.7502562599064353e-05 0 1.2828360319337618e-05 0 0.00016900540468519306
leaf_weight=96 110 145 7891 491 476 1248 1585 62 1642 4206 4769 51 66
leaf_count=96 110 145 7891 491 476 1248 1585 62 1642 4206 4769 51 66
internal_value=0 -2.95342e-06 7.37246e-07 -4.74379e-05 1.77283e-06 2.6595e-05 -7.14452e-06 -6.96087e-05 0 -5.92336e-06 2.35723e-06 8.16399e-05 0.000118903
internal_weight=22838 4103 18735 698 3405 1344 2061 553 18508 5848 12660 227 117
internal_count=22838 4103 18735 698 3405 1344 2061 553 18508 5848 12660 227 117
is_linear=0
shrinkage=0.05


Tree=694
num_leaves=15
num_cat=0
split_feature=16 1 7 6 16 14 9 5 8 5 14 5 1 1
split_gain=2.0114e-05 0.00040046 0.0007598 0.000731491 0.000537537 0.000614919 0.000302705 0.000338215 0.000649915 0.000327965 0.000550973 0.000443817 0.000304544 0.000226969
threshold=2.2256172921397641 -0.46952013107126028 61.685233548565115 0.68013049420503369 11.619969645039705 11.699999809265138 0.34275853278998236 3.5766719434842367 -18.440726771520424 2.4785224383743127 11.775000095367433 2.0707030619660873 -0.46952013107126028 0.37863591083232645
decision_type=2 2 2 2 2 2 2 2 2 2 2 2 2 2
left_child=6 4 3 -3 5 -2 7 12 -9 11 -11 -8 -1 -4
right_child=1 2 13 -5 -6 -7 9 8 -10 10 -12 -13 -14 -15
leaf_value=-2.6619143676133457e-05 0 0 0 -4.5594131629400933e-05 -3.7332899756067662e-06 7.286633934013862e-05 0 7.1628162809566229e-07 -5.103760368894556e-05 -3.6752118907404461e-05 1.2877646841681621e-05 3.7966039236379488e-05 4.5840901901516452e-06 2.1540197695370613e-05
leaf_weight=893 218 1277 2650 1972 203 654 2152 313 993 841 1447 1795 6085 1345
leaf_count=893 218 1277 2650 1972 203 654 2152 313 993 841 1447 1795 6085 1345
internal_value=0 -1.85625e-06 -7.70746e-06 -2.64447e-05 2.36028e-05 4.71457e-05 1.22016e-06 -3.79061e-06 -2.71664e-05 1.02825e-05 0 1.93567e-05 0 3.77995e-06
internal_weight=22838 8319 7244 3249 1075 872 14519 8284 1306 6235 2288 3947 6978 3995
internal_count=22838 8319 7244 3249 1075 872 14519 8284 1306 6235 2288 3947 6978 3995
is_linear=0
shrinkage=0.05


Tree=695
num_leaves=14
num_cat=0
split_feature=11 16 6 6 13 6 5 12 4 13 5 16 4
split_gain=1.92223e-05 0.000248728 0.00045 0.000109822 0.000268095 0.000222882 9.48927e-05 0.00152433 0.00270164 0.000633428 0.000376801 0.000624212 0.000174104
threshold=-7.7066768246645916 -5.4018903885598872 1.3084544156457962 1.0556568019663042 0.19340332375729077 1.3198984806627609 4.538150254863198 2.0414369458736257 4.4126335179767402 0.41836073653747091 3.6285126932233207 1.2704220085717424 3.7195842433058157
decision_type=2 2 2 2 2 2 2 2 2 2 2 2 2
left_child=1 3 -3 4 -1 -5 10 8 -8 -9 12 -12 -2
right_child=6 2 -4 5 -6 -7 7 9 -10 -11 11 -13 -14
leaf_value=-6.2052516581591314e-05 -1.1317520922699805e-06 0.00010333394770333101 0 6.5377968479427779e-05 0 0 0.00025602585043879632 0 0 -0.00014429491925998158 -5.900695500714726e-05 0 1.447856970055727e-05
leaf_weight=237 17729 167 73 136 113 354 160 187 125 85 730 775 1967
leaf_count=237 17729 167 73 136 113 354 160 187 125 85 730 775 1967
internal_value=0 6.5986e-06 5.26827e-05 0 -2.64835e-05 7.60137e-06 -2.13029e-07 1.87198e-05 0.000115258 -2.75387e-05 -1.41878e-06 -2.55703e-05 0
internal_weight=22838 1080 240 840 350 490 21758 557 285 272 21201 1505 19696
internal_count=22838 1080 240 840 350 490 21758 557 285 272 21201 1505 19696
is_linear=0
shrinkage=0.05


Tree=696
num_leaves=15
num_cat=0
split_feature=13 13 13 13 4 10 3 8 8 1 10 3 3 1
split_gain=1.81763e-05 0.000449335 0.000425115 0.000929043 0.000532247 0.000484489 0.000463447 0.000417584 0.000550834 0.000282 0.000271996 0.000867183 0.00039546 7.87109e-05
threshold=-0.18422338437944494 -0.1432422593395821 -0.29479932225512367 -0.27067507371424376 4.8941229472114598 32.051046789782312 12.612215745424306 10.773146630130817 -3.0914554188759165 0.36081747091838906 16.633510451634333 -0.072717344707051698 -1.7337418592951401 0.0035038184220766429
decision_type=2 2 2 2 2 2 2 2 2 2 2 2 2 2
left_child=2 7 4 9 6 -6 -1 8 -2 -4 11 -3 -12 -5
right_child=1 10 3 13 5 -7 -8 -9 -10 -11 12 -13 -14 -15
leaf_value=0 0 0 0.00014881334056133377 -4.6809388888771543e-06 -0.00011049565265230182 0 5.8482079704390345e-05 0 -9.6907907181429911e-05 0 7.5629018500660455e-06 6.2550699545353287e-05 -1.0303099095971728e-05 2.0492636569516181e-05
leaf_weight=7043 132 688 185 470 207 243 339 57 378 53 4940 719 6941 443
leaf_count=7043 132 688 185 470 207 243 339 57 378 53 4940 719 6941 443
internal_value=0 -1.0357e-06 1.84488e-06 3.07804e-05 -4.95923e-07 -5.42702e-05 7.57321e-07 -4.47646e-05 -6.53481e-05 0.000119519 0 2.14712e-05 -1.61217e-06 0
internal_weight=22838 13855 8983 1151 7832 450 7382 567 510 238 13288 1407 11881 913
internal_count=22838 13855 8983 1151 7832 450 7382 567 510 238 13288 1407 11881 913
is_linear=0
shrinkage=0.05


Tree=697
num_leaves=15
num_cat=0
split_feature=21 21 20 20 10 20 21 20 8 10 20 18 5 4
split_gain=1.83388e-05 0.000407229 0.00024712 0.000442793 0.000226988 0.000182137 0.000179314 0.000361062 0.000782584 0.000178844 0.000169602 0.00050462 0.0003146 0.000169066
threshold=0.26887690866649844 0.28485797794910156 -0.32312681498693202 0.56077993250196689 20.135866992820912 -0.11458977145471523 0.21879532946770394 -0.54685483396067691 -4.1694264102050136 31.857718032556384 0.72383134577138197 1.7644604200632161 3.6285126932233207 2.6778469903102322
decision_type=2 2 2 2 2 2 2 2 2 2 2 2 2 2
left_child=6 2 -2 -4 5 -3 10 13 -9 -6 12 -12 -1 -8
right_child=1 4 3 -5 9 -7 7 8 -10 -11 11 -13 -14 -15
leaf_value=1.1799459059978903e-06 0 0 0.0001712933626258746 0 3.9734823880445396e-05 -0.00010456217698545086 6.7780362660414548e-05 0 -7.3346842138865518e-05 0 6.3579683604596658e-05 0 -2.1288467249041708e-05 0
leaf_weight=18371 70 90 94 52 286 92 91 223 614 475 416 158 1678 128
leaf_count=18371 70 90 94 52 286 92 91 223 614 475 416 158 1678 128
internal_value=0 6.19916e-06 6.99786e-05 0.000106919 0 -5.53898e-05 -2.41919e-07 -2.06204e-05 -4.01681e-05 2.81102e-06 7.52018e-08 2.71588e-05 0 0
internal_weight=22838 1159 216 146 943 182 21679 1056 837 761 20623 574 20049 219
internal_count=22838 1159 216 146 943 182 21679 1056 837 761 20623 574 20049 219
is_linear=0
shrinkage=0.05


Tree=698
num_leaves=14
num_cat=0
split_feature=12 4 4 21 13 12 15 3 2 0 5 21 12
split_gain=1.94038e-05 0.000191597 0.00041239 0.000426409 0.000320704 0.000153572 0.000465759 0.000478826 0.000266334 0.000379794 0.000259223 0.000107992 9.55819e-06
threshold=-9.2347614267499871 1.8541706208925992 2.5859109406527785 0.093691804090424172 -1.2880400753498109 -6.8785933690657162 -3.4970102088857202 -11.421517722284429 -6.885005781412489 -0.074197740111997187 3.2166586477788006 0.17424814870707309 -11.707550582479501
decision_type=2 2 2 2 2 2 2 2 2 2 2 2 2
left_child=1 12 3 -3 -4 6 7 -2 9 -7 -10 -8 -1
right_child=5 2 4 -5 -6 8 11 -9 10 -11 -12 -13 -14
leaf_value=0 0 0 0 -9.8222330303262723e-05 3.3023261826922989e-05 8.0226394443578983e-05 -8.2268760522204047e-06 -9.3989984290361765e-05 1.6286273078963631e-06 0 -1.5154471504778652e-05 2.928416734454026e-05 6.0508680858280675e-05
leaf_weight=65 65 189 291 194 932 250 833 310 16609 74 2629 248 149
leaf_count=65 65 189 291 194 932 250 833 310 16609 74 2629 248 149
internal_value=0 5.0427e-06 0 -4.60769e-05 1.32753e-05 -3.23788e-07 -1.62755e-05 -6.42126e-05 9.75162e-08 4.52691e-05 0 0 4.94293e-05
internal_weight=22838 1820 1606 383 1223 21018 1456 375 19562 324 19238 1081 214
internal_count=22838 1820 1606 383 1223 21018 1456 375 19562 324 19238 1081 214
is_linear=0
shrinkage=0.05


Tree=699
num_leaves=15
num_cat=0
split_feature=18 1 20 21 1 15 20 20 3 18 3 15 14 21
split_gain=1.96927e-05 0.000310741 0.000658928 0.000692934 0.000344527 0.00137653 0.000467489 0.000255019 0.000413638 0.000418298 0.00017416 0.000649678 0.000295407 0.000143105
threshold=1.234778214372964 0.21707668791080589 -0.33036924865237044 0.14154174797783783 -0.36060513754137802 0.86798178736810516 -0.49011484437878389 0.41767670762102571 -1.5890854738879576 0.81589048744332093 -1.4482241373060309 1.935278715793465 10.055000305175783 0.34982960419612191
decision_type=2 2 2 2 2 2 2 2 2 2 2 2 2 2
left_child=7 4 13 -4 6 -6 -2 10 -9 -10 11 -1 -12 -3
right_child=1 2 3 -5 5 -7 -8 8 9 -11 12 -13 -14 -15
leaf_value=0 6.6454767328427426e-05 -3.4026591326752425e-05 0 7.6862728445567725e-05 -9.4216822026683316e-05 1.1439971922866924e-05 0 0 0 -0.00011277796120917188 -1.4058504760361648e-05 -5.2064268262597074e-05 8.5171681708079457e-06 0
leaf_weight=7172 272 308 140 708 476 336 781 326 153 213 1287 672 9914 80
leaf_count=7172 272 308 140 708 476 336 781 326 153 213 1287 672 9914 80
internal_value=0 3.79949e-06 2.5574e-05 5.37887e-05 -2.59859e-06 -3.20863e-05 5.91763e-06 -4.74859e-07 -3.04369e-05 -6.75797e-05 0 -5.0504e-06 4.58314e-06 0
internal_weight=22838 3101 1236 848 1865 812 1053 19737 692 366 19045 7844 11201 388
internal_count=22838 3101 1236 848 1865 812 1053 19737 692 366 19045 7844 11201 388
is_linear=0
shrinkage=0.05


Tree=700
num_leaves=14
num_cat=0
split_feature=14 14 14 5 6 14 14 2 9 6 9 11 6
split_gain=1.74006e-05 0.000993137 0.000366534 0.000390968 0.000204038 0.000202263 0.000567358 0.00050274 0.000146888 0.000360204 0.000330693 0.000113257 0.000104807
threshold=11.679999828338625 11.719999790191652 11.38000011444092 2.4076970167834779 0.38987803976604224 11.219999790191652 11.039999961853029 -3.5057026921421537 0.080087067879951832 1.3418272244237002 -0.069848686710048097 -2.578798264142339 0.96843770554860298
decision_type=2 2 2 2 2 2 2 2 2 2 2 2 2
left_child=2 12 5 4 -4 6 -1 -7 10 -10 -3 -5 -2
right_child=1 8 3 11 -6 7 -8 -9 9 -11 -12 -13 -14
leaf_value=-1.907667587976819e-06 -0.00013616446185343932 0 0 -3.9295649580434475e-05 5.5196133141120915e-05 -8.1233739832971334e-05 4.2430161290112172e-05 0 1.3324497624698697e-06 -2.1484108707842881e-05 3.0767826471121451e-05 7.5291815208742944e-06 0
leaf_weight=6285 148 415 50 165 795 266 777 1202 8986 1961 1238 472 78
leaf_count=6285 148 415 50 165 795 266 777 1202 8986 1961 1238 472 78
internal_value=0 -1.17513e-06 1.60483e-06 2.51441e-05 4.75773e-05 -7.2904e-07 8.52197e-07 -1.85422e-05 0 -1.38629e-06 1.44671e-05 0 -0.000104956
internal_weight=22838 12826 10012 1482 845 8530 7062 1468 12600 10947 1653 637 226
internal_count=22838 12826 10012 1482 845 8530 7062 1468 12600 10947 1653 637 226
is_linear=0
shrinkage=0.05


Tree=701
num_leaves=15
num_cat=0
split_feature=16 16 9 7 4 8 6 9 7 4 12 10 6 10
split_gain=1.89302e-05 0.00038041 0.000542239 0.0008282 0.000753147 0.000366612 0.000453957 0.000280878 0.000286369 0.000881798 0.000434146 0.000262073 0.000456792 0.000204966
threshold=2.2256172921397641 2.8384281266084503 0.41886423452071125 49.295170600255304 2.0209231031974295 9.8257822672852537 0.52861722120325272 0.34275853278998236 55.307121072066217 1.8958225958253931 -3.2260440161880957 20.135866992820912 1.2286238934920619 24.02618267499729
decision_type=2 2 2 2 2 2 2 2 2 2 2 2 2 2
left_child=7 5 4 -4 -3 6 -2 11 9 -9 -10 12 -1 -13
right_child=1 2 3 -5 -6 -7 -8 8 10 -11 -12 13 -14 -15
leaf_value=-4.0667338603974919e-05 0 0 -6.7252217023666981e-05 0 6.4910068077773128e-05 0 -7.6817772093715724e-05 -1.2755442444391975e-06 -7.5297604699076871e-05 3.9758839105845477e-05 1.930762753170053e-06 2.2958641492945406e-05 0 -2.8824538744321127e-06
leaf_weight=1155 123 200 476 6176 747 84 513 1643 189 2227 2176 878 343 5908
leaf_count=1155 123 200 476 6176 747 84 513 1643 189 2227 2176 878 343 5908
internal_value=0 -1.91938e-06 0 -3.61419e-06 3.65826e-05 -3.68992e-05 -5.45886e-05 1.07163e-06 9.84324e-06 1.8467e-05 0 -3.72027e-06 -2.26622e-05 0
internal_weight=22838 8319 7599 6652 947 720 636 14519 6235 3870 2365 8284 1498 6786
internal_count=22838 8319 7599 6652 947 720 636 14519 6235 3870 2365 8284 1498 6786
is_linear=0
shrinkage=0.05


Tree=702
num_leaves=15
num_cat=0
split_feature=6 14 0 1 14 7 0 6 0 14 13 14 7 3
split_gain=1.69617e-05 0.000386574 0.000648986 0.000441105 0.000438491 0.000296329 0.000288694 0.000200357 0.000214117 0.000269478 0.000125208 0.00046033 0.000330232 3.74553e-06
threshold=0.49157368245775618 12.659999847412109 -1.2867075060220337 -1.0000000180025095e-35 10.300000190734865 38.463102512346175 -1.6020046875809697 0.52861722120325272 0.53673275721047353 10.300000190734865 -0.89704472932619062 13.769999980926515 78.916850237121238 -6.3466742364046134
decision_type=2 2 2 2 2 2 2 2 2 2 2 2 2 2
left_child=1 2 3 -1 -4 13 -7 8 9 -2 11 -9 -12 -3
right_child=7 5 4 -5 -6 6 -8 10 -10 -11 12 -13 -14 -15
leaf_value=0 0 0 0 9.7767170820069245e-05 -3.6765302002009329e-05 0 6.8376318815279946e-05 5.0519163943842877e-06 0 5.7663333796641782e-05 3.4982190003321594e-06 -3.0972055996745477e-05 -3.0094278752903349e-05 -1.1248914491482767e-05
leaf_weight=142 83 124 507 160 2142 72 395 888 212 515 15319 1483 723 73
leaf_count=142 83 124 507 160 2142 72 395 888 212 515 15319 1483 723 73
internal_value=0 -3.17944e-06 -1.44234e-05 3.79397e-05 -2.60655e-05 2.4182e-05 4.91312e-05 5.51677e-07 2.49967e-05 4.17088e-05 0 -1.11599e-05 1.04746e-06 0
internal_weight=22838 3615 2951 302 2649 664 467 19223 810 598 18413 2371 16042 197
internal_count=22838 3615 2951 302 2649 664 467 19223 810 598 18413 2371 16042 197
is_linear=0
shrinkage=0.05


Tree=703
num_leaves=15
num_cat=0
split_feature=11 10 12 18 14 14 14 12 20 15 10 20 14 6
split_gain=1.86501e-05 0.000245218 0.000445711 0.000183973 0.000394725 0.000169271 0.000535685 0.00165441 0.00051347 0.000432777 0.000374779 0.000284249 0.000131451 3.79754e-05
threshold=-7.7066768246645916 33.334011216153236 -12.070009284352084 1.6791373460418366 19.745000839233402 14.265000343322756 14.135000228881838 -1.9167628996020272 -0.30191069211129828 1.4825772636226866 47.890256811873492 -1.0000000180025095e-35 22.804999351501468 1.115052810698159
decision_type=2 2 2 2 2 2 2 2 2 2 2 2 2 2
left_child=1 3 13 4 -1 6 11 -8 9 -7 -10 -2 -4 -3
right_child=5 2 12 -5 -6 8 7 -9 10 -11 -12 -13 -14 -15
leaf_value=-9.7276162428136935e-05 2.1363461325750799e-05 -1.4918503594689639e-05 9.3721270573136832e-05 0 0 -8.0690932655356118e-05 0 0.00014167430335127837 1.3279032763407348e-05 0 -4.7206404304671212e-05 -2.440424846562239e-06 0 1.3134945556486633e-05
leaf_weight=152 1325 231 238 104 54 427 157 272 1319 240 315 17703 51 250
leaf_count=152 1325 231 238 104 54 427 157 272 1319 240 315 17703 51 250
internal_value=0 6.40799e-06 2.91779e-05 -1.83009e-06 -4.71903e-05 -3.20627e-07 4.70674e-07 5.5897e-05 -1.35251e-05 -5.05179e-05 0 0 7.81394e-05 0
internal_weight=22838 1080 770 310 206 21758 19457 429 2301 667 1634 19028 289 481
internal_count=22838 1080 770 310 206 21758 19457 429 2301 667 1634 19028 289 481
is_linear=0
shrinkage=0.05


Tree=704
num_leaves=14
num_cat=0
split_feature=12 6 6 14 12 14 5 16 16 5 0 5 9
split_gain=1.95089e-05 0.000180783 0.000668957 0.000311417 0.000288502 0.000262821 0.000526177 0.000143688 0.000182438 0.000239457 0.000193896 0.000182365 0.000186755
threshold=-9.2347614267499871 1.0497445474032994 0.82859360764208423 24.875000000000004 -10.959467813415449 22.804999351501468 4.7287254153163607 -9.9960599603620235 -6.1718479552375909 3.4978534088453395 2.3809421006399645 3.8757669192611344 0.34275853278998236
decision_type=2 2 2 2 2 2 2 2 2 2 2 2 2
left_child=1 2 4 -4 -1 6 -3 11 9 -9 -10 12 -2
right_child=7 5 3 -5 -6 -7 -8 8 10 -11 -12 -13 -14
leaf_value=0 -6.0100908428640665e-05 6.5532353147136746e-05 -9.6519791150426383e-05 0 5.7883269174803555e-05 0 0 2.3842122934893727e-05 0 0 -1.7987076559014478e-05 0 0
leaf_weight=390 355 574 246 59 259 228 64 1796 16945 195 1600 66 61
leaf_count=390 355 574 246 59 259 228 64 1796 16945 195 1600 66 61
internal_value=0 4.96427e-06 0 -7.05378e-05 1.51844e-05 2.39385e-05 4.24944e-05 -4.30503e-07 0 1.45697e-05 -1.33874e-06 -2.74188e-05 -4.43181e-05
internal_weight=22838 1820 954 305 649 866 638 21018 20536 1991 18545 482 416
internal_count=22838 1820 954 305 649 866 638 21018 20536 1991 18545 482 416
is_linear=0
shrinkage=0.05


Tree=705
num_leaves=14
num_cat=0
split_feature=14 14 1 13 14 0 10 10 12 3 14 0 10
split_gain=1.87016e-05 0.000907989 0.000477916 0.000737544 0.000679253 0.000393428 0.000606527 0.000603662 0.000335809 0.000401748 0.000371783 0.00015498 0.000142447
threshold=11.679999828338625 11.719999790191652 0.18936021624326235 0.41663593221795697 12.175000190734863 -1.0410268327286991 26.84406851376292 16.814984563174196 6.7834786214676308 -3.7640791393378668 11.09999990463257 -1.6327121641210269 22.290077178843998
decision_type=2 2 2 2 2 2 2 2 2 2 2 2 2
left_child=5 12 4 -4 -3 6 7 -1 9 -7 -10 -8 -2
right_child=1 2 3 -5 -6 8 11 -9 10 -11 -12 -13 -14
leaf_value=0 0 3.1481673115351081e-05 -2.976810144503829e-05 4.1516945253254529e-06 0 -9.8877343036216183e-08 2.1059467176700275e-05 -8.0538971780710799e-05 -3.589030309595492e-05 2.102410220026856e-05 3.312132686321038e-06 -1.2495576366221287e-05 -0.00012266304939554507
leaf_weight=210 51 2260 2770 2344 5226 1706 673 545 809 5014 489 566 175
leaf_count=210 51 2260 2770 2344 5226 1706 673 545 809 5014 489 566 175
internal_value=0 -1.311e-06 0 -1.12907e-05 8.51413e-06 1.57086e-06 -1.60852e-05 -5.18505e-05 7.83376e-06 1.34306e-05 -9.58291e-06 0 -0.000100484
internal_weight=22838 12826 12600 5114 7486 10012 1994 755 8018 6720 1298 1239 226
internal_count=22838 12826 12600 5114 7486 10012 1994 755 8018 6720 1298 1239 226
is_linear=0
shrinkage=0.05


Tree=706
num_leaves=15
num_cat=0
split_feature=6 15 7 15 7 7 13 9 13 4 9 19 13 7
split_gain=1.85516e-05 0.00014923 0.000459184 0.000512705 0.000207179 0.000871445 0.000356228 0.000113543 0.000400012 0.000318328 0.000142841 0.00034683 0.000235616 8.33807e-05
threshold=1.9799542868872109 5.1309061385679318 78.916850237121238 11.600864151211773 64.815796166688287 74.852731516945269 0.12528889017450198 1.0223231961350081 0.35392504189512014 2.0209231031974295 0.85265164803290949 1.0000000180025095e-35 0.36317388633246855 65.879573726246235
decision_type=2 2 2 2 2 2 2 2 2 2 2 2 2 2
left_child=7 4 3 -3 6 -6 -2 10 9 -9 12 -12 -1 -10
right_child=1 2 -4 -5 5 -7 -8 8 13 -11 11 -13 -14 -15
leaf_value=1.5496088224734147e-06 -1.7745544337965172e-07 0.00010282468851885089 0 0 -0.00014516170500385449 0 4.5867920490239878e-05 0 0 -8.7227554946486086e-05 0 7.2990676892296911e-05 -1.011274798931871e-05 3.6672189131892206e-05
leaf_weight=12598 668 268 89 55 126 53 432 93 86 273 1956 223 5764 154
leaf_count=12598 668 268 89 55 126 53 432 93 86 273 1956 223 5764 154
internal_value=0 4.94148e-06 3.1676e-05 6.94411e-05 0 -5.25739e-05 4.30708e-06 -4.89309e-07 -2.1817e-05 -5.92632e-05 0 1.22346e-05 -1.2948e-06 0
internal_weight=22838 1691 412 323 1279 179 1100 21147 606 366 20541 2179 18362 240
internal_count=22838 1691 412 323 1279 179 1100 21147 606 366 20541 2179 18362 240
is_linear=0
shrinkage=0.05


Tree=707
num_leaves=15
num_cat=0
split_feature=11 6 6 14 9 3 19 3 4 3 1 16 9 3
split_gain=1.84188e-05 0.000316174 0.000406615 0.000462704 0.000298602 0.000383724 0.000278435 0.000161094 0.000626088 0.000546685 0.000546465 0.000396916 0.000227495 0.000119187
threshold=-3.791717624107418 1.6429476836091912 1.1575623170826168 12.175000190734863 -0.04468462597382989 -5.157066621549899 -2.0308634955439664 -7.2322725317584373 2.2020082710601465 -6.5676921140608293 1.6844977535388674 -7.3282087198583081 0.27178104363203209 -8.9318738002945466
decision_type=2 2 2 2 2 2 2 2 2 2 2 2 2 2
left_child=1 2 3 -1 -3 -6 -4 8 13 11 -10 -9 -11 -2
right_child=7 4 6 -5 5 -7 -8 9 10 12 -12 -13 -14 -15
leaf_value=2.6362520816201621e-05 4.2367220318617431e-05 0 0 -1.5842720422902108e-05 -7.7564936390412642e-05 0 5.1095155390113182e-05 0 -8.6399277036792091e-05 -1.4113756522606526e-05 0 0.00010519330266612637 7.3047367653552488e-07 0
leaf_weight=1108 165 261 70 1537 337 71 846 106 447 2881 63 211 14500 235
leaf_count=1108 165 261 70 1537 337 71 846 106 447 2881 63 211 14500 235
internal_value=0 2.9136e-06 1.18318e-05 0 -2.21157e-05 -5.12486e-05 4.06489e-05 -7.37798e-07 -2.12885e-05 0 -6.22174e-05 6.52432e-05 -8.67751e-07 0
internal_weight=22838 4230 3561 2645 669 408 916 18608 910 17698 510 317 17381 400
internal_count=22838 4230 3561 2645 669 408 916 18608 910 17698 510 317 17381 400
is_linear=0
shrinkage=0.05


Tree=708
num_leaves=15
num_cat=0
split_feature=10 15 11 10 15 10 14 13 10 13 13 13 13 13
split_gain=1.72368e-05 0.000205164 0.00108707 0.00046651 0.00040863 0.000491384 0.000256613 0.000181501 0.000166275 0.000239079 0.000187246 0.000158052 0.000542793 0.000502699
threshold=35.632601763938432 -3.9348874910370308 -9.054541878402345 65.573833960242538 -1.3760534406563882 40.08536686252755 22.720000267028812 -0.18422338437944494 33.672741557447999 0.20721149365346972 -1.2880400753498109 -0.33360624145318257 -0.27067507371424376 -1.2448797960925293
decision_type=2 2 2 2 2 2 2 2 2 2 2 2 2 2
left_child=8 2 6 -4 5 -3 -2 -6 11 10 -10 13 -13 -1
right_child=1 4 3 -5 7 -7 -8 -9 9 -11 -12 12 -14 -15
leaf_value=1.8236723059998173e-05 7.3646326860472871e-05 -1.8197703645037199e-06 -8.0531307559408773e-05 0 0 3.5924083396638469e-05 0 -1.3276664644884321e-05 0 0 5.2234367884704066e-05 4.9457072062105487e-05 0 -2.0600862453867091e-05
leaf_weight=772 170 473 637 51 2405 1589 55 3688 62 380 548 591 8346 3071
leaf_count=772 170 473 637 51 2405 1589 55 3688 62 380 548 591 8346 3071
internal_value=0 -1.71532e-06 -2.42974e-05 -6.56699e-05 0 1.99984e-05 3.55696e-05 -5.67855e-06 1.09156e-06 2.08811e-05 4.10539e-05 0 3.19171e-06 -8.89408e-06
internal_weight=22838 9068 913 688 8155 2062 225 6093 13770 990 610 12780 8937 3843
internal_count=22838 9068 913 688 8155 2062 225 6093 13770 990 610 12780 8937 3843
is_linear=0
shrinkage=0.05


end of trees

feature_importances:
Column_14=1554
Column_13=1552
Column_1=475
Column_5=472
Column_4=460
Column_6=433
Column_8=411
Column_0=393
Column_10=393
Column_12=346
Column_16=310
Column_15=307
Column_7=294
Column_2=284
Column_3=255
Column_9=248
Column_20=202
Column_19=200
Column_11=198
Column_18=154
Column_21=145
Column_17=10

parameters:
[boosting: gbdt]
[objective: regression]
[metric: l1]
[tree_learner: serial]
[device_type: cpu]
[data_sample_strategy: bagging]
[data: ]
[valid: ]
[num_iterations: 2000]
[learning_rate: 0.05]
[num_leaves: 15]
[num_threads: 8]
[seed: 0]
[deterministic: 0]
[force_col_wise: 0]
[force_row_wise: 0]
[histogram_pool_size: -1]
[max_depth: 4]
[min_data_in_leaf: 50]
[min_sum_hessian_in_leaf: 0.001]
[bagging_fraction: 0.6]
[pos_bagging_fraction: 1]
[neg_bagging_fraction: 1]
[bagging_freq: 0]
[bagging_seed: 3]
[bagging_by_query: 0]
[feature_fraction: 0.6]
[feature_fraction_bynode: 1]
[feature_fraction_seed: 2]
[extra_trees: 0]
[extra_seed: 6]
[early_stopping_round: 0]
[early_stopping_min_delta: 0]
[first_metric_only: 0]
[max_delta_step: 0]
[lambda_l1: 0.3]
[lambda_l2: 1]
[linear_lambda: 0]
[min_gain_to_split: 0]
[drop_rate: 0.1]
[max_drop: 50]
[skip_drop: 0.5]
[xgboost_dart_mode: 0]
[uniform_drop: 0]
[drop_seed: 4]
[top_rate: 0.2]
[other_rate: 0.1]
[min_data_per_group: 100]
[max_cat_threshold: 32]
[cat_l2: 10]
[cat_smooth: 10]
[max_cat_to_onehot: 4]
[top_k: 20]
[monotone_constraints: ]
[monotone_constraints_method: basic]
[monotone_penalty: 0]
[feature_contri: ]
[forcedsplits_filename: ]
[refit_decay_rate: 0.9]
[cegb_tradeoff: 1]
[cegb_penalty_split: 0]
[cegb_penalty_feature_lazy: ]
[cegb_penalty_feature_coupled: ]
[path_smooth: 0]
[interaction_constraints: ]
[verbosity: -1]
[saved_feature_importance_type: 0]
[use_quantized_grad: 0]
[num_grad_quant_bins: 4]
[quant_train_renew_leaf: 0]
[stochastic_rounding: 1]
[linear_tree: 0]
[max_bin: 255]
[max_bin_by_feature: ]
[min_data_in_bin: 3]
[bin_construct_sample_cnt: 200000]
[data_random_seed: 1]
[is_enable_sparse: 1]
[enable_bundle: 1]
[use_missing: 1]
[zero_as_missing: 0]
[feature_pre_filter: 1]
[pre_partition: 0]
[two_round: 0]
[header: 0]
[label_column: ]
[weight_column: ]
[group_column: ]
[ignore_column: ]
[categorical_feature: ]
[forcedbins_filename: ]
[precise_float_parser: 0]
[parser_config_file: ]
[objective_seed: 5]
[num_class: 1]
[is_unbalance: 0]
[scale_pos_weight: 1]
[sigmoid: 1]
[boost_from_average: 1]
[reg_sqrt: 0]
[alpha: 0.9]
[fair_c: 1]
[poisson_max_delta_step: 0.7]
[tweedie_variance_power: 1.5]
[lambdarank_truncation_level: 30]
[lambdarank_norm: 1]
[label_gain: ]
[lambdarank_position_bias_regularization: 0]
[eval_at: ]
[multi_error_top_k: 1]
[auc_mu_weights: ]
[num_machines: 1]
[local_listen_port: 12400]
[time_out: 120]
[machine_list_filename: ]
[machines: ]
[gpu_platform_id: -1]
[gpu_device_id: -1]
[gpu_use_dp: 0]
[num_gpu: 1]

end of parameters

pandas_categorical:null
